solid OpenSCAD_Model
  facet normal 0 -0 3.41795e-015
    outer loop
      vertex -3.41795e-015 87 25
      vertex -3.41795e-015 86 25
      vertex 0 86 25
    endloop
  endfacet
  facet normal 0 0 3.41795e-015
    outer loop
      vertex 0 87 25
      vertex -3.41795e-015 87 25
      vertex 0 86 25
    endloop
  endfacet
  facet normal 0 -0.262109 0.965038
    outer loop
      vertex 0 5 3
      vertex 3 5 3
      vertex 3 85.8 24.9457
    endloop
  endfacet
  facet normal 0 -1.37871e-018 5.07616e-018
    outer loop
      vertex -4.10154e-016 5 3
      vertex 0 5 3
      vertex 3 85.8 24.9457
    endloop
  endfacet
  facet normal 0 -0.262109 0.965038
    outer loop
      vertex 124.5 85.8 24.9457
      vertex 254 86 25
      vertex 3 85.8 24.9457
    endloop
  endfacet
  facet normal -1.19556e-015 -0.262109 0.965038
    outer loop
      vertex 0 86 25
      vertex -4.10154e-016 5 3
      vertex 3 85.8 24.9457
    endloop
  endfacet
  facet normal 0 -0.262109 0.965038
    outer loop
      vertex 127.5 85.8 24.9457
      vertex 254 86 25
      vertex 124.5 85.8 24.9457
    endloop
  endfacet
  facet normal 0 -0.262109 0.965038
    outer loop
      vertex 124.5 5 3
      vertex 127.5 5 3
      vertex 124.5 85.8 24.9457
    endloop
  endfacet
  facet normal 0 -0.262109 0.965038
    outer loop
      vertex 127.5 5 3
      vertex 127.5 85.8 24.9457
      vertex 124.5 85.8 24.9457
    endloop
  endfacet
  facet normal 0 -0.262109 0.965038
    outer loop
      vertex 251 85.8 24.9457
      vertex 254 86 25
      vertex 127.5 85.8 24.9457
    endloop
  endfacet
  facet normal 0 -0.262109 0.965038
    outer loop
      vertex 254 85.8 24.9457
      vertex 254 86 25
      vertex 251 85.8 24.9457
    endloop
  endfacet
  facet normal 0 -0.262109 0.965038
    outer loop
      vertex 251 5 3
      vertex 254 5 3
      vertex 251 85.8 24.9457
    endloop
  endfacet
  facet normal 0 -0.262109 0.965038
    outer loop
      vertex 254 5 3
      vertex 254 85.8 24.9457
      vertex 251 85.8 24.9457
    endloop
  endfacet
  facet normal 0 -0.262109 0.965038
    outer loop
      vertex 254 86 25
      vertex 0 86 25
      vertex 3 85.8 24.9457
    endloop
  endfacet
  facet normal 0 -1.14609e-017 4.21969e-017
    outer loop
      vertex 0 86 25
      vertex -3.41795e-015 86 25
      vertex -4.10154e-016 5 3
    endloop
  endfacet
  facet normal -1 -0 -1.36718e-016
    outer loop
      vertex -3.41795e-015 86 25
      vertex -3.41795e-015 87 25
      vertex -4.10154e-016 5 3
    endloop
  endfacet
  facet normal -1 -1.43275e-033 -1.36718e-016
    outer loop
      vertex -4.10154e-016 5 3
      vertex -3.41795e-015 87 25
      vertex 0 87 -6.66134e-016
    endloop
  endfacet
  facet normal -1 0 -1.36718e-016
    outer loop
      vertex -4.10154e-016 5 3
      vertex 0 87 -6.66134e-016
      vertex 0 5 -6.66134e-016
    endloop
  endfacet
  facet normal 0 0 0
    outer loop
      vertex -3.41795e-015 87 25
      vertex 0 87 3.9968e-016
      vertex 0 87 -6.66134e-016
    endloop
  endfacet
  facet normal 0 1.36718e-016 0
    outer loop
      vertex -3.41795e-015 87 25
      vertex 0 87 25
      vertex 0 87 3.9968e-016
    endloop
  endfacet
  facet normal 0 3.55271e-016 -0
    outer loop
      vertex 0 87 3.9968e-016
      vertex 3 87 3.9968e-016
      vertex 0 87 -6.66134e-016
    endloop
  endfacet
  facet normal 0 1.33227e-016 -0
    outer loop
      vertex 3 87 3.9968e-016
      vertex 3 87 0
      vertex 0 87 -6.66134e-016
    endloop
  endfacet
  facet normal -3.07025e-015 0 -0
    outer loop
      vertex 0 87 25
      vertex 0 86 25
      vertex 0 88.8 25
    endloop
  endfacet
  facet normal -1 -0 0
    outer loop
      vertex 0 87 25
      vertex 0 88.8 25
      vertex 0 88.8 0
    endloop
  endfacet
  facet normal -1 0 0
    outer loop
      vertex 0 87 25
      vertex 0 88.8 0
      vertex 0 87 3.9968e-016
    endloop
  endfacet
  facet normal 0 -3.03575e-032 0
    outer loop
      vertex 0 5 0
      vertex -4.10154e-016 5 3
      vertex 0 5 -6.66134e-016
    endloop
  endfacet
  facet normal 0 -1.36718e-016 0
    outer loop
      vertex 0 5 0
      vertex 0 5 3
      vertex -4.10154e-016 5 3
    endloop
  endfacet
  facet normal 0 -2.22045e-016 0
    outer loop
      vertex 3 5 0
      vertex 0 5 0
      vertex 0 5 -6.66134e-016
    endloop
  endfacet
  facet normal 0 -0 1
    outer loop
      vertex 0 88.8 25
      vertex 0 86 25
      vertex 254 86 25
    endloop
  endfacet
  facet normal 0 0 1
    outer loop
      vertex 254 88.8 25
      vertex 0 88.8 25
      vertex 254 86 25
    endloop
  endfacet
  facet normal 1 0 -0
    outer loop
      vertex 254 5 3
      vertex 254 5 0
      vertex 254 86.1 0
    endloop
  endfacet
  facet normal 1 0 0
    outer loop
      vertex 254 88.8 0
      vertex 254 5 3
      vertex 254 86.1 5.9952e-016
    endloop
  endfacet
  facet normal 7.39236e-018 -0 0
    outer loop
      vertex 254 86.1 5.9952e-016
      vertex 254 5 3
      vertex 254 86.1 0
    endloop
  endfacet
  facet normal 1 0 -0
    outer loop
      vertex 254 85.8 3
      vertex 254 5 3
      vertex 254 88.8 0
    endloop
  endfacet
  facet normal 1 0 -0
    outer loop
      vertex 254 86 25
      vertex 254 85.8 24.9457
      vertex 254 88.8 25
    endloop
  endfacet
  facet normal 1 0 0
    outer loop
      vertex 254 88.8 25
      vertex 254 85.8 3
      vertex 254 88.8 0
    endloop
  endfacet
  facet normal 1 0 -0
    outer loop
      vertex 254 85.8 24.9457
      vertex 254 85.8 3
      vertex 254 88.8 25
    endloop
  endfacet
  facet normal 1 -0 0
    outer loop
      vertex 254 85.8 3
      vertex 254 85.8 24.9457
      vertex 254 5 3
    endloop
  endfacet
  facet normal 0 0 1
    outer loop
      vertex 3 5 3
      vertex 0 5 3
      vertex 0.061558 4.21783 3
    endloop
  endfacet
  facet normal 0 0 1
    outer loop
      vertex 0.544967 2.73005 3
      vertex 3 5 3
      vertex 0.244717 3.45492 3
    endloop
  endfacet
  facet normal 0 0 1
    outer loop
      vertex 0.244717 3.45492 3
      vertex 3 5 3
      vertex 0.061558 4.21783 3
    endloop
  endfacet
  facet normal 0 0 1
    outer loop
      vertex 0.954915 2.06107 3
      vertex 3 5 3
      vertex 0.544967 2.73005 3
    endloop
  endfacet
  facet normal 0 0 1
    outer loop
      vertex 1.46447 1.46447 3
      vertex 3 5 3
      vertex 0.954915 2.06107 3
    endloop
  endfacet
  facet normal 0 0 1
    outer loop
      vertex 2.06107 0.954915 3
      vertex 3 5 3
      vertex 1.46447 1.46447 3
    endloop
  endfacet
  facet normal 0 0 1
    outer loop
      vertex 2.73005 0.544967 3
      vertex 3 5 3
      vertex 2.06107 0.954915 3
    endloop
  endfacet
  facet normal 0 0 1
    outer loop
      vertex 3.45492 0.244717 3
      vertex 3 5 3
      vertex 2.73005 0.544967 3
    endloop
  endfacet
  facet normal 0 0 1
    outer loop
      vertex 4.21783 0.061558 3
      vertex 3 5 3
      vertex 3.45492 0.244717 3
    endloop
  endfacet
  facet normal 0 0 1
    outer loop
      vertex 5 0 3
      vertex 3 5 3
      vertex 4.21783 0.061558 3
    endloop
  endfacet
  facet normal -0 0 1
    outer loop
      vertex 249 0 3
      vertex 3 5 3
      vertex 5 0 3
    endloop
  endfacet
  facet normal -0 0 1
    outer loop
      vertex 249.782 0.061558 3
      vertex 3 5 3
      vertex 249 0 3
    endloop
  endfacet
  facet normal -0 0 1
    outer loop
      vertex 250.545 0.244717 3
      vertex 3 5 3
      vertex 249.782 0.061558 3
    endloop
  endfacet
  facet normal -0 0 1
    outer loop
      vertex 251.27 0.544967 3
      vertex 3 5 3
      vertex 250.545 0.244717 3
    endloop
  endfacet
  facet normal -0 0 1
    outer loop
      vertex 251.939 0.954915 3
      vertex 3 5 3
      vertex 251.27 0.544967 3
    endloop
  endfacet
  facet normal -0 0 1
    outer loop
      vertex 252.536 1.46447 3
      vertex 3 5 3
      vertex 251.939 0.954915 3
    endloop
  endfacet
  facet normal -0 0 1
    outer loop
      vertex 253.045 2.06107 3
      vertex 3 5 3
      vertex 252.536 1.46447 3
    endloop
  endfacet
  facet normal -0 0 1
    outer loop
      vertex 253.455 2.73005 3
      vertex 3 5 3
      vertex 253.045 2.06107 3
    endloop
  endfacet
  facet normal -0 0 1
    outer loop
      vertex 253.755 3.45492 3
      vertex 3 5 3
      vertex 253.455 2.73005 3
    endloop
  endfacet
  facet normal -0 0 1
    outer loop
      vertex 253.938 4.21783 3
      vertex 3 5 3
      vertex 253.755 3.45492 3
    endloop
  endfacet
  facet normal 0 -0 1
    outer loop
      vertex 124.5 5 3
      vertex 3 5 3
      vertex 253.938 4.21783 3
    endloop
  endfacet
  facet normal 0 0 1
    outer loop
      vertex 254 5 3
      vertex 251 5 3
      vertex 253.938 4.21783 3
    endloop
  endfacet
  facet normal 0 -0 1
    outer loop
      vertex 251 5 3
      vertex 127.5 5 3
      vertex 253.938 4.21783 3
    endloop
  endfacet
  facet normal 0 -0 1
    outer loop
      vertex 127.5 5 3
      vertex 124.5 5 3
      vertex 253.938 4.21783 3
    endloop
  endfacet
  facet normal 0 -0 1
    outer loop
      vertex 151.345 15.263 3
      vertex 127.5 5 3
      vertex 251 5 3
    endloop
  endfacet
  facet normal 0 0 1
    outer loop
      vertex 226.596 24.6779 3
      vertex 227.17 25.6145 3
      vertex 189.405 57.5862 3
    endloop
  endfacet
  facet normal 0 0 1
    outer loop
      vertex 150.33 14.8426 3
      vertex 149.262 14.5862 3
      vertex 127.5 5 3
    endloop
  endfacet
  facet normal 0 -0 1
    outer loop
      vertex 127.5 85.8 3
      vertex 127.5 5 3
      vertex 141.253 20.405 3
    endloop
  endfacet
  facet normal 0 -0 1
    outer loop
      vertex 154.824 19.3369 3
      vertex 154.404 18.3221 3
      vertex 251 5 3
    endloop
  endfacet
  facet normal 0 0 1
    outer loop
      vertex 127.5 85.8 3
      vertex 141.253 20.405 3
      vertex 141.167 21.5 3
    endloop
  endfacet
  facet normal 0 0 1
    outer loop
      vertex 127.5 85.8 3
      vertex 141.167 21.5 3
      vertex 141.253 22.595 3
    endloop
  endfacet
  facet normal 0 0 1
    outer loop
      vertex 127.5 85.8 3
      vertex 141.253 22.595 3
      vertex 141.509 23.6631 3
    endloop
  endfacet
  facet normal 0 0 1
    outer loop
      vertex 185.55 16.5503 3
      vertex 155.08 22.595 3
      vertex 155.167 21.5 3
    endloop
  endfacet
  facet normal 0 0 1
    outer loop
      vertex 127.5 85.8 3
      vertex 141.509 23.6631 3
      vertex 141.93 24.6779 3
    endloop
  endfacet
  facet normal 0 0 1
    outer loop
      vertex 184.837 17.3855 3
      vertex 184.263 18.3221 3
      vertex 154.824 23.6631 3
    endloop
  endfacet
  facet normal 0 0 1
    outer loop
      vertex 127.5 85.8 3
      vertex 141.93 24.6779 3
      vertex 142.504 25.6145 3
    endloop
  endfacet
  facet normal 0 -0 1
    outer loop
      vertex 193.678 15.263 3
      vertex 192.663 14.8426 3
      vertex 251 5 3
    endloop
  endfacet
  facet normal 0 0 1
    outer loop
      vertex 127.5 85.8 3
      vertex 142.504 25.6145 3
      vertex 143.217 26.4497 3
    endloop
  endfacet
  facet normal 0 0 1
    outer loop
      vertex 127.5 85.8 3
      vertex 143.217 26.4497 3
      vertex 144.052 27.1631 3
    endloop
  endfacet
  facet normal 0 0 1
    outer loop
      vertex 189.405 71.4138 3
      vertex 190.5 71.5 3
      vertex 251 85.8 3
    endloop
  endfacet
  facet normal 0 0 1
    outer loop
      vertex 127.5 85.8 3
      vertex 144.052 27.1631 3
      vertex 144.989 27.737 3
    endloop
  endfacet
  facet normal 0 0 1
    outer loop
      vertex 225.92 20.405 3
      vertex 153.83 68.6145 3
      vertex 154.404 67.6779 3
    endloop
  endfacet
  facet normal 0 0 1
    outer loop
      vertex 127.5 85.8 3
      vertex 144.989 27.737 3
      vertex 146.004 28.1574 3
    endloop
  endfacet
  facet normal 0 0 1
    outer loop
      vertex 225.92 20.405 3
      vertex 154.404 67.6779 3
      vertex 154.824 66.6631 3
    endloop
  endfacet
  facet normal 0 0 1
    outer loop
      vertex 127.5 85.8 3
      vertex 146.004 28.1574 3
      vertex 147.072 28.4138 3
    endloop
  endfacet
  facet normal 0 0 1
    outer loop
      vertex 183.586 20.405 3
      vertex 183.5 21.5 3
      vertex 149.262 28.4138 3
    endloop
  endfacet
  facet normal 0 0 1
    outer loop
      vertex 127.5 85.8 3
      vertex 147.072 28.4138 3
      vertex 148.167 28.5 3
    endloop
  endfacet
  facet normal 0 0 1
    outer loop
      vertex 127.5 85.8 3
      vertex 148.167 28.5 3
      vertex 149.262 28.4138 3
    endloop
  endfacet
  facet normal 0 0 1
    outer loop
      vertex 193.678 27.737 3
      vertex 194.614 27.1631 3
      vertex 251 5 3
    endloop
  endfacet
  facet normal 0 0 1
    outer loop
      vertex 190.5 71.5 3
      vertex 191.595 71.4138 3
      vertex 251 85.8 3
    endloop
  endfacet
  facet normal 0 0 1
    outer loop
      vertex 188.337 14.8426 3
      vertex 187.322 15.263 3
      vertex 155.08 20.405 3
    endloop
  endfacet
  facet normal 0 0 1
    outer loop
      vertex 225.833 21.5 3
      vertex 152.281 70.1631 3
      vertex 153.116 69.4497 3
    endloop
  endfacet
  facet normal 0 -0 1
    outer loop
      vertex 154.404 18.3221 3
      vertex 153.83 17.3855 3
      vertex 251 5 3
    endloop
  endfacet
  facet normal 0 -0 1
    outer loop
      vertex 153.83 17.3855 3
      vertex 153.116 16.5503 3
      vertex 251 5 3
    endloop
  endfacet
  facet normal 0 -0 1
    outer loop
      vertex 153.116 16.5503 3
      vertex 152.281 15.8369 3
      vertex 251 5 3
    endloop
  endfacet
  facet normal 0 -0 1
    outer loop
      vertex 152.281 15.8369 3
      vertex 151.345 15.263 3
      vertex 251 5 3
    endloop
  endfacet
  facet normal 0 -0 1
    outer loop
      vertex 150.33 14.8426 3
      vertex 127.5 5 3
      vertex 151.345 15.263 3
    endloop
  endfacet
  facet normal 0 0 1
    outer loop
      vertex 149.262 14.5862 3
      vertex 148.167 14.5 3
      vertex 127.5 5 3
    endloop
  endfacet
  facet normal -0 0 1
    outer loop
      vertex 148.167 14.5 3
      vertex 147.072 14.5862 3
      vertex 127.5 5 3
    endloop
  endfacet
  facet normal -0 0 1
    outer loop
      vertex 147.072 14.5862 3
      vertex 146.004 14.8426 3
      vertex 127.5 5 3
    endloop
  endfacet
  facet normal 0 -0 1
    outer loop
      vertex 144.989 15.263 3
      vertex 127.5 5 3
      vertex 146.004 14.8426 3
    endloop
  endfacet
  facet normal 0 -0 1
    outer loop
      vertex 144.052 15.8369 3
      vertex 127.5 5 3
      vertex 144.989 15.263 3
    endloop
  endfacet
  facet normal 0 -0 1
    outer loop
      vertex 143.217 16.5503 3
      vertex 127.5 5 3
      vertex 144.052 15.8369 3
    endloop
  endfacet
  facet normal 0 -0 1
    outer loop
      vertex 142.504 17.3855 3
      vertex 127.5 5 3
      vertex 143.217 16.5503 3
    endloop
  endfacet
  facet normal 0 -0 1
    outer loop
      vertex 141.93 18.3221 3
      vertex 127.5 5 3
      vertex 142.504 17.3855 3
    endloop
  endfacet
  facet normal 0 -0 1
    outer loop
      vertex 141.509 19.3369 3
      vertex 127.5 5 3
      vertex 141.93 18.3221 3
    endloop
  endfacet
  facet normal 0 -0 1
    outer loop
      vertex 141.253 20.405 3
      vertex 127.5 5 3
      vertex 141.509 19.3369 3
    endloop
  endfacet
  facet normal 0 0 1
    outer loop
      vertex 127.5 85.8 3
      vertex 149.262 28.4138 3
      vertex 141.253 63.405 3
    endloop
  endfacet
  facet normal 0 0 1
    outer loop
      vertex 229.655 15.263 3
      vertex 228.719 15.8369 3
      vertex 192.663 28.1574 3
    endloop
  endfacet
  facet normal 0 0 1
    outer loop
      vertex 127.5 85.8 3
      vertex 141.253 63.405 3
      vertex 141.167 64.5 3
    endloop
  endfacet
  facet normal 0 0 1
    outer loop
      vertex 127.5 85.8 3
      vertex 141.167 64.5 3
      vertex 141.253 65.595 3
    endloop
  endfacet
  facet normal 0 -0 1
    outer loop
      vertex 153.116 59.5503 3
      vertex 152.281 58.8369 3
      vertex 226.596 18.3221 3
    endloop
  endfacet
  facet normal 0 0 1
    outer loop
      vertex 127.5 85.8 3
      vertex 141.253 65.595 3
      vertex 141.509 66.6631 3
    endloop
  endfacet
  facet normal 0 0 1
    outer loop
      vertex 226.596 18.3221 3
      vertex 226.176 19.3369 3
      vertex 153.83 60.3855 3
    endloop
  endfacet
  facet normal 0 0 1
    outer loop
      vertex 127.5 85.8 3
      vertex 141.509 66.6631 3
      vertex 141.93 67.6779 3
    endloop
  endfacet
  facet normal 0 0 1
    outer loop
      vertex 226.596 18.3221 3
      vertex 153.83 60.3855 3
      vertex 153.116 59.5503 3
    endloop
  endfacet
  facet normal 0 0 1
    outer loop
      vertex 127.5 85.8 3
      vertex 141.93 67.6779 3
      vertex 142.504 68.6145 3
    endloop
  endfacet
  facet normal 0 0 1
    outer loop
      vertex 225.92 20.405 3
      vertex 155.08 65.595 3
      vertex 155.167 64.5 3
    endloop
  endfacet
  facet normal 0 0 1
    outer loop
      vertex 127.5 85.8 3
      vertex 142.504 68.6145 3
      vertex 143.217 69.4497 3
    endloop
  endfacet
  facet normal 0 0 1
    outer loop
      vertex 127.5 85.8 3
      vertex 143.217 69.4497 3
      vertex 144.052 70.1631 3
    endloop
  endfacet
  facet normal 0 0 1
    outer loop
      vertex 183.843 19.3369 3
      vertex 183.586 20.405 3
      vertex 151.345 27.737 3
    endloop
  endfacet
  facet normal 0 0 1
    outer loop
      vertex 127.5 85.8 3
      vertex 144.052 70.1631 3
      vertex 144.989 70.737 3
    endloop
  endfacet
  facet normal 0 0 1
    outer loop
      vertex 127.5 85.8 3
      vertex 144.989 70.737 3
      vertex 146.004 71.1574 3
    endloop
  endfacet
  facet normal 0 0 1
    outer loop
      vertex 227.17 25.6145 3
      vertex 192.663 57.8426 3
      vertex 191.595 57.5862 3
    endloop
  endfacet
  facet normal 0 0 1
    outer loop
      vertex 127.5 85.8 3
      vertex 146.004 71.1574 3
      vertex 147.072 71.4138 3
    endloop
  endfacet
  facet normal 0 0 1
    outer loop
      vertex 225.833 21.5 3
      vertex 225.92 22.595 3
      vertex 152.281 70.1631 3
    endloop
  endfacet
  facet normal 0 0 1
    outer loop
      vertex 127.5 85.8 3
      vertex 147.072 71.4138 3
      vertex 148.167 71.5 3
    endloop
  endfacet
  facet normal 0 0 1
    outer loop
      vertex 153.116 69.4497 3
      vertex 153.83 68.6145 3
      vertex 225.833 21.5 3
    endloop
  endfacet
  facet normal 0 0 1
    outer loop
      vertex 127.5 85.8 3
      vertex 148.167 71.5 3
      vertex 149.262 71.4138 3
    endloop
  endfacet
  facet normal 0 0 1
    outer loop
      vertex 227.17 25.6145 3
      vertex 227.884 26.4497 3
      vertex 192.663 57.8426 3
    endloop
  endfacet
  facet normal 0 0 1
    outer loop
      vertex 251 85.8 3
      vertex 127.5 85.8 3
      vertex 150.33 71.1574 3
    endloop
  endfacet
  facet normal 0 0 1
    outer loop
      vertex 227.17 25.6145 3
      vertex 191.595 57.5862 3
      vertex 190.5 57.5 3
    endloop
  endfacet
  facet normal 0 0 1
    outer loop
      vertex 251 85.8 3
      vertex 150.33 71.1574 3
      vertex 151.345 70.737 3
    endloop
  endfacet
  facet normal 0 0 1
    outer loop
      vertex 226.596 24.6779 3
      vertex 189.405 57.5862 3
      vertex 188.337 57.8426 3
    endloop
  endfacet
  facet normal 0 0 1
    outer loop
      vertex 251 85.8 3
      vertex 151.345 70.737 3
      vertex 152.281 70.1631 3
    endloop
  endfacet
  facet normal 0 0 1
    outer loop
      vertex 227.17 17.3855 3
      vertex 226.596 18.3221 3
      vertex 152.281 58.8369 3
    endloop
  endfacet
  facet normal 0 -0 1
    outer loop
      vertex 149.262 57.5862 3
      vertex 149.262 28.4138 3
      vertex 150.33 57.8426 3
    endloop
  endfacet
  facet normal 0 0 1
    outer loop
      vertex 148.167 57.5 3
      vertex 149.262 28.4138 3
      vertex 149.262 57.5862 3
    endloop
  endfacet
  facet normal 0 0 1
    outer loop
      vertex 147.072 57.5862 3
      vertex 149.262 28.4138 3
      vertex 148.167 57.5 3
    endloop
  endfacet
  facet normal 0 0 1
    outer loop
      vertex 146.004 57.8426 3
      vertex 149.262 28.4138 3
      vertex 147.072 57.5862 3
    endloop
  endfacet
  facet normal 0 0 1
    outer loop
      vertex 144.989 58.263 3
      vertex 149.262 28.4138 3
      vertex 146.004 57.8426 3
    endloop
  endfacet
  facet normal 0 0 1
    outer loop
      vertex 144.052 58.8369 3
      vertex 149.262 28.4138 3
      vertex 144.989 58.263 3
    endloop
  endfacet
  facet normal 0 0 1
    outer loop
      vertex 143.217 59.5503 3
      vertex 149.262 28.4138 3
      vertex 144.052 58.8369 3
    endloop
  endfacet
  facet normal 0 0 1
    outer loop
      vertex 142.504 60.3855 3
      vertex 149.262 28.4138 3
      vertex 143.217 59.5503 3
    endloop
  endfacet
  facet normal 0 0 1
    outer loop
      vertex 141.93 61.3221 3
      vertex 149.262 28.4138 3
      vertex 142.504 60.3855 3
    endloop
  endfacet
  facet normal 0 0 1
    outer loop
      vertex 141.509 62.3369 3
      vertex 149.262 28.4138 3
      vertex 141.93 61.3221 3
    endloop
  endfacet
  facet normal 0 0 1
    outer loop
      vertex 141.253 63.405 3
      vertex 149.262 28.4138 3
      vertex 141.509 62.3369 3
    endloop
  endfacet
  facet normal 0 -0 1
    outer loop
      vertex 195.45 16.5503 3
      vertex 194.614 15.8369 3
      vertex 251 5 3
    endloop
  endfacet
  facet normal 0 -0 1
    outer loop
      vertex 196.163 17.3855 3
      vertex 195.45 16.5503 3
      vertex 251 5 3
    endloop
  endfacet
  facet normal 0 -0 1
    outer loop
      vertex 150.33 57.8426 3
      vertex 149.262 28.4138 3
      vertex 183.5 21.5 3
    endloop
  endfacet
  facet normal 0 0 1
    outer loop
      vertex 150.33 57.8426 3
      vertex 183.5 21.5 3
      vertex 183.586 22.595 3
    endloop
  endfacet
  facet normal 0 -0 1
    outer loop
      vertex 197.157 19.3369 3
      vertex 196.737 18.3221 3
      vertex 251 5 3
    endloop
  endfacet
  facet normal 0 0 1
    outer loop
      vertex 150.33 57.8426 3
      vertex 183.586 22.595 3
      vertex 183.843 23.6631 3
    endloop
  endfacet
  facet normal 0 -0 1
    outer loop
      vertex 197.414 20.405 3
      vertex 197.157 19.3369 3
      vertex 251 5 3
    endloop
  endfacet
  facet normal 0 0 1
    outer loop
      vertex 150.33 57.8426 3
      vertex 183.843 23.6631 3
      vertex 184.263 24.6779 3
    endloop
  endfacet
  facet normal 0 -0 1
    outer loop
      vertex 197.5 21.5 3
      vertex 197.414 20.405 3
      vertex 251 5 3
    endloop
  endfacet
  facet normal 0 0 1
    outer loop
      vertex 150.33 57.8426 3
      vertex 184.263 24.6779 3
      vertex 184.837 25.6145 3
    endloop
  endfacet
  facet normal 0 -0 1
    outer loop
      vertex 196.737 18.3221 3
      vertex 196.163 17.3855 3
      vertex 251 5 3
    endloop
  endfacet
  facet normal 0 0 1
    outer loop
      vertex 150.33 57.8426 3
      vertex 184.837 25.6145 3
      vertex 185.55 26.4497 3
    endloop
  endfacet
  facet normal 0 0 1
    outer loop
      vertex 150.33 57.8426 3
      vertex 185.55 26.4497 3
      vertex 186.386 27.1631 3
    endloop
  endfacet
  facet normal 0 0 1
    outer loop
      vertex 197.157 23.6631 3
      vertex 197.414 22.595 3
      vertex 251 5 3
    endloop
  endfacet
  facet normal 0 0 1
    outer loop
      vertex 150.33 57.8426 3
      vertex 186.386 27.1631 3
      vertex 187.322 27.737 3
    endloop
  endfacet
  facet normal 0 0 1
    outer loop
      vertex 196.737 24.6779 3
      vertex 197.157 23.6631 3
      vertex 251 5 3
    endloop
  endfacet
  facet normal 0 0 1
    outer loop
      vertex 150.33 57.8426 3
      vertex 187.322 27.737 3
      vertex 188.337 28.1574 3
    endloop
  endfacet
  facet normal 0 0 1
    outer loop
      vertex 196.163 25.6145 3
      vertex 196.737 24.6779 3
      vertex 251 5 3
    endloop
  endfacet
  facet normal 0 0 1
    outer loop
      vertex 150.33 57.8426 3
      vertex 188.337 28.1574 3
      vertex 189.405 28.4138 3
    endloop
  endfacet
  facet normal 0 0 1
    outer loop
      vertex 195.45 26.4497 3
      vertex 196.163 25.6145 3
      vertex 251 5 3
    endloop
  endfacet
  facet normal 0 0 1
    outer loop
      vertex 150.33 57.8426 3
      vertex 189.405 28.4138 3
      vertex 190.5 28.5 3
    endloop
  endfacet
  facet normal 0 0 1
    outer loop
      vertex 194.614 27.1631 3
      vertex 195.45 26.4497 3
      vertex 251 5 3
    endloop
  endfacet
  facet normal 0 0 1
    outer loop
      vertex 150.33 57.8426 3
      vertex 190.5 28.5 3
      vertex 191.595 28.4138 3
    endloop
  endfacet
  facet normal -0 -0 1
    outer loop
      vertex 230.67 14.8426 3
      vertex 192.663 28.1574 3
      vertex 251 5 3
    endloop
  endfacet
  facet normal 0 0 1
    outer loop
      vertex 150.33 57.8426 3
      vertex 191.595 28.4138 3
      vertex 192.663 28.1574 3
    endloop
  endfacet
  facet normal 0 0 1
    outer loop
      vertex 192.663 28.1574 3
      vertex 193.678 27.737 3
      vertex 251 5 3
    endloop
  endfacet
  facet normal 0 0 1
    outer loop
      vertex 183.586 20.405 3
      vertex 149.262 28.4138 3
      vertex 150.33 28.1574 3
    endloop
  endfacet
  facet normal 0 0 1
    outer loop
      vertex 153.116 26.4497 3
      vertex 153.83 25.6145 3
      vertex 183.843 19.3369 3
    endloop
  endfacet
  facet normal 0 0 1
    outer loop
      vertex 154.404 24.6779 3
      vertex 154.824 23.6631 3
      vertex 184.263 18.3221 3
    endloop
  endfacet
  facet normal 0 -0 1
    outer loop
      vertex 155.167 21.5 3
      vertex 155.08 20.405 3
      vertex 186.386 15.8369 3
    endloop
  endfacet
  facet normal 0 -0 1
    outer loop
      vertex 192.663 14.8426 3
      vertex 191.595 14.5862 3
      vertex 251 5 3
    endloop
  endfacet
  facet normal 0 0 1
    outer loop
      vertex 186.386 15.8369 3
      vertex 185.55 16.5503 3
      vertex 155.167 21.5 3
    endloop
  endfacet
  facet normal 0 0 1
    outer loop
      vertex 225.92 20.405 3
      vertex 225.833 21.5 3
      vertex 153.83 68.6145 3
    endloop
  endfacet
  facet normal -0 -0 1
    outer loop
      vertex 190.5 14.5 3
      vertex 189.405 14.5862 3
      vertex 251 5 3
    endloop
  endfacet
  facet normal 0 0 1
    outer loop
      vertex 149.262 71.4138 3
      vertex 150.33 71.1574 3
      vertex 127.5 85.8 3
    endloop
  endfacet
  facet normal 0 -0 1
    outer loop
      vertex 155.167 64.5 3
      vertex 155.08 63.405 3
      vertex 225.92 20.405 3
    endloop
  endfacet
  facet normal 0 0 1
    outer loop
      vertex 187.322 15.263 3
      vertex 186.386 15.8369 3
      vertex 155.08 20.405 3
    endloop
  endfacet
  facet normal 0 0 1
    outer loop
      vertex 185.55 16.5503 3
      vertex 184.837 17.3855 3
      vertex 155.08 22.595 3
    endloop
  endfacet
  facet normal 0 -0 1
    outer loop
      vertex 191.595 14.5862 3
      vertex 190.5 14.5 3
      vertex 251 5 3
    endloop
  endfacet
  facet normal 0 0 1
    outer loop
      vertex 184.263 18.3221 3
      vertex 183.843 19.3369 3
      vertex 153.83 25.6145 3
    endloop
  endfacet
  facet normal 0 -0 1
    outer loop
      vertex 194.614 15.8369 3
      vertex 193.678 15.263 3
      vertex 251 5 3
    endloop
  endfacet
  facet normal 0 0 1
    outer loop
      vertex 184.263 18.3221 3
      vertex 153.83 25.6145 3
      vertex 154.404 24.6779 3
    endloop
  endfacet
  facet normal 0 0 1
    outer loop
      vertex 226.176 19.3369 3
      vertex 225.92 20.405 3
      vertex 155.08 63.405 3
    endloop
  endfacet
  facet normal 0 0 1
    outer loop
      vertex 226.176 19.3369 3
      vertex 155.08 63.405 3
      vertex 154.824 62.3369 3
    endloop
  endfacet
  facet normal -0 -0 1
    outer loop
      vertex 183.5 64.5 3
      vertex 152.281 70.1631 3
      vertex 183.586 63.405 3
    endloop
  endfacet
  facet normal 0 0 1
    outer loop
      vertex 229.655 27.737 3
      vertex 230.67 28.1574 3
      vertex 197.414 65.595 3
    endloop
  endfacet
  facet normal -0 0 1
    outer loop
      vertex 183.586 65.595 3
      vertex 152.281 70.1631 3
      vertex 183.5 64.5 3
    endloop
  endfacet
  facet normal -0 0 1
    outer loop
      vertex 183.843 66.6631 3
      vertex 152.281 70.1631 3
      vertex 183.586 65.595 3
    endloop
  endfacet
  facet normal -0 0 1
    outer loop
      vertex 184.263 67.6779 3
      vertex 152.281 70.1631 3
      vertex 183.843 66.6631 3
    endloop
  endfacet
  facet normal -0 0 1
    outer loop
      vertex 184.837 68.6145 3
      vertex 152.281 70.1631 3
      vertex 184.263 67.6779 3
    endloop
  endfacet
  facet normal -0 0 1
    outer loop
      vertex 185.55 69.4497 3
      vertex 152.281 70.1631 3
      vertex 184.837 68.6145 3
    endloop
  endfacet
  facet normal 0 0 1
    outer loop
      vertex 186.386 70.1631 3
      vertex 152.281 70.1631 3
      vertex 185.55 69.4497 3
    endloop
  endfacet
  facet normal 0 0 1
    outer loop
      vertex 187.322 70.737 3
      vertex 152.281 70.1631 3
      vertex 186.386 70.1631 3
    endloop
  endfacet
  facet normal 0 0 1
    outer loop
      vertex 191.595 71.4138 3
      vertex 192.663 71.1574 3
      vertex 251 85.8 3
    endloop
  endfacet
  facet normal 0 0 1
    outer loop
      vertex 188.337 71.1574 3
      vertex 152.281 70.1631 3
      vertex 187.322 70.737 3
    endloop
  endfacet
  facet normal 0 0 1
    outer loop
      vertex 189.405 71.4138 3
      vertex 152.281 70.1631 3
      vertex 188.337 71.1574 3
    endloop
  endfacet
  facet normal 0 0 1
    outer loop
      vertex 251 85.8 3
      vertex 152.281 70.1631 3
      vertex 189.405 71.4138 3
    endloop
  endfacet
  facet normal 0 0 1
    outer loop
      vertex 196.163 68.6145 3
      vertex 196.737 67.6779 3
      vertex 251 85.8 3
    endloop
  endfacet
  facet normal 0 0 1
    outer loop
      vertex 192.663 71.1574 3
      vertex 193.678 70.737 3
      vertex 251 85.8 3
    endloop
  endfacet
  facet normal 0 0 1
    outer loop
      vertex 193.678 70.737 3
      vertex 194.614 70.1631 3
      vertex 251 85.8 3
    endloop
  endfacet
  facet normal 0 0 1
    outer loop
      vertex 194.614 70.1631 3
      vertex 195.45 69.4497 3
      vertex 251 85.8 3
    endloop
  endfacet
  facet normal 0 0 1
    outer loop
      vertex 195.45 69.4497 3
      vertex 196.163 68.6145 3
      vertex 251 85.8 3
    endloop
  endfacet
  facet normal -0 -0 1
    outer loop
      vertex 190.5 57.5 3
      vertex 189.405 57.5862 3
      vertex 227.17 25.6145 3
    endloop
  endfacet
  facet normal 0 -0 1
    outer loop
      vertex 234.996 14.8426 3
      vertex 233.928 14.5862 3
      vertex 251 5 3
    endloop
  endfacet
  facet normal 0 -0 1
    outer loop
      vertex 237.783 16.5503 3
      vertex 236.948 15.8369 3
      vertex 251 5 3
    endloop
  endfacet
  facet normal 0 0 1
    outer loop
      vertex 228.719 27.1631 3
      vertex 196.737 61.3221 3
      vertex 196.163 60.3855 3
    endloop
  endfacet
  facet normal 0 0 1
    outer loop
      vertex 228.719 27.1631 3
      vertex 197.157 62.3369 3
      vertex 196.737 61.3221 3
    endloop
  endfacet
  facet normal 0 0 1
    outer loop
      vertex 228.719 27.1631 3
      vertex 229.655 27.737 3
      vertex 197.157 62.3369 3
    endloop
  endfacet
  facet normal 0 0 1
    outer loop
      vertex 227.884 26.4497 3
      vertex 228.719 27.1631 3
      vertex 195.45 59.5503 3
    endloop
  endfacet
  facet normal 0 -0 1
    outer loop
      vertex 236.948 15.8369 3
      vertex 236.011 15.263 3
      vertex 251 5 3
    endloop
  endfacet
  facet normal -0 -0 1
    outer loop
      vertex 187.322 58.263 3
      vertex 152.281 70.1631 3
      vertex 188.337 57.8426 3
    endloop
  endfacet
  facet normal 0 0 1
    outer loop
      vertex 226.176 19.3369 3
      vertex 154.824 62.3369 3
      vertex 154.404 61.3221 3
    endloop
  endfacet
  facet normal -0 -0 1
    outer loop
      vertex 185.55 59.5503 3
      vertex 152.281 70.1631 3
      vertex 186.386 58.8369 3
    endloop
  endfacet
  facet normal -0 -0 1
    outer loop
      vertex 184.837 60.3855 3
      vertex 152.281 70.1631 3
      vertex 185.55 59.5503 3
    endloop
  endfacet
  facet normal -0 -0 1
    outer loop
      vertex 184.263 61.3221 3
      vertex 152.281 70.1631 3
      vertex 184.837 60.3855 3
    endloop
  endfacet
  facet normal -0 -0 1
    outer loop
      vertex 183.843 62.3369 3
      vertex 152.281 70.1631 3
      vertex 184.263 61.3221 3
    endloop
  endfacet
  facet normal -0 -0 1
    outer loop
      vertex 183.586 63.405 3
      vertex 152.281 70.1631 3
      vertex 183.843 62.3369 3
    endloop
  endfacet
  facet normal 0 0 1
    outer loop
      vertex 230.67 71.1574 3
      vertex 231.738 71.4138 3
      vertex 251 85.8 3
    endloop
  endfacet
  facet normal 0 -0 1
    outer loop
      vertex 154.404 61.3221 3
      vertex 153.83 60.3855 3
      vertex 226.176 19.3369 3
    endloop
  endfacet
  facet normal 0 -0 1
    outer loop
      vertex 236.011 15.263 3
      vertex 234.996 14.8426 3
      vertex 251 5 3
    endloop
  endfacet
  facet normal -0 -0 1
    outer loop
      vertex 188.337 57.8426 3
      vertex 152.281 70.1631 3
      vertex 225.92 22.595 3
    endloop
  endfacet
  facet normal 0 0 1
    outer loop
      vertex 188.337 57.8426 3
      vertex 225.92 22.595 3
      vertex 226.176 23.6631 3
    endloop
  endfacet
  facet normal 0 0 1
    outer loop
      vertex 188.337 57.8426 3
      vertex 226.176 23.6631 3
      vertex 226.596 24.6779 3
    endloop
  endfacet
  facet normal 0 0 1
    outer loop
      vertex 187.322 58.263 3
      vertex 186.386 58.8369 3
      vertex 152.281 70.1631 3
    endloop
  endfacet
  facet normal 0 0 1
    outer loop
      vertex 229.655 27.737 3
      vertex 197.414 65.595 3
      vertex 197.5 64.5 3
    endloop
  endfacet
  facet normal 0 -0 1
    outer loop
      vertex 193.678 58.263 3
      vertex 192.663 57.8426 3
      vertex 227.884 26.4497 3
    endloop
  endfacet
  facet normal 0 0 1
    outer loop
      vertex 229.655 27.737 3
      vertex 197.5 64.5 3
      vertex 197.414 63.405 3
    endloop
  endfacet
  facet normal 0 -0 1
    outer loop
      vertex 196.163 60.3855 3
      vertex 195.45 59.5503 3
      vertex 228.719 27.1631 3
    endloop
  endfacet
  facet normal 0 -0 1
    outer loop
      vertex 233.928 14.5862 3
      vertex 232.833 14.5 3
      vertex 251 5 3
    endloop
  endfacet
  facet normal 0 -0 1
    outer loop
      vertex 197.414 63.405 3
      vertex 197.157 62.3369 3
      vertex 229.655 27.737 3
    endloop
  endfacet
  facet normal 0 0 1
    outer loop
      vertex 239.07 24.6779 3
      vertex 239.491 23.6631 3
      vertex 251 5 3
    endloop
  endfacet
  facet normal 0 0 1
    outer loop
      vertex 197.157 66.6631 3
      vertex 197.414 65.595 3
      vertex 230.67 28.1574 3
    endloop
  endfacet
  facet normal 0 -0 1
    outer loop
      vertex 239.07 18.3221 3
      vertex 238.496 17.3855 3
      vertex 251 5 3
    endloop
  endfacet
  facet normal -0 -0 1
    outer loop
      vertex 225.92 63.405 3
      vertex 196.737 67.6779 3
      vertex 231.738 28.4138 3
    endloop
  endfacet
  facet normal 0 0 1
    outer loop
      vertex 251 85.8 3
      vertex 231.738 28.4138 3
      vertex 232.833 28.5 3
    endloop
  endfacet
  facet normal 0 -0 1
    outer loop
      vertex 239.747 20.405 3
      vertex 239.491 19.3369 3
      vertex 251 5 3
    endloop
  endfacet
  facet normal 0 0 1
    outer loop
      vertex 251 85.8 3
      vertex 232.833 28.5 3
      vertex 233.928 28.4138 3
    endloop
  endfacet
  facet normal 0 -0 1
    outer loop
      vertex 239.491 19.3369 3
      vertex 239.07 18.3221 3
      vertex 251 5 3
    endloop
  endfacet
  facet normal 0 0 1
    outer loop
      vertex 251 85.8 3
      vertex 233.928 28.4138 3
      vertex 234.996 28.1574 3
    endloop
  endfacet
  facet normal 0 0 1
    outer loop
      vertex 251 85.8 3
      vertex 234.996 28.1574 3
      vertex 236.011 27.737 3
    endloop
  endfacet
  facet normal 0 0 1
    outer loop
      vertex 239.747 22.595 3
      vertex 239.833 21.5 3
      vertex 251 5 3
    endloop
  endfacet
  facet normal 0 0 1
    outer loop
      vertex 251 85.8 3
      vertex 236.011 27.737 3
      vertex 236.948 27.1631 3
    endloop
  endfacet
  facet normal 0 0 1
    outer loop
      vertex 239.491 23.6631 3
      vertex 239.747 22.595 3
      vertex 251 5 3
    endloop
  endfacet
  facet normal 0 0 1
    outer loop
      vertex 251 85.8 3
      vertex 236.948 27.1631 3
      vertex 237.783 26.4497 3
    endloop
  endfacet
  facet normal 0 -0 1
    outer loop
      vertex 239.833 21.5 3
      vertex 239.747 20.405 3
      vertex 251 5 3
    endloop
  endfacet
  facet normal 0 0 1
    outer loop
      vertex 251 85.8 3
      vertex 237.783 26.4497 3
      vertex 238.496 25.6145 3
    endloop
  endfacet
  facet normal 0 0 1
    outer loop
      vertex 251 85.8 3
      vertex 239.07 24.6779 3
      vertex 251 5 3
    endloop
  endfacet
  facet normal 0 0 1
    outer loop
      vertex 251 85.8 3
      vertex 238.496 25.6145 3
      vertex 239.07 24.6779 3
    endloop
  endfacet
  facet normal 0 0 1
    outer loop
      vertex 230.67 28.1574 3
      vertex 196.737 67.6779 3
      vertex 197.157 66.6631 3
    endloop
  endfacet
  facet normal 0 0 1
    outer loop
      vertex 230.67 28.1574 3
      vertex 231.738 28.4138 3
      vertex 196.737 67.6779 3
    endloop
  endfacet
  facet normal 0 -0 1
    outer loop
      vertex 238.496 17.3855 3
      vertex 237.783 16.5503 3
      vertex 251 5 3
    endloop
  endfacet
  facet normal 0 0 1
    outer loop
      vertex 227.884 26.4497 3
      vertex 194.614 58.8369 3
      vertex 193.678 58.263 3
    endloop
  endfacet
  facet normal 0 0 1
    outer loop
      vertex 227.884 26.4497 3
      vertex 195.45 59.5503 3
      vertex 194.614 58.8369 3
    endloop
  endfacet
  facet normal 0 0 1
    outer loop
      vertex 183.843 19.3369 3
      vertex 151.345 27.737 3
      vertex 152.281 27.1631 3
    endloop
  endfacet
  facet normal 0 0 1
    outer loop
      vertex 183.843 19.3369 3
      vertex 152.281 27.1631 3
      vertex 153.116 26.4497 3
    endloop
  endfacet
  facet normal -0 -0 1
    outer loop
      vertex 232.833 14.5 3
      vertex 231.738 14.5862 3
      vertex 251 5 3
    endloop
  endfacet
  facet normal -0 -0 1
    outer loop
      vertex 231.738 14.5862 3
      vertex 230.67 14.8426 3
      vertex 251 5 3
    endloop
  endfacet
  facet normal -0 -0 1
    outer loop
      vertex 229.655 15.263 3
      vertex 192.663 28.1574 3
      vertex 230.67 14.8426 3
    endloop
  endfacet
  facet normal 0 0 1
    outer loop
      vertex 228.719 15.8369 3
      vertex 227.884 16.5503 3
      vertex 192.663 28.1574 3
    endloop
  endfacet
  facet normal 0 0 1
    outer loop
      vertex 227.17 17.3855 3
      vertex 151.345 58.263 3
      vertex 150.33 57.8426 3
    endloop
  endfacet
  facet normal 0 0 1
    outer loop
      vertex 150.33 57.8426 3
      vertex 192.663 28.1574 3
      vertex 227.884 16.5503 3
    endloop
  endfacet
  facet normal 0 0 1
    outer loop
      vertex 150.33 57.8426 3
      vertex 227.884 16.5503 3
      vertex 227.17 17.3855 3
    endloop
  endfacet
  facet normal 0 0 1
    outer loop
      vertex 227.17 17.3855 3
      vertex 152.281 58.8369 3
      vertex 151.345 58.263 3
    endloop
  endfacet
  facet normal 0 0 1
    outer loop
      vertex 225.92 20.405 3
      vertex 154.824 66.6631 3
      vertex 155.08 65.595 3
    endloop
  endfacet
  facet normal 0 0 1
    outer loop
      vertex 229.655 70.737 3
      vertex 230.67 71.1574 3
      vertex 251 85.8 3
    endloop
  endfacet
  facet normal -0 -0 1
    outer loop
      vertex 226.176 62.3369 3
      vertex 225.92 63.405 3
      vertex 231.738 28.4138 3
    endloop
  endfacet
  facet normal -0 -0 1
    outer loop
      vertex 225.833 64.5 3
      vertex 196.737 67.6779 3
      vertex 225.92 63.405 3
    endloop
  endfacet
  facet normal 0 0 1
    outer loop
      vertex 239.491 62.3369 3
      vertex 239.07 61.3221 3
      vertex 231.738 28.4138 3
    endloop
  endfacet
  facet normal -0 0 1
    outer loop
      vertex 225.92 65.595 3
      vertex 196.737 67.6779 3
      vertex 225.833 64.5 3
    endloop
  endfacet
  facet normal -0 0 1
    outer loop
      vertex 226.176 66.6631 3
      vertex 196.737 67.6779 3
      vertex 225.92 65.595 3
    endloop
  endfacet
  facet normal 0 0 1
    outer loop
      vertex 226.596 67.6779 3
      vertex 196.737 67.6779 3
      vertex 226.176 66.6631 3
    endloop
  endfacet
  facet normal 0 0 1
    outer loop
      vertex 227.17 68.6145 3
      vertex 196.737 67.6779 3
      vertex 226.596 67.6779 3
    endloop
  endfacet
  facet normal 0 0 1
    outer loop
      vertex 231.738 71.4138 3
      vertex 232.833 71.5 3
      vertex 251 85.8 3
    endloop
  endfacet
  facet normal 0 0 1
    outer loop
      vertex 227.884 69.4497 3
      vertex 196.737 67.6779 3
      vertex 227.17 68.6145 3
    endloop
  endfacet
  facet normal 0 0 1
    outer loop
      vertex 228.719 70.1631 3
      vertex 196.737 67.6779 3
      vertex 227.884 69.4497 3
    endloop
  endfacet
  facet normal 0 0 1
    outer loop
      vertex 251 85.8 3
      vertex 196.737 67.6779 3
      vertex 228.719 70.1631 3
    endloop
  endfacet
  facet normal 0 0 1
    outer loop
      vertex 251 85.8 3
      vertex 228.719 70.1631 3
      vertex 229.655 70.737 3
    endloop
  endfacet
  facet normal 0 0 1
    outer loop
      vertex 233.928 71.4138 3
      vertex 234.996 71.1574 3
      vertex 251 85.8 3
    endloop
  endfacet
  facet normal 0 0 1
    outer loop
      vertex 232.833 71.5 3
      vertex 233.928 71.4138 3
      vertex 251 85.8 3
    endloop
  endfacet
  facet normal 0 0 1
    outer loop
      vertex 236.948 58.8369 3
      vertex 236.011 58.263 3
      vertex 231.738 28.4138 3
    endloop
  endfacet
  facet normal 0 0 1
    outer loop
      vertex 251 85.8 3
      vertex 234.996 71.1574 3
      vertex 236.011 70.737 3
    endloop
  endfacet
  facet normal 0 0 1
    outer loop
      vertex 251 85.8 3
      vertex 236.011 70.737 3
      vertex 236.948 70.1631 3
    endloop
  endfacet
  facet normal 0 0 1
    outer loop
      vertex 236.011 58.263 3
      vertex 234.996 57.8426 3
      vertex 231.738 28.4138 3
    endloop
  endfacet
  facet normal 0 0 1
    outer loop
      vertex 251 85.8 3
      vertex 236.948 70.1631 3
      vertex 237.783 69.4497 3
    endloop
  endfacet
  facet normal 0 0 1
    outer loop
      vertex 234.996 57.8426 3
      vertex 233.928 57.5862 3
      vertex 231.738 28.4138 3
    endloop
  endfacet
  facet normal 0 0 1
    outer loop
      vertex 251 85.8 3
      vertex 237.783 69.4497 3
      vertex 238.496 68.6145 3
    endloop
  endfacet
  facet normal 0 0 1
    outer loop
      vertex 251 85.8 3
      vertex 238.496 68.6145 3
      vertex 239.07 67.6779 3
    endloop
  endfacet
  facet normal 0 0 1
    outer loop
      vertex 237.783 59.5503 3
      vertex 236.948 58.8369 3
      vertex 231.738 28.4138 3
    endloop
  endfacet
  facet normal 0 0 1
    outer loop
      vertex 251 85.8 3
      vertex 239.07 67.6779 3
      vertex 239.491 66.6631 3
    endloop
  endfacet
  facet normal 0 0 1
    outer loop
      vertex 238.496 60.3855 3
      vertex 237.783 59.5503 3
      vertex 231.738 28.4138 3
    endloop
  endfacet
  facet normal 0 0 1
    outer loop
      vertex 251 85.8 3
      vertex 239.491 66.6631 3
      vertex 239.747 65.595 3
    endloop
  endfacet
  facet normal 0 0 1
    outer loop
      vertex 239.07 61.3221 3
      vertex 238.496 60.3855 3
      vertex 231.738 28.4138 3
    endloop
  endfacet
  facet normal 0 0 1
    outer loop
      vertex 251 85.8 3
      vertex 239.747 65.595 3
      vertex 239.833 64.5 3
    endloop
  endfacet
  facet normal 0 0 1
    outer loop
      vertex 251 85.8 3
      vertex 239.747 63.405 3
      vertex 231.738 28.4138 3
    endloop
  endfacet
  facet normal 0 0 1
    outer loop
      vertex 251 85.8 3
      vertex 239.833 64.5 3
      vertex 239.747 63.405 3
    endloop
  endfacet
  facet normal 0 0 1
    outer loop
      vertex 239.747 63.405 3
      vertex 239.491 62.3369 3
      vertex 231.738 28.4138 3
    endloop
  endfacet
  facet normal 0 0 1
    outer loop
      vertex 233.928 57.5862 3
      vertex 232.833 57.5 3
      vertex 231.738 28.4138 3
    endloop
  endfacet
  facet normal -0 0 1
    outer loop
      vertex 232.833 57.5 3
      vertex 231.738 57.5862 3
      vertex 231.738 28.4138 3
    endloop
  endfacet
  facet normal -0 0 1
    outer loop
      vertex 231.738 57.5862 3
      vertex 230.67 57.8426 3
      vertex 231.738 28.4138 3
    endloop
  endfacet
  facet normal -0 -0 1
    outer loop
      vertex 230.67 57.8426 3
      vertex 229.655 58.263 3
      vertex 231.738 28.4138 3
    endloop
  endfacet
  facet normal -0 -0 1
    outer loop
      vertex 229.655 58.263 3
      vertex 228.719 58.8369 3
      vertex 231.738 28.4138 3
    endloop
  endfacet
  facet normal -0 -0 1
    outer loop
      vertex 228.719 58.8369 3
      vertex 227.884 59.5503 3
      vertex 231.738 28.4138 3
    endloop
  endfacet
  facet normal -0 -0 1
    outer loop
      vertex 227.884 59.5503 3
      vertex 227.17 60.3855 3
      vertex 231.738 28.4138 3
    endloop
  endfacet
  facet normal -0 -0 1
    outer loop
      vertex 227.17 60.3855 3
      vertex 226.596 61.3221 3
      vertex 231.738 28.4138 3
    endloop
  endfacet
  facet normal -0 -0 1
    outer loop
      vertex 226.596 61.3221 3
      vertex 226.176 62.3369 3
      vertex 231.738 28.4138 3
    endloop
  endfacet
  facet normal 0 0 1
    outer loop
      vertex 197.414 22.595 3
      vertex 197.5 21.5 3
      vertex 251 5 3
    endloop
  endfacet
  facet normal 0 0 1
    outer loop
      vertex 150.33 28.1574 3
      vertex 151.345 27.737 3
      vertex 183.586 20.405 3
    endloop
  endfacet
  facet normal 0 0 1
    outer loop
      vertex 154.824 23.6631 3
      vertex 155.08 22.595 3
      vertex 184.837 17.3855 3
    endloop
  endfacet
  facet normal 0 0 1
    outer loop
      vertex 155.08 20.405 3
      vertex 189.405 14.5862 3
      vertex 188.337 14.8426 3
    endloop
  endfacet
  facet normal -0 -0 1
    outer loop
      vertex 189.405 14.5862 3
      vertex 154.824 19.3369 3
      vertex 251 5 3
    endloop
  endfacet
  facet normal 0 -0 1
    outer loop
      vertex 155.08 20.405 3
      vertex 154.824 19.3369 3
      vertex 189.405 14.5862 3
    endloop
  endfacet
  facet normal -1 -0 0
    outer loop
      vertex 251 5 3
      vertex 251 85.8 24.9457
      vertex 251 85.8 3
    endloop
  endfacet
  facet normal 0 -1 0
    outer loop
      vertex 157.25 85.8 12.5
      vertex 127.5 85.8 24.9457
      vertex 127.5 85.8 3
    endloop
  endfacet
  facet normal 0 -1 -0
    outer loop
      vertex 221.786 85.8 13.9266
      vertex 251 85.8 24.9457
      vertex 127.5 85.8 3
    endloop
  endfacet
  facet normal 0 -1 0
    outer loop
      vertex 157.268 85.8 12.2653
      vertex 157.25 85.8 12.5
      vertex 127.5 85.8 3
    endloop
  endfacet
  facet normal 0 -1 0
    outer loop
      vertex 157.268 85.8 12.7347
      vertex 127.5 85.8 24.9457
      vertex 157.25 85.8 12.5
    endloop
  endfacet
  facet normal 0 -1 0
    outer loop
      vertex 157.323 85.8 12.9635
      vertex 127.5 85.8 24.9457
      vertex 157.268 85.8 12.7347
    endloop
  endfacet
  facet normal 0 -1 0
    outer loop
      vertex 157.413 85.8 13.181
      vertex 127.5 85.8 24.9457
      vertex 157.323 85.8 12.9635
    endloop
  endfacet
  facet normal 0 -1 0
    outer loop
      vertex 157.536 85.8 13.3817
      vertex 127.5 85.8 24.9457
      vertex 157.413 85.8 13.181
    endloop
  endfacet
  facet normal 0 -1 0
    outer loop
      vertex 157.689 85.8 13.5607
      vertex 127.5 85.8 24.9457
      vertex 157.536 85.8 13.3817
    endloop
  endfacet
  facet normal 0 -1 0
    outer loop
      vertex 157.868 85.8 13.7135
      vertex 127.5 85.8 24.9457
      vertex 157.689 85.8 13.5607
    endloop
  endfacet
  facet normal 0 -1 0
    outer loop
      vertex 158.069 85.8 13.8365
      vertex 127.5 85.8 24.9457
      vertex 157.868 85.8 13.7135
    endloop
  endfacet
  facet normal 0 -1 0
    outer loop
      vertex 158.286 85.8 13.9266
      vertex 127.5 85.8 24.9457
      vertex 158.069 85.8 13.8365
    endloop
  endfacet
  facet normal 0 -1 0
    outer loop
      vertex 158.515 85.8 13.9815
      vertex 127.5 85.8 24.9457
      vertex 158.286 85.8 13.9266
    endloop
  endfacet
  facet normal 0 -1 0
    outer loop
      vertex 251 85.8 24.9457
      vertex 127.5 85.8 24.9457
      vertex 158.515 85.8 13.9815
    endloop
  endfacet
  facet normal -0 -1 0
    outer loop
      vertex 158.985 85.8 13.9815
      vertex 159.214 85.8 13.9266
      vertex 251 85.8 24.9457
    endloop
  endfacet
  facet normal 0 -1 0
    outer loop
      vertex 251 85.8 24.9457
      vertex 158.515 85.8 13.9815
      vertex 158.75 85.8 14
    endloop
  endfacet
  facet normal -0 -1 0
    outer loop
      vertex 159.214 85.8 13.9266
      vertex 159.431 85.8 13.8365
      vertex 251 85.8 24.9457
    endloop
  endfacet
  facet normal -0 -1 0
    outer loop
      vertex 159.431 85.8 13.8365
      vertex 159.632 85.8 13.7135
      vertex 251 85.8 24.9457
    endloop
  endfacet
  facet normal -0 -1 0
    outer loop
      vertex 159.632 85.8 13.7135
      vertex 159.811 85.8 13.5607
      vertex 251 85.8 24.9457
    endloop
  endfacet
  facet normal -0 -1 0
    outer loop
      vertex 159.811 85.8 13.5607
      vertex 159.964 85.8 13.3817
      vertex 251 85.8 24.9457
    endloop
  endfacet
  facet normal -0 -1 0
    outer loop
      vertex 159.964 85.8 13.3817
      vertex 160.087 85.8 13.181
      vertex 251 85.8 24.9457
    endloop
  endfacet
  facet normal -0 -1 0
    outer loop
      vertex 160.087 85.8 13.181
      vertex 160.177 85.8 12.9635
      vertex 251 85.8 24.9457
    endloop
  endfacet
  facet normal -0 -1 0
    outer loop
      vertex 160.177 85.8 12.9635
      vertex 160.232 85.8 12.7347
      vertex 251 85.8 24.9457
    endloop
  endfacet
  facet normal 0 -1 0
    outer loop
      vertex 158.985 85.8 11.0185
      vertex 158.75 85.8 11
      vertex 127.5 85.8 3
    endloop
  endfacet
  facet normal 0 -1 0
    outer loop
      vertex 221.786 85.8 13.9266
      vertex 222.015 85.8 13.9815
      vertex 251 85.8 24.9457
    endloop
  endfacet
  facet normal 0 -1 0
    outer loop
      vertex 157.413 85.8 11.819
      vertex 157.323 85.8 12.0365
      vertex 127.5 85.8 3
    endloop
  endfacet
  facet normal 0 -1 0
    outer loop
      vertex 251 85.8 24.9457
      vertex 160.232 85.8 12.7347
      vertex 160.25 85.8 12.5
    endloop
  endfacet
  facet normal 0 -1 0
    outer loop
      vertex 157.536 85.8 11.6183
      vertex 157.413 85.8 11.819
      vertex 127.5 85.8 3
    endloop
  endfacet
  facet normal 0 -1 0
    outer loop
      vertex 251 85.8 24.9457
      vertex 160.25 85.8 12.5
      vertex 160.232 85.8 12.2653
    endloop
  endfacet
  facet normal 0 -1 0
    outer loop
      vertex 157.689 85.8 11.4393
      vertex 157.536 85.8 11.6183
      vertex 127.5 85.8 3
    endloop
  endfacet
  facet normal 0 -1 0
    outer loop
      vertex 251 85.8 24.9457
      vertex 160.232 85.8 12.2653
      vertex 160.177 85.8 12.0365
    endloop
  endfacet
  facet normal 0 -1 0
    outer loop
      vertex 157.868 85.8 11.2865
      vertex 157.689 85.8 11.4393
      vertex 127.5 85.8 3
    endloop
  endfacet
  facet normal 0 -1 0
    outer loop
      vertex 251 85.8 24.9457
      vertex 160.177 85.8 12.0365
      vertex 160.087 85.8 11.819
    endloop
  endfacet
  facet normal 0 -1 0
    outer loop
      vertex 158.069 85.8 11.1635
      vertex 157.868 85.8 11.2865
      vertex 127.5 85.8 3
    endloop
  endfacet
  facet normal 0 -1 0
    outer loop
      vertex 251 85.8 24.9457
      vertex 160.087 85.8 11.819
      vertex 159.964 85.8 11.6183
    endloop
  endfacet
  facet normal 0 -1 0
    outer loop
      vertex 158.286 85.8 11.0734
      vertex 158.069 85.8 11.1635
      vertex 127.5 85.8 3
    endloop
  endfacet
  facet normal 0 -1 0
    outer loop
      vertex 251 85.8 24.9457
      vertex 159.964 85.8 11.6183
      vertex 159.811 85.8 11.4393
    endloop
  endfacet
  facet normal 0 -1 0
    outer loop
      vertex 158.515 85.8 11.0185
      vertex 158.286 85.8 11.0734
      vertex 127.5 85.8 3
    endloop
  endfacet
  facet normal 0 -1 0
    outer loop
      vertex 251 85.8 24.9457
      vertex 159.811 85.8 11.4393
      vertex 159.632 85.8 11.2865
    endloop
  endfacet
  facet normal 0 -1 0
    outer loop
      vertex 158.75 85.8 11
      vertex 158.515 85.8 11.0185
      vertex 127.5 85.8 3
    endloop
  endfacet
  facet normal 0 -1 0
    outer loop
      vertex 251 85.8 24.9457
      vertex 159.632 85.8 11.2865
      vertex 159.431 85.8 11.1635
    endloop
  endfacet
  facet normal 0 -1 0
    outer loop
      vertex 251 85.8 24.9457
      vertex 159.214 85.8 11.0734
      vertex 127.5 85.8 3
    endloop
  endfacet
  facet normal 0 -1 0
    outer loop
      vertex 251 85.8 24.9457
      vertex 159.431 85.8 11.1635
      vertex 159.214 85.8 11.0734
    endloop
  endfacet
  facet normal 0 -1 0
    outer loop
      vertex 159.214 85.8 11.0734
      vertex 158.985 85.8 11.0185
      vertex 127.5 85.8 3
    endloop
  endfacet
  facet normal 0 -1 0
    outer loop
      vertex 157.323 85.8 12.0365
      vertex 157.268 85.8 12.2653
      vertex 127.5 85.8 3
    endloop
  endfacet
  facet normal 0 -1 0
    outer loop
      vertex 220.768 85.8 12.2653
      vertex 220.75 85.8 12.5
      vertex 127.5 85.8 3
    endloop
  endfacet
  facet normal 0 -1 -0
    outer loop
      vertex 220.75 85.8 12.5
      vertex 220.768 85.8 12.7347
      vertex 127.5 85.8 3
    endloop
  endfacet
  facet normal 0 -1 -0
    outer loop
      vertex 220.768 85.8 12.7347
      vertex 220.823 85.8 12.9635
      vertex 127.5 85.8 3
    endloop
  endfacet
  facet normal 0 -1 -0
    outer loop
      vertex 220.823 85.8 12.9635
      vertex 220.913 85.8 13.181
      vertex 127.5 85.8 3
    endloop
  endfacet
  facet normal 0 -1 -0
    outer loop
      vertex 220.913 85.8 13.181
      vertex 221.036 85.8 13.3817
      vertex 127.5 85.8 3
    endloop
  endfacet
  facet normal 0 -1 -0
    outer loop
      vertex 221.036 85.8 13.3817
      vertex 221.189 85.8 13.5607
      vertex 127.5 85.8 3
    endloop
  endfacet
  facet normal 0 -1 -0
    outer loop
      vertex 221.189 85.8 13.5607
      vertex 221.368 85.8 13.7135
      vertex 127.5 85.8 3
    endloop
  endfacet
  facet normal 0 -1 -0
    outer loop
      vertex 221.368 85.8 13.7135
      vertex 221.569 85.8 13.8365
      vertex 127.5 85.8 3
    endloop
  endfacet
  facet normal 0 -1 -0
    outer loop
      vertex 221.569 85.8 13.8365
      vertex 221.786 85.8 13.9266
      vertex 127.5 85.8 3
    endloop
  endfacet
  facet normal 0 -1 0
    outer loop
      vertex 222.015 85.8 13.9815
      vertex 222.25 85.8 14
      vertex 251 85.8 24.9457
    endloop
  endfacet
  facet normal -0 -1 0
    outer loop
      vertex 222.25 85.8 14
      vertex 222.485 85.8 13.9815
      vertex 251 85.8 24.9457
    endloop
  endfacet
  facet normal -0 -1 0
    outer loop
      vertex 222.485 85.8 13.9815
      vertex 222.714 85.8 13.9266
      vertex 251 85.8 24.9457
    endloop
  endfacet
  facet normal -0 -1 0
    outer loop
      vertex 222.714 85.8 13.9266
      vertex 222.931 85.8 13.8365
      vertex 251 85.8 24.9457
    endloop
  endfacet
  facet normal -0 -1 0
    outer loop
      vertex 222.931 85.8 13.8365
      vertex 223.132 85.8 13.7135
      vertex 251 85.8 24.9457
    endloop
  endfacet
  facet normal -0 -1 0
    outer loop
      vertex 223.132 85.8 13.7135
      vertex 223.311 85.8 13.5607
      vertex 251 85.8 24.9457
    endloop
  endfacet
  facet normal -0 -1 0
    outer loop
      vertex 223.311 85.8 13.5607
      vertex 223.464 85.8 13.3817
      vertex 251 85.8 24.9457
    endloop
  endfacet
  facet normal 0 -1 0
    outer loop
      vertex 223.587 85.8 11.819
      vertex 223.464 85.8 11.6183
      vertex 251 85.8 3
    endloop
  endfacet
  facet normal 0 -1 0
    outer loop
      vertex 251 85.8 3
      vertex 251 85.8 24.9457
      vertex 223.464 85.8 13.3817
    endloop
  endfacet
  facet normal 0 -1 0
    outer loop
      vertex 251 85.8 3
      vertex 223.464 85.8 13.3817
      vertex 223.587 85.8 13.181
    endloop
  endfacet
  facet normal 0 -1 0
    outer loop
      vertex 251 85.8 3
      vertex 223.587 85.8 13.181
      vertex 223.677 85.8 12.9635
    endloop
  endfacet
  facet normal 0 -1 0
    outer loop
      vertex 251 85.8 3
      vertex 223.677 85.8 12.9635
      vertex 223.732 85.8 12.7347
    endloop
  endfacet
  facet normal 0 -1 0
    outer loop
      vertex 251 85.8 3
      vertex 223.732 85.8 12.7347
      vertex 223.75 85.8 12.5
    endloop
  endfacet
  facet normal 0 -1 0
    outer loop
      vertex 251 85.8 3
      vertex 223.75 85.8 12.5
      vertex 223.732 85.8 12.2653
    endloop
  endfacet
  facet normal 0 -1 0
    outer loop
      vertex 251 85.8 3
      vertex 223.732 85.8 12.2653
      vertex 223.677 85.8 12.0365
    endloop
  endfacet
  facet normal 0 -1 0
    outer loop
      vertex 222.25 85.8 11
      vertex 222.015 85.8 11.0185
      vertex 127.5 85.8 3
    endloop
  endfacet
  facet normal 0 -1 0
    outer loop
      vertex 251 85.8 3
      vertex 223.677 85.8 12.0365
      vertex 223.587 85.8 11.819
    endloop
  endfacet
  facet normal 0 -1 0
    outer loop
      vertex 221.368 85.8 11.2865
      vertex 221.189 85.8 11.4393
      vertex 127.5 85.8 3
    endloop
  endfacet
  facet normal 0 -1 0
    outer loop
      vertex 251 85.8 3
      vertex 223.464 85.8 11.6183
      vertex 223.311 85.8 11.4393
    endloop
  endfacet
  facet normal 0 -1 0
    outer loop
      vertex 221.569 85.8 11.1635
      vertex 221.368 85.8 11.2865
      vertex 127.5 85.8 3
    endloop
  endfacet
  facet normal 0 -1 0
    outer loop
      vertex 251 85.8 3
      vertex 223.311 85.8 11.4393
      vertex 223.132 85.8 11.2865
    endloop
  endfacet
  facet normal 0 -1 0
    outer loop
      vertex 221.786 85.8 11.0734
      vertex 221.569 85.8 11.1635
      vertex 127.5 85.8 3
    endloop
  endfacet
  facet normal 0 -1 0
    outer loop
      vertex 251 85.8 3
      vertex 223.132 85.8 11.2865
      vertex 222.931 85.8 11.1635
    endloop
  endfacet
  facet normal 0 -1 0
    outer loop
      vertex 222.015 85.8 11.0185
      vertex 221.786 85.8 11.0734
      vertex 127.5 85.8 3
    endloop
  endfacet
  facet normal 0 -1 0
    outer loop
      vertex 251 85.8 3
      vertex 222.931 85.8 11.1635
      vertex 222.714 85.8 11.0734
    endloop
  endfacet
  facet normal 0 -1 0
    outer loop
      vertex 251 85.8 3
      vertex 222.485 85.8 11.0185
      vertex 127.5 85.8 3
    endloop
  endfacet
  facet normal 0 -1 0
    outer loop
      vertex 251 85.8 3
      vertex 222.714 85.8 11.0734
      vertex 222.485 85.8 11.0185
    endloop
  endfacet
  facet normal 0 -1 0
    outer loop
      vertex 222.485 85.8 11.0185
      vertex 222.25 85.8 11
      vertex 127.5 85.8 3
    endloop
  endfacet
  facet normal 0 -1 0
    outer loop
      vertex 221.189 85.8 11.4393
      vertex 221.036 85.8 11.6183
      vertex 127.5 85.8 3
    endloop
  endfacet
  facet normal 0 -1 0
    outer loop
      vertex 221.036 85.8 11.6183
      vertex 220.913 85.8 11.819
      vertex 127.5 85.8 3
    endloop
  endfacet
  facet normal 0 -1 0
    outer loop
      vertex 220.913 85.8 11.819
      vertex 220.823 85.8 12.0365
      vertex 127.5 85.8 3
    endloop
  endfacet
  facet normal 0 -1 0
    outer loop
      vertex 220.823 85.8 12.0365
      vertex 220.768 85.8 12.2653
      vertex 127.5 85.8 3
    endloop
  endfacet
  facet normal -0 -1 0
    outer loop
      vertex 158.75 85.8 14
      vertex 158.985 85.8 13.9815
      vertex 251 85.8 24.9457
    endloop
  endfacet
  facet normal 1 -0 0
    outer loop
      vertex 127.5 85.8 3
      vertex 127.5 85.8 24.9457
      vertex 127.5 5 3
    endloop
  endfacet
  facet normal 0 -0 1
    outer loop
      vertex 24.3446 15.263 3
      vertex 3 5 3
      vertex 124.5 5 3
    endloop
  endfacet
  facet normal 0 0 1
    outer loop
      vertex 23.3298 14.8426 3
      vertex 22.2617 14.5862 3
      vertex 3 5 3
    endloop
  endfacet
  facet normal 0 -0 1
    outer loop
      vertex 3 85.8 3
      vertex 3 5 3
      vertex 14.2528 20.405 3
    endloop
  endfacet
  facet normal 0 -0 1
    outer loop
      vertex 27.8241 19.3369 3
      vertex 27.4037 18.3221 3
      vertex 124.5 5 3
    endloop
  endfacet
  facet normal 0 0 1
    outer loop
      vertex 3 85.8 3
      vertex 14.2528 20.405 3
      vertex 14.1667 21.5 3
    endloop
  endfacet
  facet normal 0 0 1
    outer loop
      vertex 98.8333 21.5 3
      vertex 98.9195 22.595 3
      vertex 3 85.8 3
    endloop
  endfacet
  facet normal 0 0 1
    outer loop
      vertex 3 85.8 3
      vertex 14.1667 21.5 3
      vertex 14.2528 22.595 3
    endloop
  endfacet
  facet normal 0 0 1
    outer loop
      vertex 3 85.8 3
      vertex 14.2528 22.595 3
      vertex 14.5093 23.6631 3
    endloop
  endfacet
  facet normal 0 0 1
    outer loop
      vertex 58.5503 16.5503 3
      vertex 28.0805 22.595 3
      vertex 28.1667 21.5 3
    endloop
  endfacet
  facet normal 0 0 1
    outer loop
      vertex 3 85.8 3
      vertex 14.5093 23.6631 3
      vertex 14.9296 24.6779 3
    endloop
  endfacet
  facet normal 0 0 1
    outer loop
      vertex 57.8369 17.3855 3
      vertex 57.263 18.3221 3
      vertex 27.8241 23.6631 3
    endloop
  endfacet
  facet normal 0 0 1
    outer loop
      vertex 3 85.8 3
      vertex 14.9296 24.6779 3
      vertex 15.5035 25.6145 3
    endloop
  endfacet
  facet normal 0 -0 1
    outer loop
      vertex 66.6779 15.263 3
      vertex 65.6631 14.8426 3
      vertex 124.5 5 3
    endloop
  endfacet
  facet normal 0 0 1
    outer loop
      vertex 3 85.8 3
      vertex 15.5035 25.6145 3
      vertex 16.2169 26.4497 3
    endloop
  endfacet
  facet normal 0 0 1
    outer loop
      vertex 27.4037 24.6779 3
      vertex 27.8241 23.6631 3
      vertex 57.263 18.3221 3
    endloop
  endfacet
  facet normal 0 0 1
    outer loop
      vertex 3 85.8 3
      vertex 16.2169 26.4497 3
      vertex 17.0522 27.1631 3
    endloop
  endfacet
  facet normal 0 0 1
    outer loop
      vertex 62.405 71.4138 3
      vertex 63.5 71.5 3
      vertex 124.5 85.8 3
    endloop
  endfacet
  facet normal 0 0 1
    outer loop
      vertex 3 85.8 3
      vertex 17.0522 27.1631 3
      vertex 17.9887 27.737 3
    endloop
  endfacet
  facet normal 0 0 1
    outer loop
      vertex 99.1759 19.3369 3
      vertex 28.0805 63.405 3
      vertex 27.8241 62.3369 3
    endloop
  endfacet
  facet normal 0 0 1
    outer loop
      vertex 3 85.8 3
      vertex 17.9887 27.737 3
      vertex 19.0035 28.1574 3
    endloop
  endfacet
  facet normal 0 0 1
    outer loop
      vertex 26.1164 26.4497 3
      vertex 26.8298 25.6145 3
      vertex 56.8426 19.3369 3
    endloop
  endfacet
  facet normal 0 0 1
    outer loop
      vertex 3 85.8 3
      vertex 19.0035 28.1574 3
      vertex 20.0716 28.4138 3
    endloop
  endfacet
  facet normal 0 0 1
    outer loop
      vertex 3 85.8 3
      vertex 20.0716 28.4138 3
      vertex 21.1667 28.5 3
    endloop
  endfacet
  facet normal 0 0 1
    outer loop
      vertex 3 85.8 3
      vertex 21.1667 28.5 3
      vertex 22.2617 28.4138 3
    endloop
  endfacet
  facet normal 0 0 1
    outer loop
      vertex 66.6779 27.737 3
      vertex 67.6145 27.1631 3
      vertex 124.5 5 3
    endloop
  endfacet
  facet normal 0 0 1
    outer loop
      vertex 56.5862 20.405 3
      vertex 22.2617 28.4138 3
      vertex 23.3298 28.1574 3
    endloop
  endfacet
  facet normal 0 0 1
    outer loop
      vertex 63.5 71.5 3
      vertex 64.595 71.4138 3
      vertex 124.5 85.8 3
    endloop
  endfacet
  facet normal 0 0 1
    outer loop
      vertex 99.1759 19.3369 3
      vertex 27.8241 62.3369 3
      vertex 27.4037 61.3221 3
    endloop
  endfacet
  facet normal 0 0 1
    outer loop
      vertex 61.3369 14.8426 3
      vertex 60.3221 15.263 3
      vertex 28.0805 20.405 3
    endloop
  endfacet
  facet normal 0 -0 1
    outer loop
      vertex 27.4037 18.3221 3
      vertex 26.8298 17.3855 3
      vertex 124.5 5 3
    endloop
  endfacet
  facet normal 0 -0 1
    outer loop
      vertex 26.8298 17.3855 3
      vertex 26.1164 16.5503 3
      vertex 124.5 5 3
    endloop
  endfacet
  facet normal -0 0 1
    outer loop
      vertex 21.1667 14.5 3
      vertex 20.0716 14.5862 3
      vertex 3 5 3
    endloop
  endfacet
  facet normal 0 -0 1
    outer loop
      vertex 26.1164 16.5503 3
      vertex 25.2812 15.8369 3
      vertex 124.5 5 3
    endloop
  endfacet
  facet normal 0 -0 1
    outer loop
      vertex 25.2812 15.8369 3
      vertex 24.3446 15.263 3
      vertex 124.5 5 3
    endloop
  endfacet
  facet normal 0 -0 1
    outer loop
      vertex 23.3298 14.8426 3
      vertex 3 5 3
      vertex 24.3446 15.263 3
    endloop
  endfacet
  facet normal 0 0 1
    outer loop
      vertex 27.4037 67.6779 3
      vertex 27.8241 66.6631 3
      vertex 98.8333 21.5 3
    endloop
  endfacet
  facet normal 0 0 1
    outer loop
      vertex 99.5963 24.6779 3
      vertex 62.405 57.5862 3
      vertex 61.3369 57.8426 3
    endloop
  endfacet
  facet normal 0 -0 1
    outer loop
      vertex 19.0035 14.8426 3
      vertex 3 5 3
      vertex 20.0716 14.5862 3
    endloop
  endfacet
  facet normal 0 -0 1
    outer loop
      vertex 17.9887 15.263 3
      vertex 3 5 3
      vertex 19.0035 14.8426 3
    endloop
  endfacet
  facet normal 0 -0 1
    outer loop
      vertex 17.0522 15.8369 3
      vertex 3 5 3
      vertex 17.9887 15.263 3
    endloop
  endfacet
  facet normal 0 -0 1
    outer loop
      vertex 16.2169 16.5503 3
      vertex 3 5 3
      vertex 17.0522 15.8369 3
    endloop
  endfacet
  facet normal 0 -0 1
    outer loop
      vertex 15.5035 17.3855 3
      vertex 3 5 3
      vertex 16.2169 16.5503 3
    endloop
  endfacet
  facet normal 0 -0 1
    outer loop
      vertex 14.9296 18.3221 3
      vertex 3 5 3
      vertex 15.5035 17.3855 3
    endloop
  endfacet
  facet normal 0 -0 1
    outer loop
      vertex 14.5093 19.3369 3
      vertex 3 5 3
      vertex 14.9296 18.3221 3
    endloop
  endfacet
  facet normal 0 -0 1
    outer loop
      vertex 14.2528 20.405 3
      vertex 3 5 3
      vertex 14.5093 19.3369 3
    endloop
  endfacet
  facet normal 0 0 1
    outer loop
      vertex 3 85.8 3
      vertex 22.2617 28.4138 3
      vertex 14.2528 63.405 3
    endloop
  endfacet
  facet normal 0 0 1
    outer loop
      vertex 56.8426 19.3369 3
      vertex 25.2812 27.1631 3
      vertex 26.1164 26.4497 3
    endloop
  endfacet
  facet normal 0 0 1
    outer loop
      vertex 3 85.8 3
      vertex 14.2528 63.405 3
      vertex 14.1667 64.5 3
    endloop
  endfacet
  facet normal 0 -0 1
    outer loop
      vertex 25.2812 58.8369 3
      vertex 24.3446 58.263 3
      vertex 99.5963 18.3221 3
    endloop
  endfacet
  facet normal 0 0 1
    outer loop
      vertex 3 85.8 3
      vertex 14.1667 64.5 3
      vertex 14.2528 65.595 3
    endloop
  endfacet
  facet normal 0 0 1
    outer loop
      vertex 99.5963 18.3221 3
      vertex 26.1164 59.5503 3
      vertex 25.2812 58.8369 3
    endloop
  endfacet
  facet normal 0 0 1
    outer loop
      vertex 3 85.8 3
      vertex 14.2528 65.595 3
      vertex 14.5093 66.6631 3
    endloop
  endfacet
  facet normal 0 0 1
    outer loop
      vertex 3 85.8 3
      vertex 14.5093 66.6631 3
      vertex 14.9296 67.6779 3
    endloop
  endfacet
  facet normal 0 0 1
    outer loop
      vertex 98.9195 20.405 3
      vertex 98.8333 21.5 3
      vertex 27.8241 66.6631 3
    endloop
  endfacet
  facet normal 0 0 1
    outer loop
      vertex 3 85.8 3
      vertex 14.9296 67.6779 3
      vertex 15.5035 68.6145 3
    endloop
  endfacet
  facet normal 0 0 1
    outer loop
      vertex 98.9195 20.405 3
      vertex 27.8241 66.6631 3
      vertex 28.0805 65.595 3
    endloop
  endfacet
  facet normal 0 0 1
    outer loop
      vertex 3 85.8 3
      vertex 15.5035 68.6145 3
      vertex 16.2169 69.4497 3
    endloop
  endfacet
  facet normal 0 0 1
    outer loop
      vertex 3 85.8 3
      vertex 16.2169 69.4497 3
      vertex 17.0522 70.1631 3
    endloop
  endfacet
  facet normal 0 0 1
    outer loop
      vertex 98.9195 20.405 3
      vertex 28.0805 65.595 3
      vertex 28.1667 64.5 3
    endloop
  endfacet
  facet normal 0 0 1
    outer loop
      vertex 3 85.8 3
      vertex 17.0522 70.1631 3
      vertex 17.9887 70.737 3
    endloop
  endfacet
  facet normal 0 0 1
    outer loop
      vertex 3 85.8 3
      vertex 17.9887 70.737 3
      vertex 19.0035 71.1574 3
    endloop
  endfacet
  facet normal 0 0 1
    outer loop
      vertex 3 85.8 3
      vertex 19.0035 71.1574 3
      vertex 20.0716 71.4138 3
    endloop
  endfacet
  facet normal 0 0 1
    outer loop
      vertex 98.8333 21.5 3
      vertex 26.8298 68.6145 3
      vertex 27.4037 67.6779 3
    endloop
  endfacet
  facet normal 0 0 1
    outer loop
      vertex 3 85.8 3
      vertex 20.0716 71.4138 3
      vertex 21.1667 71.5 3
    endloop
  endfacet
  facet normal 0 0 1
    outer loop
      vertex 3 85.8 3
      vertex 21.1667 71.5 3
      vertex 22.2617 71.4138 3
    endloop
  endfacet
  facet normal 0 0 1
    outer loop
      vertex 3 85.8 3
      vertex 22.2617 71.4138 3
      vertex 23.3298 71.1574 3
    endloop
  endfacet
  facet normal 0 0 1
    outer loop
      vertex 99.5963 24.6779 3
      vertex 100.17 25.6145 3
      vertex 62.405 57.5862 3
    endloop
  endfacet
  facet normal 0 0 1
    outer loop
      vertex 3 85.8 3
      vertex 23.3298 71.1574 3
      vertex 24.3446 70.737 3
    endloop
  endfacet
  facet normal 0 0 1
    outer loop
      vertex 99.5963 24.6779 3
      vertex 61.3369 57.8426 3
      vertex 60.3221 58.263 3
    endloop
  endfacet
  facet normal 0 0 1
    outer loop
      vertex 3 85.8 3
      vertex 24.3446 70.737 3
      vertex 25.2812 70.1631 3
    endloop
  endfacet
  facet normal 0 0 1
    outer loop
      vertex 100.17 17.3855 3
      vertex 99.5963 18.3221 3
      vertex 24.3446 58.263 3
    endloop
  endfacet
  facet normal 0 -0 1
    outer loop
      vertex 22.2617 57.5862 3
      vertex 22.2617 28.4138 3
      vertex 23.3298 57.8426 3
    endloop
  endfacet
  facet normal 0 0 1
    outer loop
      vertex 21.1667 57.5 3
      vertex 22.2617 28.4138 3
      vertex 22.2617 57.5862 3
    endloop
  endfacet
  facet normal 0 0 1
    outer loop
      vertex 20.0716 57.5862 3
      vertex 22.2617 28.4138 3
      vertex 21.1667 57.5 3
    endloop
  endfacet
  facet normal 0 0 1
    outer loop
      vertex 19.0035 57.8426 3
      vertex 22.2617 28.4138 3
      vertex 20.0716 57.5862 3
    endloop
  endfacet
  facet normal 0 0 1
    outer loop
      vertex 17.9887 58.263 3
      vertex 22.2617 28.4138 3
      vertex 19.0035 57.8426 3
    endloop
  endfacet
  facet normal 0 0 1
    outer loop
      vertex 17.0522 58.8369 3
      vertex 22.2617 28.4138 3
      vertex 17.9887 58.263 3
    endloop
  endfacet
  facet normal 0 0 1
    outer loop
      vertex 16.2169 59.5503 3
      vertex 22.2617 28.4138 3
      vertex 17.0522 58.8369 3
    endloop
  endfacet
  facet normal 0 0 1
    outer loop
      vertex 15.5035 60.3855 3
      vertex 22.2617 28.4138 3
      vertex 16.2169 59.5503 3
    endloop
  endfacet
  facet normal 0 0 1
    outer loop
      vertex 14.9296 61.3221 3
      vertex 22.2617 28.4138 3
      vertex 15.5035 60.3855 3
    endloop
  endfacet
  facet normal 0 0 1
    outer loop
      vertex 14.5093 62.3369 3
      vertex 22.2617 28.4138 3
      vertex 14.9296 61.3221 3
    endloop
  endfacet
  facet normal 0 0 1
    outer loop
      vertex 14.2528 63.405 3
      vertex 22.2617 28.4138 3
      vertex 14.5093 62.3369 3
    endloop
  endfacet
  facet normal 0 -0 1
    outer loop
      vertex 68.4497 16.5503 3
      vertex 67.6145 15.8369 3
      vertex 124.5 5 3
    endloop
  endfacet
  facet normal 0 0 1
    outer loop
      vertex 27.8241 23.6631 3
      vertex 28.0805 22.595 3
      vertex 57.8369 17.3855 3
    endloop
  endfacet
  facet normal 0 -0 1
    outer loop
      vertex 69.1631 17.3855 3
      vertex 68.4497 16.5503 3
      vertex 124.5 5 3
    endloop
  endfacet
  facet normal 0 -0 1
    outer loop
      vertex 23.3298 57.8426 3
      vertex 22.2617 28.4138 3
      vertex 56.5 21.5 3
    endloop
  endfacet
  facet normal 0 0 1
    outer loop
      vertex 23.3298 57.8426 3
      vertex 56.5 21.5 3
      vertex 56.5862 22.595 3
    endloop
  endfacet
  facet normal 0 -0 1
    outer loop
      vertex 70.1574 19.3369 3
      vertex 69.737 18.3221 3
      vertex 124.5 5 3
    endloop
  endfacet
  facet normal 0 0 1
    outer loop
      vertex 23.3298 57.8426 3
      vertex 56.5862 22.595 3
      vertex 56.8426 23.6631 3
    endloop
  endfacet
  facet normal 0 -0 1
    outer loop
      vertex 70.4138 20.405 3
      vertex 70.1574 19.3369 3
      vertex 124.5 5 3
    endloop
  endfacet
  facet normal 0 0 1
    outer loop
      vertex 23.3298 57.8426 3
      vertex 56.8426 23.6631 3
      vertex 57.263 24.6779 3
    endloop
  endfacet
  facet normal 0 -0 1
    outer loop
      vertex 70.5 21.5 3
      vertex 70.4138 20.405 3
      vertex 124.5 5 3
    endloop
  endfacet
  facet normal 0 0 1
    outer loop
      vertex 23.3298 57.8426 3
      vertex 57.263 24.6779 3
      vertex 57.8369 25.6145 3
    endloop
  endfacet
  facet normal 0 -0 1
    outer loop
      vertex 69.737 18.3221 3
      vertex 69.1631 17.3855 3
      vertex 124.5 5 3
    endloop
  endfacet
  facet normal 0 0 1
    outer loop
      vertex 23.3298 57.8426 3
      vertex 57.8369 25.6145 3
      vertex 58.5503 26.4497 3
    endloop
  endfacet
  facet normal 0 0 1
    outer loop
      vertex 23.3298 57.8426 3
      vertex 58.5503 26.4497 3
      vertex 59.3855 27.1631 3
    endloop
  endfacet
  facet normal 0 0 1
    outer loop
      vertex 70.1574 23.6631 3
      vertex 70.4138 22.595 3
      vertex 124.5 5 3
    endloop
  endfacet
  facet normal 0 0 1
    outer loop
      vertex 23.3298 57.8426 3
      vertex 59.3855 27.1631 3
      vertex 60.3221 27.737 3
    endloop
  endfacet
  facet normal 0 0 1
    outer loop
      vertex 69.737 24.6779 3
      vertex 70.1574 23.6631 3
      vertex 124.5 5 3
    endloop
  endfacet
  facet normal 0 0 1
    outer loop
      vertex 23.3298 57.8426 3
      vertex 60.3221 27.737 3
      vertex 61.3369 28.1574 3
    endloop
  endfacet
  facet normal 0 0 1
    outer loop
      vertex 69.1631 25.6145 3
      vertex 69.737 24.6779 3
      vertex 124.5 5 3
    endloop
  endfacet
  facet normal 0 0 1
    outer loop
      vertex 23.3298 57.8426 3
      vertex 61.3369 28.1574 3
      vertex 62.405 28.4138 3
    endloop
  endfacet
  facet normal 0 0 1
    outer loop
      vertex 68.4497 26.4497 3
      vertex 69.1631 25.6145 3
      vertex 124.5 5 3
    endloop
  endfacet
  facet normal 0 0 1
    outer loop
      vertex 23.3298 57.8426 3
      vertex 62.405 28.4138 3
      vertex 63.5 28.5 3
    endloop
  endfacet
  facet normal 0 0 1
    outer loop
      vertex 67.6145 27.1631 3
      vertex 68.4497 26.4497 3
      vertex 124.5 5 3
    endloop
  endfacet
  facet normal 0 0 1
    outer loop
      vertex 23.3298 57.8426 3
      vertex 63.5 28.5 3
      vertex 64.595 28.4138 3
    endloop
  endfacet
  facet normal -0 -0 1
    outer loop
      vertex 103.67 14.8426 3
      vertex 65.6631 28.1574 3
      vertex 124.5 5 3
    endloop
  endfacet
  facet normal 0 0 1
    outer loop
      vertex 23.3298 57.8426 3
      vertex 64.595 28.4138 3
      vertex 65.6631 28.1574 3
    endloop
  endfacet
  facet normal 0 0 1
    outer loop
      vertex 65.6631 28.1574 3
      vertex 66.6779 27.737 3
      vertex 124.5 5 3
    endloop
  endfacet
  facet normal 0 0 1
    outer loop
      vertex 56.5862 20.405 3
      vertex 56.5 21.5 3
      vertex 22.2617 28.4138 3
    endloop
  endfacet
  facet normal 0 -0 1
    outer loop
      vertex 28.1667 21.5 3
      vertex 28.0805 20.405 3
      vertex 59.3855 15.8369 3
    endloop
  endfacet
  facet normal 0 -0 1
    outer loop
      vertex 65.6631 14.8426 3
      vertex 64.595 14.5862 3
      vertex 124.5 5 3
    endloop
  endfacet
  facet normal 0 0 1
    outer loop
      vertex 59.3855 15.8369 3
      vertex 58.5503 16.5503 3
      vertex 28.1667 21.5 3
    endloop
  endfacet
  facet normal 0 0 1
    outer loop
      vertex 98.8333 21.5 3
      vertex 3 85.8 3
      vertex 25.2812 70.1631 3
    endloop
  endfacet
  facet normal 0 0 1
    outer loop
      vertex 98.9195 20.405 3
      vertex 28.1667 64.5 3
      vertex 28.0805 63.405 3
    endloop
  endfacet
  facet normal -0 -0 1
    outer loop
      vertex 63.5 14.5 3
      vertex 62.405 14.5862 3
      vertex 124.5 5 3
    endloop
  endfacet
  facet normal 0 0 1
    outer loop
      vertex 22.2617 14.5862 3
      vertex 21.1667 14.5 3
      vertex 3 5 3
    endloop
  endfacet
  facet normal 0 0 1
    outer loop
      vertex 99.1759 19.3369 3
      vertex 98.9195 20.405 3
      vertex 28.0805 63.405 3
    endloop
  endfacet
  facet normal 0 0 1
    outer loop
      vertex 56.8426 19.3369 3
      vertex 56.5862 20.405 3
      vertex 24.3446 27.737 3
    endloop
  endfacet
  facet normal 0 0 1
    outer loop
      vertex 60.3221 15.263 3
      vertex 59.3855 15.8369 3
      vertex 28.0805 20.405 3
    endloop
  endfacet
  facet normal 0 0 1
    outer loop
      vertex 58.5503 16.5503 3
      vertex 57.8369 17.3855 3
      vertex 28.0805 22.595 3
    endloop
  endfacet
  facet normal 0 -0 1
    outer loop
      vertex 64.595 14.5862 3
      vertex 63.5 14.5 3
      vertex 124.5 5 3
    endloop
  endfacet
  facet normal 0 0 1
    outer loop
      vertex 57.263 18.3221 3
      vertex 56.8426 19.3369 3
      vertex 26.8298 25.6145 3
    endloop
  endfacet
  facet normal 0 -0 1
    outer loop
      vertex 67.6145 15.8369 3
      vertex 66.6779 15.263 3
      vertex 124.5 5 3
    endloop
  endfacet
  facet normal 0 0 1
    outer loop
      vertex 57.263 18.3221 3
      vertex 26.8298 25.6145 3
      vertex 27.4037 24.6779 3
    endloop
  endfacet
  facet normal 0 0 1
    outer loop
      vertex 99.1759 19.3369 3
      vertex 27.4037 61.3221 3
      vertex 26.8298 60.3855 3
    endloop
  endfacet
  facet normal -0 -0 1
    outer loop
      vertex 56.5 64.5 3
      vertex 3 85.8 3
      vertex 56.5862 63.405 3
    endloop
  endfacet
  facet normal 0 0 1
    outer loop
      vertex 100.884 26.4497 3
      vertex 101.719 27.1631 3
      vertex 67.6145 58.8369 3
    endloop
  endfacet
  facet normal -0 0 1
    outer loop
      vertex 56.5862 65.595 3
      vertex 3 85.8 3
      vertex 56.5 64.5 3
    endloop
  endfacet
  facet normal -0 0 1
    outer loop
      vertex 56.8426 66.6631 3
      vertex 3 85.8 3
      vertex 56.5862 65.595 3
    endloop
  endfacet
  facet normal -0 0 1
    outer loop
      vertex 57.263 67.6779 3
      vertex 3 85.8 3
      vertex 56.8426 66.6631 3
    endloop
  endfacet
  facet normal -0 0 1
    outer loop
      vertex 57.8369 68.6145 3
      vertex 3 85.8 3
      vertex 57.263 67.6779 3
    endloop
  endfacet
  facet normal -0 0 1
    outer loop
      vertex 58.5503 69.4497 3
      vertex 3 85.8 3
      vertex 57.8369 68.6145 3
    endloop
  endfacet
  facet normal -0 0 1
    outer loop
      vertex 59.3855 70.1631 3
      vertex 3 85.8 3
      vertex 58.5503 69.4497 3
    endloop
  endfacet
  facet normal -0 0 1
    outer loop
      vertex 60.3221 70.737 3
      vertex 3 85.8 3
      vertex 59.3855 70.1631 3
    endloop
  endfacet
  facet normal 0 0 1
    outer loop
      vertex 64.595 71.4138 3
      vertex 65.6631 71.1574 3
      vertex 124.5 85.8 3
    endloop
  endfacet
  facet normal -0 0 1
    outer loop
      vertex 61.3369 71.1574 3
      vertex 3 85.8 3
      vertex 60.3221 70.737 3
    endloop
  endfacet
  facet normal -0 0 1
    outer loop
      vertex 62.405 71.4138 3
      vertex 3 85.8 3
      vertex 61.3369 71.1574 3
    endloop
  endfacet
  facet normal 0 0 1
    outer loop
      vertex 124.5 85.8 3
      vertex 3 85.8 3
      vertex 62.405 71.4138 3
    endloop
  endfacet
  facet normal 0 0 1
    outer loop
      vertex 69.1631 68.6145 3
      vertex 69.737 67.6779 3
      vertex 124.5 85.8 3
    endloop
  endfacet
  facet normal 0 0 1
    outer loop
      vertex 65.6631 71.1574 3
      vertex 66.6779 70.737 3
      vertex 124.5 85.8 3
    endloop
  endfacet
  facet normal 0 0 1
    outer loop
      vertex 66.6779 70.737 3
      vertex 67.6145 70.1631 3
      vertex 124.5 85.8 3
    endloop
  endfacet
  facet normal 0 0 1
    outer loop
      vertex 67.6145 70.1631 3
      vertex 68.4497 69.4497 3
      vertex 124.5 85.8 3
    endloop
  endfacet
  facet normal 0 0 1
    outer loop
      vertex 68.4497 69.4497 3
      vertex 69.1631 68.6145 3
      vertex 124.5 85.8 3
    endloop
  endfacet
  facet normal -0 -0 1
    outer loop
      vertex 63.5 57.5 3
      vertex 62.405 57.5862 3
      vertex 100.17 25.6145 3
    endloop
  endfacet
  facet normal 0 0 1
    outer loop
      vertex 112.07 24.6779 3
      vertex 112.491 23.6631 3
      vertex 124.5 5 3
    endloop
  endfacet
  facet normal 0 -0 1
    outer loop
      vertex 112.833 21.5 3
      vertex 112.747 20.405 3
      vertex 124.5 5 3
    endloop
  endfacet
  facet normal 0 0 1
    outer loop
      vertex 103.67 28.1574 3
      vertex 70.1574 66.6631 3
      vertex 70.4138 65.595 3
    endloop
  endfacet
  facet normal 0 -0 1
    outer loop
      vertex 106.928 14.5862 3
      vertex 105.833 14.5 3
      vertex 124.5 5 3
    endloop
  endfacet
  facet normal 0 -0 1
    outer loop
      vertex 111.496 17.3855 3
      vertex 110.783 16.5503 3
      vertex 124.5 5 3
    endloop
  endfacet
  facet normal 0 0 1
    outer loop
      vertex 101.719 27.1631 3
      vertex 69.1631 60.3855 3
      vertex 68.4497 59.5503 3
    endloop
  endfacet
  facet normal 0 0 1
    outer loop
      vertex 101.719 27.1631 3
      vertex 69.737 61.3221 3
      vertex 69.1631 60.3855 3
    endloop
  endfacet
  facet normal 0 -0 1
    outer loop
      vertex 109.948 15.8369 3
      vertex 109.011 15.263 3
      vertex 124.5 5 3
    endloop
  endfacet
  facet normal 0 0 1
    outer loop
      vertex 100.884 26.4497 3
      vertex 67.6145 58.8369 3
      vertex 66.6779 58.263 3
    endloop
  endfacet
  facet normal 0 -0 1
    outer loop
      vertex 110.783 16.5503 3
      vertex 109.948 15.8369 3
      vertex 124.5 5 3
    endloop
  endfacet
  facet normal 0 0 1
    outer loop
      vertex 103.67 71.1574 3
      vertex 104.738 71.4138 3
      vertex 124.5 85.8 3
    endloop
  endfacet
  facet normal 0 0 1
    outer loop
      vertex 100.17 25.6145 3
      vertex 100.884 26.4497 3
      vertex 65.6631 57.8426 3
    endloop
  endfacet
  facet normal 0 0 1
    outer loop
      vertex 102.655 27.737 3
      vertex 70.5 64.5 3
      vertex 70.4138 63.405 3
    endloop
  endfacet
  facet normal 0 0 1
    outer loop
      vertex 59.3855 58.8369 3
      vertex 58.5503 59.5503 3
      vertex 3 85.8 3
    endloop
  endfacet
  facet normal -0 -0 1
    outer loop
      vertex 57.8369 60.3855 3
      vertex 3 85.8 3
      vertex 58.5503 59.5503 3
    endloop
  endfacet
  facet normal -0 -0 1
    outer loop
      vertex 57.263 61.3221 3
      vertex 3 85.8 3
      vertex 57.8369 60.3855 3
    endloop
  endfacet
  facet normal -0 -0 1
    outer loop
      vertex 56.8426 62.3369 3
      vertex 3 85.8 3
      vertex 57.263 61.3221 3
    endloop
  endfacet
  facet normal -0 -0 1
    outer loop
      vertex 56.5862 63.405 3
      vertex 3 85.8 3
      vertex 56.8426 62.3369 3
    endloop
  endfacet
  facet normal 0 0 1
    outer loop
      vertex 98.8333 21.5 3
      vertex 26.1164 69.4497 3
      vertex 26.8298 68.6145 3
    endloop
  endfacet
  facet normal 0 0 1
    outer loop
      vertex 56.8426 19.3369 3
      vertex 24.3446 27.737 3
      vertex 25.2812 27.1631 3
    endloop
  endfacet
  facet normal 0 -0 1
    outer loop
      vertex 107.996 14.8426 3
      vertex 106.928 14.5862 3
      vertex 124.5 5 3
    endloop
  endfacet
  facet normal -0 -0 1
    outer loop
      vertex 60.3221 58.263 3
      vertex 3 85.8 3
      vertex 98.9195 22.595 3
    endloop
  endfacet
  facet normal 0 -0 1
    outer loop
      vertex 109.011 15.263 3
      vertex 107.996 14.8426 3
      vertex 124.5 5 3
    endloop
  endfacet
  facet normal 0 0 1
    outer loop
      vertex 60.3221 58.263 3
      vertex 98.9195 22.595 3
      vertex 99.1759 23.6631 3
    endloop
  endfacet
  facet normal 0 0 1
    outer loop
      vertex 102.655 27.737 3
      vertex 103.67 28.1574 3
      vertex 70.5 64.5 3
    endloop
  endfacet
  facet normal 0 0 1
    outer loop
      vertex 60.3221 58.263 3
      vertex 99.1759 23.6631 3
      vertex 99.5963 24.6779 3
    endloop
  endfacet
  facet normal 0 0 1
    outer loop
      vertex 60.3221 58.263 3
      vertex 59.3855 58.8369 3
      vertex 3 85.8 3
    endloop
  endfacet
  facet normal 0 0 1
    outer loop
      vertex 101.719 27.1631 3
      vertex 102.655 27.737 3
      vertex 69.737 61.3221 3
    endloop
  endfacet
  facet normal 0 -0 1
    outer loop
      vertex 66.6779 58.263 3
      vertex 65.6631 57.8426 3
      vertex 100.884 26.4497 3
    endloop
  endfacet
  facet normal 0 0 1
    outer loop
      vertex 102.655 27.737 3
      vertex 70.4138 63.405 3
      vertex 70.1574 62.3369 3
    endloop
  endfacet
  facet normal 0 -0 1
    outer loop
      vertex 68.4497 59.5503 3
      vertex 67.6145 58.8369 3
      vertex 101.719 27.1631 3
    endloop
  endfacet
  facet normal 0 -0 1
    outer loop
      vertex 70.1574 62.3369 3
      vertex 69.737 61.3221 3
      vertex 102.655 27.737 3
    endloop
  endfacet
  facet normal 0 0 1
    outer loop
      vertex 70.4138 65.595 3
      vertex 70.5 64.5 3
      vertex 103.67 28.1574 3
    endloop
  endfacet
  facet normal 0 -0 1
    outer loop
      vertex 112.07 18.3221 3
      vertex 111.496 17.3855 3
      vertex 124.5 5 3
    endloop
  endfacet
  facet normal -0 -0 1
    outer loop
      vertex 98.9195 63.405 3
      vertex 69.737 67.6779 3
      vertex 104.738 28.4138 3
    endloop
  endfacet
  facet normal 0 0 1
    outer loop
      vertex 124.5 85.8 3
      vertex 104.738 28.4138 3
      vertex 105.833 28.5 3
    endloop
  endfacet
  facet normal 0 -0 1
    outer loop
      vertex 112.747 20.405 3
      vertex 112.491 19.3369 3
      vertex 124.5 5 3
    endloop
  endfacet
  facet normal 0 0 1
    outer loop
      vertex 124.5 85.8 3
      vertex 105.833 28.5 3
      vertex 106.928 28.4138 3
    endloop
  endfacet
  facet normal 0 -0 1
    outer loop
      vertex 112.491 19.3369 3
      vertex 112.07 18.3221 3
      vertex 124.5 5 3
    endloop
  endfacet
  facet normal 0 0 1
    outer loop
      vertex 124.5 85.8 3
      vertex 106.928 28.4138 3
      vertex 107.996 28.1574 3
    endloop
  endfacet
  facet normal 0 0 1
    outer loop
      vertex 124.5 85.8 3
      vertex 107.996 28.1574 3
      vertex 109.011 27.737 3
    endloop
  endfacet
  facet normal 0 0 1
    outer loop
      vertex 112.747 22.595 3
      vertex 112.833 21.5 3
      vertex 124.5 5 3
    endloop
  endfacet
  facet normal 0 0 1
    outer loop
      vertex 124.5 85.8 3
      vertex 109.011 27.737 3
      vertex 109.948 27.1631 3
    endloop
  endfacet
  facet normal 0 0 1
    outer loop
      vertex 112.491 23.6631 3
      vertex 112.747 22.595 3
      vertex 124.5 5 3
    endloop
  endfacet
  facet normal 0 0 1
    outer loop
      vertex 124.5 85.8 3
      vertex 109.948 27.1631 3
      vertex 110.783 26.4497 3
    endloop
  endfacet
  facet normal 0 0 1
    outer loop
      vertex 124.5 85.8 3
      vertex 111.496 25.6145 3
      vertex 124.5 5 3
    endloop
  endfacet
  facet normal 0 0 1
    outer loop
      vertex 124.5 85.8 3
      vertex 110.783 26.4497 3
      vertex 111.496 25.6145 3
    endloop
  endfacet
  facet normal 0 0 1
    outer loop
      vertex 111.496 25.6145 3
      vertex 112.07 24.6779 3
      vertex 124.5 5 3
    endloop
  endfacet
  facet normal 0 0 1
    outer loop
      vertex 103.67 28.1574 3
      vertex 69.737 67.6779 3
      vertex 70.1574 66.6631 3
    endloop
  endfacet
  facet normal 0 0 1
    outer loop
      vertex 103.67 28.1574 3
      vertex 104.738 28.4138 3
      vertex 69.737 67.6779 3
    endloop
  endfacet
  facet normal 0 0 1
    outer loop
      vertex 100.17 25.6145 3
      vertex 64.595 57.5862 3
      vertex 63.5 57.5 3
    endloop
  endfacet
  facet normal 0 0 1
    outer loop
      vertex 100.17 25.6145 3
      vertex 65.6631 57.8426 3
      vertex 64.595 57.5862 3
    endloop
  endfacet
  facet normal 0 -0 1
    outer loop
      vertex 26.8298 60.3855 3
      vertex 26.1164 59.5503 3
      vertex 99.1759 19.3369 3
    endloop
  endfacet
  facet normal -0 -0 1
    outer loop
      vertex 105.833 14.5 3
      vertex 104.738 14.5862 3
      vertex 124.5 5 3
    endloop
  endfacet
  facet normal -0 -0 1
    outer loop
      vertex 104.738 14.5862 3
      vertex 103.67 14.8426 3
      vertex 124.5 5 3
    endloop
  endfacet
  facet normal -0 -0 1
    outer loop
      vertex 102.655 15.263 3
      vertex 65.6631 28.1574 3
      vertex 103.67 14.8426 3
    endloop
  endfacet
  facet normal 0 0 1
    outer loop
      vertex 101.719 15.8369 3
      vertex 100.884 16.5503 3
      vertex 65.6631 28.1574 3
    endloop
  endfacet
  facet normal 0 0 1
    outer loop
      vertex 100.17 17.3855 3
      vertex 24.3446 58.263 3
      vertex 23.3298 57.8426 3
    endloop
  endfacet
  facet normal 0 0 1
    outer loop
      vertex 23.3298 57.8426 3
      vertex 65.6631 28.1574 3
      vertex 100.884 16.5503 3
    endloop
  endfacet
  facet normal 0 0 1
    outer loop
      vertex 99.5963 18.3221 3
      vertex 99.1759 19.3369 3
      vertex 26.1164 59.5503 3
    endloop
  endfacet
  facet normal 0 0 1
    outer loop
      vertex 23.3298 57.8426 3
      vertex 100.884 16.5503 3
      vertex 100.17 17.3855 3
    endloop
  endfacet
  facet normal 0 0 1
    outer loop
      vertex 102.655 15.263 3
      vertex 101.719 15.8369 3
      vertex 65.6631 28.1574 3
    endloop
  endfacet
  facet normal 0 0 1
    outer loop
      vertex 98.8333 21.5 3
      vertex 25.2812 70.1631 3
      vertex 26.1164 69.4497 3
    endloop
  endfacet
  facet normal 0 0 1
    outer loop
      vertex 102.655 70.737 3
      vertex 103.67 71.1574 3
      vertex 124.5 85.8 3
    endloop
  endfacet
  facet normal -0 -0 1
    outer loop
      vertex 99.1759 62.3369 3
      vertex 98.9195 63.405 3
      vertex 104.738 28.4138 3
    endloop
  endfacet
  facet normal -0 -0 1
    outer loop
      vertex 98.8333 64.5 3
      vertex 69.737 67.6779 3
      vertex 98.9195 63.405 3
    endloop
  endfacet
  facet normal 0 0 1
    outer loop
      vertex 112.491 62.3369 3
      vertex 112.07 61.3221 3
      vertex 104.738 28.4138 3
    endloop
  endfacet
  facet normal -0 0 1
    outer loop
      vertex 98.9195 65.595 3
      vertex 69.737 67.6779 3
      vertex 98.8333 64.5 3
    endloop
  endfacet
  facet normal -0 0 1
    outer loop
      vertex 99.1759 66.6631 3
      vertex 69.737 67.6779 3
      vertex 98.9195 65.595 3
    endloop
  endfacet
  facet normal 0 0 1
    outer loop
      vertex 99.5963 67.6779 3
      vertex 69.737 67.6779 3
      vertex 99.1759 66.6631 3
    endloop
  endfacet
  facet normal 0 0 1
    outer loop
      vertex 100.17 68.6145 3
      vertex 69.737 67.6779 3
      vertex 99.5963 67.6779 3
    endloop
  endfacet
  facet normal 0 0 1
    outer loop
      vertex 104.738 71.4138 3
      vertex 105.833 71.5 3
      vertex 124.5 85.8 3
    endloop
  endfacet
  facet normal 0 0 1
    outer loop
      vertex 100.884 69.4497 3
      vertex 69.737 67.6779 3
      vertex 100.17 68.6145 3
    endloop
  endfacet
  facet normal 0 0 1
    outer loop
      vertex 101.719 70.1631 3
      vertex 69.737 67.6779 3
      vertex 100.884 69.4497 3
    endloop
  endfacet
  facet normal 0 0 1
    outer loop
      vertex 124.5 85.8 3
      vertex 69.737 67.6779 3
      vertex 101.719 70.1631 3
    endloop
  endfacet
  facet normal 0 0 1
    outer loop
      vertex 124.5 85.8 3
      vertex 101.719 70.1631 3
      vertex 102.655 70.737 3
    endloop
  endfacet
  facet normal 0 0 1
    outer loop
      vertex 106.928 71.4138 3
      vertex 107.996 71.1574 3
      vertex 124.5 85.8 3
    endloop
  endfacet
  facet normal 0 0 1
    outer loop
      vertex 105.833 71.5 3
      vertex 106.928 71.4138 3
      vertex 124.5 85.8 3
    endloop
  endfacet
  facet normal 0 0 1
    outer loop
      vertex 109.948 58.8369 3
      vertex 109.011 58.263 3
      vertex 104.738 28.4138 3
    endloop
  endfacet
  facet normal 0 0 1
    outer loop
      vertex 124.5 85.8 3
      vertex 107.996 71.1574 3
      vertex 109.011 70.737 3
    endloop
  endfacet
  facet normal 0 0 1
    outer loop
      vertex 124.5 85.8 3
      vertex 109.011 70.737 3
      vertex 109.948 70.1631 3
    endloop
  endfacet
  facet normal 0 0 1
    outer loop
      vertex 109.011 58.263 3
      vertex 107.996 57.8426 3
      vertex 104.738 28.4138 3
    endloop
  endfacet
  facet normal 0 0 1
    outer loop
      vertex 124.5 85.8 3
      vertex 109.948 70.1631 3
      vertex 110.783 69.4497 3
    endloop
  endfacet
  facet normal 0 0 1
    outer loop
      vertex 107.996 57.8426 3
      vertex 106.928 57.5862 3
      vertex 104.738 28.4138 3
    endloop
  endfacet
  facet normal 0 0 1
    outer loop
      vertex 124.5 85.8 3
      vertex 110.783 69.4497 3
      vertex 111.496 68.6145 3
    endloop
  endfacet
  facet normal 0 0 1
    outer loop
      vertex 124.5 85.8 3
      vertex 111.496 68.6145 3
      vertex 112.07 67.6779 3
    endloop
  endfacet
  facet normal 0 0 1
    outer loop
      vertex 110.783 59.5503 3
      vertex 109.948 58.8369 3
      vertex 104.738 28.4138 3
    endloop
  endfacet
  facet normal 0 0 1
    outer loop
      vertex 124.5 85.8 3
      vertex 112.07 67.6779 3
      vertex 112.491 66.6631 3
    endloop
  endfacet
  facet normal 0 0 1
    outer loop
      vertex 111.496 60.3855 3
      vertex 110.783 59.5503 3
      vertex 104.738 28.4138 3
    endloop
  endfacet
  facet normal 0 0 1
    outer loop
      vertex 124.5 85.8 3
      vertex 112.491 66.6631 3
      vertex 112.747 65.595 3
    endloop
  endfacet
  facet normal 0 0 1
    outer loop
      vertex 112.07 61.3221 3
      vertex 111.496 60.3855 3
      vertex 104.738 28.4138 3
    endloop
  endfacet
  facet normal 0 0 1
    outer loop
      vertex 124.5 85.8 3
      vertex 112.747 65.595 3
      vertex 112.833 64.5 3
    endloop
  endfacet
  facet normal 0 0 1
    outer loop
      vertex 124.5 85.8 3
      vertex 112.747 63.405 3
      vertex 104.738 28.4138 3
    endloop
  endfacet
  facet normal 0 0 1
    outer loop
      vertex 124.5 85.8 3
      vertex 112.833 64.5 3
      vertex 112.747 63.405 3
    endloop
  endfacet
  facet normal 0 0 1
    outer loop
      vertex 112.747 63.405 3
      vertex 112.491 62.3369 3
      vertex 104.738 28.4138 3
    endloop
  endfacet
  facet normal 0 0 1
    outer loop
      vertex 106.928 57.5862 3
      vertex 105.833 57.5 3
      vertex 104.738 28.4138 3
    endloop
  endfacet
  facet normal -0 0 1
    outer loop
      vertex 105.833 57.5 3
      vertex 104.738 57.5862 3
      vertex 104.738 28.4138 3
    endloop
  endfacet
  facet normal -0 0 1
    outer loop
      vertex 104.738 57.5862 3
      vertex 103.67 57.8426 3
      vertex 104.738 28.4138 3
    endloop
  endfacet
  facet normal -0 -0 1
    outer loop
      vertex 103.67 57.8426 3
      vertex 102.655 58.263 3
      vertex 104.738 28.4138 3
    endloop
  endfacet
  facet normal -0 -0 1
    outer loop
      vertex 102.655 58.263 3
      vertex 101.719 58.8369 3
      vertex 104.738 28.4138 3
    endloop
  endfacet
  facet normal -0 -0 1
    outer loop
      vertex 101.719 58.8369 3
      vertex 100.884 59.5503 3
      vertex 104.738 28.4138 3
    endloop
  endfacet
  facet normal -0 -0 1
    outer loop
      vertex 100.884 59.5503 3
      vertex 100.17 60.3855 3
      vertex 104.738 28.4138 3
    endloop
  endfacet
  facet normal -0 -0 1
    outer loop
      vertex 100.17 60.3855 3
      vertex 99.5963 61.3221 3
      vertex 104.738 28.4138 3
    endloop
  endfacet
  facet normal -0 -0 1
    outer loop
      vertex 99.5963 61.3221 3
      vertex 99.1759 62.3369 3
      vertex 104.738 28.4138 3
    endloop
  endfacet
  facet normal 0 0 1
    outer loop
      vertex 70.4138 22.595 3
      vertex 70.5 21.5 3
      vertex 124.5 5 3
    endloop
  endfacet
  facet normal 0 0 1
    outer loop
      vertex 56.5862 20.405 3
      vertex 23.3298 28.1574 3
      vertex 24.3446 27.737 3
    endloop
  endfacet
  facet normal 0 0 1
    outer loop
      vertex 28.0805 20.405 3
      vertex 62.405 14.5862 3
      vertex 61.3369 14.8426 3
    endloop
  endfacet
  facet normal -0 -0 1
    outer loop
      vertex 62.405 14.5862 3
      vertex 27.8241 19.3369 3
      vertex 124.5 5 3
    endloop
  endfacet
  facet normal 0 -0 1
    outer loop
      vertex 28.0805 20.405 3
      vertex 27.8241 19.3369 3
      vertex 62.405 14.5862 3
    endloop
  endfacet
  facet normal -1 -0 0
    outer loop
      vertex 124.5 5 3
      vertex 124.5 85.8 24.9457
      vertex 124.5 85.8 3
    endloop
  endfacet
  facet normal 0 -1 0
    outer loop
      vertex 30.25 85.8 12.5
      vertex 3 85.8 24.9457
      vertex 3 85.8 3
    endloop
  endfacet
  facet normal 0 -1 -0
    outer loop
      vertex 94.7865 85.8 13.9266
      vertex 124.5 85.8 24.9457
      vertex 3 85.8 3
    endloop
  endfacet
  facet normal 0 -1 0
    outer loop
      vertex 30.2685 85.8 12.2653
      vertex 30.25 85.8 12.5
      vertex 3 85.8 3
    endloop
  endfacet
  facet normal 0 -1 0
    outer loop
      vertex 30.2685 85.8 12.7347
      vertex 3 85.8 24.9457
      vertex 30.25 85.8 12.5
    endloop
  endfacet
  facet normal 0 -1 0
    outer loop
      vertex 30.3234 85.8 12.9635
      vertex 3 85.8 24.9457
      vertex 30.2685 85.8 12.7347
    endloop
  endfacet
  facet normal 0 -1 0
    outer loop
      vertex 30.4135 85.8 13.181
      vertex 3 85.8 24.9457
      vertex 30.3234 85.8 12.9635
    endloop
  endfacet
  facet normal 0 -1 0
    outer loop
      vertex 30.5365 85.8 13.3817
      vertex 3 85.8 24.9457
      vertex 30.4135 85.8 13.181
    endloop
  endfacet
  facet normal 0 -1 0
    outer loop
      vertex 30.6893 85.8 13.5607
      vertex 3 85.8 24.9457
      vertex 30.5365 85.8 13.3817
    endloop
  endfacet
  facet normal 0 -1 0
    outer loop
      vertex 30.8683 85.8 13.7135
      vertex 3 85.8 24.9457
      vertex 30.6893 85.8 13.5607
    endloop
  endfacet
  facet normal 0 -1 0
    outer loop
      vertex 31.069 85.8 13.8365
      vertex 3 85.8 24.9457
      vertex 30.8683 85.8 13.7135
    endloop
  endfacet
  facet normal 0 -1 0
    outer loop
      vertex 31.2865 85.8 13.9266
      vertex 3 85.8 24.9457
      vertex 31.069 85.8 13.8365
    endloop
  endfacet
  facet normal 0 -1 0
    outer loop
      vertex 31.5153 85.8 13.9815
      vertex 3 85.8 24.9457
      vertex 31.2865 85.8 13.9266
    endloop
  endfacet
  facet normal 0 -1 0
    outer loop
      vertex 124.5 85.8 24.9457
      vertex 3 85.8 24.9457
      vertex 31.5153 85.8 13.9815
    endloop
  endfacet
  facet normal -0 -1 0
    outer loop
      vertex 31.9847 85.8 13.9815
      vertex 32.2135 85.8 13.9266
      vertex 124.5 85.8 24.9457
    endloop
  endfacet
  facet normal 0 -1 0
    outer loop
      vertex 124.5 85.8 24.9457
      vertex 31.5153 85.8 13.9815
      vertex 31.75 85.8 14
    endloop
  endfacet
  facet normal -0 -1 0
    outer loop
      vertex 32.2135 85.8 13.9266
      vertex 32.431 85.8 13.8365
      vertex 124.5 85.8 24.9457
    endloop
  endfacet
  facet normal -0 -1 0
    outer loop
      vertex 32.431 85.8 13.8365
      vertex 32.6317 85.8 13.7135
      vertex 124.5 85.8 24.9457
    endloop
  endfacet
  facet normal -0 -1 0
    outer loop
      vertex 32.6317 85.8 13.7135
      vertex 32.8107 85.8 13.5607
      vertex 124.5 85.8 24.9457
    endloop
  endfacet
  facet normal -0 -1 0
    outer loop
      vertex 32.8107 85.8 13.5607
      vertex 32.9635 85.8 13.3817
      vertex 124.5 85.8 24.9457
    endloop
  endfacet
  facet normal -0 -1 0
    outer loop
      vertex 32.9635 85.8 13.3817
      vertex 33.0865 85.8 13.181
      vertex 124.5 85.8 24.9457
    endloop
  endfacet
  facet normal -0 -1 0
    outer loop
      vertex 33.0865 85.8 13.181
      vertex 33.1766 85.8 12.9635
      vertex 124.5 85.8 24.9457
    endloop
  endfacet
  facet normal -0 -1 0
    outer loop
      vertex 33.1766 85.8 12.9635
      vertex 33.2315 85.8 12.7347
      vertex 124.5 85.8 24.9457
    endloop
  endfacet
  facet normal 0 -1 0
    outer loop
      vertex 31.9847 85.8 11.0185
      vertex 31.75 85.8 11
      vertex 3 85.8 3
    endloop
  endfacet
  facet normal 0 -1 0
    outer loop
      vertex 94.7865 85.8 13.9266
      vertex 95.0153 85.8 13.9815
      vertex 124.5 85.8 24.9457
    endloop
  endfacet
  facet normal 0 -1 0
    outer loop
      vertex 30.4135 85.8 11.819
      vertex 30.3234 85.8 12.0365
      vertex 3 85.8 3
    endloop
  endfacet
  facet normal 0 -1 0
    outer loop
      vertex 124.5 85.8 24.9457
      vertex 33.2315 85.8 12.7347
      vertex 33.25 85.8 12.5
    endloop
  endfacet
  facet normal 0 -1 0
    outer loop
      vertex 30.5365 85.8 11.6183
      vertex 30.4135 85.8 11.819
      vertex 3 85.8 3
    endloop
  endfacet
  facet normal 0 -1 0
    outer loop
      vertex 124.5 85.8 24.9457
      vertex 33.25 85.8 12.5
      vertex 33.2315 85.8 12.2653
    endloop
  endfacet
  facet normal 0 -1 0
    outer loop
      vertex 30.6893 85.8 11.4393
      vertex 30.5365 85.8 11.6183
      vertex 3 85.8 3
    endloop
  endfacet
  facet normal 0 -1 0
    outer loop
      vertex 124.5 85.8 24.9457
      vertex 33.2315 85.8 12.2653
      vertex 33.1766 85.8 12.0365
    endloop
  endfacet
  facet normal 0 -1 0
    outer loop
      vertex 30.8683 85.8 11.2865
      vertex 30.6893 85.8 11.4393
      vertex 3 85.8 3
    endloop
  endfacet
  facet normal 0 -1 0
    outer loop
      vertex 124.5 85.8 24.9457
      vertex 33.1766 85.8 12.0365
      vertex 33.0865 85.8 11.819
    endloop
  endfacet
  facet normal 0 -1 0
    outer loop
      vertex 31.069 85.8 11.1635
      vertex 30.8683 85.8 11.2865
      vertex 3 85.8 3
    endloop
  endfacet
  facet normal 0 -1 0
    outer loop
      vertex 124.5 85.8 24.9457
      vertex 33.0865 85.8 11.819
      vertex 32.9635 85.8 11.6183
    endloop
  endfacet
  facet normal 0 -1 0
    outer loop
      vertex 31.2865 85.8 11.0734
      vertex 31.069 85.8 11.1635
      vertex 3 85.8 3
    endloop
  endfacet
  facet normal 0 -1 0
    outer loop
      vertex 124.5 85.8 24.9457
      vertex 32.9635 85.8 11.6183
      vertex 32.8107 85.8 11.4393
    endloop
  endfacet
  facet normal 0 -1 0
    outer loop
      vertex 31.5153 85.8 11.0185
      vertex 31.2865 85.8 11.0734
      vertex 3 85.8 3
    endloop
  endfacet
  facet normal 0 -1 0
    outer loop
      vertex 124.5 85.8 24.9457
      vertex 32.8107 85.8 11.4393
      vertex 32.6317 85.8 11.2865
    endloop
  endfacet
  facet normal 0 -1 0
    outer loop
      vertex 31.75 85.8 11
      vertex 31.5153 85.8 11.0185
      vertex 3 85.8 3
    endloop
  endfacet
  facet normal 0 -1 0
    outer loop
      vertex 124.5 85.8 24.9457
      vertex 32.6317 85.8 11.2865
      vertex 32.431 85.8 11.1635
    endloop
  endfacet
  facet normal 0 -1 0
    outer loop
      vertex 124.5 85.8 24.9457
      vertex 32.2135 85.8 11.0734
      vertex 3 85.8 3
    endloop
  endfacet
  facet normal 0 -1 0
    outer loop
      vertex 124.5 85.8 24.9457
      vertex 32.431 85.8 11.1635
      vertex 32.2135 85.8 11.0734
    endloop
  endfacet
  facet normal 0 -1 0
    outer loop
      vertex 32.2135 85.8 11.0734
      vertex 31.9847 85.8 11.0185
      vertex 3 85.8 3
    endloop
  endfacet
  facet normal 0 -1 0
    outer loop
      vertex 30.3234 85.8 12.0365
      vertex 30.2685 85.8 12.2653
      vertex 3 85.8 3
    endloop
  endfacet
  facet normal 0 -1 0
    outer loop
      vertex 93.7685 85.8 12.2653
      vertex 93.75 85.8 12.5
      vertex 3 85.8 3
    endloop
  endfacet
  facet normal 0 -1 -0
    outer loop
      vertex 93.75 85.8 12.5
      vertex 93.7685 85.8 12.7347
      vertex 3 85.8 3
    endloop
  endfacet
  facet normal 0 -1 -0
    outer loop
      vertex 93.7685 85.8 12.7347
      vertex 93.8234 85.8 12.9635
      vertex 3 85.8 3
    endloop
  endfacet
  facet normal 0 -1 -0
    outer loop
      vertex 93.8234 85.8 12.9635
      vertex 93.9135 85.8 13.181
      vertex 3 85.8 3
    endloop
  endfacet
  facet normal 0 -1 -0
    outer loop
      vertex 93.9135 85.8 13.181
      vertex 94.0365 85.8 13.3817
      vertex 3 85.8 3
    endloop
  endfacet
  facet normal 0 -1 -0
    outer loop
      vertex 94.0365 85.8 13.3817
      vertex 94.1893 85.8 13.5607
      vertex 3 85.8 3
    endloop
  endfacet
  facet normal 0 -1 -0
    outer loop
      vertex 94.1893 85.8 13.5607
      vertex 94.3683 85.8 13.7135
      vertex 3 85.8 3
    endloop
  endfacet
  facet normal 0 -1 -0
    outer loop
      vertex 94.3683 85.8 13.7135
      vertex 94.569 85.8 13.8365
      vertex 3 85.8 3
    endloop
  endfacet
  facet normal 0 -1 -0
    outer loop
      vertex 94.569 85.8 13.8365
      vertex 94.7865 85.8 13.9266
      vertex 3 85.8 3
    endloop
  endfacet
  facet normal 0 -1 0
    outer loop
      vertex 95.0153 85.8 13.9815
      vertex 95.25 85.8 14
      vertex 124.5 85.8 24.9457
    endloop
  endfacet
  facet normal -0 -1 0
    outer loop
      vertex 95.25 85.8 14
      vertex 95.4847 85.8 13.9815
      vertex 124.5 85.8 24.9457
    endloop
  endfacet
  facet normal -0 -1 0
    outer loop
      vertex 95.4847 85.8 13.9815
      vertex 95.7135 85.8 13.9266
      vertex 124.5 85.8 24.9457
    endloop
  endfacet
  facet normal -0 -1 0
    outer loop
      vertex 95.7135 85.8 13.9266
      vertex 95.931 85.8 13.8365
      vertex 124.5 85.8 24.9457
    endloop
  endfacet
  facet normal -0 -1 0
    outer loop
      vertex 95.931 85.8 13.8365
      vertex 96.1317 85.8 13.7135
      vertex 124.5 85.8 24.9457
    endloop
  endfacet
  facet normal -0 -1 0
    outer loop
      vertex 96.1317 85.8 13.7135
      vertex 96.3107 85.8 13.5607
      vertex 124.5 85.8 24.9457
    endloop
  endfacet
  facet normal -0 -1 0
    outer loop
      vertex 96.3107 85.8 13.5607
      vertex 96.4635 85.8 13.3817
      vertex 124.5 85.8 24.9457
    endloop
  endfacet
  facet normal 0 -1 0
    outer loop
      vertex 96.5865 85.8 11.819
      vertex 96.4635 85.8 11.6183
      vertex 124.5 85.8 3
    endloop
  endfacet
  facet normal 0 -1 0
    outer loop
      vertex 124.5 85.8 3
      vertex 124.5 85.8 24.9457
      vertex 96.4635 85.8 13.3817
    endloop
  endfacet
  facet normal 0 -1 0
    outer loop
      vertex 124.5 85.8 3
      vertex 96.4635 85.8 13.3817
      vertex 96.5865 85.8 13.181
    endloop
  endfacet
  facet normal 0 -1 0
    outer loop
      vertex 124.5 85.8 3
      vertex 96.5865 85.8 13.181
      vertex 96.6766 85.8 12.9635
    endloop
  endfacet
  facet normal 0 -1 0
    outer loop
      vertex 124.5 85.8 3
      vertex 96.6766 85.8 12.9635
      vertex 96.7315 85.8 12.7347
    endloop
  endfacet
  facet normal 0 -1 0
    outer loop
      vertex 124.5 85.8 3
      vertex 96.7315 85.8 12.7347
      vertex 96.75 85.8 12.5
    endloop
  endfacet
  facet normal 0 -1 0
    outer loop
      vertex 124.5 85.8 3
      vertex 96.75 85.8 12.5
      vertex 96.7315 85.8 12.2653
    endloop
  endfacet
  facet normal 0 -1 0
    outer loop
      vertex 124.5 85.8 3
      vertex 96.7315 85.8 12.2653
      vertex 96.6766 85.8 12.0365
    endloop
  endfacet
  facet normal 0 -1 0
    outer loop
      vertex 95.25 85.8 11
      vertex 95.0153 85.8 11.0185
      vertex 3 85.8 3
    endloop
  endfacet
  facet normal 0 -1 0
    outer loop
      vertex 124.5 85.8 3
      vertex 96.6766 85.8 12.0365
      vertex 96.5865 85.8 11.819
    endloop
  endfacet
  facet normal 0 -1 0
    outer loop
      vertex 94.3683 85.8 11.2865
      vertex 94.1893 85.8 11.4393
      vertex 3 85.8 3
    endloop
  endfacet
  facet normal 0 -1 0
    outer loop
      vertex 124.5 85.8 3
      vertex 96.4635 85.8 11.6183
      vertex 96.3107 85.8 11.4393
    endloop
  endfacet
  facet normal 0 -1 0
    outer loop
      vertex 94.569 85.8 11.1635
      vertex 94.3683 85.8 11.2865
      vertex 3 85.8 3
    endloop
  endfacet
  facet normal 0 -1 0
    outer loop
      vertex 124.5 85.8 3
      vertex 96.3107 85.8 11.4393
      vertex 96.1317 85.8 11.2865
    endloop
  endfacet
  facet normal 0 -1 0
    outer loop
      vertex 94.7865 85.8 11.0734
      vertex 94.569 85.8 11.1635
      vertex 3 85.8 3
    endloop
  endfacet
  facet normal 0 -1 0
    outer loop
      vertex 124.5 85.8 3
      vertex 96.1317 85.8 11.2865
      vertex 95.931 85.8 11.1635
    endloop
  endfacet
  facet normal 0 -1 0
    outer loop
      vertex 95.0153 85.8 11.0185
      vertex 94.7865 85.8 11.0734
      vertex 3 85.8 3
    endloop
  endfacet
  facet normal 0 -1 0
    outer loop
      vertex 124.5 85.8 3
      vertex 95.931 85.8 11.1635
      vertex 95.7135 85.8 11.0734
    endloop
  endfacet
  facet normal 0 -1 0
    outer loop
      vertex 124.5 85.8 3
      vertex 95.4847 85.8 11.0185
      vertex 3 85.8 3
    endloop
  endfacet
  facet normal 0 -1 0
    outer loop
      vertex 124.5 85.8 3
      vertex 95.7135 85.8 11.0734
      vertex 95.4847 85.8 11.0185
    endloop
  endfacet
  facet normal 0 -1 0
    outer loop
      vertex 95.4847 85.8 11.0185
      vertex 95.25 85.8 11
      vertex 3 85.8 3
    endloop
  endfacet
  facet normal 0 -1 0
    outer loop
      vertex 94.1893 85.8 11.4393
      vertex 94.0365 85.8 11.6183
      vertex 3 85.8 3
    endloop
  endfacet
  facet normal 0 -1 0
    outer loop
      vertex 94.0365 85.8 11.6183
      vertex 93.9135 85.8 11.819
      vertex 3 85.8 3
    endloop
  endfacet
  facet normal 0 -1 0
    outer loop
      vertex 93.9135 85.8 11.819
      vertex 93.8234 85.8 12.0365
      vertex 3 85.8 3
    endloop
  endfacet
  facet normal 0 -1 0
    outer loop
      vertex 93.8234 85.8 12.0365
      vertex 93.7685 85.8 12.2653
      vertex 3 85.8 3
    endloop
  endfacet
  facet normal -0 -1 0
    outer loop
      vertex 31.75 85.8 14
      vertex 31.9847 85.8 13.9815
      vertex 124.5 85.8 24.9457
    endloop
  endfacet
  facet normal 1 -0 1.41651e-016
    outer loop
      vertex 3 85.8 3
      vertex 3 85.8 24.9457
      vertex 3 5 3
    endloop
  endfacet
  facet normal -0.996917 -0.0784588 -0
    outer loop
      vertex 0 5 0
      vertex 0.061558 4.21783 0
      vertex 0 5 3
    endloop
  endfacet
  facet normal -0.996917 -0.0784588 0
    outer loop
      vertex 0 5 3
      vertex 0.061558 4.21783 0
      vertex 0.061558 4.21783 3
    endloop
  endfacet
  facet normal 2.22045e-016 0 -1
    outer loop
      vertex 0 5 -6.66134e-016
      vertex 0 87 -6.66134e-016
      vertex 3 5 0
    endloop
  endfacet
  facet normal 2.22045e-016 0 -1
    outer loop
      vertex 3 86.1 0
      vertex 0 87 -6.66134e-016
      vertex 3 87 0
    endloop
  endfacet
  facet normal 2.22045e-016 0 -1
    outer loop
      vertex 3 5 0
      vertex 0 87 -6.66134e-016
      vertex 3 86.1 0
    endloop
  endfacet
  facet normal 6.66134e-016 1.09564e-031 4.93432e-016
    outer loop
      vertex 3 87 3.9968e-016
      vertex 3 86.1 5.9952e-016
      vertex 3 86.1 0
    endloop
  endfacet
  facet normal 4.44089e-016 -0 4.93432e-016
    outer loop
      vertex 3 87 0
      vertex 3 87 3.9968e-016
      vertex 3 86.1 0
    endloop
  endfacet
  facet normal -0 -2.22045e-016 -1
    outer loop
      vertex 0 87 3.9968e-016
      vertex 0 88.8 0
      vertex 3 87 3.9968e-016
    endloop
  endfacet
  facet normal -1.03262e-034 -2.22045e-016 -1
    outer loop
      vertex 3 87 3.9968e-016
      vertex 0 88.8 0
      vertex 254 88.8 0
    endloop
  endfacet
  facet normal 0 -5.25907e-030 -2.36848e-014
    outer loop
      vertex 254 87 3.9968e-016
      vertex 254 88.8 0
      vertex 254 86.1 5.9952e-016
    endloop
  endfacet
  facet normal -0 -2.22045e-016 -1
    outer loop
      vertex 3 87 3.9968e-016
      vertex 254 88.8 0
      vertex 124.5 87 3.9968e-016
    endloop
  endfacet
  facet normal -4.9352e-033 -2.22045e-016 -1
    outer loop
      vertex 254 88.8 0
      vertex 254 87 3.9968e-016
      vertex 251 87 3.9968e-016
    endloop
  endfacet
  facet normal -1.09101e-035 -2.22045e-016 -1
    outer loop
      vertex 124.5 86.1 5.9952e-016
      vertex 3 87 3.9968e-016
      vertex 124.5 87 3.9968e-016
    endloop
  endfacet
  facet normal -2.28468e-035 -2.22045e-016 -1
    outer loop
      vertex 254 88.8 0
      vertex 251 87 3.9968e-016
      vertex 127.5 87 3.9968e-016
    endloop
  endfacet
  facet normal 6.02874e-035 -2.22045e-016 -1
    outer loop
      vertex 251 86.1 5.9952e-016
      vertex 127.5 87 3.9968e-016
      vertex 251 87 3.9968e-016
    endloop
  endfacet
  facet normal -7.8397e-033 -2.22045e-016 -1
    outer loop
      vertex 254 88.8 0
      vertex 127.5 87 3.9968e-016
      vertex 124.5 87 3.9968e-016
    endloop
  endfacet
  facet normal 6.02874e-035 -2.22045e-016 -1
    outer loop
      vertex 127.5 87 3.9968e-016
      vertex 251 86.1 5.9952e-016
      vertex 127.5 86.1 5.9952e-016
    endloop
  endfacet
  facet normal -1.09101e-035 -2.22045e-016 -1
    outer loop
      vertex 3 87 3.9968e-016
      vertex 124.5 86.1 5.9952e-016
      vertex 3 86.1 5.9952e-016
    endloop
  endfacet
  facet normal 0 1 0
    outer loop
      vertex 95.4847 88.8 13.9815
      vertex 0 88.8 25
      vertex 254 88.8 0
    endloop
  endfacet
  facet normal 0 1 0
    outer loop
      vertex 158.75 88.8 14
      vertex 0 88.8 25
      vertex 254 88.8 25
    endloop
  endfacet
  facet normal 0 1 0
    outer loop
      vertex 0 88.8 0
      vertex 0 88.8 25
      vertex 30.2685 88.8 12.7347
    endloop
  endfacet
  facet normal 0 1 0
    outer loop
      vertex 0 88.8 0
      vertex 30.2685 88.8 12.7347
      vertex 30.25 88.8 12.5
    endloop
  endfacet
  facet normal 0 1 0
    outer loop
      vertex 0 88.8 0
      vertex 30.25 88.8 12.5
      vertex 30.2685 88.8 12.2653
    endloop
  endfacet
  facet normal 0 1 0
    outer loop
      vertex 0 88.8 0
      vertex 30.2685 88.8 12.2653
      vertex 30.3234 88.8 12.0365
    endloop
  endfacet
  facet normal 0 1 0
    outer loop
      vertex 0 88.8 0
      vertex 30.3234 88.8 12.0365
      vertex 30.4135 88.8 11.819
    endloop
  endfacet
  facet normal 0 1 0
    outer loop
      vertex 0 88.8 0
      vertex 30.4135 88.8 11.819
      vertex 30.5365 88.8 11.6183
    endloop
  endfacet
  facet normal 0 1 0
    outer loop
      vertex 0 88.8 0
      vertex 30.5365 88.8 11.6183
      vertex 30.6893 88.8 11.4393
    endloop
  endfacet
  facet normal 0 1 0
    outer loop
      vertex 0 88.8 0
      vertex 30.6893 88.8 11.4393
      vertex 30.8683 88.8 11.2865
    endloop
  endfacet
  facet normal 0 1 0
    outer loop
      vertex 0 88.8 0
      vertex 30.8683 88.8 11.2865
      vertex 31.069 88.8 11.1635
    endloop
  endfacet
  facet normal 0 1 0
    outer loop
      vertex 0 88.8 0
      vertex 31.069 88.8 11.1635
      vertex 31.2865 88.8 11.0734
    endloop
  endfacet
  facet normal 0 1 0
    outer loop
      vertex 0 88.8 0
      vertex 31.2865 88.8 11.0734
      vertex 31.5153 88.8 11.0185
    endloop
  endfacet
  facet normal 0 1 0
    outer loop
      vertex 0 88.8 0
      vertex 31.5153 88.8 11.0185
      vertex 31.75 88.8 11
    endloop
  endfacet
  facet normal 0 1 0
    outer loop
      vertex 0 88.8 0
      vertex 31.75 88.8 11
      vertex 254 88.8 0
    endloop
  endfacet
  facet normal 0 1 -0
    outer loop
      vertex 32.2135 88.8 11.0734
      vertex 254 88.8 0
      vertex 31.9847 88.8 11.0185
    endloop
  endfacet
  facet normal 0 1 -0
    outer loop
      vertex 32.431 88.8 11.1635
      vertex 254 88.8 0
      vertex 32.2135 88.8 11.0734
    endloop
  endfacet
  facet normal 0 1 -0
    outer loop
      vertex 32.6317 88.8 11.2865
      vertex 254 88.8 0
      vertex 32.431 88.8 11.1635
    endloop
  endfacet
  facet normal 0 1 -0
    outer loop
      vertex 32.8107 88.8 11.4393
      vertex 254 88.8 0
      vertex 32.6317 88.8 11.2865
    endloop
  endfacet
  facet normal 0 1 -0
    outer loop
      vertex 32.9635 88.8 11.6183
      vertex 254 88.8 0
      vertex 32.8107 88.8 11.4393
    endloop
  endfacet
  facet normal 0 1 -0
    outer loop
      vertex 33.0865 88.8 11.819
      vertex 254 88.8 0
      vertex 32.9635 88.8 11.6183
    endloop
  endfacet
  facet normal 0 1 -0
    outer loop
      vertex 33.1766 88.8 12.0365
      vertex 254 88.8 0
      vertex 33.0865 88.8 11.819
    endloop
  endfacet
  facet normal 0 1 -0
    outer loop
      vertex 33.2315 88.8 12.2653
      vertex 254 88.8 0
      vertex 33.1766 88.8 12.0365
    endloop
  endfacet
  facet normal 0 1 -0
    outer loop
      vertex 33.25 88.8 12.5
      vertex 254 88.8 0
      vertex 33.2315 88.8 12.2653
    endloop
  endfacet
  facet normal 0 1 0
    outer loop
      vertex 33.2315 88.8 12.7347
      vertex 254 88.8 0
      vertex 33.25 88.8 12.5
    endloop
  endfacet
  facet normal 0 1 0
    outer loop
      vertex 93.7685 88.8 12.7347
      vertex 0 88.8 25
      vertex 93.8234 88.8 12.9635
    endloop
  endfacet
  facet normal 0 1 0
    outer loop
      vertex 31.9847 88.8 13.9815
      vertex 0 88.8 25
      vertex 32.2135 88.8 13.9266
    endloop
  endfacet
  facet normal 0 1 0
    outer loop
      vertex 30.6893 88.8 13.5607
      vertex 0 88.8 25
      vertex 30.8683 88.8 13.7135
    endloop
  endfacet
  facet normal 0 1 0
    outer loop
      vertex 33.2315 88.8 12.7347
      vertex 33.1766 88.8 12.9635
      vertex 254 88.8 0
    endloop
  endfacet
  facet normal 0 1 0
    outer loop
      vertex 30.8683 88.8 13.7135
      vertex 0 88.8 25
      vertex 31.069 88.8 13.8365
    endloop
  endfacet
  facet normal 0 1 0
    outer loop
      vertex 33.1766 88.8 12.9635
      vertex 33.0865 88.8 13.181
      vertex 254 88.8 0
    endloop
  endfacet
  facet normal 0 1 0
    outer loop
      vertex 31.069 88.8 13.8365
      vertex 0 88.8 25
      vertex 31.2865 88.8 13.9266
    endloop
  endfacet
  facet normal 0 1 0
    outer loop
      vertex 33.0865 88.8 13.181
      vertex 32.9635 88.8 13.3817
      vertex 254 88.8 0
    endloop
  endfacet
  facet normal 0 1 0
    outer loop
      vertex 31.2865 88.8 13.9266
      vertex 0 88.8 25
      vertex 31.5153 88.8 13.9815
    endloop
  endfacet
  facet normal 0 1 0
    outer loop
      vertex 32.9635 88.8 13.3817
      vertex 32.8107 88.8 13.5607
      vertex 254 88.8 0
    endloop
  endfacet
  facet normal 0 1 0
    outer loop
      vertex 31.5153 88.8 13.9815
      vertex 0 88.8 25
      vertex 31.75 88.8 14
    endloop
  endfacet
  facet normal 0 1 0
    outer loop
      vertex 32.8107 88.8 13.5607
      vertex 32.6317 88.8 13.7135
      vertex 254 88.8 0
    endloop
  endfacet
  facet normal 0 1 0
    outer loop
      vertex 31.75 88.8 14
      vertex 0 88.8 25
      vertex 31.9847 88.8 13.9815
    endloop
  endfacet
  facet normal 0 1 0
    outer loop
      vertex 32.6317 88.8 13.7135
      vertex 32.431 88.8 13.8365
      vertex 254 88.8 0
    endloop
  endfacet
  facet normal 0 1 0
    outer loop
      vertex 32.431 88.8 13.8365
      vertex 32.2135 88.8 13.9266
      vertex 254 88.8 0
    endloop
  endfacet
  facet normal 0 1 0
    outer loop
      vertex 30.5365 88.8 13.3817
      vertex 0 88.8 25
      vertex 30.6893 88.8 13.5607
    endloop
  endfacet
  facet normal 0 1 0
    outer loop
      vertex 30.4135 88.8 13.181
      vertex 0 88.8 25
      vertex 30.5365 88.8 13.3817
    endloop
  endfacet
  facet normal 0 1 0
    outer loop
      vertex 30.3234 88.8 12.9635
      vertex 0 88.8 25
      vertex 30.4135 88.8 13.181
    endloop
  endfacet
  facet normal 0 1 0
    outer loop
      vertex 30.2685 88.8 12.7347
      vertex 0 88.8 25
      vertex 30.3234 88.8 12.9635
    endloop
  endfacet
  facet normal 0 1 0
    outer loop
      vertex 32.2135 88.8 13.9266
      vertex 0 88.8 25
      vertex 93.7685 88.8 12.7347
    endloop
  endfacet
  facet normal 0 1 0
    outer loop
      vertex 32.2135 88.8 13.9266
      vertex 93.7685 88.8 12.7347
      vertex 93.75 88.8 12.5
    endloop
  endfacet
  facet normal 0 1 0
    outer loop
      vertex 32.2135 88.8 13.9266
      vertex 93.75 88.8 12.5
      vertex 93.7685 88.8 12.2653
    endloop
  endfacet
  facet normal 0 1 0
    outer loop
      vertex 32.2135 88.8 13.9266
      vertex 93.7685 88.8 12.2653
      vertex 93.8234 88.8 12.0365
    endloop
  endfacet
  facet normal 0 1 0
    outer loop
      vertex 32.2135 88.8 13.9266
      vertex 93.8234 88.8 12.0365
      vertex 93.9135 88.8 11.819
    endloop
  endfacet
  facet normal 0 1 0
    outer loop
      vertex 32.2135 88.8 13.9266
      vertex 93.9135 88.8 11.819
      vertex 94.0365 88.8 11.6183
    endloop
  endfacet
  facet normal 0 1 0
    outer loop
      vertex 32.2135 88.8 13.9266
      vertex 94.0365 88.8 11.6183
      vertex 94.1893 88.8 11.4393
    endloop
  endfacet
  facet normal 0 1 0
    outer loop
      vertex 32.2135 88.8 13.9266
      vertex 94.1893 88.8 11.4393
      vertex 94.3683 88.8 11.2865
    endloop
  endfacet
  facet normal 0 1 0
    outer loop
      vertex 32.2135 88.8 13.9266
      vertex 94.3683 88.8 11.2865
      vertex 94.569 88.8 11.1635
    endloop
  endfacet
  facet normal 0 1 0
    outer loop
      vertex 32.2135 88.8 13.9266
      vertex 94.569 88.8 11.1635
      vertex 94.7865 88.8 11.0734
    endloop
  endfacet
  facet normal 0 1 0
    outer loop
      vertex 32.2135 88.8 13.9266
      vertex 94.7865 88.8 11.0734
      vertex 95.0153 88.8 11.0185
    endloop
  endfacet
  facet normal 0 1 0
    outer loop
      vertex 32.2135 88.8 13.9266
      vertex 95.0153 88.8 11.0185
      vertex 95.25 88.8 11
    endloop
  endfacet
  facet normal 0 1 0
    outer loop
      vertex 32.2135 88.8 13.9266
      vertex 95.25 88.8 11
      vertex 254 88.8 0
    endloop
  endfacet
  facet normal 0 1 -0
    outer loop
      vertex 95.7135 88.8 11.0734
      vertex 254 88.8 0
      vertex 95.4847 88.8 11.0185
    endloop
  endfacet
  facet normal 0 1 -0
    outer loop
      vertex 95.931 88.8 11.1635
      vertex 254 88.8 0
      vertex 95.7135 88.8 11.0734
    endloop
  endfacet
  facet normal 0 1 -0
    outer loop
      vertex 96.1317 88.8 11.2865
      vertex 254 88.8 0
      vertex 95.931 88.8 11.1635
    endloop
  endfacet
  facet normal 0 1 -0
    outer loop
      vertex 96.3107 88.8 11.4393
      vertex 254 88.8 0
      vertex 96.1317 88.8 11.2865
    endloop
  endfacet
  facet normal 0 1 -0
    outer loop
      vertex 96.4635 88.8 11.6183
      vertex 254 88.8 0
      vertex 96.3107 88.8 11.4393
    endloop
  endfacet
  facet normal 0 1 -0
    outer loop
      vertex 96.5865 88.8 11.819
      vertex 254 88.8 0
      vertex 96.4635 88.8 11.6183
    endloop
  endfacet
  facet normal 0 1 -0
    outer loop
      vertex 96.6766 88.8 12.0365
      vertex 254 88.8 0
      vertex 96.5865 88.8 11.819
    endloop
  endfacet
  facet normal 0 1 -0
    outer loop
      vertex 96.7315 88.8 12.2653
      vertex 254 88.8 0
      vertex 96.6766 88.8 12.0365
    endloop
  endfacet
  facet normal 0 1 -0
    outer loop
      vertex 96.75 88.8 12.5
      vertex 254 88.8 0
      vertex 96.7315 88.8 12.2653
    endloop
  endfacet
  facet normal 0 1 -0
    outer loop
      vertex 95.4847 88.8 11.0185
      vertex 254 88.8 0
      vertex 95.25 88.8 11
    endloop
  endfacet
  facet normal 0 1 0
    outer loop
      vertex 95.0153 88.8 13.9815
      vertex 0 88.8 25
      vertex 95.25 88.8 14
    endloop
  endfacet
  facet normal 0 1 -0
    outer loop
      vertex 158.985 88.8 11.0185
      vertex 254 88.8 0
      vertex 158.75 88.8 11
    endloop
  endfacet
  facet normal 0 1 0
    outer loop
      vertex 96.75 88.8 12.5
      vertex 96.7315 88.8 12.7347
      vertex 254 88.8 0
    endloop
  endfacet
  facet normal 0 1 0
    outer loop
      vertex 93.8234 88.8 12.9635
      vertex 0 88.8 25
      vertex 93.9135 88.8 13.181
    endloop
  endfacet
  facet normal 0 1 0
    outer loop
      vertex 96.7315 88.8 12.7347
      vertex 96.6766 88.8 12.9635
      vertex 254 88.8 0
    endloop
  endfacet
  facet normal 0 1 0
    outer loop
      vertex 93.9135 88.8 13.181
      vertex 0 88.8 25
      vertex 94.0365 88.8 13.3817
    endloop
  endfacet
  facet normal 0 1 0
    outer loop
      vertex 96.6766 88.8 12.9635
      vertex 96.5865 88.8 13.181
      vertex 254 88.8 0
    endloop
  endfacet
  facet normal 0 1 0
    outer loop
      vertex 94.0365 88.8 13.3817
      vertex 0 88.8 25
      vertex 94.1893 88.8 13.5607
    endloop
  endfacet
  facet normal 0 1 0
    outer loop
      vertex 96.5865 88.8 13.181
      vertex 96.4635 88.8 13.3817
      vertex 254 88.8 0
    endloop
  endfacet
  facet normal 0 1 0
    outer loop
      vertex 94.1893 88.8 13.5607
      vertex 0 88.8 25
      vertex 94.3683 88.8 13.7135
    endloop
  endfacet
  facet normal 0 1 0
    outer loop
      vertex 96.4635 88.8 13.3817
      vertex 96.3107 88.8 13.5607
      vertex 254 88.8 0
    endloop
  endfacet
  facet normal 0 1 0
    outer loop
      vertex 94.3683 88.8 13.7135
      vertex 0 88.8 25
      vertex 94.569 88.8 13.8365
    endloop
  endfacet
  facet normal 0 1 0
    outer loop
      vertex 96.3107 88.8 13.5607
      vertex 96.1317 88.8 13.7135
      vertex 254 88.8 0
    endloop
  endfacet
  facet normal 0 1 0
    outer loop
      vertex 94.569 88.8 13.8365
      vertex 0 88.8 25
      vertex 94.7865 88.8 13.9266
    endloop
  endfacet
  facet normal 0 1 0
    outer loop
      vertex 96.1317 88.8 13.7135
      vertex 95.931 88.8 13.8365
      vertex 254 88.8 0
    endloop
  endfacet
  facet normal 0 1 0
    outer loop
      vertex 94.7865 88.8 13.9266
      vertex 0 88.8 25
      vertex 95.0153 88.8 13.9815
    endloop
  endfacet
  facet normal 0 1 0
    outer loop
      vertex 95.931 88.8 13.8365
      vertex 95.7135 88.8 13.9266
      vertex 254 88.8 0
    endloop
  endfacet
  facet normal 0 1 0
    outer loop
      vertex 95.25 88.8 14
      vertex 0 88.8 25
      vertex 95.4847 88.8 13.9815
    endloop
  endfacet
  facet normal 0 1 0
    outer loop
      vertex 95.7135 88.8 13.9266
      vertex 95.4847 88.8 13.9815
      vertex 254 88.8 0
    endloop
  endfacet
  facet normal 0 1 0
    outer loop
      vertex 157.25 88.8 12.5
      vertex 0 88.8 25
      vertex 157.268 88.8 12.7347
    endloop
  endfacet
  facet normal 0 1 0
    outer loop
      vertex 157.268 88.8 12.2653
      vertex 0 88.8 25
      vertex 157.25 88.8 12.5
    endloop
  endfacet
  facet normal 0 1 0
    outer loop
      vertex 157.323 88.8 12.0365
      vertex 0 88.8 25
      vertex 157.268 88.8 12.2653
    endloop
  endfacet
  facet normal 0 1 0
    outer loop
      vertex 157.413 88.8 11.819
      vertex 0 88.8 25
      vertex 157.323 88.8 12.0365
    endloop
  endfacet
  facet normal 0 1 0
    outer loop
      vertex 157.536 88.8 11.6183
      vertex 0 88.8 25
      vertex 157.413 88.8 11.819
    endloop
  endfacet
  facet normal 0 1 0
    outer loop
      vertex 157.689 88.8 11.4393
      vertex 0 88.8 25
      vertex 157.536 88.8 11.6183
    endloop
  endfacet
  facet normal 0 1 0
    outer loop
      vertex 157.868 88.8 11.2865
      vertex 0 88.8 25
      vertex 157.689 88.8 11.4393
    endloop
  endfacet
  facet normal 0 1 0
    outer loop
      vertex 158.069 88.8 11.1635
      vertex 0 88.8 25
      vertex 157.868 88.8 11.2865
    endloop
  endfacet
  facet normal 0 1 0
    outer loop
      vertex 158.286 88.8 11.0734
      vertex 0 88.8 25
      vertex 158.069 88.8 11.1635
    endloop
  endfacet
  facet normal 0 1 0
    outer loop
      vertex 158.515 88.8 11.0185
      vertex 0 88.8 25
      vertex 158.286 88.8 11.0734
    endloop
  endfacet
  facet normal 0 1 0
    outer loop
      vertex 254 88.8 0
      vertex 0 88.8 25
      vertex 158.515 88.8 11.0185
    endloop
  endfacet
  facet normal 0 1 0
    outer loop
      vertex 254 88.8 0
      vertex 158.515 88.8 11.0185
      vertex 158.75 88.8 11
    endloop
  endfacet
  facet normal 0 1 -0
    outer loop
      vertex 159.214 88.8 11.0734
      vertex 254 88.8 0
      vertex 158.985 88.8 11.0185
    endloop
  endfacet
  facet normal 0 1 -0
    outer loop
      vertex 159.431 88.8 11.1635
      vertex 254 88.8 0
      vertex 159.214 88.8 11.0734
    endloop
  endfacet
  facet normal 0 1 -0
    outer loop
      vertex 159.632 88.8 11.2865
      vertex 254 88.8 0
      vertex 159.431 88.8 11.1635
    endloop
  endfacet
  facet normal 0 1 -0
    outer loop
      vertex 159.811 88.8 11.4393
      vertex 254 88.8 0
      vertex 159.632 88.8 11.2865
    endloop
  endfacet
  facet normal 0 1 -0
    outer loop
      vertex 159.964 88.8 11.6183
      vertex 254 88.8 0
      vertex 159.811 88.8 11.4393
    endloop
  endfacet
  facet normal 0 1 -0
    outer loop
      vertex 160.087 88.8 11.819
      vertex 254 88.8 0
      vertex 159.964 88.8 11.6183
    endloop
  endfacet
  facet normal 0 1 -0
    outer loop
      vertex 160.177 88.8 12.0365
      vertex 254 88.8 0
      vertex 160.087 88.8 11.819
    endloop
  endfacet
  facet normal 0 1 -0
    outer loop
      vertex 160.232 88.8 12.2653
      vertex 254 88.8 0
      vertex 160.177 88.8 12.0365
    endloop
  endfacet
  facet normal 0 1 -0
    outer loop
      vertex 160.25 88.8 12.5
      vertex 254 88.8 0
      vertex 160.232 88.8 12.2653
    endloop
  endfacet
  facet normal 0 1 0
    outer loop
      vertex 160.087 88.8 13.181
      vertex 254 88.8 25
      vertex 160.177 88.8 12.9635
    endloop
  endfacet
  facet normal -0 1 0
    outer loop
      vertex 222.25 88.8 14
      vertex 160.25 88.8 12.5
      vertex 254 88.8 25
    endloop
  endfacet
  facet normal 0 1 0
    outer loop
      vertex 160.25 88.8 12.5
      vertex 160.232 88.8 12.7347
      vertex 254 88.8 25
    endloop
  endfacet
  facet normal 0 1 0
    outer loop
      vertex 160.232 88.8 12.7347
      vertex 160.177 88.8 12.9635
      vertex 254 88.8 25
    endloop
  endfacet
  facet normal -0 1 -0
    outer loop
      vertex 222.015 88.8 11.0185
      vertex 254 88.8 0
      vertex 221.786 88.8 11.0734
    endloop
  endfacet
  facet normal 0 1 0
    outer loop
      vertex 158.515 88.8 13.9815
      vertex 0 88.8 25
      vertex 158.75 88.8 14
    endloop
  endfacet
  facet normal 0 1 0
    outer loop
      vertex 157.413 88.8 13.181
      vertex 0 88.8 25
      vertex 157.536 88.8 13.3817
    endloop
  endfacet
  facet normal 0 1 0
    outer loop
      vertex 160.087 88.8 13.181
      vertex 159.964 88.8 13.3817
      vertex 254 88.8 25
    endloop
  endfacet
  facet normal 0 1 0
    outer loop
      vertex 157.536 88.8 13.3817
      vertex 0 88.8 25
      vertex 157.689 88.8 13.5607
    endloop
  endfacet
  facet normal 0 1 0
    outer loop
      vertex 159.964 88.8 13.3817
      vertex 159.811 88.8 13.5607
      vertex 254 88.8 25
    endloop
  endfacet
  facet normal 0 1 0
    outer loop
      vertex 157.689 88.8 13.5607
      vertex 0 88.8 25
      vertex 157.868 88.8 13.7135
    endloop
  endfacet
  facet normal 0 1 0
    outer loop
      vertex 159.811 88.8 13.5607
      vertex 159.632 88.8 13.7135
      vertex 254 88.8 25
    endloop
  endfacet
  facet normal 0 1 0
    outer loop
      vertex 157.868 88.8 13.7135
      vertex 0 88.8 25
      vertex 158.069 88.8 13.8365
    endloop
  endfacet
  facet normal 0 1 0
    outer loop
      vertex 159.632 88.8 13.7135
      vertex 159.431 88.8 13.8365
      vertex 254 88.8 25
    endloop
  endfacet
  facet normal 0 1 0
    outer loop
      vertex 158.069 88.8 13.8365
      vertex 0 88.8 25
      vertex 158.286 88.8 13.9266
    endloop
  endfacet
  facet normal 0 1 0
    outer loop
      vertex 159.431 88.8 13.8365
      vertex 159.214 88.8 13.9266
      vertex 254 88.8 25
    endloop
  endfacet
  facet normal 0 1 0
    outer loop
      vertex 158.286 88.8 13.9266
      vertex 0 88.8 25
      vertex 158.515 88.8 13.9815
    endloop
  endfacet
  facet normal 0 1 0
    outer loop
      vertex 159.214 88.8 13.9266
      vertex 158.985 88.8 13.9815
      vertex 254 88.8 25
    endloop
  endfacet
  facet normal 0 1 0
    outer loop
      vertex 158.985 88.8 13.9815
      vertex 158.75 88.8 14
      vertex 254 88.8 25
    endloop
  endfacet
  facet normal 0 1 0
    outer loop
      vertex 157.323 88.8 12.9635
      vertex 0 88.8 25
      vertex 157.413 88.8 13.181
    endloop
  endfacet
  facet normal 0 1 0
    outer loop
      vertex 157.268 88.8 12.7347
      vertex 0 88.8 25
      vertex 157.323 88.8 12.9635
    endloop
  endfacet
  facet normal -0 1 0
    outer loop
      vertex 220.75 88.8 12.5
      vertex 160.25 88.8 12.5
      vertex 220.768 88.8 12.7347
    endloop
  endfacet
  facet normal 0 1 0
    outer loop
      vertex 220.768 88.8 12.2653
      vertex 160.25 88.8 12.5
      vertex 220.75 88.8 12.5
    endloop
  endfacet
  facet normal 0 1 0
    outer loop
      vertex 220.823 88.8 12.0365
      vertex 160.25 88.8 12.5
      vertex 220.768 88.8 12.2653
    endloop
  endfacet
  facet normal 0 1 0
    outer loop
      vertex 220.913 88.8 11.819
      vertex 160.25 88.8 12.5
      vertex 220.823 88.8 12.0365
    endloop
  endfacet
  facet normal 0 1 0
    outer loop
      vertex 221.036 88.8 11.6183
      vertex 160.25 88.8 12.5
      vertex 220.913 88.8 11.819
    endloop
  endfacet
  facet normal 0 1 0
    outer loop
      vertex 221.189 88.8 11.4393
      vertex 160.25 88.8 12.5
      vertex 221.036 88.8 11.6183
    endloop
  endfacet
  facet normal 0 1 0
    outer loop
      vertex 221.368 88.8 11.2865
      vertex 160.25 88.8 12.5
      vertex 221.189 88.8 11.4393
    endloop
  endfacet
  facet normal 0 1 0
    outer loop
      vertex 221.569 88.8 11.1635
      vertex 160.25 88.8 12.5
      vertex 221.368 88.8 11.2865
    endloop
  endfacet
  facet normal 0 1 0
    outer loop
      vertex 221.786 88.8 11.0734
      vertex 160.25 88.8 12.5
      vertex 221.569 88.8 11.1635
    endloop
  endfacet
  facet normal 0 1 0
    outer loop
      vertex 254 88.8 0
      vertex 160.25 88.8 12.5
      vertex 221.786 88.8 11.0734
    endloop
  endfacet
  facet normal -0 1 -0
    outer loop
      vertex 222.25 88.8 11
      vertex 254 88.8 0
      vertex 222.015 88.8 11.0185
    endloop
  endfacet
  facet normal 0 1 -0
    outer loop
      vertex 222.485 88.8 11.0185
      vertex 254 88.8 0
      vertex 222.25 88.8 11
    endloop
  endfacet
  facet normal 0 1 -0
    outer loop
      vertex 222.714 88.8 11.0734
      vertex 254 88.8 0
      vertex 222.485 88.8 11.0185
    endloop
  endfacet
  facet normal 0 1 -0
    outer loop
      vertex 222.931 88.8 11.1635
      vertex 254 88.8 0
      vertex 222.714 88.8 11.0734
    endloop
  endfacet
  facet normal 0 1 -0
    outer loop
      vertex 223.132 88.8 11.2865
      vertex 254 88.8 0
      vertex 222.931 88.8 11.1635
    endloop
  endfacet
  facet normal 0 1 -0
    outer loop
      vertex 223.311 88.8 11.4393
      vertex 254 88.8 0
      vertex 223.132 88.8 11.2865
    endloop
  endfacet
  facet normal 0 1 -0
    outer loop
      vertex 223.464 88.8 11.6183
      vertex 254 88.8 0
      vertex 223.311 88.8 11.4393
    endloop
  endfacet
  facet normal 0 1 -0
    outer loop
      vertex 223.587 88.8 11.819
      vertex 254 88.8 0
      vertex 223.464 88.8 11.6183
    endloop
  endfacet
  facet normal 0 1 0
    outer loop
      vertex 223.132 88.8 13.7135
      vertex 254 88.8 25
      vertex 223.311 88.8 13.5607
    endloop
  endfacet
  facet normal 0 1 0
    outer loop
      vertex 254 88.8 0
      vertex 223.587 88.8 11.819
      vertex 254 88.8 25
    endloop
  endfacet
  facet normal 0 1 0
    outer loop
      vertex 223.587 88.8 11.819
      vertex 223.677 88.8 12.0365
      vertex 254 88.8 25
    endloop
  endfacet
  facet normal 0 1 0
    outer loop
      vertex 223.677 88.8 12.0365
      vertex 223.732 88.8 12.2653
      vertex 254 88.8 25
    endloop
  endfacet
  facet normal 0 1 0
    outer loop
      vertex 223.732 88.8 12.2653
      vertex 223.75 88.8 12.5
      vertex 254 88.8 25
    endloop
  endfacet
  facet normal 0 1 0
    outer loop
      vertex 223.75 88.8 12.5
      vertex 223.732 88.8 12.7347
      vertex 254 88.8 25
    endloop
  endfacet
  facet normal 0 1 0
    outer loop
      vertex 223.732 88.8 12.7347
      vertex 223.677 88.8 12.9635
      vertex 254 88.8 25
    endloop
  endfacet
  facet normal 0 1 0
    outer loop
      vertex 223.677 88.8 12.9635
      vertex 223.587 88.8 13.181
      vertex 254 88.8 25
    endloop
  endfacet
  facet normal 0 1 0
    outer loop
      vertex 223.587 88.8 13.181
      vertex 223.464 88.8 13.3817
      vertex 254 88.8 25
    endloop
  endfacet
  facet normal 0 1 0
    outer loop
      vertex 223.464 88.8 13.3817
      vertex 223.311 88.8 13.5607
      vertex 254 88.8 25
    endloop
  endfacet
  facet normal -0 1 0
    outer loop
      vertex 221.786 88.8 13.9266
      vertex 160.25 88.8 12.5
      vertex 222.015 88.8 13.9815
    endloop
  endfacet
  facet normal -0 1 0
    outer loop
      vertex 221.189 88.8 13.5607
      vertex 160.25 88.8 12.5
      vertex 221.368 88.8 13.7135
    endloop
  endfacet
  facet normal 0 1 0
    outer loop
      vertex 223.132 88.8 13.7135
      vertex 222.931 88.8 13.8365
      vertex 254 88.8 25
    endloop
  endfacet
  facet normal -0 1 0
    outer loop
      vertex 221.368 88.8 13.7135
      vertex 160.25 88.8 12.5
      vertex 221.569 88.8 13.8365
    endloop
  endfacet
  facet normal 0 1 0
    outer loop
      vertex 222.931 88.8 13.8365
      vertex 222.714 88.8 13.9266
      vertex 254 88.8 25
    endloop
  endfacet
  facet normal -0 1 0
    outer loop
      vertex 221.569 88.8 13.8365
      vertex 160.25 88.8 12.5
      vertex 221.786 88.8 13.9266
    endloop
  endfacet
  facet normal 0 1 0
    outer loop
      vertex 222.714 88.8 13.9266
      vertex 222.485 88.8 13.9815
      vertex 254 88.8 25
    endloop
  endfacet
  facet normal -0 1 0
    outer loop
      vertex 222.015 88.8 13.9815
      vertex 160.25 88.8 12.5
      vertex 222.25 88.8 14
    endloop
  endfacet
  facet normal 0 1 0
    outer loop
      vertex 222.485 88.8 13.9815
      vertex 222.25 88.8 14
      vertex 254 88.8 25
    endloop
  endfacet
  facet normal -0 1 0
    outer loop
      vertex 221.036 88.8 13.3817
      vertex 160.25 88.8 12.5
      vertex 221.189 88.8 13.5607
    endloop
  endfacet
  facet normal -0 1 0
    outer loop
      vertex 220.913 88.8 13.181
      vertex 160.25 88.8 12.5
      vertex 221.036 88.8 13.3817
    endloop
  endfacet
  facet normal -0 1 0
    outer loop
      vertex 220.823 88.8 12.9635
      vertex 160.25 88.8 12.5
      vertex 220.913 88.8 13.181
    endloop
  endfacet
  facet normal -0 1 0
    outer loop
      vertex 220.768 88.8 12.7347
      vertex 160.25 88.8 12.5
      vertex 220.823 88.8 12.9635
    endloop
  endfacet
  facet normal 0 1 -0
    outer loop
      vertex 31.9847 88.8 11.0185
      vertex 254 88.8 0
      vertex 31.75 88.8 11
    endloop
  endfacet
  facet normal 0 0 -1
    outer loop
      vertex 0 5 0
      vertex 3 5 0
      vertex 0.061558 4.21783 0
    endloop
  endfacet
  facet normal 0 0 -1
    outer loop
      vertex 14.1667 21.5 0
      vertex 3 5 0
      vertex 3 86.1 0
    endloop
  endfacet
  facet normal 0 0 -1
    outer loop
      vertex 0.061558 4.21783 0
      vertex 3 5 0
      vertex 124.5 5 0
    endloop
  endfacet
  facet normal 0 0 -1
    outer loop
      vertex 0.061558 4.21783 0
      vertex 124.5 5 0
      vertex 127.5 5 0
    endloop
  endfacet
  facet normal 0 -0 -1
    outer loop
      vertex 152.281 70.1631 0
      vertex 127.5 86.1 0
      vertex 251 86.1 0
    endloop
  endfacet
  facet normal -0 0 -1
    outer loop
      vertex 239.747 20.405 0
      vertex 251 86.1 0
      vertex 251 5 0
    endloop
  endfacet
  facet normal 0 0 -1
    outer loop
      vertex 127.5 5 0
      vertex 251 5 0
      vertex 0.061558 4.21783 0
    endloop
  endfacet
  facet normal 0 0 -1
    outer loop
      vertex 251 5 0
      vertex 254 5 0
      vertex 0.061558 4.21783 0
    endloop
  endfacet
  facet normal -0 0 -1
    outer loop
      vertex 0.061558 4.21783 0
      vertex 254 5 0
      vertex 253.938 4.21783 0
    endloop
  endfacet
  facet normal 0 0 -1
    outer loop
      vertex 0.061558 4.21783 0
      vertex 253.938 4.21783 0
      vertex 253.755 3.45492 0
    endloop
  endfacet
  facet normal 0 0 -1
    outer loop
      vertex 0.061558 4.21783 0
      vertex 253.755 3.45492 0
      vertex 253.455 2.73005 0
    endloop
  endfacet
  facet normal 0 0 -1
    outer loop
      vertex 0.061558 4.21783 0
      vertex 253.455 2.73005 0
      vertex 253.045 2.06107 0
    endloop
  endfacet
  facet normal 0 0 -1
    outer loop
      vertex 0.061558 4.21783 0
      vertex 253.045 2.06107 0
      vertex 252.536 1.46447 0
    endloop
  endfacet
  facet normal 0 0 -1
    outer loop
      vertex 0.061558 4.21783 0
      vertex 252.536 1.46447 0
      vertex 251.939 0.954915 0
    endloop
  endfacet
  facet normal 0 0 -1
    outer loop
      vertex 0.061558 4.21783 0
      vertex 251.939 0.954915 0
      vertex 251.27 0.544967 0
    endloop
  endfacet
  facet normal 0 0 -1
    outer loop
      vertex 0.061558 4.21783 0
      vertex 251.27 0.544967 0
      vertex 250.545 0.244717 0
    endloop
  endfacet
  facet normal 0 0 -1
    outer loop
      vertex 0.061558 4.21783 0
      vertex 250.545 0.244717 0
      vertex 249.782 0.061558 0
    endloop
  endfacet
  facet normal 0 0 -1
    outer loop
      vertex 0.061558 4.21783 0
      vertex 249.782 0.061558 0
      vertex 249 0 0
    endloop
  endfacet
  facet normal 0 0 -1
    outer loop
      vertex 0.061558 4.21783 0
      vertex 249 0 0
      vertex 5 0 0
    endloop
  endfacet
  facet normal 0 0 -1
    outer loop
      vertex 0.061558 4.21783 0
      vertex 5 0 0
      vertex 4.21783 0.061558 0
    endloop
  endfacet
  facet normal 0 0 -1
    outer loop
      vertex 0.061558 4.21783 0
      vertex 4.21783 0.061558 0
      vertex 3.45492 0.244717 0
    endloop
  endfacet
  facet normal 0 0 -1
    outer loop
      vertex 0.061558 4.21783 0
      vertex 3.45492 0.244717 0
      vertex 2.73005 0.544967 0
    endloop
  endfacet
  facet normal 0 0 -1
    outer loop
      vertex 0.061558 4.21783 0
      vertex 2.73005 0.544967 0
      vertex 2.06107 0.954915 0
    endloop
  endfacet
  facet normal 0 0 -1
    outer loop
      vertex 0.061558 4.21783 0
      vertex 2.06107 0.954915 0
      vertex 1.46447 1.46447 0
    endloop
  endfacet
  facet normal 0 0 -1
    outer loop
      vertex 0.061558 4.21783 0
      vertex 1.46447 1.46447 0
      vertex 0.954915 2.06107 0
    endloop
  endfacet
  facet normal 0 0 -1
    outer loop
      vertex 0.061558 4.21783 0
      vertex 0.954915 2.06107 0
      vertex 0.544967 2.73005 0
    endloop
  endfacet
  facet normal 0 0 -1
    outer loop
      vertex 0.061558 4.21783 0
      vertex 0.544967 2.73005 0
      vertex 0.244717 3.45492 0
    endloop
  endfacet
  facet normal 0 0 -1
    outer loop
      vertex 14.2528 20.405 0
      vertex 3 5 0
      vertex 14.1667 21.5 0
    endloop
  endfacet
  facet normal 0 0 -1
    outer loop
      vertex 14.2528 22.595 0
      vertex 14.1667 21.5 0
      vertex 3 86.1 0
    endloop
  endfacet
  facet normal 0 0 -1
    outer loop
      vertex 14.5093 19.3369 0
      vertex 3 5 0
      vertex 14.2528 20.405 0
    endloop
  endfacet
  facet normal 0 0 -1
    outer loop
      vertex 14.9296 18.3221 0
      vertex 3 5 0
      vertex 14.5093 19.3369 0
    endloop
  endfacet
  facet normal 0 0 -1
    outer loop
      vertex 15.5035 17.3855 0
      vertex 3 5 0
      vertex 14.9296 18.3221 0
    endloop
  endfacet
  facet normal 0 0 -1
    outer loop
      vertex 16.2169 16.5503 0
      vertex 3 5 0
      vertex 15.5035 17.3855 0
    endloop
  endfacet
  facet normal 0 0 -1
    outer loop
      vertex 17.0522 15.8369 0
      vertex 3 5 0
      vertex 16.2169 16.5503 0
    endloop
  endfacet
  facet normal 0 0 -1
    outer loop
      vertex 17.9887 15.263 0
      vertex 3 5 0
      vertex 17.0522 15.8369 0
    endloop
  endfacet
  facet normal 0 0 -1
    outer loop
      vertex 20.0716 14.5862 0
      vertex 3 5 0
      vertex 19.0035 14.8426 0
    endloop
  endfacet
  facet normal 0 0 -1
    outer loop
      vertex 124.5 5 0
      vertex 3 5 0
      vertex 20.0716 14.5862 0
    endloop
  endfacet
  facet normal 0 0 -1
    outer loop
      vertex 124.5 5 0
      vertex 20.0716 14.5862 0
      vertex 21.1667 14.5 0
    endloop
  endfacet
  facet normal -0 0 -1
    outer loop
      vertex 154.824 62.3369 0
      vertex 185.55 69.4497 0
      vertex 154.404 61.3221 0
    endloop
  endfacet
  facet normal 0 0 -1
    outer loop
      vertex 124.5 5 0
      vertex 22.2617 14.5862 0
      vertex 23.3298 14.8426 0
    endloop
  endfacet
  facet normal 0 0 -1
    outer loop
      vertex 124.5 5 0
      vertex 23.3298 14.8426 0
      vertex 24.3446 15.263 0
    endloop
  endfacet
  facet normal -0 0 -1
    outer loop
      vertex 26.8298 17.3855 0
      vertex 100.884 69.4497 0
      vertex 26.1164 16.5503 0
    endloop
  endfacet
  facet normal 0 0 -1
    outer loop
      vertex 124.5 5 0
      vertex 24.3446 15.263 0
      vertex 25.2812 15.8369 0
    endloop
  endfacet
  facet normal 0 -0 -1
    outer loop
      vertex 100.884 69.4497 0
      vertex 27.4037 18.3221 0
      vertex 101.719 70.1631 0
    endloop
  endfacet
  facet normal 0 0 -1
    outer loop
      vertex 27.4037 18.3221 0
      vertex 124.5 86.1 0
      vertex 101.719 70.1631 0
    endloop
  endfacet
  facet normal -0 0 -1
    outer loop
      vertex 28.1667 21.5 0
      vertex 124.5 86.1 0
      vertex 28.0805 20.405 0
    endloop
  endfacet
  facet normal 0 0 -1
    outer loop
      vertex 27.4037 18.3221 0
      vertex 27.8241 19.3369 0
      vertex 124.5 86.1 0
    endloop
  endfacet
  facet normal 0 0 -1
    outer loop
      vertex 27.8241 19.3369 0
      vertex 28.0805 20.405 0
      vertex 124.5 86.1 0
    endloop
  endfacet
  facet normal 0 0 -1
    outer loop
      vertex 22.2617 14.5862 0
      vertex 124.5 5 0
      vertex 21.1667 14.5 0
    endloop
  endfacet
  facet normal -0 0 -1
    outer loop
      vertex 28.0805 22.595 0
      vertex 124.5 86.1 0
      vertex 28.1667 21.5 0
    endloop
  endfacet
  facet normal -0 0 -1
    outer loop
      vertex 27.8241 23.6631 0
      vertex 124.5 86.1 0
      vertex 28.0805 22.595 0
    endloop
  endfacet
  facet normal -0 0 -1
    outer loop
      vertex 27.4037 24.6779 0
      vertex 124.5 86.1 0
      vertex 27.8241 23.6631 0
    endloop
  endfacet
  facet normal -0 0 -1
    outer loop
      vertex 26.8298 25.6145 0
      vertex 124.5 86.1 0
      vertex 27.4037 24.6779 0
    endloop
  endfacet
  facet normal -0 0 -1
    outer loop
      vertex 26.1164 26.4497 0
      vertex 124.5 86.1 0
      vertex 26.8298 25.6145 0
    endloop
  endfacet
  facet normal -0 0 -1
    outer loop
      vertex 25.2812 27.1631 0
      vertex 124.5 86.1 0
      vertex 26.1164 26.4497 0
    endloop
  endfacet
  facet normal -0 0 -1
    outer loop
      vertex 24.3446 27.737 0
      vertex 124.5 86.1 0
      vertex 25.2812 27.1631 0
    endloop
  endfacet
  facet normal 0 0 -1
    outer loop
      vertex 14.9296 61.3221 0
      vertex 24.3446 27.737 0
      vertex 14.5093 62.3369 0
    endloop
  endfacet
  facet normal 0 0 -1
    outer loop
      vertex 14.5093 62.3369 0
      vertex 24.3446 27.737 0
      vertex 3 86.1 0
    endloop
  endfacet
  facet normal 0 0 -1
    outer loop
      vertex 24.3446 27.737 0
      vertex 23.3298 28.1574 0
      vertex 3 86.1 0
    endloop
  endfacet
  facet normal 0 0 -1
    outer loop
      vertex 23.3298 28.1574 0
      vertex 22.2617 28.4138 0
      vertex 3 86.1 0
    endloop
  endfacet
  facet normal 0 0 -1
    outer loop
      vertex 22.2617 28.4138 0
      vertex 21.1667 28.5 0
      vertex 3 86.1 0
    endloop
  endfacet
  facet normal 0 0 -1
    outer loop
      vertex 21.1667 28.5 0
      vertex 20.0716 28.4138 0
      vertex 3 86.1 0
    endloop
  endfacet
  facet normal 0 0 -1
    outer loop
      vertex 20.0716 28.4138 0
      vertex 19.0035 28.1574 0
      vertex 3 86.1 0
    endloop
  endfacet
  facet normal 0 0 -1
    outer loop
      vertex 19.0035 28.1574 0
      vertex 17.9887 27.737 0
      vertex 3 86.1 0
    endloop
  endfacet
  facet normal 0 0 -1
    outer loop
      vertex 17.9887 27.737 0
      vertex 17.0522 27.1631 0
      vertex 3 86.1 0
    endloop
  endfacet
  facet normal 0 0 -1
    outer loop
      vertex 17.0522 27.1631 0
      vertex 16.2169 26.4497 0
      vertex 3 86.1 0
    endloop
  endfacet
  facet normal 0 0 -1
    outer loop
      vertex 16.2169 26.4497 0
      vertex 15.5035 25.6145 0
      vertex 3 86.1 0
    endloop
  endfacet
  facet normal 0 0 -1
    outer loop
      vertex 15.5035 25.6145 0
      vertex 14.9296 24.6779 0
      vertex 3 86.1 0
    endloop
  endfacet
  facet normal 0 0 -1
    outer loop
      vertex 14.9296 24.6779 0
      vertex 14.5093 23.6631 0
      vertex 3 86.1 0
    endloop
  endfacet
  facet normal 0 0 -1
    outer loop
      vertex 14.5093 23.6631 0
      vertex 14.2528 22.595 0
      vertex 3 86.1 0
    endloop
  endfacet
  facet normal 0 0 -1
    outer loop
      vertex 14.2528 65.595 0
      vertex 14.1667 64.5 0
      vertex 3 86.1 0
    endloop
  endfacet
  facet normal 0 0 -1
    outer loop
      vertex 15.5035 60.3855 0
      vertex 24.3446 27.737 0
      vertex 14.9296 61.3221 0
    endloop
  endfacet
  facet normal 0 0 -1
    outer loop
      vertex 14.1667 64.5 0
      vertex 14.2528 63.405 0
      vertex 3 86.1 0
    endloop
  endfacet
  facet normal 0 0 -1
    outer loop
      vertex 14.2528 63.405 0
      vertex 14.5093 62.3369 0
      vertex 3 86.1 0
    endloop
  endfacet
  facet normal 0 0 -1
    outer loop
      vertex 16.2169 59.5503 0
      vertex 24.3446 27.737 0
      vertex 15.5035 60.3855 0
    endloop
  endfacet
  facet normal 0 0 -1
    outer loop
      vertex 17.0522 58.8369 0
      vertex 24.3446 27.737 0
      vertex 16.2169 59.5503 0
    endloop
  endfacet
  facet normal -0 0 -1
    outer loop
      vertex 155.08 63.405 0
      vertex 186.386 70.1631 0
      vertex 154.824 62.3369 0
    endloop
  endfacet
  facet normal 0 0 -1
    outer loop
      vertex 17.9887 58.263 0
      vertex 24.3446 27.737 0
      vertex 17.0522 58.8369 0
    endloop
  endfacet
  facet normal 0 0 -1
    outer loop
      vertex 19.0035 57.8426 0
      vertex 24.3446 27.737 0
      vertex 17.9887 58.263 0
    endloop
  endfacet
  facet normal 0 0 -1
    outer loop
      vertex 20.0716 57.5862 0
      vertex 24.3446 27.737 0
      vertex 19.0035 57.8426 0
    endloop
  endfacet
  facet normal 0 0 -1
    outer loop
      vertex 21.1667 57.5 0
      vertex 24.3446 27.737 0
      vertex 20.0716 57.5862 0
    endloop
  endfacet
  facet normal 0 0 -1
    outer loop
      vertex 22.2617 57.5862 0
      vertex 24.3446 27.737 0
      vertex 21.1667 57.5 0
    endloop
  endfacet
  facet normal 0 0 -1
    outer loop
      vertex 23.3298 57.8426 0
      vertex 24.3446 27.737 0
      vertex 22.2617 57.5862 0
    endloop
  endfacet
  facet normal 0 0 -1
    outer loop
      vertex 56.5 64.5 0
      vertex 24.3446 27.737 0
      vertex 23.3298 57.8426 0
    endloop
  endfacet
  facet normal 0 -0 -1
    outer loop
      vertex 57.263 67.6779 0
      vertex 26.8298 60.3855 0
      vertex 57.8369 68.6145 0
    endloop
  endfacet
  facet normal -0 0 -1
    outer loop
      vertex 26.1164 59.5503 0
      vertex 57.263 67.6779 0
      vertex 25.2812 58.8369 0
    endloop
  endfacet
  facet normal 0 -0 -1
    outer loop
      vertex 56.8426 66.6631 0
      vertex 25.2812 58.8369 0
      vertex 57.263 67.6779 0
    endloop
  endfacet
  facet normal -0 0 -1
    outer loop
      vertex 65.6631 71.1574 0
      vertex 124.5 86.1 0
      vertex 66.6779 70.737 0
    endloop
  endfacet
  facet normal 0 -0 -1
    outer loop
      vertex 57.8369 68.6145 0
      vertex 27.4037 61.3221 0
      vertex 58.5503 69.4497 0
    endloop
  endfacet
  facet normal -0 0 -1
    outer loop
      vertex 27.8241 62.3369 0
      vertex 58.5503 69.4497 0
      vertex 27.4037 61.3221 0
    endloop
  endfacet
  facet normal 0 -0 -1
    outer loop
      vertex 59.3855 70.1631 0
      vertex 28.0805 63.405 0
      vertex 60.3221 70.737 0
    endloop
  endfacet
  facet normal 0 0 -1
    outer loop
      vertex 28.0805 63.405 0
      vertex 124.5 86.1 0
      vertex 62.405 71.4138 0
    endloop
  endfacet
  facet normal -0 0 -1
    outer loop
      vertex 27.4037 67.6779 0
      vertex 124.5 86.1 0
      vertex 27.8241 66.6631 0
    endloop
  endfacet
  facet normal 0 0 -1
    outer loop
      vertex 124.5 86.1 0
      vertex 28.0805 63.405 0
      vertex 28.1667 64.5 0
    endloop
  endfacet
  facet normal 0 0 -1
    outer loop
      vertex 124.5 86.1 0
      vertex 28.1667 64.5 0
      vertex 28.0805 65.595 0
    endloop
  endfacet
  facet normal 0 0 -1
    outer loop
      vertex 124.5 86.1 0
      vertex 28.0805 65.595 0
      vertex 27.8241 66.6631 0
    endloop
  endfacet
  facet normal -0 -0 -1
    outer loop
      vertex 23.3298 71.1574 0
      vertex 3 86.1 0
      vertex 24.3446 70.737 0
    endloop
  endfacet
  facet normal 0 0 -1
    outer loop
      vertex 124.5 86.1 0
      vertex 27.4037 67.6779 0
      vertex 26.8298 68.6145 0
    endloop
  endfacet
  facet normal 0 0 -1
    outer loop
      vertex 124.5 86.1 0
      vertex 26.8298 68.6145 0
      vertex 26.1164 69.4497 0
    endloop
  endfacet
  facet normal 0 0 -1
    outer loop
      vertex 124.5 86.1 0
      vertex 26.1164 69.4497 0
      vertex 25.2812 70.1631 0
    endloop
  endfacet
  facet normal 0 0 -1
    outer loop
      vertex 124.5 86.1 0
      vertex 25.2812 70.1631 0
      vertex 3 86.1 0
    endloop
  endfacet
  facet normal 0 0 -1
    outer loop
      vertex 25.2812 70.1631 0
      vertex 24.3446 70.737 0
      vertex 3 86.1 0
    endloop
  endfacet
  facet normal -0 -0 -1
    outer loop
      vertex 22.2617 71.4138 0
      vertex 3 86.1 0
      vertex 23.3298 71.1574 0
    endloop
  endfacet
  facet normal 0 0 -1
    outer loop
      vertex 64.595 14.5862 0
      vertex 124.5 5 0
      vertex 63.5 14.5 0
    endloop
  endfacet
  facet normal 0 0 -1
    outer loop
      vertex 22.2617 71.4138 0
      vertex 21.1667 71.5 0
      vertex 3 86.1 0
    endloop
  endfacet
  facet normal 0 0 -1
    outer loop
      vertex 21.1667 71.5 0
      vertex 20.0716 71.4138 0
      vertex 3 86.1 0
    endloop
  endfacet
  facet normal 0 0 -1
    outer loop
      vertex 20.0716 71.4138 0
      vertex 19.0035 71.1574 0
      vertex 3 86.1 0
    endloop
  endfacet
  facet normal 0 0 -1
    outer loop
      vertex 19.0035 71.1574 0
      vertex 17.9887 70.737 0
      vertex 3 86.1 0
    endloop
  endfacet
  facet normal 0 0 -1
    outer loop
      vertex 17.9887 70.737 0
      vertex 17.0522 70.1631 0
      vertex 3 86.1 0
    endloop
  endfacet
  facet normal 0 0 -1
    outer loop
      vertex 17.0522 70.1631 0
      vertex 16.2169 69.4497 0
      vertex 3 86.1 0
    endloop
  endfacet
  facet normal 0 0 -1
    outer loop
      vertex 16.2169 69.4497 0
      vertex 15.5035 68.6145 0
      vertex 3 86.1 0
    endloop
  endfacet
  facet normal 0 0 -1
    outer loop
      vertex 15.5035 68.6145 0
      vertex 14.9296 67.6779 0
      vertex 3 86.1 0
    endloop
  endfacet
  facet normal 0 0 -1
    outer loop
      vertex 14.9296 67.6779 0
      vertex 14.5093 66.6631 0
      vertex 3 86.1 0
    endloop
  endfacet
  facet normal 0 0 -1
    outer loop
      vertex 14.5093 66.6631 0
      vertex 14.2528 65.595 0
      vertex 3 86.1 0
    endloop
  endfacet
  facet normal 0 0 -1
    outer loop
      vertex 56.5862 20.405 0
      vertex 25.2812 15.8369 0
      vertex 56.5 21.5 0
    endloop
  endfacet
  facet normal 0 0 -1
    outer loop
      vertex 56.8426 19.3369 0
      vertex 25.2812 15.8369 0
      vertex 56.5862 20.405 0
    endloop
  endfacet
  facet normal 0 0 -1
    outer loop
      vertex 57.263 18.3221 0
      vertex 25.2812 15.8369 0
      vertex 56.8426 19.3369 0
    endloop
  endfacet
  facet normal 0 0 -1
    outer loop
      vertex 57.8369 17.3855 0
      vertex 25.2812 15.8369 0
      vertex 57.263 18.3221 0
    endloop
  endfacet
  facet normal 0 0 -1
    outer loop
      vertex 58.5503 16.5503 0
      vertex 25.2812 15.8369 0
      vertex 57.8369 17.3855 0
    endloop
  endfacet
  facet normal 0 0 -1
    outer loop
      vertex 59.3855 15.8369 0
      vertex 25.2812 15.8369 0
      vertex 58.5503 16.5503 0
    endloop
  endfacet
  facet normal 0 0 -1
    outer loop
      vertex 60.3221 15.263 0
      vertex 25.2812 15.8369 0
      vertex 59.3855 15.8369 0
    endloop
  endfacet
  facet normal 0 0 -1
    outer loop
      vertex 61.3369 14.8426 0
      vertex 25.2812 15.8369 0
      vertex 60.3221 15.263 0
    endloop
  endfacet
  facet normal 0 0 -1
    outer loop
      vertex 62.405 14.5862 0
      vertex 25.2812 15.8369 0
      vertex 61.3369 14.8426 0
    endloop
  endfacet
  facet normal 0 0 -1
    outer loop
      vertex 124.5 5 0
      vertex 25.2812 15.8369 0
      vertex 62.405 14.5862 0
    endloop
  endfacet
  facet normal 0 0 -1
    outer loop
      vertex 124.5 5 0
      vertex 62.405 14.5862 0
      vertex 63.5 14.5 0
    endloop
  endfacet
  facet normal 0 0 -1
    outer loop
      vertex 65.6631 14.8426 0
      vertex 124.5 5 0
      vertex 64.595 14.5862 0
    endloop
  endfacet
  facet normal 0 0 -1
    outer loop
      vertex 66.6779 15.263 0
      vertex 124.5 5 0
      vertex 65.6631 14.8426 0
    endloop
  endfacet
  facet normal 0 0 -1
    outer loop
      vertex 67.6145 15.8369 0
      vertex 124.5 5 0
      vertex 66.6779 15.263 0
    endloop
  endfacet
  facet normal 0 0 -1
    outer loop
      vertex 68.4497 16.5503 0
      vertex 124.5 5 0
      vertex 67.6145 15.8369 0
    endloop
  endfacet
  facet normal 0 0 -1
    outer loop
      vertex 69.1631 17.3855 0
      vertex 124.5 5 0
      vertex 68.4497 16.5503 0
    endloop
  endfacet
  facet normal 0 0 -1
    outer loop
      vertex 69.737 18.3221 0
      vertex 124.5 5 0
      vertex 69.1631 17.3855 0
    endloop
  endfacet
  facet normal -0 0 -1
    outer loop
      vertex 112.747 63.405 0
      vertex 124.5 86.1 0
      vertex 112.491 62.3369 0
    endloop
  endfacet
  facet normal 0 0 -1
    outer loop
      vertex 102.655 58.263 0
      vertex 69.737 18.3221 0
      vertex 70.1574 19.3369 0
    endloop
  endfacet
  facet normal 0 0 -1
    outer loop
      vertex 102.655 58.263 0
      vertex 70.1574 19.3369 0
      vertex 70.4138 20.405 0
    endloop
  endfacet
  facet normal 0 0 -1
    outer loop
      vertex 102.655 58.263 0
      vertex 70.4138 20.405 0
      vertex 101.719 58.8369 0
    endloop
  endfacet
  facet normal 0 0 -1
    outer loop
      vertex 101.719 58.8369 0
      vertex 70.5 21.5 0
      vertex 70.4138 22.595 0
    endloop
  endfacet
  facet normal 0 0 -1
    outer loop
      vertex 100.884 59.5503 0
      vertex 69.737 24.6779 0
      vertex 69.1631 25.6145 0
    endloop
  endfacet
  facet normal 0 0 -1
    outer loop
      vertex 100.884 59.5503 0
      vertex 69.1631 25.6145 0
      vertex 68.4497 26.4497 0
    endloop
  endfacet
  facet normal 0 0 -1
    outer loop
      vertex 100.17 60.3855 0
      vertex 66.6779 27.737 0
      vertex 99.5963 61.3221 0
    endloop
  endfacet
  facet normal -0 0 -1
    outer loop
      vertex 67.6145 58.8369 0
      vertex 124.5 86.1 0
      vertex 66.6779 58.263 0
    endloop
  endfacet
  facet normal 0 -0 -1
    outer loop
      vertex 59.3855 27.1631 0
      vertex 25.2812 15.8369 0
      vertex 60.3221 27.737 0
    endloop
  endfacet
  facet normal 0 -0 -1
    outer loop
      vertex 58.5503 26.4497 0
      vertex 25.2812 15.8369 0
      vertex 59.3855 27.1631 0
    endloop
  endfacet
  facet normal 0 0 -1
    outer loop
      vertex 99.5963 61.3221 0
      vertex 65.6631 28.1574 0
      vertex 64.595 28.4138 0
    endloop
  endfacet
  facet normal 0 -0 -1
    outer loop
      vertex 60.3221 27.737 0
      vertex 25.2812 15.8369 0
      vertex 61.3369 28.1574 0
    endloop
  endfacet
  facet normal 0 0 -1
    outer loop
      vertex 99.5963 61.3221 0
      vertex 64.595 28.4138 0
      vertex 63.5 28.5 0
    endloop
  endfacet
  facet normal 0 -0 -1
    outer loop
      vertex 57.8369 25.6145 0
      vertex 25.2812 15.8369 0
      vertex 58.5503 26.4497 0
    endloop
  endfacet
  facet normal 0 -0 -1
    outer loop
      vertex 57.263 24.6779 0
      vertex 25.2812 15.8369 0
      vertex 57.8369 25.6145 0
    endloop
  endfacet
  facet normal 0 -0 -1
    outer loop
      vertex 56.8426 23.6631 0
      vertex 25.2812 15.8369 0
      vertex 57.263 24.6779 0
    endloop
  endfacet
  facet normal 0 -0 -1
    outer loop
      vertex 56.5862 22.595 0
      vertex 25.2812 15.8369 0
      vertex 56.8426 23.6631 0
    endloop
  endfacet
  facet normal 0 -0 -1
    outer loop
      vertex 56.5 21.5 0
      vertex 25.2812 15.8369 0
      vertex 56.5862 22.595 0
    endloop
  endfacet
  facet normal 0 0 -1
    outer loop
      vertex 56.5862 63.405 0
      vertex 24.3446 27.737 0
      vertex 56.5 64.5 0
    endloop
  endfacet
  facet normal 0 0 -1
    outer loop
      vertex 56.5862 65.595 0
      vertex 56.5 64.5 0
      vertex 23.3298 57.8426 0
    endloop
  endfacet
  facet normal 0 0 -1
    outer loop
      vertex 56.8426 62.3369 0
      vertex 24.3446 27.737 0
      vertex 56.5862 63.405 0
    endloop
  endfacet
  facet normal 0 0 -1
    outer loop
      vertex 57.263 61.3221 0
      vertex 24.3446 27.737 0
      vertex 56.8426 62.3369 0
    endloop
  endfacet
  facet normal 0 0 -1
    outer loop
      vertex 57.8369 60.3855 0
      vertex 24.3446 27.737 0
      vertex 57.263 61.3221 0
    endloop
  endfacet
  facet normal 0 0 -1
    outer loop
      vertex 58.5503 59.5503 0
      vertex 24.3446 27.737 0
      vertex 57.8369 60.3855 0
    endloop
  endfacet
  facet normal 0 0 -1
    outer loop
      vertex 59.3855 58.8369 0
      vertex 24.3446 27.737 0
      vertex 58.5503 59.5503 0
    endloop
  endfacet
  facet normal 0 0 -1
    outer loop
      vertex 60.3221 58.263 0
      vertex 24.3446 27.737 0
      vertex 59.3855 58.8369 0
    endloop
  endfacet
  facet normal 0 0 -1
    outer loop
      vertex 61.3369 57.8426 0
      vertex 24.3446 27.737 0
      vertex 60.3221 58.263 0
    endloop
  endfacet
  facet normal 0 0 -1
    outer loop
      vertex 62.405 57.5862 0
      vertex 24.3446 27.737 0
      vertex 61.3369 57.8426 0
    endloop
  endfacet
  facet normal 0 0 -1
    outer loop
      vertex 63.5 57.5 0
      vertex 24.3446 27.737 0
      vertex 62.405 57.5862 0
    endloop
  endfacet
  facet normal 0 0 -1
    outer loop
      vertex 64.595 57.5862 0
      vertex 24.3446 27.737 0
      vertex 63.5 57.5 0
    endloop
  endfacet
  facet normal 0 0 -1
    outer loop
      vertex 65.6631 57.8426 0
      vertex 24.3446 27.737 0
      vertex 64.595 57.5862 0
    endloop
  endfacet
  facet normal 0 0 -1
    outer loop
      vertex 66.6779 58.263 0
      vertex 24.3446 27.737 0
      vertex 65.6631 57.8426 0
    endloop
  endfacet
  facet normal 0 0 -1
    outer loop
      vertex 124.5 86.1 0
      vertex 24.3446 27.737 0
      vertex 66.6779 58.263 0
    endloop
  endfacet
  facet normal -0 0 -1
    outer loop
      vertex 68.4497 59.5503 0
      vertex 124.5 86.1 0
      vertex 67.6145 58.8369 0
    endloop
  endfacet
  facet normal -0 0 -1
    outer loop
      vertex 69.1631 60.3855 0
      vertex 124.5 86.1 0
      vertex 68.4497 59.5503 0
    endloop
  endfacet
  facet normal -0 0 -1
    outer loop
      vertex 69.737 61.3221 0
      vertex 124.5 86.1 0
      vertex 69.1631 60.3855 0
    endloop
  endfacet
  facet normal -0 0 -1
    outer loop
      vertex 70.1574 62.3369 0
      vertex 124.5 86.1 0
      vertex 69.737 61.3221 0
    endloop
  endfacet
  facet normal -0 0 -1
    outer loop
      vertex 70.4138 63.405 0
      vertex 124.5 86.1 0
      vertex 70.1574 62.3369 0
    endloop
  endfacet
  facet normal -0 0 -1
    outer loop
      vertex 70.5 64.5 0
      vertex 124.5 86.1 0
      vertex 70.4138 63.405 0
    endloop
  endfacet
  facet normal -0 0 -1
    outer loop
      vertex 70.4138 65.595 0
      vertex 124.5 86.1 0
      vertex 70.5 64.5 0
    endloop
  endfacet
  facet normal -0 0 -1
    outer loop
      vertex 70.1574 66.6631 0
      vertex 124.5 86.1 0
      vertex 70.4138 65.595 0
    endloop
  endfacet
  facet normal -0 0 -1
    outer loop
      vertex 69.737 67.6779 0
      vertex 124.5 86.1 0
      vertex 70.1574 66.6631 0
    endloop
  endfacet
  facet normal -0 0 -1
    outer loop
      vertex 69.1631 68.6145 0
      vertex 124.5 86.1 0
      vertex 69.737 67.6779 0
    endloop
  endfacet
  facet normal -0 0 -1
    outer loop
      vertex 66.6779 70.737 0
      vertex 124.5 86.1 0
      vertex 67.6145 70.1631 0
    endloop
  endfacet
  facet normal 0 0 -1
    outer loop
      vertex 124.5 86.1 0
      vertex 69.1631 68.6145 0
      vertex 68.4497 69.4497 0
    endloop
  endfacet
  facet normal 0 0 -1
    outer loop
      vertex 124.5 86.1 0
      vertex 68.4497 69.4497 0
      vertex 67.6145 70.1631 0
    endloop
  endfacet
  facet normal -0 0 -1
    outer loop
      vertex 27.4037 61.3221 0
      vertex 57.8369 68.6145 0
      vertex 26.8298 60.3855 0
    endloop
  endfacet
  facet normal -0 0 -1
    outer loop
      vertex 64.595 71.4138 0
      vertex 124.5 86.1 0
      vertex 65.6631 71.1574 0
    endloop
  endfacet
  facet normal 0 0 -1
    outer loop
      vertex 124.5 86.1 0
      vertex 64.595 71.4138 0
      vertex 63.5 71.5 0
    endloop
  endfacet
  facet normal 0 0 -1
    outer loop
      vertex 124.5 86.1 0
      vertex 63.5 71.5 0
      vertex 62.405 71.4138 0
    endloop
  endfacet
  facet normal 0 0 -1
    outer loop
      vertex 56.8426 66.6631 0
      vertex 23.3298 57.8426 0
      vertex 24.3446 58.263 0
    endloop
  endfacet
  facet normal 0 0 -1
    outer loop
      vertex 155.08 63.405 0
      vertex 187.322 70.737 0
      vertex 186.386 70.1631 0
    endloop
  endfacet
  facet normal 0 0 -1
    outer loop
      vertex 28.0805 63.405 0
      vertex 62.405 71.4138 0
      vertex 61.3369 71.1574 0
    endloop
  endfacet
  facet normal 0 0 -1
    outer loop
      vertex 57.263 67.6779 0
      vertex 26.1164 59.5503 0
      vertex 26.8298 60.3855 0
    endloop
  endfacet
  facet normal 0 0 -1
    outer loop
      vertex 56.8426 66.6631 0
      vertex 24.3446 58.263 0
      vertex 25.2812 58.8369 0
    endloop
  endfacet
  facet normal 0 -0 -1
    outer loop
      vertex 56.5862 65.595 0
      vertex 23.3298 57.8426 0
      vertex 56.8426 66.6631 0
    endloop
  endfacet
  facet normal 0 0 -1
    outer loop
      vertex 104.738 14.5862 0
      vertex 124.5 5 0
      vertex 103.67 14.8426 0
    endloop
  endfacet
  facet normal 0 0 -1
    outer loop
      vertex 98.9195 20.405 0
      vertex 69.737 18.3221 0
      vertex 98.8333 21.5 0
    endloop
  endfacet
  facet normal 0 0 -1
    outer loop
      vertex 99.1759 62.3369 0
      vertex 61.3369 28.1574 0
      vertex 98.9195 63.405 0
    endloop
  endfacet
  facet normal 0 0 -1
    outer loop
      vertex 99.1759 19.3369 0
      vertex 69.737 18.3221 0
      vertex 98.9195 20.405 0
    endloop
  endfacet
  facet normal 0 0 -1
    outer loop
      vertex 99.5963 18.3221 0
      vertex 69.737 18.3221 0
      vertex 99.1759 19.3369 0
    endloop
  endfacet
  facet normal 0 0 -1
    outer loop
      vertex 100.17 17.3855 0
      vertex 69.737 18.3221 0
      vertex 99.5963 18.3221 0
    endloop
  endfacet
  facet normal 0 0 -1
    outer loop
      vertex 100.884 16.5503 0
      vertex 69.737 18.3221 0
      vertex 100.17 17.3855 0
    endloop
  endfacet
  facet normal 0 0 -1
    outer loop
      vertex 101.719 15.8369 0
      vertex 69.737 18.3221 0
      vertex 100.884 16.5503 0
    endloop
  endfacet
  facet normal 0 0 -1
    outer loop
      vertex 102.655 15.263 0
      vertex 69.737 18.3221 0
      vertex 101.719 15.8369 0
    endloop
  endfacet
  facet normal 0 0 -1
    outer loop
      vertex 124.5 5 0
      vertex 69.737 18.3221 0
      vertex 102.655 15.263 0
    endloop
  endfacet
  facet normal 0 0 -1
    outer loop
      vertex 124.5 5 0
      vertex 102.655 15.263 0
      vertex 103.67 14.8426 0
    endloop
  endfacet
  facet normal 0 0 -1
    outer loop
      vertex 105.833 14.5 0
      vertex 124.5 5 0
      vertex 104.738 14.5862 0
    endloop
  endfacet
  facet normal 0 0 -1
    outer loop
      vertex 106.928 14.5862 0
      vertex 124.5 5 0
      vertex 105.833 14.5 0
    endloop
  endfacet
  facet normal 0 0 -1
    outer loop
      vertex 107.996 14.8426 0
      vertex 124.5 5 0
      vertex 106.928 14.5862 0
    endloop
  endfacet
  facet normal 0 0 -1
    outer loop
      vertex 109.011 15.263 0
      vertex 124.5 5 0
      vertex 107.996 14.8426 0
    endloop
  endfacet
  facet normal -0 0 -1
    outer loop
      vertex 106.928 71.4138 0
      vertex 124.5 86.1 0
      vertex 107.996 71.1574 0
    endloop
  endfacet
  facet normal -0 0 -1
    outer loop
      vertex 112.833 21.5 0
      vertex 124.5 86.1 0
      vertex 112.747 20.405 0
    endloop
  endfacet
  facet normal 0 0 -1
    outer loop
      vertex 124.5 5 0
      vertex 109.011 15.263 0
      vertex 109.948 15.8369 0
    endloop
  endfacet
  facet normal 0 0 -1
    outer loop
      vertex 124.5 5 0
      vertex 109.948 15.8369 0
      vertex 110.783 16.5503 0
    endloop
  endfacet
  facet normal 0 0 -1
    outer loop
      vertex 124.5 5 0
      vertex 110.783 16.5503 0
      vertex 111.496 17.3855 0
    endloop
  endfacet
  facet normal 0 0 -1
    outer loop
      vertex 124.5 5 0
      vertex 111.496 17.3855 0
      vertex 112.07 18.3221 0
    endloop
  endfacet
  facet normal 0 0 -1
    outer loop
      vertex 124.5 5 0
      vertex 112.07 18.3221 0
      vertex 112.491 19.3369 0
    endloop
  endfacet
  facet normal 0 0 -1
    outer loop
      vertex 124.5 5 0
      vertex 112.491 19.3369 0
      vertex 112.747 20.405 0
    endloop
  endfacet
  facet normal 0 0 -1
    outer loop
      vertex 124.5 5 0
      vertex 112.747 20.405 0
      vertex 124.5 86.1 0
    endloop
  endfacet
  facet normal -0 0 -1
    outer loop
      vertex 112.747 22.595 0
      vertex 124.5 86.1 0
      vertex 112.833 21.5 0
    endloop
  endfacet
  facet normal -0 0 -1
    outer loop
      vertex 112.491 23.6631 0
      vertex 124.5 86.1 0
      vertex 112.747 22.595 0
    endloop
  endfacet
  facet normal -0 0 -1
    outer loop
      vertex 112.07 24.6779 0
      vertex 124.5 86.1 0
      vertex 112.491 23.6631 0
    endloop
  endfacet
  facet normal -0 0 -1
    outer loop
      vertex 111.496 25.6145 0
      vertex 124.5 86.1 0
      vertex 112.07 24.6779 0
    endloop
  endfacet
  facet normal -0 0 -1
    outer loop
      vertex 110.783 26.4497 0
      vertex 124.5 86.1 0
      vertex 111.496 25.6145 0
    endloop
  endfacet
  facet normal 0 0 -1
    outer loop
      vertex 100.17 25.6145 0
      vertex 124.5 86.1 0
      vertex 100.884 26.4497 0
    endloop
  endfacet
  facet normal 0 -0 -1
    outer loop
      vertex 110.783 26.4497 0
      vertex 109.948 27.1631 0
      vertex 124.5 86.1 0
    endloop
  endfacet
  facet normal 0 -0 -1
    outer loop
      vertex 109.948 27.1631 0
      vertex 109.011 27.737 0
      vertex 124.5 86.1 0
    endloop
  endfacet
  facet normal 0 -0 -1
    outer loop
      vertex 109.011 27.737 0
      vertex 107.996 28.1574 0
      vertex 124.5 86.1 0
    endloop
  endfacet
  facet normal 0 -0 -1
    outer loop
      vertex 107.996 28.1574 0
      vertex 106.928 28.4138 0
      vertex 124.5 86.1 0
    endloop
  endfacet
  facet normal 0 -0 -1
    outer loop
      vertex 106.928 28.4138 0
      vertex 105.833 28.5 0
      vertex 124.5 86.1 0
    endloop
  endfacet
  facet normal 0 -0 -1
    outer loop
      vertex 105.833 28.5 0
      vertex 104.738 28.4138 0
      vertex 124.5 86.1 0
    endloop
  endfacet
  facet normal 0 -0 -1
    outer loop
      vertex 104.738 28.4138 0
      vertex 103.67 28.1574 0
      vertex 124.5 86.1 0
    endloop
  endfacet
  facet normal 0 -0 -1
    outer loop
      vertex 103.67 28.1574 0
      vertex 102.655 27.737 0
      vertex 124.5 86.1 0
    endloop
  endfacet
  facet normal 0 -0 -1
    outer loop
      vertex 102.655 27.737 0
      vertex 101.719 27.1631 0
      vertex 124.5 86.1 0
    endloop
  endfacet
  facet normal 0 -0 -1
    outer loop
      vertex 101.719 27.1631 0
      vertex 100.884 26.4497 0
      vertex 124.5 86.1 0
    endloop
  endfacet
  facet normal 0 -0 -1
    outer loop
      vertex 99.5963 24.6779 0
      vertex 69.737 18.3221 0
      vertex 100.17 25.6145 0
    endloop
  endfacet
  facet normal 0 0 -1
    outer loop
      vertex 99.1759 62.3369 0
      vertex 62.405 28.4138 0
      vertex 61.3369 28.1574 0
    endloop
  endfacet
  facet normal 0 -0 -1
    outer loop
      vertex 99.1759 23.6631 0
      vertex 69.737 18.3221 0
      vertex 99.5963 24.6779 0
    endloop
  endfacet
  facet normal 0 -0 -1
    outer loop
      vertex 98.9195 22.595 0
      vertex 69.737 18.3221 0
      vertex 99.1759 23.6631 0
    endloop
  endfacet
  facet normal 0 -0 -1
    outer loop
      vertex 98.8333 21.5 0
      vertex 69.737 18.3221 0
      vertex 98.9195 22.595 0
    endloop
  endfacet
  facet normal 0 -0 -1
    outer loop
      vertex 61.3369 28.1574 0
      vertex 25.2812 15.8369 0
      vertex 98.8333 64.5 0
    endloop
  endfacet
  facet normal 0 0 -1
    outer loop
      vertex 61.3369 28.1574 0
      vertex 98.8333 64.5 0
      vertex 98.9195 63.405 0
    endloop
  endfacet
  facet normal 0 -0 -1
    outer loop
      vertex 63.5 28.5 0
      vertex 62.405 28.4138 0
      vertex 99.1759 62.3369 0
    endloop
  endfacet
  facet normal -0 0 -1
    outer loop
      vertex 109.011 70.737 0
      vertex 124.5 86.1 0
      vertex 109.948 70.1631 0
    endloop
  endfacet
  facet normal 0 -0 -1
    outer loop
      vertex 66.6779 27.737 0
      vertex 65.6631 28.1574 0
      vertex 99.5963 61.3221 0
    endloop
  endfacet
  facet normal 0 0 -1
    outer loop
      vertex 100.884 59.5503 0
      vertex 68.4497 26.4497 0
      vertex 100.17 60.3855 0
    endloop
  endfacet
  facet normal 0 -0 -1
    outer loop
      vertex 68.4497 26.4497 0
      vertex 67.6145 27.1631 0
      vertex 100.17 60.3855 0
    endloop
  endfacet
  facet normal 0 -0 -1
    outer loop
      vertex 70.1574 23.6631 0
      vertex 69.737 24.6779 0
      vertex 100.884 59.5503 0
    endloop
  endfacet
  facet normal -0 0 -1
    outer loop
      vertex 109.948 70.1631 0
      vertex 124.5 86.1 0
      vertex 110.783 69.4497 0
    endloop
  endfacet
  facet normal 0 0 -1
    outer loop
      vertex 70.4138 20.405 0
      vertex 70.5 21.5 0
      vertex 101.719 58.8369 0
    endloop
  endfacet
  facet normal 0 -0 -1
    outer loop
      vertex 100.17 25.6145 0
      vertex 69.737 18.3221 0
      vertex 102.655 58.263 0
    endloop
  endfacet
  facet normal 0 0 -1
    outer loop
      vertex 100.17 25.6145 0
      vertex 102.655 58.263 0
      vertex 103.67 57.8426 0
    endloop
  endfacet
  facet normal 0 0 -1
    outer loop
      vertex 100.17 25.6145 0
      vertex 103.67 57.8426 0
      vertex 104.738 57.5862 0
    endloop
  endfacet
  facet normal 0 0 -1
    outer loop
      vertex 100.17 25.6145 0
      vertex 104.738 57.5862 0
      vertex 105.833 57.5 0
    endloop
  endfacet
  facet normal 0 0 -1
    outer loop
      vertex 100.17 25.6145 0
      vertex 105.833 57.5 0
      vertex 106.928 57.5862 0
    endloop
  endfacet
  facet normal 0 0 -1
    outer loop
      vertex 100.17 25.6145 0
      vertex 106.928 57.5862 0
      vertex 107.996 57.8426 0
    endloop
  endfacet
  facet normal 0 0 -1
    outer loop
      vertex 100.17 25.6145 0
      vertex 107.996 57.8426 0
      vertex 109.011 58.263 0
    endloop
  endfacet
  facet normal 0 0 -1
    outer loop
      vertex 100.17 25.6145 0
      vertex 109.011 58.263 0
      vertex 109.948 58.8369 0
    endloop
  endfacet
  facet normal 0 0 -1
    outer loop
      vertex 100.17 25.6145 0
      vertex 109.948 58.8369 0
      vertex 110.783 59.5503 0
    endloop
  endfacet
  facet normal 0 0 -1
    outer loop
      vertex 100.17 25.6145 0
      vertex 110.783 59.5503 0
      vertex 111.496 60.3855 0
    endloop
  endfacet
  facet normal 0 0 -1
    outer loop
      vertex 100.17 25.6145 0
      vertex 111.496 60.3855 0
      vertex 112.07 61.3221 0
    endloop
  endfacet
  facet normal 0 0 -1
    outer loop
      vertex 100.17 25.6145 0
      vertex 112.07 61.3221 0
      vertex 124.5 86.1 0
    endloop
  endfacet
  facet normal 0 0 -1
    outer loop
      vertex 112.07 61.3221 0
      vertex 112.491 62.3369 0
      vertex 124.5 86.1 0
    endloop
  endfacet
  facet normal -0 0 -1
    outer loop
      vertex 112.833 64.5 0
      vertex 124.5 86.1 0
      vertex 112.747 63.405 0
    endloop
  endfacet
  facet normal -0 0 -1
    outer loop
      vertex 112.747 65.595 0
      vertex 124.5 86.1 0
      vertex 112.833 64.5 0
    endloop
  endfacet
  facet normal -0 0 -1
    outer loop
      vertex 112.491 66.6631 0
      vertex 124.5 86.1 0
      vertex 112.747 65.595 0
    endloop
  endfacet
  facet normal -0 0 -1
    outer loop
      vertex 112.07 67.6779 0
      vertex 124.5 86.1 0
      vertex 112.491 66.6631 0
    endloop
  endfacet
  facet normal -0 0 -1
    outer loop
      vertex 111.496 68.6145 0
      vertex 124.5 86.1 0
      vertex 112.07 67.6779 0
    endloop
  endfacet
  facet normal -0 0 -1
    outer loop
      vertex 110.783 69.4497 0
      vertex 124.5 86.1 0
      vertex 111.496 68.6145 0
    endloop
  endfacet
  facet normal 0 0 -1
    outer loop
      vertex 100.17 68.6145 0
      vertex 25.2812 15.8369 0
      vertex 26.1164 16.5503 0
    endloop
  endfacet
  facet normal 0 0 -1
    outer loop
      vertex 101.719 58.8369 0
      vertex 70.1574 23.6631 0
      vertex 100.884 59.5503 0
    endloop
  endfacet
  facet normal 0 0 -1
    outer loop
      vertex 101.719 58.8369 0
      vertex 70.4138 22.595 0
      vertex 70.1574 23.6631 0
    endloop
  endfacet
  facet normal 0 0 -1
    outer loop
      vertex 100.17 60.3855 0
      vertex 67.6145 27.1631 0
      vertex 66.6779 27.737 0
    endloop
  endfacet
  facet normal -0 0 -1
    outer loop
      vertex 107.996 71.1574 0
      vertex 124.5 86.1 0
      vertex 109.011 70.737 0
    endloop
  endfacet
  facet normal 0 0 -1
    outer loop
      vertex 99.5963 61.3221 0
      vertex 63.5 28.5 0
      vertex 99.1759 62.3369 0
    endloop
  endfacet
  facet normal 0 0 -1
    outer loop
      vertex 144.052 15.8369 0
      vertex 127.5 5 0
      vertex 143.217 16.5503 0
    endloop
  endfacet
  facet normal 0 0 -1
    outer loop
      vertex 102.655 70.737 0
      vertex 124.5 86.1 0
      vertex 103.67 71.1574 0
    endloop
  endfacet
  facet normal 0 -0 -1
    outer loop
      vertex 98.9195 65.595 0
      vertex 25.2812 15.8369 0
      vertex 99.1759 66.6631 0
    endloop
  endfacet
  facet normal 0 -0 -1
    outer loop
      vertex 106.928 71.4138 0
      vertex 105.833 71.5 0
      vertex 124.5 86.1 0
    endloop
  endfacet
  facet normal 0 -0 -1
    outer loop
      vertex 99.1759 66.6631 0
      vertex 25.2812 15.8369 0
      vertex 99.5963 67.6779 0
    endloop
  endfacet
  facet normal 0 -0 -1
    outer loop
      vertex 105.833 71.5 0
      vertex 104.738 71.4138 0
      vertex 124.5 86.1 0
    endloop
  endfacet
  facet normal 0 -0 -1
    outer loop
      vertex 99.5963 67.6779 0
      vertex 25.2812 15.8369 0
      vertex 100.17 68.6145 0
    endloop
  endfacet
  facet normal 0 -0 -1
    outer loop
      vertex 104.738 71.4138 0
      vertex 103.67 71.1574 0
      vertex 124.5 86.1 0
    endloop
  endfacet
  facet normal 0 0 -1
    outer loop
      vertex 100.884 69.4497 0
      vertex 26.8298 17.3855 0
      vertex 27.4037 18.3221 0
    endloop
  endfacet
  facet normal 0 -0 -1
    outer loop
      vertex 102.655 70.737 0
      vertex 101.719 70.1631 0
      vertex 124.5 86.1 0
    endloop
  endfacet
  facet normal 0 -0 -1
    outer loop
      vertex 100.17 68.6145 0
      vertex 26.1164 16.5503 0
      vertex 100.884 69.4497 0
    endloop
  endfacet
  facet normal -0 0 -1
    outer loop
      vertex 154.404 24.6779 0
      vertex 251 86.1 0
      vertex 154.824 23.6631 0
    endloop
  endfacet
  facet normal 0 -0 -1
    outer loop
      vertex 98.8333 64.5 0
      vertex 25.2812 15.8369 0
      vertex 98.9195 65.595 0
    endloop
  endfacet
  facet normal 0 -0 -1
    outer loop
      vertex 127.5 5 0
      vertex 127.5 86.1 0
      vertex 141.167 21.5 0
    endloop
  endfacet
  facet normal 0 0 -1
    outer loop
      vertex 127.5 5 0
      vertex 141.167 21.5 0
      vertex 141.253 20.405 0
    endloop
  endfacet
  facet normal 0 0 -1
    outer loop
      vertex 127.5 5 0
      vertex 141.253 20.405 0
      vertex 141.509 19.3369 0
    endloop
  endfacet
  facet normal 0 0 -1
    outer loop
      vertex 127.5 5 0
      vertex 141.509 19.3369 0
      vertex 141.93 18.3221 0
    endloop
  endfacet
  facet normal 0 0 -1
    outer loop
      vertex 127.5 5 0
      vertex 141.93 18.3221 0
      vertex 142.504 17.3855 0
    endloop
  endfacet
  facet normal 0 0 -1
    outer loop
      vertex 127.5 5 0
      vertex 142.504 17.3855 0
      vertex 143.217 16.5503 0
    endloop
  endfacet
  facet normal 0 0 -1
    outer loop
      vertex 149.262 14.5862 0
      vertex 251 5 0
      vertex 148.167 14.5 0
    endloop
  endfacet
  facet normal 0 0 -1
    outer loop
      vertex 127.5 5 0
      vertex 144.052 15.8369 0
      vertex 144.989 15.263 0
    endloop
  endfacet
  facet normal 0 0 -1
    outer loop
      vertex 127.5 5 0
      vertex 144.989 15.263 0
      vertex 146.004 14.8426 0
    endloop
  endfacet
  facet normal 0 0 -1
    outer loop
      vertex 127.5 5 0
      vertex 146.004 14.8426 0
      vertex 147.072 14.5862 0
    endloop
  endfacet
  facet normal -0 0 -1
    outer loop
      vertex 127.5 5 0
      vertex 147.072 14.5862 0
      vertex 251 5 0
    endloop
  endfacet
  facet normal 0 0 -1
    outer loop
      vertex 147.072 14.5862 0
      vertex 148.167 14.5 0
      vertex 251 5 0
    endloop
  endfacet
  facet normal 0 0 -1
    outer loop
      vertex 150.33 14.8426 0
      vertex 251 5 0
      vertex 149.262 14.5862 0
    endloop
  endfacet
  facet normal 0 0 -1
    outer loop
      vertex 151.345 15.263 0
      vertex 251 5 0
      vertex 150.33 14.8426 0
    endloop
  endfacet
  facet normal -0 0 -1
    outer loop
      vertex 154.824 23.6631 0
      vertex 251 86.1 0
      vertex 155.08 22.595 0
    endloop
  endfacet
  facet normal -0 0 -1
    outer loop
      vertex 153.116 16.5503 0
      vertex 251 86.1 0
      vertex 152.281 15.8369 0
    endloop
  endfacet
  facet normal -0 0 -1
    outer loop
      vertex 151.345 15.263 0
      vertex 152.281 15.8369 0
      vertex 251 5 0
    endloop
  endfacet
  facet normal -0 0 -1
    outer loop
      vertex 153.83 17.3855 0
      vertex 251 86.1 0
      vertex 153.116 16.5503 0
    endloop
  endfacet
  facet normal -0 0 -1
    outer loop
      vertex 154.404 18.3221 0
      vertex 251 86.1 0
      vertex 153.83 17.3855 0
    endloop
  endfacet
  facet normal -0 0 -1
    outer loop
      vertex 154.824 19.3369 0
      vertex 251 86.1 0
      vertex 154.404 18.3221 0
    endloop
  endfacet
  facet normal -0 0 -1
    outer loop
      vertex 155.08 20.405 0
      vertex 251 86.1 0
      vertex 154.824 19.3369 0
    endloop
  endfacet
  facet normal -0 0 -1
    outer loop
      vertex 155.167 21.5 0
      vertex 251 86.1 0
      vertex 155.08 20.405 0
    endloop
  endfacet
  facet normal -0 0 -1
    outer loop
      vertex 155.08 22.595 0
      vertex 251 86.1 0
      vertex 155.167 21.5 0
    endloop
  endfacet
  facet normal -0 0 -1
    outer loop
      vertex 153.83 25.6145 0
      vertex 251 86.1 0
      vertex 154.404 24.6779 0
    endloop
  endfacet
  facet normal -0 0 -1
    outer loop
      vertex 153.116 26.4497 0
      vertex 251 86.1 0
      vertex 153.83 25.6145 0
    endloop
  endfacet
  facet normal -0 0 -1
    outer loop
      vertex 152.281 27.1631 0
      vertex 251 86.1 0
      vertex 153.116 26.4497 0
    endloop
  endfacet
  facet normal -0 0 -1
    outer loop
      vertex 151.345 27.737 0
      vertex 251 86.1 0
      vertex 152.281 27.1631 0
    endloop
  endfacet
  facet normal -0 -0 -1
    outer loop
      vertex 150.33 28.1574 0
      vertex 127.5 86.1 0
      vertex 151.345 27.737 0
    endloop
  endfacet
  facet normal 0 0 -1
    outer loop
      vertex 141.93 61.3221 0
      vertex 151.345 27.737 0
      vertex 141.509 62.3369 0
    endloop
  endfacet
  facet normal -0 -0 -1
    outer loop
      vertex 149.262 28.4138 0
      vertex 127.5 86.1 0
      vertex 150.33 28.1574 0
    endloop
  endfacet
  facet normal -0 -0 -1
    outer loop
      vertex 148.167 28.5 0
      vertex 127.5 86.1 0
      vertex 149.262 28.4138 0
    endloop
  endfacet
  facet normal 0 -0 -1
    outer loop
      vertex 147.072 28.4138 0
      vertex 127.5 86.1 0
      vertex 148.167 28.5 0
    endloop
  endfacet
  facet normal 0 -0 -1
    outer loop
      vertex 146.004 28.1574 0
      vertex 127.5 86.1 0
      vertex 147.072 28.4138 0
    endloop
  endfacet
  facet normal 0 -0 -1
    outer loop
      vertex 144.989 27.737 0
      vertex 127.5 86.1 0
      vertex 146.004 28.1574 0
    endloop
  endfacet
  facet normal 0 -0 -1
    outer loop
      vertex 144.052 27.1631 0
      vertex 127.5 86.1 0
      vertex 144.989 27.737 0
    endloop
  endfacet
  facet normal 0 -0 -1
    outer loop
      vertex 143.217 26.4497 0
      vertex 127.5 86.1 0
      vertex 144.052 27.1631 0
    endloop
  endfacet
  facet normal 0 -0 -1
    outer loop
      vertex 142.504 25.6145 0
      vertex 127.5 86.1 0
      vertex 143.217 26.4497 0
    endloop
  endfacet
  facet normal 0 -0 -1
    outer loop
      vertex 141.93 24.6779 0
      vertex 127.5 86.1 0
      vertex 142.504 25.6145 0
    endloop
  endfacet
  facet normal 0 -0 -1
    outer loop
      vertex 141.509 23.6631 0
      vertex 127.5 86.1 0
      vertex 141.93 24.6779 0
    endloop
  endfacet
  facet normal 0 -0 -1
    outer loop
      vertex 141.253 22.595 0
      vertex 127.5 86.1 0
      vertex 141.509 23.6631 0
    endloop
  endfacet
  facet normal 0 -0 -1
    outer loop
      vertex 141.167 21.5 0
      vertex 127.5 86.1 0
      vertex 141.253 22.595 0
    endloop
  endfacet
  facet normal 0 0 -1
    outer loop
      vertex 141.253 63.405 0
      vertex 127.5 86.1 0
      vertex 141.167 64.5 0
    endloop
  endfacet
  facet normal 0 0 -1
    outer loop
      vertex 141.509 62.3369 0
      vertex 127.5 86.1 0
      vertex 141.253 63.405 0
    endloop
  endfacet
  facet normal 0 0 -1
    outer loop
      vertex 151.345 27.737 0
      vertex 127.5 86.1 0
      vertex 141.509 62.3369 0
    endloop
  endfacet
  facet normal 0 0 -1
    outer loop
      vertex 142.504 60.3855 0
      vertex 151.345 27.737 0
      vertex 141.93 61.3221 0
    endloop
  endfacet
  facet normal -0 0 -1
    outer loop
      vertex 233.928 71.4138 0
      vertex 251 86.1 0
      vertex 234.996 71.1574 0
    endloop
  endfacet
  facet normal 0 0 -1
    outer loop
      vertex 151.345 27.737 0
      vertex 142.504 60.3855 0
      vertex 143.217 59.5503 0
    endloop
  endfacet
  facet normal 0 0 -1
    outer loop
      vertex 151.345 27.737 0
      vertex 143.217 59.5503 0
      vertex 144.052 58.8369 0
    endloop
  endfacet
  facet normal 0 -0 -1
    outer loop
      vertex 185.55 69.4497 0
      vertex 154.824 62.3369 0
      vertex 186.386 70.1631 0
    endloop
  endfacet
  facet normal 0 0 -1
    outer loop
      vertex 151.345 27.737 0
      vertex 144.052 58.8369 0
      vertex 144.989 58.263 0
    endloop
  endfacet
  facet normal 0 0 -1
    outer loop
      vertex 151.345 27.737 0
      vertex 144.989 58.263 0
      vertex 146.004 57.8426 0
    endloop
  endfacet
  facet normal 0 0 -1
    outer loop
      vertex 151.345 27.737 0
      vertex 146.004 57.8426 0
      vertex 147.072 57.5862 0
    endloop
  endfacet
  facet normal 0 0 -1
    outer loop
      vertex 183.843 66.6631 0
      vertex 151.345 58.263 0
      vertex 152.281 58.8369 0
    endloop
  endfacet
  facet normal 0 0 -1
    outer loop
      vertex 151.345 27.737 0
      vertex 147.072 57.5862 0
      vertex 148.167 57.5 0
    endloop
  endfacet
  facet normal -0 0 -1
    outer loop
      vertex 153.116 59.5503 0
      vertex 184.263 67.6779 0
      vertex 152.281 58.8369 0
    endloop
  endfacet
  facet normal 0 0 -1
    outer loop
      vertex 151.345 27.737 0
      vertex 148.167 57.5 0
      vertex 149.262 57.5862 0
    endloop
  endfacet
  facet normal 0 0 -1
    outer loop
      vertex 151.345 27.737 0
      vertex 149.262 57.5862 0
      vertex 150.33 57.8426 0
    endloop
  endfacet
  facet normal 0 -0 -1
    outer loop
      vertex 184.263 67.6779 0
      vertex 153.83 60.3855 0
      vertex 184.837 68.6145 0
    endloop
  endfacet
  facet normal 0 -0 -1
    outer loop
      vertex 183.843 66.6631 0
      vertex 152.281 58.8369 0
      vertex 184.263 67.6779 0
    endloop
  endfacet
  facet normal -0 0 -1
    outer loop
      vertex 192.663 71.1574 0
      vertex 251 86.1 0
      vertex 193.678 70.737 0
    endloop
  endfacet
  facet normal 0 -0 -1
    outer loop
      vertex 184.837 68.6145 0
      vertex 154.404 61.3221 0
      vertex 185.55 69.4497 0
    endloop
  endfacet
  facet normal -0 0 -1
    outer loop
      vertex 154.404 67.6779 0
      vertex 251 86.1 0
      vertex 154.824 66.6631 0
    endloop
  endfacet
  facet normal 0 0 -1
    outer loop
      vertex 155.08 63.405 0
      vertex 155.167 64.5 0
      vertex 251 86.1 0
    endloop
  endfacet
  facet normal 0 -0 -1
    outer loop
      vertex 155.167 64.5 0
      vertex 155.08 65.595 0
      vertex 251 86.1 0
    endloop
  endfacet
  facet normal 0 -0 -1
    outer loop
      vertex 155.08 65.595 0
      vertex 154.824 66.6631 0
      vertex 251 86.1 0
    endloop
  endfacet
  facet normal 0 0 -1
    outer loop
      vertex 191.595 14.5862 0
      vertex 251 5 0
      vertex 190.5 14.5 0
    endloop
  endfacet
  facet normal -0 -0 -1
    outer loop
      vertex 150.33 71.1574 0
      vertex 127.5 86.1 0
      vertex 151.345 70.737 0
    endloop
  endfacet
  facet normal -0 -0 -1
    outer loop
      vertex 148.167 71.5 0
      vertex 127.5 86.1 0
      vertex 149.262 71.4138 0
    endloop
  endfacet
  facet normal 0 -0 -1
    outer loop
      vertex 154.404 67.6779 0
      vertex 153.83 68.6145 0
      vertex 251 86.1 0
    endloop
  endfacet
  facet normal -0 -0 -1
    outer loop
      vertex 149.262 71.4138 0
      vertex 127.5 86.1 0
      vertex 150.33 71.1574 0
    endloop
  endfacet
  facet normal 0 -0 -1
    outer loop
      vertex 153.83 68.6145 0
      vertex 153.116 69.4497 0
      vertex 251 86.1 0
    endloop
  endfacet
  facet normal -0 -0 -1
    outer loop
      vertex 151.345 70.737 0
      vertex 127.5 86.1 0
      vertex 152.281 70.1631 0
    endloop
  endfacet
  facet normal 0 -0 -1
    outer loop
      vertex 153.116 69.4497 0
      vertex 152.281 70.1631 0
      vertex 251 86.1 0
    endloop
  endfacet
  facet normal 0 -0 -1
    outer loop
      vertex 147.072 71.4138 0
      vertex 127.5 86.1 0
      vertex 148.167 71.5 0
    endloop
  endfacet
  facet normal 0 -0 -1
    outer loop
      vertex 146.004 71.1574 0
      vertex 127.5 86.1 0
      vertex 147.072 71.4138 0
    endloop
  endfacet
  facet normal 0 -0 -1
    outer loop
      vertex 144.989 70.737 0
      vertex 127.5 86.1 0
      vertex 146.004 71.1574 0
    endloop
  endfacet
  facet normal 0 -0 -1
    outer loop
      vertex 144.052 70.1631 0
      vertex 127.5 86.1 0
      vertex 144.989 70.737 0
    endloop
  endfacet
  facet normal 0 -0 -1
    outer loop
      vertex 143.217 69.4497 0
      vertex 127.5 86.1 0
      vertex 144.052 70.1631 0
    endloop
  endfacet
  facet normal 0 -0 -1
    outer loop
      vertex 142.504 68.6145 0
      vertex 127.5 86.1 0
      vertex 143.217 69.4497 0
    endloop
  endfacet
  facet normal 0 -0 -1
    outer loop
      vertex 141.93 67.6779 0
      vertex 127.5 86.1 0
      vertex 142.504 68.6145 0
    endloop
  endfacet
  facet normal 0 -0 -1
    outer loop
      vertex 141.509 66.6631 0
      vertex 127.5 86.1 0
      vertex 141.93 67.6779 0
    endloop
  endfacet
  facet normal 0 -0 -1
    outer loop
      vertex 141.253 65.595 0
      vertex 127.5 86.1 0
      vertex 141.509 66.6631 0
    endloop
  endfacet
  facet normal 0 -0 -1
    outer loop
      vertex 141.167 64.5 0
      vertex 127.5 86.1 0
      vertex 141.253 65.595 0
    endloop
  endfacet
  facet normal 0 -0 -1
    outer loop
      vertex 186.386 27.1631 0
      vertex 152.281 15.8369 0
      vertex 187.322 27.737 0
    endloop
  endfacet
  facet normal -0 0 -1
    outer loop
      vertex 190.5 28.5 0
      vertex 226.176 62.3369 0
      vertex 191.595 28.4138 0
    endloop
  endfacet
  facet normal 0 0 -1
    outer loop
      vertex 152.281 15.8369 0
      vertex 183.5 21.5 0
      vertex 183.586 20.405 0
    endloop
  endfacet
  facet normal 0 0 -1
    outer loop
      vertex 152.281 15.8369 0
      vertex 183.586 20.405 0
      vertex 183.843 19.3369 0
    endloop
  endfacet
  facet normal 0 0 -1
    outer loop
      vertex 152.281 15.8369 0
      vertex 183.843 19.3369 0
      vertex 184.263 18.3221 0
    endloop
  endfacet
  facet normal 0 0 -1
    outer loop
      vertex 152.281 15.8369 0
      vertex 184.263 18.3221 0
      vertex 184.837 17.3855 0
    endloop
  endfacet
  facet normal 0 0 -1
    outer loop
      vertex 152.281 15.8369 0
      vertex 184.837 17.3855 0
      vertex 185.55 16.5503 0
    endloop
  endfacet
  facet normal -0 0 -1
    outer loop
      vertex 152.281 15.8369 0
      vertex 185.55 16.5503 0
      vertex 186.386 15.8369 0
    endloop
  endfacet
  facet normal 0 0 -1
    outer loop
      vertex 152.281 15.8369 0
      vertex 186.386 15.8369 0
      vertex 187.322 15.263 0
    endloop
  endfacet
  facet normal 0 0 -1
    outer loop
      vertex 152.281 15.8369 0
      vertex 187.322 15.263 0
      vertex 188.337 14.8426 0
    endloop
  endfacet
  facet normal 0 0 -1
    outer loop
      vertex 152.281 15.8369 0
      vertex 188.337 14.8426 0
      vertex 189.405 14.5862 0
    endloop
  endfacet
  facet normal 0 0 -1
    outer loop
      vertex 152.281 15.8369 0
      vertex 189.405 14.5862 0
      vertex 251 5 0
    endloop
  endfacet
  facet normal 0 0 -1
    outer loop
      vertex 189.405 14.5862 0
      vertex 190.5 14.5 0
      vertex 251 5 0
    endloop
  endfacet
  facet normal 0 0 -1
    outer loop
      vertex 192.663 14.8426 0
      vertex 251 5 0
      vertex 191.595 14.5862 0
    endloop
  endfacet
  facet normal 0 0 -1
    outer loop
      vertex 193.678 15.263 0
      vertex 251 5 0
      vertex 192.663 14.8426 0
    endloop
  endfacet
  facet normal 0 0 -1
    outer loop
      vertex 194.614 15.8369 0
      vertex 251 5 0
      vertex 193.678 15.263 0
    endloop
  endfacet
  facet normal 0 0 -1
    outer loop
      vertex 195.45 16.5503 0
      vertex 251 5 0
      vertex 194.614 15.8369 0
    endloop
  endfacet
  facet normal 0 0 -1
    outer loop
      vertex 196.163 17.3855 0
      vertex 251 5 0
      vertex 195.45 16.5503 0
    endloop
  endfacet
  facet normal 0 0 -1
    outer loop
      vertex 196.737 18.3221 0
      vertex 251 5 0
      vertex 196.163 17.3855 0
    endloop
  endfacet
  facet normal 0 0 -1
    outer loop
      vertex 226.596 61.3221 0
      vertex 192.663 28.1574 0
      vertex 191.595 28.4138 0
    endloop
  endfacet
  facet normal 0 0 -1
    outer loop
      vertex 229.655 58.263 0
      vertex 197.157 19.3369 0
      vertex 197.414 20.405 0
    endloop
  endfacet
  facet normal 0 0 -1
    outer loop
      vertex 229.655 58.263 0
      vertex 197.414 20.405 0
      vertex 228.719 58.8369 0
    endloop
  endfacet
  facet normal 0 0 -1
    outer loop
      vertex 228.719 58.8369 0
      vertex 197.157 23.6631 0
      vertex 227.884 59.5503 0
    endloop
  endfacet
  facet normal 0 0 -1
    outer loop
      vertex 227.884 59.5503 0
      vertex 196.163 25.6145 0
      vertex 227.17 60.3855 0
    endloop
  endfacet
  facet normal 0 0 -1
    outer loop
      vertex 227.17 60.3855 0
      vertex 194.614 27.1631 0
      vertex 193.678 27.737 0
    endloop
  endfacet
  facet normal 0 0 -1
    outer loop
      vertex 227.17 60.3855 0
      vertex 193.678 27.737 0
      vertex 226.596 61.3221 0
    endloop
  endfacet
  facet normal 0 0 -1
    outer loop
      vertex 226.596 61.3221 0
      vertex 191.595 28.4138 0
      vertex 226.176 62.3369 0
    endloop
  endfacet
  facet normal 0 0 -1
    outer loop
      vertex 152.281 15.8369 0
      vertex 188.337 28.1574 0
      vertex 187.322 27.737 0
    endloop
  endfacet
  facet normal 0 -0 -1
    outer loop
      vertex 185.55 26.4497 0
      vertex 152.281 15.8369 0
      vertex 186.386 27.1631 0
    endloop
  endfacet
  facet normal -0 0 -1
    outer loop
      vertex 194.614 58.8369 0
      vertex 251 86.1 0
      vertex 193.678 58.263 0
    endloop
  endfacet
  facet normal 0 0 -1
    outer loop
      vertex 152.281 15.8369 0
      vertex 185.55 26.4497 0
      vertex 184.837 25.6145 0
    endloop
  endfacet
  facet normal 0 0 -1
    outer loop
      vertex 152.281 15.8369 0
      vertex 184.837 25.6145 0
      vertex 184.263 24.6779 0
    endloop
  endfacet
  facet normal 0 0 -1
    outer loop
      vertex 152.281 15.8369 0
      vertex 184.263 24.6779 0
      vertex 183.843 23.6631 0
    endloop
  endfacet
  facet normal 0 0 -1
    outer loop
      vertex 152.281 15.8369 0
      vertex 183.843 23.6631 0
      vertex 183.586 22.595 0
    endloop
  endfacet
  facet normal 0 0 -1
    outer loop
      vertex 152.281 15.8369 0
      vertex 183.586 22.595 0
      vertex 183.5 21.5 0
    endloop
  endfacet
  facet normal 0 -0 -1
    outer loop
      vertex 151.345 27.737 0
      vertex 150.33 57.8426 0
      vertex 183.5 64.5 0
    endloop
  endfacet
  facet normal 0 0 -1
    outer loop
      vertex 151.345 27.737 0
      vertex 183.5 64.5 0
      vertex 183.586 63.405 0
    endloop
  endfacet
  facet normal 0 0 -1
    outer loop
      vertex 151.345 27.737 0
      vertex 183.586 63.405 0
      vertex 183.843 62.3369 0
    endloop
  endfacet
  facet normal 0 0 -1
    outer loop
      vertex 151.345 27.737 0
      vertex 183.843 62.3369 0
      vertex 184.263 61.3221 0
    endloop
  endfacet
  facet normal 0 0 -1
    outer loop
      vertex 151.345 27.737 0
      vertex 184.263 61.3221 0
      vertex 184.837 60.3855 0
    endloop
  endfacet
  facet normal 0 0 -1
    outer loop
      vertex 151.345 27.737 0
      vertex 184.837 60.3855 0
      vertex 185.55 59.5503 0
    endloop
  endfacet
  facet normal 0 0 -1
    outer loop
      vertex 151.345 27.737 0
      vertex 185.55 59.5503 0
      vertex 186.386 58.8369 0
    endloop
  endfacet
  facet normal 0 0 -1
    outer loop
      vertex 151.345 27.737 0
      vertex 186.386 58.8369 0
      vertex 187.322 58.263 0
    endloop
  endfacet
  facet normal 0 0 -1
    outer loop
      vertex 151.345 27.737 0
      vertex 187.322 58.263 0
      vertex 188.337 57.8426 0
    endloop
  endfacet
  facet normal 0 0 -1
    outer loop
      vertex 151.345 27.737 0
      vertex 188.337 57.8426 0
      vertex 189.405 57.5862 0
    endloop
  endfacet
  facet normal 0 0 -1
    outer loop
      vertex 151.345 27.737 0
      vertex 189.405 57.5862 0
      vertex 190.5 57.5 0
    endloop
  endfacet
  facet normal 0 0 -1
    outer loop
      vertex 151.345 27.737 0
      vertex 190.5 57.5 0
      vertex 191.595 57.5862 0
    endloop
  endfacet
  facet normal 0 0 -1
    outer loop
      vertex 151.345 27.737 0
      vertex 191.595 57.5862 0
      vertex 192.663 57.8426 0
    endloop
  endfacet
  facet normal 0 0 -1
    outer loop
      vertex 151.345 27.737 0
      vertex 192.663 57.8426 0
      vertex 193.678 58.263 0
    endloop
  endfacet
  facet normal 0 0 -1
    outer loop
      vertex 151.345 27.737 0
      vertex 193.678 58.263 0
      vertex 251 86.1 0
    endloop
  endfacet
  facet normal -0 0 -1
    outer loop
      vertex 195.45 59.5503 0
      vertex 251 86.1 0
      vertex 194.614 58.8369 0
    endloop
  endfacet
  facet normal -0 0 -1
    outer loop
      vertex 196.163 60.3855 0
      vertex 251 86.1 0
      vertex 195.45 59.5503 0
    endloop
  endfacet
  facet normal -0 0 -1
    outer loop
      vertex 196.737 61.3221 0
      vertex 251 86.1 0
      vertex 196.163 60.3855 0
    endloop
  endfacet
  facet normal -0 0 -1
    outer loop
      vertex 197.157 62.3369 0
      vertex 251 86.1 0
      vertex 196.737 61.3221 0
    endloop
  endfacet
  facet normal -0 0 -1
    outer loop
      vertex 197.414 63.405 0
      vertex 251 86.1 0
      vertex 197.157 62.3369 0
    endloop
  endfacet
  facet normal -0 0 -1
    outer loop
      vertex 197.5 64.5 0
      vertex 251 86.1 0
      vertex 197.414 63.405 0
    endloop
  endfacet
  facet normal -0 0 -1
    outer loop
      vertex 197.414 65.595 0
      vertex 251 86.1 0
      vertex 197.5 64.5 0
    endloop
  endfacet
  facet normal -0 0 -1
    outer loop
      vertex 197.157 66.6631 0
      vertex 251 86.1 0
      vertex 197.414 65.595 0
    endloop
  endfacet
  facet normal -0 0 -1
    outer loop
      vertex 196.737 67.6779 0
      vertex 251 86.1 0
      vertex 197.157 66.6631 0
    endloop
  endfacet
  facet normal -0 0 -1
    outer loop
      vertex 196.163 68.6145 0
      vertex 251 86.1 0
      vertex 196.737 67.6779 0
    endloop
  endfacet
  facet normal 0 0 -1
    outer loop
      vertex 231.738 14.5862 0
      vertex 251 5 0
      vertex 230.67 14.8426 0
    endloop
  endfacet
  facet normal -0 0 -1
    outer loop
      vertex 193.678 70.737 0
      vertex 251 86.1 0
      vertex 194.614 70.1631 0
    endloop
  endfacet
  facet normal 0 -0 -1
    outer loop
      vertex 196.163 68.6145 0
      vertex 195.45 69.4497 0
      vertex 251 86.1 0
    endloop
  endfacet
  facet normal 0 -0 -1
    outer loop
      vertex 183.586 65.595 0
      vertex 150.33 57.8426 0
      vertex 183.843 66.6631 0
    endloop
  endfacet
  facet normal 0 -0 -1
    outer loop
      vertex 195.45 69.4497 0
      vertex 194.614 70.1631 0
      vertex 251 86.1 0
    endloop
  endfacet
  facet normal -0 0 -1
    outer loop
      vertex 154.404 61.3221 0
      vertex 184.837 68.6145 0
      vertex 153.83 60.3855 0
    endloop
  endfacet
  facet normal 0 -0 -1
    outer loop
      vertex 187.322 70.737 0
      vertex 155.08 63.405 0
      vertex 188.337 71.1574 0
    endloop
  endfacet
  facet normal -0 0 -1
    outer loop
      vertex 191.595 71.4138 0
      vertex 251 86.1 0
      vertex 192.663 71.1574 0
    endloop
  endfacet
  facet normal 0 0 -1
    outer loop
      vertex 155.08 63.405 0
      vertex 251 86.1 0
      vertex 189.405 71.4138 0
    endloop
  endfacet
  facet normal -0 0 -1
    outer loop
      vertex 190.5 71.5 0
      vertex 251 86.1 0
      vertex 191.595 71.4138 0
    endloop
  endfacet
  facet normal 0 0 -1
    outer loop
      vertex 183.843 66.6631 0
      vertex 150.33 57.8426 0
      vertex 151.345 58.263 0
    endloop
  endfacet
  facet normal 0 -0 -1
    outer loop
      vertex 190.5 71.5 0
      vertex 189.405 71.4138 0
      vertex 251 86.1 0
    endloop
  endfacet
  facet normal 0 0 -1
    outer loop
      vertex 155.08 63.405 0
      vertex 189.405 71.4138 0
      vertex 188.337 71.1574 0
    endloop
  endfacet
  facet normal 0 0 -1
    outer loop
      vertex 184.263 67.6779 0
      vertex 153.116 59.5503 0
      vertex 153.83 60.3855 0
    endloop
  endfacet
  facet normal 0 -0 -1
    outer loop
      vertex 183.5 64.5 0
      vertex 150.33 57.8426 0
      vertex 183.586 65.595 0
    endloop
  endfacet
  facet normal 0 0 -1
    outer loop
      vertex 226.176 62.3369 0
      vertex 190.5 28.5 0
      vertex 189.405 28.4138 0
    endloop
  endfacet
  facet normal 0 0 -1
    outer loop
      vertex 196.737 18.3221 0
      vertex 225.833 21.5 0
      vertex 225.92 20.405 0
    endloop
  endfacet
  facet normal 0 0 -1
    outer loop
      vertex 196.737 18.3221 0
      vertex 225.92 20.405 0
      vertex 226.176 19.3369 0
    endloop
  endfacet
  facet normal 0 0 -1
    outer loop
      vertex 226.176 62.3369 0
      vertex 188.337 28.1574 0
      vertex 225.92 63.405 0
    endloop
  endfacet
  facet normal -0 0 -1
    outer loop
      vertex 196.737 18.3221 0
      vertex 226.176 19.3369 0
      vertex 226.596 18.3221 0
    endloop
  endfacet
  facet normal 0 0 -1
    outer loop
      vertex 196.737 18.3221 0
      vertex 226.596 18.3221 0
      vertex 227.17 17.3855 0
    endloop
  endfacet
  facet normal 0 0 -1
    outer loop
      vertex 196.737 18.3221 0
      vertex 227.17 17.3855 0
      vertex 227.884 16.5503 0
    endloop
  endfacet
  facet normal 0 0 -1
    outer loop
      vertex 196.737 18.3221 0
      vertex 227.884 16.5503 0
      vertex 228.719 15.8369 0
    endloop
  endfacet
  facet normal 0 0 -1
    outer loop
      vertex 196.737 18.3221 0
      vertex 228.719 15.8369 0
      vertex 229.655 15.263 0
    endloop
  endfacet
  facet normal 0 0 -1
    outer loop
      vertex 196.737 18.3221 0
      vertex 229.655 15.263 0
      vertex 251 5 0
    endloop
  endfacet
  facet normal 0 0 -1
    outer loop
      vertex 229.655 15.263 0
      vertex 230.67 14.8426 0
      vertex 251 5 0
    endloop
  endfacet
  facet normal 0 0 -1
    outer loop
      vertex 232.833 14.5 0
      vertex 251 5 0
      vertex 231.738 14.5862 0
    endloop
  endfacet
  facet normal 0 0 -1
    outer loop
      vertex 233.928 14.5862 0
      vertex 251 5 0
      vertex 232.833 14.5 0
    endloop
  endfacet
  facet normal 0 0 -1
    outer loop
      vertex 234.996 14.8426 0
      vertex 251 5 0
      vertex 233.928 14.5862 0
    endloop
  endfacet
  facet normal 0 0 -1
    outer loop
      vertex 236.011 15.263 0
      vertex 251 5 0
      vertex 234.996 14.8426 0
    endloop
  endfacet
  facet normal 0 0 -1
    outer loop
      vertex 227.17 25.6145 0
      vertex 251 86.1 0
      vertex 227.884 26.4497 0
    endloop
  endfacet
  facet normal -0 0 -1
    outer loop
      vertex 239.833 21.5 0
      vertex 251 86.1 0
      vertex 239.747 20.405 0
    endloop
  endfacet
  facet normal -0 0 -1
    outer loop
      vertex 237.783 26.4497 0
      vertex 251 86.1 0
      vertex 238.496 25.6145 0
    endloop
  endfacet
  facet normal -0 0 -1
    outer loop
      vertex 236.011 15.263 0
      vertex 236.948 15.8369 0
      vertex 251 5 0
    endloop
  endfacet
  facet normal -0 0 -1
    outer loop
      vertex 238.496 25.6145 0
      vertex 251 86.1 0
      vertex 239.07 24.6779 0
    endloop
  endfacet
  facet normal -0 0 -1
    outer loop
      vertex 236.948 15.8369 0
      vertex 237.783 16.5503 0
      vertex 251 5 0
    endloop
  endfacet
  facet normal -0 0 -1
    outer loop
      vertex 239.07 24.6779 0
      vertex 251 86.1 0
      vertex 239.491 23.6631 0
    endloop
  endfacet
  facet normal -0 0 -1
    outer loop
      vertex 237.783 16.5503 0
      vertex 238.496 17.3855 0
      vertex 251 5 0
    endloop
  endfacet
  facet normal -0 0 -1
    outer loop
      vertex 239.491 23.6631 0
      vertex 251 86.1 0
      vertex 239.747 22.595 0
    endloop
  endfacet
  facet normal -0 0 -1
    outer loop
      vertex 238.496 17.3855 0
      vertex 239.07 18.3221 0
      vertex 251 5 0
    endloop
  endfacet
  facet normal -0 0 -1
    outer loop
      vertex 239.747 22.595 0
      vertex 251 86.1 0
      vertex 239.833 21.5 0
    endloop
  endfacet
  facet normal -0 0 -1
    outer loop
      vertex 239.07 18.3221 0
      vertex 239.491 19.3369 0
      vertex 251 5 0
    endloop
  endfacet
  facet normal -0 0 -1
    outer loop
      vertex 239.491 19.3369 0
      vertex 239.747 20.405 0
      vertex 251 5 0
    endloop
  endfacet
  facet normal -0 0 -1
    outer loop
      vertex 236.948 27.1631 0
      vertex 251 86.1 0
      vertex 237.783 26.4497 0
    endloop
  endfacet
  facet normal -0 0 -1
    outer loop
      vertex 236.011 27.737 0
      vertex 251 86.1 0
      vertex 236.948 27.1631 0
    endloop
  endfacet
  facet normal -0 0 -1
    outer loop
      vertex 234.996 28.1574 0
      vertex 251 86.1 0
      vertex 236.011 27.737 0
    endloop
  endfacet
  facet normal -0 0 -1
    outer loop
      vertex 233.928 28.4138 0
      vertex 251 86.1 0
      vertex 234.996 28.1574 0
    endloop
  endfacet
  facet normal -0 0 -1
    outer loop
      vertex 232.833 28.5 0
      vertex 251 86.1 0
      vertex 233.928 28.4138 0
    endloop
  endfacet
  facet normal 0 0 -1
    outer loop
      vertex 231.738 28.4138 0
      vertex 251 86.1 0
      vertex 232.833 28.5 0
    endloop
  endfacet
  facet normal 0 0 -1
    outer loop
      vertex 230.67 28.1574 0
      vertex 251 86.1 0
      vertex 231.738 28.4138 0
    endloop
  endfacet
  facet normal 0 0 -1
    outer loop
      vertex 229.655 27.737 0
      vertex 251 86.1 0
      vertex 230.67 28.1574 0
    endloop
  endfacet
  facet normal 0 0 -1
    outer loop
      vertex 228.719 27.1631 0
      vertex 251 86.1 0
      vertex 229.655 27.737 0
    endloop
  endfacet
  facet normal 0 0 -1
    outer loop
      vertex 227.884 26.4497 0
      vertex 251 86.1 0
      vertex 228.719 27.1631 0
    endloop
  endfacet
  facet normal 0 0 -1
    outer loop
      vertex 226.176 62.3369 0
      vertex 189.405 28.4138 0
      vertex 188.337 28.1574 0
    endloop
  endfacet
  facet normal -0 0 -1
    outer loop
      vertex 239.07 61.3221 0
      vertex 251 86.1 0
      vertex 227.17 25.6145 0
    endloop
  endfacet
  facet normal 0 0 -1
    outer loop
      vertex 196.737 18.3221 0
      vertex 227.17 25.6145 0
      vertex 226.596 24.6779 0
    endloop
  endfacet
  facet normal 0 0 -1
    outer loop
      vertex 196.737 18.3221 0
      vertex 226.596 24.6779 0
      vertex 226.176 23.6631 0
    endloop
  endfacet
  facet normal 0 0 -1
    outer loop
      vertex 196.737 18.3221 0
      vertex 226.176 23.6631 0
      vertex 225.92 22.595 0
    endloop
  endfacet
  facet normal 0 0 -1
    outer loop
      vertex 196.737 18.3221 0
      vertex 225.92 22.595 0
      vertex 225.833 21.5 0
    endloop
  endfacet
  facet normal 0 -0 -1
    outer loop
      vertex 227.884 69.4497 0
      vertex 152.281 15.8369 0
      vertex 228.719 70.1631 0
    endloop
  endfacet
  facet normal 0 0 -1
    outer loop
      vertex 152.281 15.8369 0
      vertex 225.833 64.5 0
      vertex 188.337 28.1574 0
    endloop
  endfacet
  facet normal -0 0 -1
    outer loop
      vertex 232.833 71.5 0
      vertex 251 86.1 0
      vertex 233.928 71.4138 0
    endloop
  endfacet
  facet normal 0 0 -1
    outer loop
      vertex 225.833 64.5 0
      vertex 225.92 63.405 0
      vertex 188.337 28.1574 0
    endloop
  endfacet
  facet normal 0 0 -1
    outer loop
      vertex 227.17 60.3855 0
      vertex 195.45 26.4497 0
      vertex 194.614 27.1631 0
    endloop
  endfacet
  facet normal -0 0 -1
    outer loop
      vertex 192.663 28.1574 0
      vertex 226.596 61.3221 0
      vertex 193.678 27.737 0
    endloop
  endfacet
  facet normal 0 0 -1
    outer loop
      vertex 227.884 59.5503 0
      vertex 196.737 24.6779 0
      vertex 196.163 25.6145 0
    endloop
  endfacet
  facet normal -0 0 -1
    outer loop
      vertex 195.45 26.4497 0
      vertex 227.17 60.3855 0
      vertex 196.163 25.6145 0
    endloop
  endfacet
  facet normal -0 0 -1
    outer loop
      vertex 236.011 70.737 0
      vertex 251 86.1 0
      vertex 236.948 70.1631 0
    endloop
  endfacet
  facet normal -0 0 -1
    outer loop
      vertex 196.737 24.6779 0
      vertex 227.884 59.5503 0
      vertex 197.157 23.6631 0
    endloop
  endfacet
  facet normal 0 0 -1
    outer loop
      vertex 229.655 58.263 0
      vertex 196.737 18.3221 0
      vertex 197.157 19.3369 0
    endloop
  endfacet
  facet normal -0 0 -1
    outer loop
      vertex 197.5 21.5 0
      vertex 228.719 58.8369 0
      vertex 197.414 20.405 0
    endloop
  endfacet
  facet normal -0 0 -1
    outer loop
      vertex 236.948 70.1631 0
      vertex 251 86.1 0
      vertex 237.783 69.4497 0
    endloop
  endfacet
  facet normal 0 0 -1
    outer loop
      vertex 196.737 18.3221 0
      vertex 229.655 58.263 0
      vertex 227.17 25.6145 0
    endloop
  endfacet
  facet normal 0 0 -1
    outer loop
      vertex 229.655 58.263 0
      vertex 230.67 57.8426 0
      vertex 227.17 25.6145 0
    endloop
  endfacet
  facet normal -0 0 -1
    outer loop
      vertex 237.783 69.4497 0
      vertex 251 86.1 0
      vertex 238.496 68.6145 0
    endloop
  endfacet
  facet normal 0 0 -1
    outer loop
      vertex 230.67 57.8426 0
      vertex 231.738 57.5862 0
      vertex 227.17 25.6145 0
    endloop
  endfacet
  facet normal -0 0 -1
    outer loop
      vertex 238.496 68.6145 0
      vertex 251 86.1 0
      vertex 239.07 67.6779 0
    endloop
  endfacet
  facet normal 0 0 -1
    outer loop
      vertex 231.738 57.5862 0
      vertex 232.833 57.5 0
      vertex 227.17 25.6145 0
    endloop
  endfacet
  facet normal -0 0 -1
    outer loop
      vertex 232.833 57.5 0
      vertex 233.928 57.5862 0
      vertex 227.17 25.6145 0
    endloop
  endfacet
  facet normal -0 0 -1
    outer loop
      vertex 239.07 67.6779 0
      vertex 251 86.1 0
      vertex 239.491 66.6631 0
    endloop
  endfacet
  facet normal -0 0 -1
    outer loop
      vertex 233.928 57.5862 0
      vertex 234.996 57.8426 0
      vertex 227.17 25.6145 0
    endloop
  endfacet
  facet normal -0 0 -1
    outer loop
      vertex 239.491 66.6631 0
      vertex 251 86.1 0
      vertex 239.747 65.595 0
    endloop
  endfacet
  facet normal -0 0 -1
    outer loop
      vertex 234.996 57.8426 0
      vertex 236.011 58.263 0
      vertex 227.17 25.6145 0
    endloop
  endfacet
  facet normal -0 0 -1
    outer loop
      vertex 239.747 65.595 0
      vertex 251 86.1 0
      vertex 239.833 64.5 0
    endloop
  endfacet
  facet normal -0 0 -1
    outer loop
      vertex 236.011 58.263 0
      vertex 236.948 58.8369 0
      vertex 227.17 25.6145 0
    endloop
  endfacet
  facet normal -0 0 -1
    outer loop
      vertex 236.948 58.8369 0
      vertex 237.783 59.5503 0
      vertex 227.17 25.6145 0
    endloop
  endfacet
  facet normal -0 0 -1
    outer loop
      vertex 239.833 64.5 0
      vertex 251 86.1 0
      vertex 239.747 63.405 0
    endloop
  endfacet
  facet normal -0 0 -1
    outer loop
      vertex 237.783 59.5503 0
      vertex 238.496 60.3855 0
      vertex 227.17 25.6145 0
    endloop
  endfacet
  facet normal -0 0 -1
    outer loop
      vertex 239.491 62.3369 0
      vertex 251 86.1 0
      vertex 239.07 61.3221 0
    endloop
  endfacet
  facet normal -0 0 -1
    outer loop
      vertex 238.496 60.3855 0
      vertex 239.07 61.3221 0
      vertex 227.17 25.6145 0
    endloop
  endfacet
  facet normal -0 0 -1
    outer loop
      vertex 239.747 63.405 0
      vertex 251 86.1 0
      vertex 239.491 62.3369 0
    endloop
  endfacet
  facet normal 0 0 -1
    outer loop
      vertex 228.719 58.8369 0
      vertex 197.414 22.595 0
      vertex 197.157 23.6631 0
    endloop
  endfacet
  facet normal 0 0 -1
    outer loop
      vertex 228.719 58.8369 0
      vertex 197.5 21.5 0
      vertex 197.414 22.595 0
    endloop
  endfacet
  facet normal -0 0 -1
    outer loop
      vertex 234.996 71.1574 0
      vertex 251 86.1 0
      vertex 236.011 70.737 0
    endloop
  endfacet
  facet normal 0 0 -1
    outer loop
      vertex 231.738 71.4138 0
      vertex 251 86.1 0
      vertex 232.833 71.5 0
    endloop
  endfacet
  facet normal 0 0 -1
    outer loop
      vertex 230.67 71.1574 0
      vertex 251 86.1 0
      vertex 231.738 71.4138 0
    endloop
  endfacet
  facet normal 0 0 -1
    outer loop
      vertex 229.655 70.737 0
      vertex 251 86.1 0
      vertex 230.67 71.1574 0
    endloop
  endfacet
  facet normal 0 0 -1
    outer loop
      vertex 228.719 70.1631 0
      vertex 251 86.1 0
      vertex 229.655 70.737 0
    endloop
  endfacet
  facet normal 0 0 -1
    outer loop
      vertex 152.281 15.8369 0
      vertex 251 86.1 0
      vertex 228.719 70.1631 0
    endloop
  endfacet
  facet normal 0 -0 -1
    outer loop
      vertex 227.17 68.6145 0
      vertex 152.281 15.8369 0
      vertex 227.884 69.4497 0
    endloop
  endfacet
  facet normal 0 -0 -1
    outer loop
      vertex 226.596 67.6779 0
      vertex 152.281 15.8369 0
      vertex 227.17 68.6145 0
    endloop
  endfacet
  facet normal 0 -0 -1
    outer loop
      vertex 226.176 66.6631 0
      vertex 152.281 15.8369 0
      vertex 226.596 67.6779 0
    endloop
  endfacet
  facet normal 0 0 -1
    outer loop
      vertex 152.281 15.8369 0
      vertex 226.176 66.6631 0
      vertex 225.92 65.595 0
    endloop
  endfacet
  facet normal 0 0 -1
    outer loop
      vertex 152.281 15.8369 0
      vertex 225.92 65.595 0
      vertex 225.833 64.5 0
    endloop
  endfacet
  facet normal 0 0 -1
    outer loop
      vertex 19.0035 14.8426 0
      vertex 3 5 0
      vertex 17.9887 15.263 0
    endloop
  endfacet
  facet normal 0 -0 -1
    outer loop
      vertex 58.5503 69.4497 0
      vertex 27.8241 62.3369 0
      vertex 59.3855 70.1631 0
    endloop
  endfacet
  facet normal 0 -0 -1
    outer loop
      vertex 60.3221 70.737 0
      vertex 28.0805 63.405 0
      vertex 61.3369 71.1574 0
    endloop
  endfacet
  facet normal -0 0 -1
    outer loop
      vertex 28.0805 63.405 0
      vertex 59.3855 70.1631 0
      vertex 27.8241 62.3369 0
    endloop
  endfacet
  facet normal 0.996917 -0.0784588 0
    outer loop
      vertex 253.938 4.21783 3
      vertex 253.938 4.21783 0
      vertex 254 5 0
    endloop
  endfacet
  facet normal 0.996917 -0.0784588 0
    outer loop
      vertex 254 5 3
      vertex 253.938 4.21783 3
      vertex 254 5 0
    endloop
  endfacet
  facet normal 6.66134e-016 7.0121e-030 3.15797e-014
    outer loop
      vertex 254 87 3.9968e-016
      vertex 254 86.1 5.9952e-016
      vertex 254 86.1 0
    endloop
  endfacet
  facet normal 4.44089e-016 -0 3.15797e-014
    outer loop
      vertex 254 87 0
      vertex 254 87 3.9968e-016
      vertex 254 86.1 0
    endloop
  endfacet
  facet normal 2.22045e-016 0 -1
    outer loop
      vertex 251 5 -6.66134e-016
      vertex 251 87 -6.66134e-016
      vertex 254 5 0
    endloop
  endfacet
  facet normal 2.22045e-016 0 -1
    outer loop
      vertex 254 86.1 0
      vertex 251 87 -6.66134e-016
      vertex 254 87 0
    endloop
  endfacet
  facet normal 2.22045e-016 0 -1
    outer loop
      vertex 254 5 0
      vertex 251 87 -6.66134e-016
      vertex 254 86.1 0
    endloop
  endfacet
  facet normal 0 -2.22045e-016 0
    outer loop
      vertex 254 5 0
      vertex 251 5 0
      vertex 251 5 -6.66134e-016
    endloop
  endfacet
  facet normal 0.97237 -0.233445 0
    outer loop
      vertex 253.755 3.45492 3
      vertex 253.755 3.45492 0
      vertex 253.938 4.21783 0
    endloop
  endfacet
  facet normal 0.97237 -0.233445 0
    outer loop
      vertex 253.938 4.21783 3
      vertex 253.755 3.45492 3
      vertex 253.938 4.21783 0
    endloop
  endfacet
  facet normal 0.923879 -0.382684 0
    outer loop
      vertex 253.455 2.73005 3
      vertex 253.455 2.73005 0
      vertex 253.755 3.45492 0
    endloop
  endfacet
  facet normal 0.923879 -0.382684 0
    outer loop
      vertex 253.755 3.45492 3
      vertex 253.455 2.73005 3
      vertex 253.755 3.45492 0
    endloop
  endfacet
  facet normal 0.85264 -0.522499 0
    outer loop
      vertex 253.045 2.06107 3
      vertex 253.045 2.06107 0
      vertex 253.455 2.73005 0
    endloop
  endfacet
  facet normal 0.85264 -0.522499 0
    outer loop
      vertex 253.455 2.73005 3
      vertex 253.045 2.06107 3
      vertex 253.455 2.73005 0
    endloop
  endfacet
  facet normal 0.760406 -0.649448 0
    outer loop
      vertex 252.536 1.46447 3
      vertex 252.536 1.46447 0
      vertex 253.045 2.06107 0
    endloop
  endfacet
  facet normal 0.760406 -0.649448 0
    outer loop
      vertex 253.045 2.06107 3
      vertex 252.536 1.46447 3
      vertex 253.045 2.06107 0
    endloop
  endfacet
  facet normal 0.649448 -0.760406 0
    outer loop
      vertex 251.939 0.954915 3
      vertex 251.939 0.954915 0
      vertex 252.536 1.46447 0
    endloop
  endfacet
  facet normal 0.649448 -0.760406 0
    outer loop
      vertex 252.536 1.46447 3
      vertex 251.939 0.954915 3
      vertex 252.536 1.46447 0
    endloop
  endfacet
  facet normal 0.522499 -0.85264 0
    outer loop
      vertex 251.27 0.544967 3
      vertex 251.27 0.544967 0
      vertex 251.939 0.954915 0
    endloop
  endfacet
  facet normal 0.522499 -0.85264 0
    outer loop
      vertex 251.939 0.954915 3
      vertex 251.27 0.544967 3
      vertex 251.939 0.954915 0
    endloop
  endfacet
  facet normal 0.382684 -0.923879 0
    outer loop
      vertex 250.545 0.244717 3
      vertex 250.545 0.244717 0
      vertex 251.27 0.544967 0
    endloop
  endfacet
  facet normal 0.382684 -0.923879 0
    outer loop
      vertex 251.27 0.544967 3
      vertex 250.545 0.244717 3
      vertex 251.27 0.544967 0
    endloop
  endfacet
  facet normal 0.233445 -0.97237 0
    outer loop
      vertex 249.782 0.061558 3
      vertex 249.782 0.061558 0
      vertex 250.545 0.244717 0
    endloop
  endfacet
  facet normal 0.233445 -0.97237 0
    outer loop
      vertex 250.545 0.244717 3
      vertex 249.782 0.061558 3
      vertex 250.545 0.244717 0
    endloop
  endfacet
  facet normal 0.0784588 -0.996917 0
    outer loop
      vertex 249 0 3
      vertex 249 0 0
      vertex 249.782 0.061558 0
    endloop
  endfacet
  facet normal 0.0784588 -0.996917 0
    outer loop
      vertex 249.782 0.061558 3
      vertex 249 0 3
      vertex 249.782 0.061558 0
    endloop
  endfacet
  facet normal 0 -1 0
    outer loop
      vertex 5 0 3
      vertex 5 0 0
      vertex 249 0 0
    endloop
  endfacet
  facet normal 0 -1 0
    outer loop
      vertex 249 0 3
      vertex 5 0 3
      vertex 249 0 0
    endloop
  endfacet
  facet normal -0.0784588 -0.996917 0
    outer loop
      vertex 4.21783 0.061558 3
      vertex 4.21783 0.061558 0
      vertex 5 0 0
    endloop
  endfacet
  facet normal -0.0784588 -0.996917 0
    outer loop
      vertex 5 0 3
      vertex 4.21783 0.061558 3
      vertex 5 0 0
    endloop
  endfacet
  facet normal -0.233445 -0.97237 0
    outer loop
      vertex 3.45492 0.244717 3
      vertex 3.45492 0.244717 0
      vertex 4.21783 0.061558 0
    endloop
  endfacet
  facet normal -0.233445 -0.97237 0
    outer loop
      vertex 4.21783 0.061558 3
      vertex 3.45492 0.244717 3
      vertex 4.21783 0.061558 0
    endloop
  endfacet
  facet normal -0.382684 -0.923879 0
    outer loop
      vertex 2.73005 0.544967 3
      vertex 2.73005 0.544967 0
      vertex 3.45492 0.244717 0
    endloop
  endfacet
  facet normal -0.382684 -0.923879 0
    outer loop
      vertex 3.45492 0.244717 3
      vertex 2.73005 0.544967 3
      vertex 3.45492 0.244717 0
    endloop
  endfacet
  facet normal -0.522499 -0.85264 0
    outer loop
      vertex 2.06107 0.954915 3
      vertex 2.06107 0.954915 0
      vertex 2.73005 0.544967 0
    endloop
  endfacet
  facet normal -0.522499 -0.85264 0
    outer loop
      vertex 2.73005 0.544967 3
      vertex 2.06107 0.954915 3
      vertex 2.73005 0.544967 0
    endloop
  endfacet
  facet normal -0.649448 -0.760406 0
    outer loop
      vertex 1.46447 1.46447 3
      vertex 1.46447 1.46447 0
      vertex 2.06107 0.954915 0
    endloop
  endfacet
  facet normal -0.649448 -0.760406 0
    outer loop
      vertex 2.06107 0.954915 3
      vertex 1.46447 1.46447 3
      vertex 2.06107 0.954915 0
    endloop
  endfacet
  facet normal -0.760406 -0.649448 -0
    outer loop
      vertex 0.954915 2.06107 0
      vertex 1.46447 1.46447 0
      vertex 0.954915 2.06107 3
    endloop
  endfacet
  facet normal -0.760406 -0.649448 0
    outer loop
      vertex 0.954915 2.06107 3
      vertex 1.46447 1.46447 0
      vertex 1.46447 1.46447 3
    endloop
  endfacet
  facet normal -0.85264 -0.522499 -0
    outer loop
      vertex 0.544967 2.73005 0
      vertex 0.954915 2.06107 0
      vertex 0.544967 2.73005 3
    endloop
  endfacet
  facet normal -0.85264 -0.522499 0
    outer loop
      vertex 0.544967 2.73005 3
      vertex 0.954915 2.06107 0
      vertex 0.954915 2.06107 3
    endloop
  endfacet
  facet normal -0.923879 -0.382684 -0
    outer loop
      vertex 0.244717 3.45492 0
      vertex 0.544967 2.73005 0
      vertex 0.244717 3.45492 3
    endloop
  endfacet
  facet normal -0.923879 -0.382684 0
    outer loop
      vertex 0.244717 3.45492 3
      vertex 0.544967 2.73005 0
      vertex 0.544967 2.73005 3
    endloop
  endfacet
  facet normal -0.97237 -0.233445 -0
    outer loop
      vertex 0.061558 4.21783 0
      vertex 0.244717 3.45492 0
      vertex 0.061558 4.21783 3
    endloop
  endfacet
  facet normal -0.97237 -0.233445 0
    outer loop
      vertex 0.061558 4.21783 3
      vertex 0.244717 3.45492 0
      vertex 0.244717 3.45492 3
    endloop
  endfacet
  facet normal 0.996917 0.0784595 0
    outer loop
      vertex 141.167 21.5 3
      vertex 141.253 20.405 3
      vertex 141.253 20.405 0
    endloop
  endfacet
  facet normal 0.996917 0.0784595 0
    outer loop
      vertex 141.167 21.5 0
      vertex 141.167 21.5 3
      vertex 141.253 20.405 0
    endloop
  endfacet
  facet normal 0.97237 0.233445 0
    outer loop
      vertex 141.253 20.405 3
      vertex 141.509 19.3369 3
      vertex 141.509 19.3369 0
    endloop
  endfacet
  facet normal 0.97237 0.233445 0
    outer loop
      vertex 141.253 20.405 0
      vertex 141.253 20.405 3
      vertex 141.509 19.3369 0
    endloop
  endfacet
  facet normal 0.923879 0.382684 0
    outer loop
      vertex 141.509 19.3369 3
      vertex 141.93 18.3221 3
      vertex 141.93 18.3221 0
    endloop
  endfacet
  facet normal 0.923879 0.382684 0
    outer loop
      vertex 141.509 19.3369 0
      vertex 141.509 19.3369 3
      vertex 141.93 18.3221 0
    endloop
  endfacet
  facet normal 0.85264 0.522498 0
    outer loop
      vertex 141.93 18.3221 3
      vertex 142.504 17.3855 3
      vertex 142.504 17.3855 0
    endloop
  endfacet
  facet normal 0.85264 0.522498 0
    outer loop
      vertex 141.93 18.3221 0
      vertex 141.93 18.3221 3
      vertex 142.504 17.3855 0
    endloop
  endfacet
  facet normal 0.760405 0.649449 0
    outer loop
      vertex 142.504 17.3855 3
      vertex 143.217 16.5503 3
      vertex 143.217 16.5503 0
    endloop
  endfacet
  facet normal 0.760405 0.649449 0
    outer loop
      vertex 142.504 17.3855 0
      vertex 142.504 17.3855 3
      vertex 143.217 16.5503 0
    endloop
  endfacet
  facet normal 0.649449 0.760405 -0
    outer loop
      vertex 144.052 15.8369 3
      vertex 144.052 15.8369 0
      vertex 143.217 16.5503 3
    endloop
  endfacet
  facet normal 0.649449 0.760405 -0
    outer loop
      vertex 143.217 16.5503 3
      vertex 144.052 15.8369 0
      vertex 143.217 16.5503 0
    endloop
  endfacet
  facet normal 0.522498 0.85264 -0
    outer loop
      vertex 144.989 15.263 3
      vertex 144.989 15.263 0
      vertex 144.052 15.8369 3
    endloop
  endfacet
  facet normal 0.522498 0.85264 -0
    outer loop
      vertex 144.052 15.8369 3
      vertex 144.989 15.263 0
      vertex 144.052 15.8369 0
    endloop
  endfacet
  facet normal 0.382684 0.923879 -0
    outer loop
      vertex 146.004 14.8426 3
      vertex 146.004 14.8426 0
      vertex 144.989 15.263 3
    endloop
  endfacet
  facet normal 0.382684 0.923879 -0
    outer loop
      vertex 144.989 15.263 3
      vertex 146.004 14.8426 0
      vertex 144.989 15.263 0
    endloop
  endfacet
  facet normal 0.233445 0.97237 -0
    outer loop
      vertex 147.072 14.5862 3
      vertex 147.072 14.5862 0
      vertex 146.004 14.8426 3
    endloop
  endfacet
  facet normal 0.233445 0.97237 -0
    outer loop
      vertex 146.004 14.8426 3
      vertex 147.072 14.5862 0
      vertex 146.004 14.8426 0
    endloop
  endfacet
  facet normal 0.0784595 0.996917 -0
    outer loop
      vertex 148.167 14.5 3
      vertex 148.167 14.5 0
      vertex 147.072 14.5862 3
    endloop
  endfacet
  facet normal 0.0784595 0.996917 -0
    outer loop
      vertex 147.072 14.5862 3
      vertex 148.167 14.5 0
      vertex 147.072 14.5862 0
    endloop
  endfacet
  facet normal -0.0784595 0.996917 0
    outer loop
      vertex 149.262 14.5862 3
      vertex 149.262 14.5862 0
      vertex 148.167 14.5 3
    endloop
  endfacet
  facet normal -0.0784595 0.996917 0
    outer loop
      vertex 148.167 14.5 3
      vertex 149.262 14.5862 0
      vertex 148.167 14.5 0
    endloop
  endfacet
  facet normal -0.233445 0.97237 0
    outer loop
      vertex 150.33 14.8426 3
      vertex 150.33 14.8426 0
      vertex 149.262 14.5862 3
    endloop
  endfacet
  facet normal -0.233445 0.97237 0
    outer loop
      vertex 149.262 14.5862 3
      vertex 150.33 14.8426 0
      vertex 149.262 14.5862 0
    endloop
  endfacet
  facet normal -0.382684 0.923879 0
    outer loop
      vertex 151.345 15.263 3
      vertex 151.345 15.263 0
      vertex 150.33 14.8426 3
    endloop
  endfacet
  facet normal -0.382684 0.923879 0
    outer loop
      vertex 150.33 14.8426 3
      vertex 151.345 15.263 0
      vertex 150.33 14.8426 0
    endloop
  endfacet
  facet normal -0.522498 0.85264 0
    outer loop
      vertex 152.281 15.8369 3
      vertex 152.281 15.8369 0
      vertex 151.345 15.263 3
    endloop
  endfacet
  facet normal -0.522498 0.85264 0
    outer loop
      vertex 151.345 15.263 3
      vertex 152.281 15.8369 0
      vertex 151.345 15.263 0
    endloop
  endfacet
  facet normal -0.649449 0.760405 0
    outer loop
      vertex 153.116 16.5503 3
      vertex 153.116 16.5503 0
      vertex 152.281 15.8369 3
    endloop
  endfacet
  facet normal -0.649449 0.760405 0
    outer loop
      vertex 152.281 15.8369 3
      vertex 153.116 16.5503 0
      vertex 152.281 15.8369 0
    endloop
  endfacet
  facet normal -0.760405 0.649449 0
    outer loop
      vertex 153.83 17.3855 3
      vertex 153.83 17.3855 0
      vertex 153.116 16.5503 3
    endloop
  endfacet
  facet normal -0.760405 0.649449 0
    outer loop
      vertex 153.116 16.5503 3
      vertex 153.83 17.3855 0
      vertex 153.116 16.5503 0
    endloop
  endfacet
  facet normal -0.85264 0.522498 0
    outer loop
      vertex 154.404 18.3221 3
      vertex 154.404 18.3221 0
      vertex 153.83 17.3855 3
    endloop
  endfacet
  facet normal -0.85264 0.522498 0
    outer loop
      vertex 153.83 17.3855 3
      vertex 154.404 18.3221 0
      vertex 153.83 17.3855 0
    endloop
  endfacet
  facet normal -0.923879 0.382684 0
    outer loop
      vertex 154.824 19.3369 3
      vertex 154.824 19.3369 0
      vertex 154.404 18.3221 3
    endloop
  endfacet
  facet normal -0.923879 0.382684 0
    outer loop
      vertex 154.404 18.3221 3
      vertex 154.824 19.3369 0
      vertex 154.404 18.3221 0
    endloop
  endfacet
  facet normal -0.97237 0.233445 0
    outer loop
      vertex 155.08 20.405 3
      vertex 155.08 20.405 0
      vertex 154.824 19.3369 3
    endloop
  endfacet
  facet normal -0.97237 0.233445 0
    outer loop
      vertex 154.824 19.3369 3
      vertex 155.08 20.405 0
      vertex 154.824 19.3369 0
    endloop
  endfacet
  facet normal -0.996917 0.0784595 0
    outer loop
      vertex 155.167 21.5 3
      vertex 155.167 21.5 0
      vertex 155.08 20.405 3
    endloop
  endfacet
  facet normal -0.996917 0.0784595 0
    outer loop
      vertex 155.08 20.405 3
      vertex 155.167 21.5 0
      vertex 155.08 20.405 0
    endloop
  endfacet
  facet normal -0.996917 -0.0784595 0
    outer loop
      vertex 155.167 21.5 3
      vertex 155.08 22.595 3
      vertex 155.167 21.5 0
    endloop
  endfacet
  facet normal -0.996917 -0.0784595 0
    outer loop
      vertex 155.167 21.5 0
      vertex 155.08 22.595 3
      vertex 155.08 22.595 0
    endloop
  endfacet
  facet normal -0.97237 -0.233445 0
    outer loop
      vertex 155.08 22.595 3
      vertex 154.824 23.6631 3
      vertex 155.08 22.595 0
    endloop
  endfacet
  facet normal -0.97237 -0.233445 0
    outer loop
      vertex 155.08 22.595 0
      vertex 154.824 23.6631 3
      vertex 154.824 23.6631 0
    endloop
  endfacet
  facet normal -0.923879 -0.382684 0
    outer loop
      vertex 154.824 23.6631 3
      vertex 154.404 24.6779 3
      vertex 154.824 23.6631 0
    endloop
  endfacet
  facet normal -0.923879 -0.382684 0
    outer loop
      vertex 154.824 23.6631 0
      vertex 154.404 24.6779 3
      vertex 154.404 24.6779 0
    endloop
  endfacet
  facet normal -0.85264 -0.522498 0
    outer loop
      vertex 154.404 24.6779 3
      vertex 153.83 25.6145 3
      vertex 154.404 24.6779 0
    endloop
  endfacet
  facet normal -0.85264 -0.522498 0
    outer loop
      vertex 154.404 24.6779 0
      vertex 153.83 25.6145 3
      vertex 153.83 25.6145 0
    endloop
  endfacet
  facet normal -0.760405 -0.649449 0
    outer loop
      vertex 153.83 25.6145 3
      vertex 153.116 26.4497 3
      vertex 153.83 25.6145 0
    endloop
  endfacet
  facet normal -0.760405 -0.649449 0
    outer loop
      vertex 153.83 25.6145 0
      vertex 153.116 26.4497 3
      vertex 153.116 26.4497 0
    endloop
  endfacet
  facet normal -0.649449 -0.760405 -0
    outer loop
      vertex 153.116 26.4497 0
      vertex 153.116 26.4497 3
      vertex 152.281 27.1631 3
    endloop
  endfacet
  facet normal -0.649449 -0.760405 -0
    outer loop
      vertex 152.281 27.1631 0
      vertex 153.116 26.4497 0
      vertex 152.281 27.1631 3
    endloop
  endfacet
  facet normal -0.522498 -0.85264 -0
    outer loop
      vertex 152.281 27.1631 0
      vertex 152.281 27.1631 3
      vertex 151.345 27.737 3
    endloop
  endfacet
  facet normal -0.522498 -0.85264 -0
    outer loop
      vertex 151.345 27.737 0
      vertex 152.281 27.1631 0
      vertex 151.345 27.737 3
    endloop
  endfacet
  facet normal -0.382684 -0.923879 -0
    outer loop
      vertex 151.345 27.737 0
      vertex 151.345 27.737 3
      vertex 150.33 28.1574 3
    endloop
  endfacet
  facet normal -0.382684 -0.923879 -0
    outer loop
      vertex 150.33 28.1574 0
      vertex 151.345 27.737 0
      vertex 150.33 28.1574 3
    endloop
  endfacet
  facet normal -0.233445 -0.97237 -0
    outer loop
      vertex 150.33 28.1574 0
      vertex 150.33 28.1574 3
      vertex 149.262 28.4138 3
    endloop
  endfacet
  facet normal -0.233445 -0.97237 -0
    outer loop
      vertex 149.262 28.4138 0
      vertex 150.33 28.1574 0
      vertex 149.262 28.4138 3
    endloop
  endfacet
  facet normal -0.0784595 -0.996917 -0
    outer loop
      vertex 149.262 28.4138 0
      vertex 149.262 28.4138 3
      vertex 148.167 28.5 3
    endloop
  endfacet
  facet normal -0.0784595 -0.996917 -0
    outer loop
      vertex 148.167 28.5 0
      vertex 149.262 28.4138 0
      vertex 148.167 28.5 3
    endloop
  endfacet
  facet normal 0.0784595 -0.996917 0
    outer loop
      vertex 148.167 28.5 0
      vertex 148.167 28.5 3
      vertex 147.072 28.4138 3
    endloop
  endfacet
  facet normal 0.0784595 -0.996917 0
    outer loop
      vertex 147.072 28.4138 0
      vertex 148.167 28.5 0
      vertex 147.072 28.4138 3
    endloop
  endfacet
  facet normal 0.233445 -0.97237 0
    outer loop
      vertex 147.072 28.4138 0
      vertex 147.072 28.4138 3
      vertex 146.004 28.1574 3
    endloop
  endfacet
  facet normal 0.233445 -0.97237 0
    outer loop
      vertex 146.004 28.1574 0
      vertex 147.072 28.4138 0
      vertex 146.004 28.1574 3
    endloop
  endfacet
  facet normal 0.382684 -0.923879 0
    outer loop
      vertex 146.004 28.1574 0
      vertex 146.004 28.1574 3
      vertex 144.989 27.737 3
    endloop
  endfacet
  facet normal 0.382684 -0.923879 0
    outer loop
      vertex 144.989 27.737 0
      vertex 146.004 28.1574 0
      vertex 144.989 27.737 3
    endloop
  endfacet
  facet normal 0.522498 -0.85264 0
    outer loop
      vertex 144.989 27.737 0
      vertex 144.989 27.737 3
      vertex 144.052 27.1631 3
    endloop
  endfacet
  facet normal 0.522498 -0.85264 0
    outer loop
      vertex 144.052 27.1631 0
      vertex 144.989 27.737 0
      vertex 144.052 27.1631 3
    endloop
  endfacet
  facet normal 0.649449 -0.760405 0
    outer loop
      vertex 144.052 27.1631 0
      vertex 144.052 27.1631 3
      vertex 143.217 26.4497 3
    endloop
  endfacet
  facet normal 0.649449 -0.760405 0
    outer loop
      vertex 143.217 26.4497 0
      vertex 144.052 27.1631 0
      vertex 143.217 26.4497 3
    endloop
  endfacet
  facet normal 0.760405 -0.649449 0
    outer loop
      vertex 143.217 26.4497 0
      vertex 143.217 26.4497 3
      vertex 142.504 25.6145 3
    endloop
  endfacet
  facet normal 0.760405 -0.649449 0
    outer loop
      vertex 142.504 25.6145 0
      vertex 143.217 26.4497 0
      vertex 142.504 25.6145 3
    endloop
  endfacet
  facet normal 0.85264 -0.522498 0
    outer loop
      vertex 142.504 25.6145 0
      vertex 142.504 25.6145 3
      vertex 141.93 24.6779 3
    endloop
  endfacet
  facet normal 0.85264 -0.522498 0
    outer loop
      vertex 141.93 24.6779 0
      vertex 142.504 25.6145 0
      vertex 141.93 24.6779 3
    endloop
  endfacet
  facet normal 0.923879 -0.382684 0
    outer loop
      vertex 141.93 24.6779 0
      vertex 141.93 24.6779 3
      vertex 141.509 23.6631 3
    endloop
  endfacet
  facet normal 0.923879 -0.382684 0
    outer loop
      vertex 141.509 23.6631 0
      vertex 141.93 24.6779 0
      vertex 141.509 23.6631 3
    endloop
  endfacet
  facet normal 0.97237 -0.233445 0
    outer loop
      vertex 141.509 23.6631 0
      vertex 141.509 23.6631 3
      vertex 141.253 22.595 3
    endloop
  endfacet
  facet normal 0.97237 -0.233445 0
    outer loop
      vertex 141.253 22.595 0
      vertex 141.509 23.6631 0
      vertex 141.253 22.595 3
    endloop
  endfacet
  facet normal 0.996917 -0.0784595 0
    outer loop
      vertex 141.253 22.595 0
      vertex 141.253 22.595 3
      vertex 141.167 21.5 3
    endloop
  endfacet
  facet normal 0.996917 -0.0784595 0
    outer loop
      vertex 141.167 21.5 0
      vertex 141.253 22.595 0
      vertex 141.167 21.5 3
    endloop
  endfacet
  facet normal 0.996917 0.0784595 0
    outer loop
      vertex 141.167 64.5 3
      vertex 141.253 63.405 3
      vertex 141.253 63.405 0
    endloop
  endfacet
  facet normal 0.996917 0.0784595 0
    outer loop
      vertex 141.167 64.5 0
      vertex 141.167 64.5 3
      vertex 141.253 63.405 0
    endloop
  endfacet
  facet normal 0.97237 0.233445 0
    outer loop
      vertex 141.253 63.405 3
      vertex 141.509 62.3369 3
      vertex 141.509 62.3369 0
    endloop
  endfacet
  facet normal 0.97237 0.233445 0
    outer loop
      vertex 141.253 63.405 0
      vertex 141.253 63.405 3
      vertex 141.509 62.3369 0
    endloop
  endfacet
  facet normal 0.923879 0.382684 0
    outer loop
      vertex 141.509 62.3369 3
      vertex 141.93 61.3221 3
      vertex 141.93 61.3221 0
    endloop
  endfacet
  facet normal 0.923879 0.382684 0
    outer loop
      vertex 141.509 62.3369 0
      vertex 141.509 62.3369 3
      vertex 141.93 61.3221 0
    endloop
  endfacet
  facet normal 0.85264 0.522498 0
    outer loop
      vertex 141.93 61.3221 3
      vertex 142.504 60.3855 3
      vertex 142.504 60.3855 0
    endloop
  endfacet
  facet normal 0.85264 0.522498 0
    outer loop
      vertex 141.93 61.3221 0
      vertex 141.93 61.3221 3
      vertex 142.504 60.3855 0
    endloop
  endfacet
  facet normal 0.760405 0.649449 0
    outer loop
      vertex 142.504 60.3855 3
      vertex 143.217 59.5503 3
      vertex 143.217 59.5503 0
    endloop
  endfacet
  facet normal 0.760405 0.649449 0
    outer loop
      vertex 142.504 60.3855 0
      vertex 142.504 60.3855 3
      vertex 143.217 59.5503 0
    endloop
  endfacet
  facet normal 0.649449 0.760405 -0
    outer loop
      vertex 144.052 58.8369 3
      vertex 144.052 58.8369 0
      vertex 143.217 59.5503 3
    endloop
  endfacet
  facet normal 0.649449 0.760405 -0
    outer loop
      vertex 143.217 59.5503 3
      vertex 144.052 58.8369 0
      vertex 143.217 59.5503 0
    endloop
  endfacet
  facet normal 0.522498 0.85264 -0
    outer loop
      vertex 144.989 58.263 3
      vertex 144.989 58.263 0
      vertex 144.052 58.8369 3
    endloop
  endfacet
  facet normal 0.522498 0.85264 -0
    outer loop
      vertex 144.052 58.8369 3
      vertex 144.989 58.263 0
      vertex 144.052 58.8369 0
    endloop
  endfacet
  facet normal 0.382684 0.923879 -0
    outer loop
      vertex 146.004 57.8426 3
      vertex 146.004 57.8426 0
      vertex 144.989 58.263 3
    endloop
  endfacet
  facet normal 0.382684 0.923879 -0
    outer loop
      vertex 144.989 58.263 3
      vertex 146.004 57.8426 0
      vertex 144.989 58.263 0
    endloop
  endfacet
  facet normal 0.233445 0.97237 -0
    outer loop
      vertex 147.072 57.5862 3
      vertex 147.072 57.5862 0
      vertex 146.004 57.8426 3
    endloop
  endfacet
  facet normal 0.233445 0.97237 -0
    outer loop
      vertex 146.004 57.8426 3
      vertex 147.072 57.5862 0
      vertex 146.004 57.8426 0
    endloop
  endfacet
  facet normal 0.0784595 0.996917 -0
    outer loop
      vertex 148.167 57.5 3
      vertex 148.167 57.5 0
      vertex 147.072 57.5862 3
    endloop
  endfacet
  facet normal 0.0784595 0.996917 -0
    outer loop
      vertex 147.072 57.5862 3
      vertex 148.167 57.5 0
      vertex 147.072 57.5862 0
    endloop
  endfacet
  facet normal -0.0784595 0.996917 0
    outer loop
      vertex 149.262 57.5862 3
      vertex 149.262 57.5862 0
      vertex 148.167 57.5 3
    endloop
  endfacet
  facet normal -0.0784595 0.996917 0
    outer loop
      vertex 148.167 57.5 3
      vertex 149.262 57.5862 0
      vertex 148.167 57.5 0
    endloop
  endfacet
  facet normal -0.233445 0.97237 0
    outer loop
      vertex 150.33 57.8426 3
      vertex 150.33 57.8426 0
      vertex 149.262 57.5862 3
    endloop
  endfacet
  facet normal -0.233445 0.97237 0
    outer loop
      vertex 149.262 57.5862 3
      vertex 150.33 57.8426 0
      vertex 149.262 57.5862 0
    endloop
  endfacet
  facet normal -0.382684 0.923879 0
    outer loop
      vertex 151.345 58.263 3
      vertex 151.345 58.263 0
      vertex 150.33 57.8426 3
    endloop
  endfacet
  facet normal -0.382684 0.923879 0
    outer loop
      vertex 150.33 57.8426 3
      vertex 151.345 58.263 0
      vertex 150.33 57.8426 0
    endloop
  endfacet
  facet normal -0.522498 0.85264 0
    outer loop
      vertex 152.281 58.8369 3
      vertex 152.281 58.8369 0
      vertex 151.345 58.263 3
    endloop
  endfacet
  facet normal -0.522498 0.85264 0
    outer loop
      vertex 151.345 58.263 3
      vertex 152.281 58.8369 0
      vertex 151.345 58.263 0
    endloop
  endfacet
  facet normal -0.649449 0.760405 0
    outer loop
      vertex 153.116 59.5503 3
      vertex 153.116 59.5503 0
      vertex 152.281 58.8369 3
    endloop
  endfacet
  facet normal -0.649449 0.760405 0
    outer loop
      vertex 152.281 58.8369 3
      vertex 153.116 59.5503 0
      vertex 152.281 58.8369 0
    endloop
  endfacet
  facet normal -0.760405 0.649449 0
    outer loop
      vertex 153.83 60.3855 3
      vertex 153.83 60.3855 0
      vertex 153.116 59.5503 3
    endloop
  endfacet
  facet normal -0.760405 0.649449 0
    outer loop
      vertex 153.116 59.5503 3
      vertex 153.83 60.3855 0
      vertex 153.116 59.5503 0
    endloop
  endfacet
  facet normal -0.85264 0.522498 0
    outer loop
      vertex 154.404 61.3221 3
      vertex 154.404 61.3221 0
      vertex 153.83 60.3855 3
    endloop
  endfacet
  facet normal -0.85264 0.522498 0
    outer loop
      vertex 153.83 60.3855 3
      vertex 154.404 61.3221 0
      vertex 153.83 60.3855 0
    endloop
  endfacet
  facet normal -0.923879 0.382684 0
    outer loop
      vertex 154.824 62.3369 3
      vertex 154.824 62.3369 0
      vertex 154.404 61.3221 3
    endloop
  endfacet
  facet normal -0.923879 0.382684 0
    outer loop
      vertex 154.404 61.3221 3
      vertex 154.824 62.3369 0
      vertex 154.404 61.3221 0
    endloop
  endfacet
  facet normal -0.97237 0.233445 0
    outer loop
      vertex 155.08 63.405 3
      vertex 155.08 63.405 0
      vertex 154.824 62.3369 3
    endloop
  endfacet
  facet normal -0.97237 0.233445 0
    outer loop
      vertex 154.824 62.3369 3
      vertex 155.08 63.405 0
      vertex 154.824 62.3369 0
    endloop
  endfacet
  facet normal -0.996917 0.0784595 0
    outer loop
      vertex 155.167 64.5 3
      vertex 155.167 64.5 0
      vertex 155.08 63.405 3
    endloop
  endfacet
  facet normal -0.996917 0.0784595 0
    outer loop
      vertex 155.08 63.405 3
      vertex 155.167 64.5 0
      vertex 155.08 63.405 0
    endloop
  endfacet
  facet normal -0.996917 -0.0784595 0
    outer loop
      vertex 155.167 64.5 3
      vertex 155.08 65.595 3
      vertex 155.167 64.5 0
    endloop
  endfacet
  facet normal -0.996917 -0.0784595 0
    outer loop
      vertex 155.167 64.5 0
      vertex 155.08 65.595 3
      vertex 155.08 65.595 0
    endloop
  endfacet
  facet normal -0.97237 -0.233445 0
    outer loop
      vertex 155.08 65.595 3
      vertex 154.824 66.6631 3
      vertex 155.08 65.595 0
    endloop
  endfacet
  facet normal -0.97237 -0.233445 0
    outer loop
      vertex 155.08 65.595 0
      vertex 154.824 66.6631 3
      vertex 154.824 66.6631 0
    endloop
  endfacet
  facet normal -0.923879 -0.382684 0
    outer loop
      vertex 154.824 66.6631 3
      vertex 154.404 67.6779 3
      vertex 154.824 66.6631 0
    endloop
  endfacet
  facet normal -0.923879 -0.382684 0
    outer loop
      vertex 154.824 66.6631 0
      vertex 154.404 67.6779 3
      vertex 154.404 67.6779 0
    endloop
  endfacet
  facet normal -0.85264 -0.522498 0
    outer loop
      vertex 154.404 67.6779 3
      vertex 153.83 68.6145 3
      vertex 154.404 67.6779 0
    endloop
  endfacet
  facet normal -0.85264 -0.522498 0
    outer loop
      vertex 154.404 67.6779 0
      vertex 153.83 68.6145 3
      vertex 153.83 68.6145 0
    endloop
  endfacet
  facet normal -0.760405 -0.649449 0
    outer loop
      vertex 153.83 68.6145 3
      vertex 153.116 69.4497 3
      vertex 153.83 68.6145 0
    endloop
  endfacet
  facet normal -0.760405 -0.649449 0
    outer loop
      vertex 153.83 68.6145 0
      vertex 153.116 69.4497 3
      vertex 153.116 69.4497 0
    endloop
  endfacet
  facet normal -0.649449 -0.760405 -0
    outer loop
      vertex 153.116 69.4497 0
      vertex 153.116 69.4497 3
      vertex 152.281 70.1631 3
    endloop
  endfacet
  facet normal -0.649449 -0.760405 -0
    outer loop
      vertex 152.281 70.1631 0
      vertex 153.116 69.4497 0
      vertex 152.281 70.1631 3
    endloop
  endfacet
  facet normal -0.522498 -0.85264 -0
    outer loop
      vertex 152.281 70.1631 0
      vertex 152.281 70.1631 3
      vertex 151.345 70.737 3
    endloop
  endfacet
  facet normal -0.522498 -0.85264 -0
    outer loop
      vertex 151.345 70.737 0
      vertex 152.281 70.1631 0
      vertex 151.345 70.737 3
    endloop
  endfacet
  facet normal -0.382684 -0.923879 -0
    outer loop
      vertex 151.345 70.737 0
      vertex 151.345 70.737 3
      vertex 150.33 71.1574 3
    endloop
  endfacet
  facet normal -0.382684 -0.923879 -0
    outer loop
      vertex 150.33 71.1574 0
      vertex 151.345 70.737 0
      vertex 150.33 71.1574 3
    endloop
  endfacet
  facet normal -0.233445 -0.97237 -0
    outer loop
      vertex 150.33 71.1574 0
      vertex 150.33 71.1574 3
      vertex 149.262 71.4138 3
    endloop
  endfacet
  facet normal -0.233445 -0.97237 -0
    outer loop
      vertex 149.262 71.4138 0
      vertex 150.33 71.1574 0
      vertex 149.262 71.4138 3
    endloop
  endfacet
  facet normal -0.0784595 -0.996917 -0
    outer loop
      vertex 149.262 71.4138 0
      vertex 149.262 71.4138 3
      vertex 148.167 71.5 3
    endloop
  endfacet
  facet normal -0.0784595 -0.996917 -0
    outer loop
      vertex 148.167 71.5 0
      vertex 149.262 71.4138 0
      vertex 148.167 71.5 3
    endloop
  endfacet
  facet normal 0.0784595 -0.996917 0
    outer loop
      vertex 148.167 71.5 0
      vertex 148.167 71.5 3
      vertex 147.072 71.4138 3
    endloop
  endfacet
  facet normal 0.0784595 -0.996917 0
    outer loop
      vertex 147.072 71.4138 0
      vertex 148.167 71.5 0
      vertex 147.072 71.4138 3
    endloop
  endfacet
  facet normal 0.233445 -0.97237 0
    outer loop
      vertex 147.072 71.4138 0
      vertex 147.072 71.4138 3
      vertex 146.004 71.1574 3
    endloop
  endfacet
  facet normal 0.233445 -0.97237 0
    outer loop
      vertex 146.004 71.1574 0
      vertex 147.072 71.4138 0
      vertex 146.004 71.1574 3
    endloop
  endfacet
  facet normal 0.382684 -0.923879 0
    outer loop
      vertex 146.004 71.1574 0
      vertex 146.004 71.1574 3
      vertex 144.989 70.737 3
    endloop
  endfacet
  facet normal 0.382684 -0.923879 0
    outer loop
      vertex 144.989 70.737 0
      vertex 146.004 71.1574 0
      vertex 144.989 70.737 3
    endloop
  endfacet
  facet normal 0.522498 -0.85264 0
    outer loop
      vertex 144.989 70.737 0
      vertex 144.989 70.737 3
      vertex 144.052 70.1631 3
    endloop
  endfacet
  facet normal 0.522498 -0.85264 0
    outer loop
      vertex 144.052 70.1631 0
      vertex 144.989 70.737 0
      vertex 144.052 70.1631 3
    endloop
  endfacet
  facet normal 0.649449 -0.760405 0
    outer loop
      vertex 144.052 70.1631 0
      vertex 144.052 70.1631 3
      vertex 143.217 69.4497 3
    endloop
  endfacet
  facet normal 0.649449 -0.760405 0
    outer loop
      vertex 143.217 69.4497 0
      vertex 144.052 70.1631 0
      vertex 143.217 69.4497 3
    endloop
  endfacet
  facet normal 0.760405 -0.649449 0
    outer loop
      vertex 143.217 69.4497 0
      vertex 143.217 69.4497 3
      vertex 142.504 68.6145 3
    endloop
  endfacet
  facet normal 0.760405 -0.649449 0
    outer loop
      vertex 142.504 68.6145 0
      vertex 143.217 69.4497 0
      vertex 142.504 68.6145 3
    endloop
  endfacet
  facet normal 0.85264 -0.522498 0
    outer loop
      vertex 142.504 68.6145 0
      vertex 142.504 68.6145 3
      vertex 141.93 67.6779 3
    endloop
  endfacet
  facet normal 0.85264 -0.522498 0
    outer loop
      vertex 141.93 67.6779 0
      vertex 142.504 68.6145 0
      vertex 141.93 67.6779 3
    endloop
  endfacet
  facet normal 0.923879 -0.382684 0
    outer loop
      vertex 141.93 67.6779 0
      vertex 141.93 67.6779 3
      vertex 141.509 66.6631 3
    endloop
  endfacet
  facet normal 0.923879 -0.382684 0
    outer loop
      vertex 141.509 66.6631 0
      vertex 141.93 67.6779 0
      vertex 141.509 66.6631 3
    endloop
  endfacet
  facet normal 0.97237 -0.233445 0
    outer loop
      vertex 141.509 66.6631 0
      vertex 141.509 66.6631 3
      vertex 141.253 65.595 3
    endloop
  endfacet
  facet normal 0.97237 -0.233445 0
    outer loop
      vertex 141.253 65.595 0
      vertex 141.509 66.6631 0
      vertex 141.253 65.595 3
    endloop
  endfacet
  facet normal 0.996917 -0.0784595 0
    outer loop
      vertex 141.253 65.595 0
      vertex 141.253 65.595 3
      vertex 141.167 64.5 3
    endloop
  endfacet
  facet normal 0.996917 -0.0784595 0
    outer loop
      vertex 141.167 64.5 0
      vertex 141.253 65.595 0
      vertex 141.167 64.5 3
    endloop
  endfacet
  facet normal 0.996917 0.0784595 0
    outer loop
      vertex 183.5 21.5 3
      vertex 183.586 20.405 3
      vertex 183.586 20.405 0
    endloop
  endfacet
  facet normal 0.996917 0.0784595 0
    outer loop
      vertex 183.5 21.5 0
      vertex 183.5 21.5 3
      vertex 183.586 20.405 0
    endloop
  endfacet
  facet normal 0.97237 0.233445 0
    outer loop
      vertex 183.586 20.405 3
      vertex 183.843 19.3369 3
      vertex 183.843 19.3369 0
    endloop
  endfacet
  facet normal 0.97237 0.233445 0
    outer loop
      vertex 183.586 20.405 0
      vertex 183.586 20.405 3
      vertex 183.843 19.3369 0
    endloop
  endfacet
  facet normal 0.923879 0.382684 0
    outer loop
      vertex 183.843 19.3369 3
      vertex 184.263 18.3221 3
      vertex 184.263 18.3221 0
    endloop
  endfacet
  facet normal 0.923879 0.382684 0
    outer loop
      vertex 183.843 19.3369 0
      vertex 183.843 19.3369 3
      vertex 184.263 18.3221 0
    endloop
  endfacet
  facet normal 0.85264 0.522498 0
    outer loop
      vertex 184.263 18.3221 3
      vertex 184.837 17.3855 3
      vertex 184.837 17.3855 0
    endloop
  endfacet
  facet normal 0.85264 0.522498 0
    outer loop
      vertex 184.263 18.3221 0
      vertex 184.263 18.3221 3
      vertex 184.837 17.3855 0
    endloop
  endfacet
  facet normal 0.760405 0.649449 0
    outer loop
      vertex 184.837 17.3855 3
      vertex 185.55 16.5503 3
      vertex 185.55 16.5503 0
    endloop
  endfacet
  facet normal 0.760405 0.649449 0
    outer loop
      vertex 184.837 17.3855 0
      vertex 184.837 17.3855 3
      vertex 185.55 16.5503 0
    endloop
  endfacet
  facet normal 0.649449 0.760405 -0
    outer loop
      vertex 186.386 15.8369 3
      vertex 186.386 15.8369 0
      vertex 185.55 16.5503 3
    endloop
  endfacet
  facet normal 0.649449 0.760405 -0
    outer loop
      vertex 185.55 16.5503 3
      vertex 186.386 15.8369 0
      vertex 185.55 16.5503 0
    endloop
  endfacet
  facet normal 0.522498 0.85264 -0
    outer loop
      vertex 187.322 15.263 3
      vertex 187.322 15.263 0
      vertex 186.386 15.8369 3
    endloop
  endfacet
  facet normal 0.522498 0.85264 -0
    outer loop
      vertex 186.386 15.8369 3
      vertex 187.322 15.263 0
      vertex 186.386 15.8369 0
    endloop
  endfacet
  facet normal 0.382684 0.923879 -0
    outer loop
      vertex 188.337 14.8426 3
      vertex 188.337 14.8426 0
      vertex 187.322 15.263 3
    endloop
  endfacet
  facet normal 0.382684 0.923879 -0
    outer loop
      vertex 187.322 15.263 3
      vertex 188.337 14.8426 0
      vertex 187.322 15.263 0
    endloop
  endfacet
  facet normal 0.233445 0.97237 -0
    outer loop
      vertex 189.405 14.5862 3
      vertex 189.405 14.5862 0
      vertex 188.337 14.8426 3
    endloop
  endfacet
  facet normal 0.233445 0.97237 -0
    outer loop
      vertex 188.337 14.8426 3
      vertex 189.405 14.5862 0
      vertex 188.337 14.8426 0
    endloop
  endfacet
  facet normal 0.0784595 0.996917 -0
    outer loop
      vertex 190.5 14.5 3
      vertex 190.5 14.5 0
      vertex 189.405 14.5862 3
    endloop
  endfacet
  facet normal 0.0784595 0.996917 -0
    outer loop
      vertex 189.405 14.5862 3
      vertex 190.5 14.5 0
      vertex 189.405 14.5862 0
    endloop
  endfacet
  facet normal -0.0784595 0.996917 0
    outer loop
      vertex 191.595 14.5862 3
      vertex 191.595 14.5862 0
      vertex 190.5 14.5 3
    endloop
  endfacet
  facet normal -0.0784595 0.996917 0
    outer loop
      vertex 190.5 14.5 3
      vertex 191.595 14.5862 0
      vertex 190.5 14.5 0
    endloop
  endfacet
  facet normal -0.233445 0.97237 0
    outer loop
      vertex 192.663 14.8426 3
      vertex 192.663 14.8426 0
      vertex 191.595 14.5862 3
    endloop
  endfacet
  facet normal -0.233445 0.97237 0
    outer loop
      vertex 191.595 14.5862 3
      vertex 192.663 14.8426 0
      vertex 191.595 14.5862 0
    endloop
  endfacet
  facet normal -0.382684 0.923879 0
    outer loop
      vertex 193.678 15.263 3
      vertex 193.678 15.263 0
      vertex 192.663 14.8426 3
    endloop
  endfacet
  facet normal -0.382684 0.923879 0
    outer loop
      vertex 192.663 14.8426 3
      vertex 193.678 15.263 0
      vertex 192.663 14.8426 0
    endloop
  endfacet
  facet normal -0.522498 0.85264 0
    outer loop
      vertex 194.614 15.8369 3
      vertex 194.614 15.8369 0
      vertex 193.678 15.263 3
    endloop
  endfacet
  facet normal -0.522498 0.85264 0
    outer loop
      vertex 193.678 15.263 3
      vertex 194.614 15.8369 0
      vertex 193.678 15.263 0
    endloop
  endfacet
  facet normal -0.649449 0.760405 0
    outer loop
      vertex 195.45 16.5503 3
      vertex 195.45 16.5503 0
      vertex 194.614 15.8369 3
    endloop
  endfacet
  facet normal -0.649449 0.760405 0
    outer loop
      vertex 194.614 15.8369 3
      vertex 195.45 16.5503 0
      vertex 194.614 15.8369 0
    endloop
  endfacet
  facet normal -0.760405 0.649449 0
    outer loop
      vertex 196.163 17.3855 3
      vertex 196.163 17.3855 0
      vertex 195.45 16.5503 3
    endloop
  endfacet
  facet normal -0.760405 0.649449 0
    outer loop
      vertex 195.45 16.5503 3
      vertex 196.163 17.3855 0
      vertex 195.45 16.5503 0
    endloop
  endfacet
  facet normal -0.85264 0.522498 0
    outer loop
      vertex 196.737 18.3221 3
      vertex 196.737 18.3221 0
      vertex 196.163 17.3855 3
    endloop
  endfacet
  facet normal -0.85264 0.522498 0
    outer loop
      vertex 196.163 17.3855 3
      vertex 196.737 18.3221 0
      vertex 196.163 17.3855 0
    endloop
  endfacet
  facet normal -0.923879 0.382684 0
    outer loop
      vertex 197.157 19.3369 3
      vertex 197.157 19.3369 0
      vertex 196.737 18.3221 3
    endloop
  endfacet
  facet normal -0.923879 0.382684 0
    outer loop
      vertex 196.737 18.3221 3
      vertex 197.157 19.3369 0
      vertex 196.737 18.3221 0
    endloop
  endfacet
  facet normal -0.97237 0.233445 0
    outer loop
      vertex 197.414 20.405 3
      vertex 197.414 20.405 0
      vertex 197.157 19.3369 3
    endloop
  endfacet
  facet normal -0.97237 0.233445 0
    outer loop
      vertex 197.157 19.3369 3
      vertex 197.414 20.405 0
      vertex 197.157 19.3369 0
    endloop
  endfacet
  facet normal -0.996917 0.0784595 0
    outer loop
      vertex 197.5 21.5 3
      vertex 197.5 21.5 0
      vertex 197.414 20.405 3
    endloop
  endfacet
  facet normal -0.996917 0.0784595 0
    outer loop
      vertex 197.414 20.405 3
      vertex 197.5 21.5 0
      vertex 197.414 20.405 0
    endloop
  endfacet
  facet normal -0.996917 -0.0784595 0
    outer loop
      vertex 197.5 21.5 3
      vertex 197.414 22.595 3
      vertex 197.5 21.5 0
    endloop
  endfacet
  facet normal -0.996917 -0.0784595 0
    outer loop
      vertex 197.5 21.5 0
      vertex 197.414 22.595 3
      vertex 197.414 22.595 0
    endloop
  endfacet
  facet normal -0.97237 -0.233445 0
    outer loop
      vertex 197.414 22.595 3
      vertex 197.157 23.6631 3
      vertex 197.414 22.595 0
    endloop
  endfacet
  facet normal -0.97237 -0.233445 0
    outer loop
      vertex 197.414 22.595 0
      vertex 197.157 23.6631 3
      vertex 197.157 23.6631 0
    endloop
  endfacet
  facet normal -0.923879 -0.382684 0
    outer loop
      vertex 197.157 23.6631 3
      vertex 196.737 24.6779 3
      vertex 197.157 23.6631 0
    endloop
  endfacet
  facet normal -0.923879 -0.382684 0
    outer loop
      vertex 197.157 23.6631 0
      vertex 196.737 24.6779 3
      vertex 196.737 24.6779 0
    endloop
  endfacet
  facet normal -0.85264 -0.522498 0
    outer loop
      vertex 196.737 24.6779 3
      vertex 196.163 25.6145 3
      vertex 196.737 24.6779 0
    endloop
  endfacet
  facet normal -0.85264 -0.522498 0
    outer loop
      vertex 196.737 24.6779 0
      vertex 196.163 25.6145 3
      vertex 196.163 25.6145 0
    endloop
  endfacet
  facet normal -0.760405 -0.649449 0
    outer loop
      vertex 196.163 25.6145 3
      vertex 195.45 26.4497 3
      vertex 196.163 25.6145 0
    endloop
  endfacet
  facet normal -0.760405 -0.649449 0
    outer loop
      vertex 196.163 25.6145 0
      vertex 195.45 26.4497 3
      vertex 195.45 26.4497 0
    endloop
  endfacet
  facet normal -0.649449 -0.760405 -0
    outer loop
      vertex 195.45 26.4497 0
      vertex 195.45 26.4497 3
      vertex 194.614 27.1631 3
    endloop
  endfacet
  facet normal -0.649449 -0.760405 -0
    outer loop
      vertex 194.614 27.1631 0
      vertex 195.45 26.4497 0
      vertex 194.614 27.1631 3
    endloop
  endfacet
  facet normal -0.522498 -0.85264 -0
    outer loop
      vertex 194.614 27.1631 0
      vertex 194.614 27.1631 3
      vertex 193.678 27.737 3
    endloop
  endfacet
  facet normal -0.522498 -0.85264 -0
    outer loop
      vertex 193.678 27.737 0
      vertex 194.614 27.1631 0
      vertex 193.678 27.737 3
    endloop
  endfacet
  facet normal -0.382684 -0.923879 -0
    outer loop
      vertex 193.678 27.737 0
      vertex 193.678 27.737 3
      vertex 192.663 28.1574 3
    endloop
  endfacet
  facet normal -0.382684 -0.923879 -0
    outer loop
      vertex 192.663 28.1574 0
      vertex 193.678 27.737 0
      vertex 192.663 28.1574 3
    endloop
  endfacet
  facet normal -0.233445 -0.97237 -0
    outer loop
      vertex 192.663 28.1574 0
      vertex 192.663 28.1574 3
      vertex 191.595 28.4138 3
    endloop
  endfacet
  facet normal -0.233445 -0.97237 -0
    outer loop
      vertex 191.595 28.4138 0
      vertex 192.663 28.1574 0
      vertex 191.595 28.4138 3
    endloop
  endfacet
  facet normal -0.0784595 -0.996917 -0
    outer loop
      vertex 191.595 28.4138 0
      vertex 191.595 28.4138 3
      vertex 190.5 28.5 3
    endloop
  endfacet
  facet normal -0.0784595 -0.996917 -0
    outer loop
      vertex 190.5 28.5 0
      vertex 191.595 28.4138 0
      vertex 190.5 28.5 3
    endloop
  endfacet
  facet normal 0.0784595 -0.996917 0
    outer loop
      vertex 190.5 28.5 0
      vertex 190.5 28.5 3
      vertex 189.405 28.4138 3
    endloop
  endfacet
  facet normal 0.0784595 -0.996917 0
    outer loop
      vertex 189.405 28.4138 0
      vertex 190.5 28.5 0
      vertex 189.405 28.4138 3
    endloop
  endfacet
  facet normal 0.233445 -0.97237 0
    outer loop
      vertex 189.405 28.4138 0
      vertex 189.405 28.4138 3
      vertex 188.337 28.1574 3
    endloop
  endfacet
  facet normal 0.233445 -0.97237 0
    outer loop
      vertex 188.337 28.1574 0
      vertex 189.405 28.4138 0
      vertex 188.337 28.1574 3
    endloop
  endfacet
  facet normal 0.382684 -0.923879 0
    outer loop
      vertex 188.337 28.1574 0
      vertex 188.337 28.1574 3
      vertex 187.322 27.737 3
    endloop
  endfacet
  facet normal 0.382684 -0.923879 0
    outer loop
      vertex 187.322 27.737 0
      vertex 188.337 28.1574 0
      vertex 187.322 27.737 3
    endloop
  endfacet
  facet normal 0.522498 -0.85264 0
    outer loop
      vertex 187.322 27.737 0
      vertex 187.322 27.737 3
      vertex 186.386 27.1631 3
    endloop
  endfacet
  facet normal 0.522498 -0.85264 0
    outer loop
      vertex 186.386 27.1631 0
      vertex 187.322 27.737 0
      vertex 186.386 27.1631 3
    endloop
  endfacet
  facet normal 0.649449 -0.760405 0
    outer loop
      vertex 186.386 27.1631 0
      vertex 186.386 27.1631 3
      vertex 185.55 26.4497 3
    endloop
  endfacet
  facet normal 0.649449 -0.760405 0
    outer loop
      vertex 185.55 26.4497 0
      vertex 186.386 27.1631 0
      vertex 185.55 26.4497 3
    endloop
  endfacet
  facet normal 0.760405 -0.649449 0
    outer loop
      vertex 185.55 26.4497 0
      vertex 185.55 26.4497 3
      vertex 184.837 25.6145 3
    endloop
  endfacet
  facet normal 0.760405 -0.649449 0
    outer loop
      vertex 184.837 25.6145 0
      vertex 185.55 26.4497 0
      vertex 184.837 25.6145 3
    endloop
  endfacet
  facet normal 0.85264 -0.522498 0
    outer loop
      vertex 184.837 25.6145 0
      vertex 184.837 25.6145 3
      vertex 184.263 24.6779 3
    endloop
  endfacet
  facet normal 0.85264 -0.522498 0
    outer loop
      vertex 184.263 24.6779 0
      vertex 184.837 25.6145 0
      vertex 184.263 24.6779 3
    endloop
  endfacet
  facet normal 0.923879 -0.382684 0
    outer loop
      vertex 184.263 24.6779 0
      vertex 184.263 24.6779 3
      vertex 183.843 23.6631 3
    endloop
  endfacet
  facet normal 0.923879 -0.382684 0
    outer loop
      vertex 183.843 23.6631 0
      vertex 184.263 24.6779 0
      vertex 183.843 23.6631 3
    endloop
  endfacet
  facet normal 0.97237 -0.233445 0
    outer loop
      vertex 183.843 23.6631 0
      vertex 183.843 23.6631 3
      vertex 183.586 22.595 3
    endloop
  endfacet
  facet normal 0.97237 -0.233445 0
    outer loop
      vertex 183.586 22.595 0
      vertex 183.843 23.6631 0
      vertex 183.586 22.595 3
    endloop
  endfacet
  facet normal 0.996917 -0.0784595 0
    outer loop
      vertex 183.586 22.595 0
      vertex 183.586 22.595 3
      vertex 183.5 21.5 3
    endloop
  endfacet
  facet normal 0.996917 -0.0784595 0
    outer loop
      vertex 183.5 21.5 0
      vertex 183.586 22.595 0
      vertex 183.5 21.5 3
    endloop
  endfacet
  facet normal 0.996917 0.0784595 0
    outer loop
      vertex 183.5 64.5 3
      vertex 183.586 63.405 3
      vertex 183.586 63.405 0
    endloop
  endfacet
  facet normal 0.996917 0.0784595 0
    outer loop
      vertex 183.5 64.5 0
      vertex 183.5 64.5 3
      vertex 183.586 63.405 0
    endloop
  endfacet
  facet normal 0.97237 0.233445 0
    outer loop
      vertex 183.586 63.405 3
      vertex 183.843 62.3369 3
      vertex 183.843 62.3369 0
    endloop
  endfacet
  facet normal 0.97237 0.233445 0
    outer loop
      vertex 183.586 63.405 0
      vertex 183.586 63.405 3
      vertex 183.843 62.3369 0
    endloop
  endfacet
  facet normal 0.923879 0.382684 0
    outer loop
      vertex 183.843 62.3369 3
      vertex 184.263 61.3221 3
      vertex 184.263 61.3221 0
    endloop
  endfacet
  facet normal 0.923879 0.382684 0
    outer loop
      vertex 183.843 62.3369 0
      vertex 183.843 62.3369 3
      vertex 184.263 61.3221 0
    endloop
  endfacet
  facet normal 0.85264 0.522498 0
    outer loop
      vertex 184.263 61.3221 3
      vertex 184.837 60.3855 3
      vertex 184.837 60.3855 0
    endloop
  endfacet
  facet normal 0.85264 0.522498 0
    outer loop
      vertex 184.263 61.3221 0
      vertex 184.263 61.3221 3
      vertex 184.837 60.3855 0
    endloop
  endfacet
  facet normal 0.760405 0.649449 0
    outer loop
      vertex 184.837 60.3855 3
      vertex 185.55 59.5503 3
      vertex 185.55 59.5503 0
    endloop
  endfacet
  facet normal 0.760405 0.649449 0
    outer loop
      vertex 184.837 60.3855 0
      vertex 184.837 60.3855 3
      vertex 185.55 59.5503 0
    endloop
  endfacet
  facet normal 0.649449 0.760405 -0
    outer loop
      vertex 186.386 58.8369 3
      vertex 186.386 58.8369 0
      vertex 185.55 59.5503 3
    endloop
  endfacet
  facet normal 0.649449 0.760405 -0
    outer loop
      vertex 185.55 59.5503 3
      vertex 186.386 58.8369 0
      vertex 185.55 59.5503 0
    endloop
  endfacet
  facet normal 0.522498 0.85264 -0
    outer loop
      vertex 187.322 58.263 3
      vertex 187.322 58.263 0
      vertex 186.386 58.8369 3
    endloop
  endfacet
  facet normal 0.522498 0.85264 -0
    outer loop
      vertex 186.386 58.8369 3
      vertex 187.322 58.263 0
      vertex 186.386 58.8369 0
    endloop
  endfacet
  facet normal 0.382684 0.923879 -0
    outer loop
      vertex 188.337 57.8426 3
      vertex 188.337 57.8426 0
      vertex 187.322 58.263 3
    endloop
  endfacet
  facet normal 0.382684 0.923879 -0
    outer loop
      vertex 187.322 58.263 3
      vertex 188.337 57.8426 0
      vertex 187.322 58.263 0
    endloop
  endfacet
  facet normal 0.233445 0.97237 -0
    outer loop
      vertex 189.405 57.5862 3
      vertex 189.405 57.5862 0
      vertex 188.337 57.8426 3
    endloop
  endfacet
  facet normal 0.233445 0.97237 -0
    outer loop
      vertex 188.337 57.8426 3
      vertex 189.405 57.5862 0
      vertex 188.337 57.8426 0
    endloop
  endfacet
  facet normal 0.0784595 0.996917 -0
    outer loop
      vertex 190.5 57.5 3
      vertex 190.5 57.5 0
      vertex 189.405 57.5862 3
    endloop
  endfacet
  facet normal 0.0784595 0.996917 -0
    outer loop
      vertex 189.405 57.5862 3
      vertex 190.5 57.5 0
      vertex 189.405 57.5862 0
    endloop
  endfacet
  facet normal -0.0784595 0.996917 0
    outer loop
      vertex 191.595 57.5862 3
      vertex 191.595 57.5862 0
      vertex 190.5 57.5 3
    endloop
  endfacet
  facet normal -0.0784595 0.996917 0
    outer loop
      vertex 190.5 57.5 3
      vertex 191.595 57.5862 0
      vertex 190.5 57.5 0
    endloop
  endfacet
  facet normal -0.233445 0.97237 0
    outer loop
      vertex 192.663 57.8426 3
      vertex 192.663 57.8426 0
      vertex 191.595 57.5862 3
    endloop
  endfacet
  facet normal -0.233445 0.97237 0
    outer loop
      vertex 191.595 57.5862 3
      vertex 192.663 57.8426 0
      vertex 191.595 57.5862 0
    endloop
  endfacet
  facet normal -0.382684 0.923879 0
    outer loop
      vertex 193.678 58.263 3
      vertex 193.678 58.263 0
      vertex 192.663 57.8426 3
    endloop
  endfacet
  facet normal -0.382684 0.923879 0
    outer loop
      vertex 192.663 57.8426 3
      vertex 193.678 58.263 0
      vertex 192.663 57.8426 0
    endloop
  endfacet
  facet normal -0.522498 0.85264 0
    outer loop
      vertex 194.614 58.8369 3
      vertex 194.614 58.8369 0
      vertex 193.678 58.263 3
    endloop
  endfacet
  facet normal -0.522498 0.85264 0
    outer loop
      vertex 193.678 58.263 3
      vertex 194.614 58.8369 0
      vertex 193.678 58.263 0
    endloop
  endfacet
  facet normal -0.649449 0.760405 0
    outer loop
      vertex 195.45 59.5503 3
      vertex 195.45 59.5503 0
      vertex 194.614 58.8369 3
    endloop
  endfacet
  facet normal -0.649449 0.760405 0
    outer loop
      vertex 194.614 58.8369 3
      vertex 195.45 59.5503 0
      vertex 194.614 58.8369 0
    endloop
  endfacet
  facet normal -0.760405 0.649449 0
    outer loop
      vertex 196.163 60.3855 3
      vertex 196.163 60.3855 0
      vertex 195.45 59.5503 3
    endloop
  endfacet
  facet normal -0.760405 0.649449 0
    outer loop
      vertex 195.45 59.5503 3
      vertex 196.163 60.3855 0
      vertex 195.45 59.5503 0
    endloop
  endfacet
  facet normal -0.85264 0.522498 0
    outer loop
      vertex 196.737 61.3221 3
      vertex 196.737 61.3221 0
      vertex 196.163 60.3855 3
    endloop
  endfacet
  facet normal -0.85264 0.522498 0
    outer loop
      vertex 196.163 60.3855 3
      vertex 196.737 61.3221 0
      vertex 196.163 60.3855 0
    endloop
  endfacet
  facet normal -0.923879 0.382684 0
    outer loop
      vertex 197.157 62.3369 3
      vertex 197.157 62.3369 0
      vertex 196.737 61.3221 3
    endloop
  endfacet
  facet normal -0.923879 0.382684 0
    outer loop
      vertex 196.737 61.3221 3
      vertex 197.157 62.3369 0
      vertex 196.737 61.3221 0
    endloop
  endfacet
  facet normal -0.97237 0.233445 0
    outer loop
      vertex 197.414 63.405 3
      vertex 197.414 63.405 0
      vertex 197.157 62.3369 3
    endloop
  endfacet
  facet normal -0.97237 0.233445 0
    outer loop
      vertex 197.157 62.3369 3
      vertex 197.414 63.405 0
      vertex 197.157 62.3369 0
    endloop
  endfacet
  facet normal -0.996917 0.0784595 0
    outer loop
      vertex 197.5 64.5 3
      vertex 197.5 64.5 0
      vertex 197.414 63.405 3
    endloop
  endfacet
  facet normal -0.996917 0.0784595 0
    outer loop
      vertex 197.414 63.405 3
      vertex 197.5 64.5 0
      vertex 197.414 63.405 0
    endloop
  endfacet
  facet normal -0.996917 -0.0784595 0
    outer loop
      vertex 197.5 64.5 3
      vertex 197.414 65.595 3
      vertex 197.5 64.5 0
    endloop
  endfacet
  facet normal -0.996917 -0.0784595 0
    outer loop
      vertex 197.5 64.5 0
      vertex 197.414 65.595 3
      vertex 197.414 65.595 0
    endloop
  endfacet
  facet normal -0.97237 -0.233445 0
    outer loop
      vertex 197.414 65.595 3
      vertex 197.157 66.6631 3
      vertex 197.414 65.595 0
    endloop
  endfacet
  facet normal -0.97237 -0.233445 0
    outer loop
      vertex 197.414 65.595 0
      vertex 197.157 66.6631 3
      vertex 197.157 66.6631 0
    endloop
  endfacet
  facet normal -0.923879 -0.382684 0
    outer loop
      vertex 197.157 66.6631 3
      vertex 196.737 67.6779 3
      vertex 197.157 66.6631 0
    endloop
  endfacet
  facet normal -0.923879 -0.382684 0
    outer loop
      vertex 197.157 66.6631 0
      vertex 196.737 67.6779 3
      vertex 196.737 67.6779 0
    endloop
  endfacet
  facet normal -0.85264 -0.522498 0
    outer loop
      vertex 196.737 67.6779 3
      vertex 196.163 68.6145 3
      vertex 196.737 67.6779 0
    endloop
  endfacet
  facet normal -0.85264 -0.522498 0
    outer loop
      vertex 196.737 67.6779 0
      vertex 196.163 68.6145 3
      vertex 196.163 68.6145 0
    endloop
  endfacet
  facet normal -0.760405 -0.649449 0
    outer loop
      vertex 196.163 68.6145 3
      vertex 195.45 69.4497 3
      vertex 196.163 68.6145 0
    endloop
  endfacet
  facet normal -0.760405 -0.649449 0
    outer loop
      vertex 196.163 68.6145 0
      vertex 195.45 69.4497 3
      vertex 195.45 69.4497 0
    endloop
  endfacet
  facet normal -0.649449 -0.760405 -0
    outer loop
      vertex 195.45 69.4497 0
      vertex 195.45 69.4497 3
      vertex 194.614 70.1631 3
    endloop
  endfacet
  facet normal -0.649449 -0.760405 -0
    outer loop
      vertex 194.614 70.1631 0
      vertex 195.45 69.4497 0
      vertex 194.614 70.1631 3
    endloop
  endfacet
  facet normal -0.522498 -0.85264 -0
    outer loop
      vertex 194.614 70.1631 0
      vertex 194.614 70.1631 3
      vertex 193.678 70.737 3
    endloop
  endfacet
  facet normal -0.522498 -0.85264 -0
    outer loop
      vertex 193.678 70.737 0
      vertex 194.614 70.1631 0
      vertex 193.678 70.737 3
    endloop
  endfacet
  facet normal -0.382684 -0.923879 -0
    outer loop
      vertex 193.678 70.737 0
      vertex 193.678 70.737 3
      vertex 192.663 71.1574 3
    endloop
  endfacet
  facet normal -0.382684 -0.923879 -0
    outer loop
      vertex 192.663 71.1574 0
      vertex 193.678 70.737 0
      vertex 192.663 71.1574 3
    endloop
  endfacet
  facet normal -0.233445 -0.97237 -0
    outer loop
      vertex 192.663 71.1574 0
      vertex 192.663 71.1574 3
      vertex 191.595 71.4138 3
    endloop
  endfacet
  facet normal -0.233445 -0.97237 -0
    outer loop
      vertex 191.595 71.4138 0
      vertex 192.663 71.1574 0
      vertex 191.595 71.4138 3
    endloop
  endfacet
  facet normal -0.0784595 -0.996917 -0
    outer loop
      vertex 191.595 71.4138 0
      vertex 191.595 71.4138 3
      vertex 190.5 71.5 3
    endloop
  endfacet
  facet normal -0.0784595 -0.996917 -0
    outer loop
      vertex 190.5 71.5 0
      vertex 191.595 71.4138 0
      vertex 190.5 71.5 3
    endloop
  endfacet
  facet normal 0.0784595 -0.996917 0
    outer loop
      vertex 190.5 71.5 0
      vertex 190.5 71.5 3
      vertex 189.405 71.4138 3
    endloop
  endfacet
  facet normal 0.0784595 -0.996917 0
    outer loop
      vertex 189.405 71.4138 0
      vertex 190.5 71.5 0
      vertex 189.405 71.4138 3
    endloop
  endfacet
  facet normal 0.233445 -0.97237 0
    outer loop
      vertex 189.405 71.4138 0
      vertex 189.405 71.4138 3
      vertex 188.337 71.1574 3
    endloop
  endfacet
  facet normal 0.233445 -0.97237 0
    outer loop
      vertex 188.337 71.1574 0
      vertex 189.405 71.4138 0
      vertex 188.337 71.1574 3
    endloop
  endfacet
  facet normal 0.382684 -0.923879 0
    outer loop
      vertex 188.337 71.1574 0
      vertex 188.337 71.1574 3
      vertex 187.322 70.737 3
    endloop
  endfacet
  facet normal 0.382684 -0.923879 0
    outer loop
      vertex 187.322 70.737 0
      vertex 188.337 71.1574 0
      vertex 187.322 70.737 3
    endloop
  endfacet
  facet normal 0.522498 -0.85264 0
    outer loop
      vertex 187.322 70.737 0
      vertex 187.322 70.737 3
      vertex 186.386 70.1631 3
    endloop
  endfacet
  facet normal 0.522498 -0.85264 0
    outer loop
      vertex 186.386 70.1631 0
      vertex 187.322 70.737 0
      vertex 186.386 70.1631 3
    endloop
  endfacet
  facet normal 0.649449 -0.760405 0
    outer loop
      vertex 186.386 70.1631 0
      vertex 186.386 70.1631 3
      vertex 185.55 69.4497 3
    endloop
  endfacet
  facet normal 0.649449 -0.760405 0
    outer loop
      vertex 185.55 69.4497 0
      vertex 186.386 70.1631 0
      vertex 185.55 69.4497 3
    endloop
  endfacet
  facet normal 0.760405 -0.649449 0
    outer loop
      vertex 185.55 69.4497 0
      vertex 185.55 69.4497 3
      vertex 184.837 68.6145 3
    endloop
  endfacet
  facet normal 0.760405 -0.649449 0
    outer loop
      vertex 184.837 68.6145 0
      vertex 185.55 69.4497 0
      vertex 184.837 68.6145 3
    endloop
  endfacet
  facet normal 0.85264 -0.522498 0
    outer loop
      vertex 184.837 68.6145 0
      vertex 184.837 68.6145 3
      vertex 184.263 67.6779 3
    endloop
  endfacet
  facet normal 0.85264 -0.522498 0
    outer loop
      vertex 184.263 67.6779 0
      vertex 184.837 68.6145 0
      vertex 184.263 67.6779 3
    endloop
  endfacet
  facet normal 0.923879 -0.382684 0
    outer loop
      vertex 184.263 67.6779 0
      vertex 184.263 67.6779 3
      vertex 183.843 66.6631 3
    endloop
  endfacet
  facet normal 0.923879 -0.382684 0
    outer loop
      vertex 183.843 66.6631 0
      vertex 184.263 67.6779 0
      vertex 183.843 66.6631 3
    endloop
  endfacet
  facet normal 0.97237 -0.233445 0
    outer loop
      vertex 183.843 66.6631 0
      vertex 183.843 66.6631 3
      vertex 183.586 65.595 3
    endloop
  endfacet
  facet normal 0.97237 -0.233445 0
    outer loop
      vertex 183.586 65.595 0
      vertex 183.843 66.6631 0
      vertex 183.586 65.595 3
    endloop
  endfacet
  facet normal 0.996917 -0.0784595 0
    outer loop
      vertex 183.586 65.595 0
      vertex 183.586 65.595 3
      vertex 183.5 64.5 3
    endloop
  endfacet
  facet normal 0.996917 -0.0784595 0
    outer loop
      vertex 183.5 64.5 0
      vertex 183.586 65.595 0
      vertex 183.5 64.5 3
    endloop
  endfacet
  facet normal 0.996917 0.0784595 0
    outer loop
      vertex 225.833 21.5 3
      vertex 225.92 20.405 3
      vertex 225.92 20.405 0
    endloop
  endfacet
  facet normal 0.996917 0.0784595 0
    outer loop
      vertex 225.833 21.5 0
      vertex 225.833 21.5 3
      vertex 225.92 20.405 0
    endloop
  endfacet
  facet normal 0.97237 0.233445 0
    outer loop
      vertex 225.92 20.405 3
      vertex 226.176 19.3369 3
      vertex 226.176 19.3369 0
    endloop
  endfacet
  facet normal 0.97237 0.233445 0
    outer loop
      vertex 225.92 20.405 0
      vertex 225.92 20.405 3
      vertex 226.176 19.3369 0
    endloop
  endfacet
  facet normal 0.923879 0.382684 0
    outer loop
      vertex 226.176 19.3369 3
      vertex 226.596 18.3221 3
      vertex 226.596 18.3221 0
    endloop
  endfacet
  facet normal 0.923879 0.382684 0
    outer loop
      vertex 226.176 19.3369 0
      vertex 226.176 19.3369 3
      vertex 226.596 18.3221 0
    endloop
  endfacet
  facet normal 0.85264 0.522498 0
    outer loop
      vertex 226.596 18.3221 3
      vertex 227.17 17.3855 3
      vertex 227.17 17.3855 0
    endloop
  endfacet
  facet normal 0.85264 0.522498 0
    outer loop
      vertex 226.596 18.3221 0
      vertex 226.596 18.3221 3
      vertex 227.17 17.3855 0
    endloop
  endfacet
  facet normal 0.760405 0.649449 0
    outer loop
      vertex 227.17 17.3855 3
      vertex 227.884 16.5503 3
      vertex 227.884 16.5503 0
    endloop
  endfacet
  facet normal 0.760405 0.649449 0
    outer loop
      vertex 227.17 17.3855 0
      vertex 227.17 17.3855 3
      vertex 227.884 16.5503 0
    endloop
  endfacet
  facet normal 0.649449 0.760405 -0
    outer loop
      vertex 228.719 15.8369 3
      vertex 228.719 15.8369 0
      vertex 227.884 16.5503 3
    endloop
  endfacet
  facet normal 0.649449 0.760405 -0
    outer loop
      vertex 227.884 16.5503 3
      vertex 228.719 15.8369 0
      vertex 227.884 16.5503 0
    endloop
  endfacet
  facet normal 0.522498 0.85264 -0
    outer loop
      vertex 229.655 15.263 3
      vertex 229.655 15.263 0
      vertex 228.719 15.8369 3
    endloop
  endfacet
  facet normal 0.522498 0.85264 -0
    outer loop
      vertex 228.719 15.8369 3
      vertex 229.655 15.263 0
      vertex 228.719 15.8369 0
    endloop
  endfacet
  facet normal 0.382684 0.923879 -0
    outer loop
      vertex 230.67 14.8426 3
      vertex 230.67 14.8426 0
      vertex 229.655 15.263 3
    endloop
  endfacet
  facet normal 0.382684 0.923879 -0
    outer loop
      vertex 229.655 15.263 3
      vertex 230.67 14.8426 0
      vertex 229.655 15.263 0
    endloop
  endfacet
  facet normal 0.233445 0.97237 -0
    outer loop
      vertex 231.738 14.5862 3
      vertex 231.738 14.5862 0
      vertex 230.67 14.8426 3
    endloop
  endfacet
  facet normal 0.233445 0.97237 -0
    outer loop
      vertex 230.67 14.8426 3
      vertex 231.738 14.5862 0
      vertex 230.67 14.8426 0
    endloop
  endfacet
  facet normal 0.0784595 0.996917 -0
    outer loop
      vertex 232.833 14.5 3
      vertex 232.833 14.5 0
      vertex 231.738 14.5862 3
    endloop
  endfacet
  facet normal 0.0784595 0.996917 -0
    outer loop
      vertex 231.738 14.5862 3
      vertex 232.833 14.5 0
      vertex 231.738 14.5862 0
    endloop
  endfacet
  facet normal -0.0784595 0.996917 0
    outer loop
      vertex 233.928 14.5862 3
      vertex 233.928 14.5862 0
      vertex 232.833 14.5 3
    endloop
  endfacet
  facet normal -0.0784595 0.996917 0
    outer loop
      vertex 232.833 14.5 3
      vertex 233.928 14.5862 0
      vertex 232.833 14.5 0
    endloop
  endfacet
  facet normal -0.233445 0.97237 0
    outer loop
      vertex 234.996 14.8426 3
      vertex 234.996 14.8426 0
      vertex 233.928 14.5862 3
    endloop
  endfacet
  facet normal -0.233445 0.97237 0
    outer loop
      vertex 233.928 14.5862 3
      vertex 234.996 14.8426 0
      vertex 233.928 14.5862 0
    endloop
  endfacet
  facet normal -0.382684 0.923879 0
    outer loop
      vertex 236.011 15.263 3
      vertex 236.011 15.263 0
      vertex 234.996 14.8426 3
    endloop
  endfacet
  facet normal -0.382684 0.923879 0
    outer loop
      vertex 234.996 14.8426 3
      vertex 236.011 15.263 0
      vertex 234.996 14.8426 0
    endloop
  endfacet
  facet normal -0.522498 0.85264 0
    outer loop
      vertex 236.948 15.8369 3
      vertex 236.948 15.8369 0
      vertex 236.011 15.263 3
    endloop
  endfacet
  facet normal -0.522498 0.85264 0
    outer loop
      vertex 236.011 15.263 3
      vertex 236.948 15.8369 0
      vertex 236.011 15.263 0
    endloop
  endfacet
  facet normal -0.649449 0.760405 0
    outer loop
      vertex 237.783 16.5503 3
      vertex 237.783 16.5503 0
      vertex 236.948 15.8369 3
    endloop
  endfacet
  facet normal -0.649449 0.760405 0
    outer loop
      vertex 236.948 15.8369 3
      vertex 237.783 16.5503 0
      vertex 236.948 15.8369 0
    endloop
  endfacet
  facet normal -0.760405 0.649449 0
    outer loop
      vertex 238.496 17.3855 3
      vertex 238.496 17.3855 0
      vertex 237.783 16.5503 3
    endloop
  endfacet
  facet normal -0.760405 0.649449 0
    outer loop
      vertex 237.783 16.5503 3
      vertex 238.496 17.3855 0
      vertex 237.783 16.5503 0
    endloop
  endfacet
  facet normal -0.85264 0.522498 0
    outer loop
      vertex 239.07 18.3221 3
      vertex 239.07 18.3221 0
      vertex 238.496 17.3855 3
    endloop
  endfacet
  facet normal -0.85264 0.522498 0
    outer loop
      vertex 238.496 17.3855 3
      vertex 239.07 18.3221 0
      vertex 238.496 17.3855 0
    endloop
  endfacet
  facet normal -0.923879 0.382684 0
    outer loop
      vertex 239.491 19.3369 3
      vertex 239.491 19.3369 0
      vertex 239.07 18.3221 3
    endloop
  endfacet
  facet normal -0.923879 0.382684 0
    outer loop
      vertex 239.07 18.3221 3
      vertex 239.491 19.3369 0
      vertex 239.07 18.3221 0
    endloop
  endfacet
  facet normal -0.97237 0.233445 0
    outer loop
      vertex 239.747 20.405 3
      vertex 239.747 20.405 0
      vertex 239.491 19.3369 3
    endloop
  endfacet
  facet normal -0.97237 0.233445 0
    outer loop
      vertex 239.491 19.3369 3
      vertex 239.747 20.405 0
      vertex 239.491 19.3369 0
    endloop
  endfacet
  facet normal -0.996917 0.0784595 0
    outer loop
      vertex 239.833 21.5 3
      vertex 239.833 21.5 0
      vertex 239.747 20.405 3
    endloop
  endfacet
  facet normal -0.996917 0.0784595 0
    outer loop
      vertex 239.747 20.405 3
      vertex 239.833 21.5 0
      vertex 239.747 20.405 0
    endloop
  endfacet
  facet normal -0.996917 -0.0784595 0
    outer loop
      vertex 239.833 21.5 3
      vertex 239.747 22.595 3
      vertex 239.833 21.5 0
    endloop
  endfacet
  facet normal -0.996917 -0.0784595 0
    outer loop
      vertex 239.833 21.5 0
      vertex 239.747 22.595 3
      vertex 239.747 22.595 0
    endloop
  endfacet
  facet normal -0.97237 -0.233445 0
    outer loop
      vertex 239.747 22.595 3
      vertex 239.491 23.6631 3
      vertex 239.747 22.595 0
    endloop
  endfacet
  facet normal -0.97237 -0.233445 0
    outer loop
      vertex 239.747 22.595 0
      vertex 239.491 23.6631 3
      vertex 239.491 23.6631 0
    endloop
  endfacet
  facet normal -0.923879 -0.382684 0
    outer loop
      vertex 239.491 23.6631 3
      vertex 239.07 24.6779 3
      vertex 239.491 23.6631 0
    endloop
  endfacet
  facet normal -0.923879 -0.382684 0
    outer loop
      vertex 239.491 23.6631 0
      vertex 239.07 24.6779 3
      vertex 239.07 24.6779 0
    endloop
  endfacet
  facet normal -0.85264 -0.522498 0
    outer loop
      vertex 239.07 24.6779 3
      vertex 238.496 25.6145 3
      vertex 239.07 24.6779 0
    endloop
  endfacet
  facet normal -0.85264 -0.522498 0
    outer loop
      vertex 239.07 24.6779 0
      vertex 238.496 25.6145 3
      vertex 238.496 25.6145 0
    endloop
  endfacet
  facet normal -0.760405 -0.649449 0
    outer loop
      vertex 238.496 25.6145 3
      vertex 237.783 26.4497 3
      vertex 238.496 25.6145 0
    endloop
  endfacet
  facet normal -0.760405 -0.649449 0
    outer loop
      vertex 238.496 25.6145 0
      vertex 237.783 26.4497 3
      vertex 237.783 26.4497 0
    endloop
  endfacet
  facet normal -0.649449 -0.760405 -0
    outer loop
      vertex 237.783 26.4497 0
      vertex 237.783 26.4497 3
      vertex 236.948 27.1631 3
    endloop
  endfacet
  facet normal -0.649449 -0.760405 -0
    outer loop
      vertex 236.948 27.1631 0
      vertex 237.783 26.4497 0
      vertex 236.948 27.1631 3
    endloop
  endfacet
  facet normal -0.522498 -0.85264 -0
    outer loop
      vertex 236.948 27.1631 0
      vertex 236.948 27.1631 3
      vertex 236.011 27.737 3
    endloop
  endfacet
  facet normal -0.522498 -0.85264 -0
    outer loop
      vertex 236.011 27.737 0
      vertex 236.948 27.1631 0
      vertex 236.011 27.737 3
    endloop
  endfacet
  facet normal -0.382684 -0.923879 -0
    outer loop
      vertex 236.011 27.737 0
      vertex 236.011 27.737 3
      vertex 234.996 28.1574 3
    endloop
  endfacet
  facet normal -0.382684 -0.923879 -0
    outer loop
      vertex 234.996 28.1574 0
      vertex 236.011 27.737 0
      vertex 234.996 28.1574 3
    endloop
  endfacet
  facet normal -0.233445 -0.97237 -0
    outer loop
      vertex 234.996 28.1574 0
      vertex 234.996 28.1574 3
      vertex 233.928 28.4138 3
    endloop
  endfacet
  facet normal -0.233445 -0.97237 -0
    outer loop
      vertex 233.928 28.4138 0
      vertex 234.996 28.1574 0
      vertex 233.928 28.4138 3
    endloop
  endfacet
  facet normal -0.0784595 -0.996917 -0
    outer loop
      vertex 233.928 28.4138 0
      vertex 233.928 28.4138 3
      vertex 232.833 28.5 3
    endloop
  endfacet
  facet normal -0.0784595 -0.996917 -0
    outer loop
      vertex 232.833 28.5 0
      vertex 233.928 28.4138 0
      vertex 232.833 28.5 3
    endloop
  endfacet
  facet normal 0.0784595 -0.996917 0
    outer loop
      vertex 232.833 28.5 0
      vertex 232.833 28.5 3
      vertex 231.738 28.4138 3
    endloop
  endfacet
  facet normal 0.0784595 -0.996917 0
    outer loop
      vertex 231.738 28.4138 0
      vertex 232.833 28.5 0
      vertex 231.738 28.4138 3
    endloop
  endfacet
  facet normal 0.233445 -0.97237 0
    outer loop
      vertex 231.738 28.4138 0
      vertex 231.738 28.4138 3
      vertex 230.67 28.1574 3
    endloop
  endfacet
  facet normal 0.233445 -0.97237 0
    outer loop
      vertex 230.67 28.1574 0
      vertex 231.738 28.4138 0
      vertex 230.67 28.1574 3
    endloop
  endfacet
  facet normal 0.382684 -0.923879 0
    outer loop
      vertex 230.67 28.1574 0
      vertex 230.67 28.1574 3
      vertex 229.655 27.737 3
    endloop
  endfacet
  facet normal 0.382684 -0.923879 0
    outer loop
      vertex 229.655 27.737 0
      vertex 230.67 28.1574 0
      vertex 229.655 27.737 3
    endloop
  endfacet
  facet normal 0.522498 -0.85264 0
    outer loop
      vertex 229.655 27.737 0
      vertex 229.655 27.737 3
      vertex 228.719 27.1631 3
    endloop
  endfacet
  facet normal 0.522498 -0.85264 0
    outer loop
      vertex 228.719 27.1631 0
      vertex 229.655 27.737 0
      vertex 228.719 27.1631 3
    endloop
  endfacet
  facet normal 0.649449 -0.760405 0
    outer loop
      vertex 228.719 27.1631 0
      vertex 228.719 27.1631 3
      vertex 227.884 26.4497 3
    endloop
  endfacet
  facet normal 0.649449 -0.760405 0
    outer loop
      vertex 227.884 26.4497 0
      vertex 228.719 27.1631 0
      vertex 227.884 26.4497 3
    endloop
  endfacet
  facet normal 0.760405 -0.649449 0
    outer loop
      vertex 227.884 26.4497 0
      vertex 227.884 26.4497 3
      vertex 227.17 25.6145 3
    endloop
  endfacet
  facet normal 0.760405 -0.649449 0
    outer loop
      vertex 227.17 25.6145 0
      vertex 227.884 26.4497 0
      vertex 227.17 25.6145 3
    endloop
  endfacet
  facet normal 0.85264 -0.522498 0
    outer loop
      vertex 227.17 25.6145 0
      vertex 227.17 25.6145 3
      vertex 226.596 24.6779 3
    endloop
  endfacet
  facet normal 0.85264 -0.522498 0
    outer loop
      vertex 226.596 24.6779 0
      vertex 227.17 25.6145 0
      vertex 226.596 24.6779 3
    endloop
  endfacet
  facet normal 0.923879 -0.382684 0
    outer loop
      vertex 226.596 24.6779 0
      vertex 226.596 24.6779 3
      vertex 226.176 23.6631 3
    endloop
  endfacet
  facet normal 0.923879 -0.382684 0
    outer loop
      vertex 226.176 23.6631 0
      vertex 226.596 24.6779 0
      vertex 226.176 23.6631 3
    endloop
  endfacet
  facet normal 0.97237 -0.233445 0
    outer loop
      vertex 226.176 23.6631 0
      vertex 226.176 23.6631 3
      vertex 225.92 22.595 3
    endloop
  endfacet
  facet normal 0.97237 -0.233445 0
    outer loop
      vertex 225.92 22.595 0
      vertex 226.176 23.6631 0
      vertex 225.92 22.595 3
    endloop
  endfacet
  facet normal 0.996917 -0.0784595 0
    outer loop
      vertex 225.92 22.595 0
      vertex 225.92 22.595 3
      vertex 225.833 21.5 3
    endloop
  endfacet
  facet normal 0.996917 -0.0784595 0
    outer loop
      vertex 225.833 21.5 0
      vertex 225.92 22.595 0
      vertex 225.833 21.5 3
    endloop
  endfacet
  facet normal 0.996917 0.0784595 0
    outer loop
      vertex 225.833 64.5 3
      vertex 225.92 63.405 3
      vertex 225.92 63.405 0
    endloop
  endfacet
  facet normal 0.996917 0.0784595 0
    outer loop
      vertex 225.833 64.5 0
      vertex 225.833 64.5 3
      vertex 225.92 63.405 0
    endloop
  endfacet
  facet normal 0.97237 0.233445 0
    outer loop
      vertex 225.92 63.405 3
      vertex 226.176 62.3369 3
      vertex 226.176 62.3369 0
    endloop
  endfacet
  facet normal 0.97237 0.233445 0
    outer loop
      vertex 225.92 63.405 0
      vertex 225.92 63.405 3
      vertex 226.176 62.3369 0
    endloop
  endfacet
  facet normal 0.923879 0.382684 0
    outer loop
      vertex 226.176 62.3369 3
      vertex 226.596 61.3221 3
      vertex 226.596 61.3221 0
    endloop
  endfacet
  facet normal 0.923879 0.382684 0
    outer loop
      vertex 226.176 62.3369 0
      vertex 226.176 62.3369 3
      vertex 226.596 61.3221 0
    endloop
  endfacet
  facet normal 0.85264 0.522498 0
    outer loop
      vertex 226.596 61.3221 3
      vertex 227.17 60.3855 3
      vertex 227.17 60.3855 0
    endloop
  endfacet
  facet normal 0.85264 0.522498 0
    outer loop
      vertex 226.596 61.3221 0
      vertex 226.596 61.3221 3
      vertex 227.17 60.3855 0
    endloop
  endfacet
  facet normal 0.760405 0.649449 0
    outer loop
      vertex 227.17 60.3855 3
      vertex 227.884 59.5503 3
      vertex 227.884 59.5503 0
    endloop
  endfacet
  facet normal 0.760405 0.649449 0
    outer loop
      vertex 227.17 60.3855 0
      vertex 227.17 60.3855 3
      vertex 227.884 59.5503 0
    endloop
  endfacet
  facet normal 0.649449 0.760405 -0
    outer loop
      vertex 228.719 58.8369 3
      vertex 228.719 58.8369 0
      vertex 227.884 59.5503 3
    endloop
  endfacet
  facet normal 0.649449 0.760405 -0
    outer loop
      vertex 227.884 59.5503 3
      vertex 228.719 58.8369 0
      vertex 227.884 59.5503 0
    endloop
  endfacet
  facet normal 0.522498 0.85264 -0
    outer loop
      vertex 229.655 58.263 3
      vertex 229.655 58.263 0
      vertex 228.719 58.8369 3
    endloop
  endfacet
  facet normal 0.522498 0.85264 -0
    outer loop
      vertex 228.719 58.8369 3
      vertex 229.655 58.263 0
      vertex 228.719 58.8369 0
    endloop
  endfacet
  facet normal 0.382684 0.923879 -0
    outer loop
      vertex 230.67 57.8426 3
      vertex 230.67 57.8426 0
      vertex 229.655 58.263 3
    endloop
  endfacet
  facet normal 0.382684 0.923879 -0
    outer loop
      vertex 229.655 58.263 3
      vertex 230.67 57.8426 0
      vertex 229.655 58.263 0
    endloop
  endfacet
  facet normal 0.233445 0.97237 -0
    outer loop
      vertex 231.738 57.5862 3
      vertex 231.738 57.5862 0
      vertex 230.67 57.8426 3
    endloop
  endfacet
  facet normal 0.233445 0.97237 -0
    outer loop
      vertex 230.67 57.8426 3
      vertex 231.738 57.5862 0
      vertex 230.67 57.8426 0
    endloop
  endfacet
  facet normal 0.0784595 0.996917 -0
    outer loop
      vertex 232.833 57.5 3
      vertex 232.833 57.5 0
      vertex 231.738 57.5862 3
    endloop
  endfacet
  facet normal 0.0784595 0.996917 -0
    outer loop
      vertex 231.738 57.5862 3
      vertex 232.833 57.5 0
      vertex 231.738 57.5862 0
    endloop
  endfacet
  facet normal -0.0784595 0.996917 0
    outer loop
      vertex 233.928 57.5862 3
      vertex 233.928 57.5862 0
      vertex 232.833 57.5 3
    endloop
  endfacet
  facet normal -0.0784595 0.996917 0
    outer loop
      vertex 232.833 57.5 3
      vertex 233.928 57.5862 0
      vertex 232.833 57.5 0
    endloop
  endfacet
  facet normal -0.233445 0.97237 0
    outer loop
      vertex 234.996 57.8426 3
      vertex 234.996 57.8426 0
      vertex 233.928 57.5862 3
    endloop
  endfacet
  facet normal -0.233445 0.97237 0
    outer loop
      vertex 233.928 57.5862 3
      vertex 234.996 57.8426 0
      vertex 233.928 57.5862 0
    endloop
  endfacet
  facet normal -0.382684 0.923879 0
    outer loop
      vertex 236.011 58.263 3
      vertex 236.011 58.263 0
      vertex 234.996 57.8426 3
    endloop
  endfacet
  facet normal -0.382684 0.923879 0
    outer loop
      vertex 234.996 57.8426 3
      vertex 236.011 58.263 0
      vertex 234.996 57.8426 0
    endloop
  endfacet
  facet normal -0.522498 0.85264 0
    outer loop
      vertex 236.948 58.8369 3
      vertex 236.948 58.8369 0
      vertex 236.011 58.263 3
    endloop
  endfacet
  facet normal -0.522498 0.85264 0
    outer loop
      vertex 236.011 58.263 3
      vertex 236.948 58.8369 0
      vertex 236.011 58.263 0
    endloop
  endfacet
  facet normal -0.649449 0.760405 0
    outer loop
      vertex 237.783 59.5503 3
      vertex 237.783 59.5503 0
      vertex 236.948 58.8369 3
    endloop
  endfacet
  facet normal -0.649449 0.760405 0
    outer loop
      vertex 236.948 58.8369 3
      vertex 237.783 59.5503 0
      vertex 236.948 58.8369 0
    endloop
  endfacet
  facet normal -0.760405 0.649449 0
    outer loop
      vertex 238.496 60.3855 3
      vertex 238.496 60.3855 0
      vertex 237.783 59.5503 3
    endloop
  endfacet
  facet normal -0.760405 0.649449 0
    outer loop
      vertex 237.783 59.5503 3
      vertex 238.496 60.3855 0
      vertex 237.783 59.5503 0
    endloop
  endfacet
  facet normal -0.85264 0.522498 0
    outer loop
      vertex 239.07 61.3221 3
      vertex 239.07 61.3221 0
      vertex 238.496 60.3855 3
    endloop
  endfacet
  facet normal -0.85264 0.522498 0
    outer loop
      vertex 238.496 60.3855 3
      vertex 239.07 61.3221 0
      vertex 238.496 60.3855 0
    endloop
  endfacet
  facet normal -0.923879 0.382684 0
    outer loop
      vertex 239.491 62.3369 3
      vertex 239.491 62.3369 0
      vertex 239.07 61.3221 3
    endloop
  endfacet
  facet normal -0.923879 0.382684 0
    outer loop
      vertex 239.07 61.3221 3
      vertex 239.491 62.3369 0
      vertex 239.07 61.3221 0
    endloop
  endfacet
  facet normal -0.97237 0.233445 0
    outer loop
      vertex 239.747 63.405 3
      vertex 239.747 63.405 0
      vertex 239.491 62.3369 3
    endloop
  endfacet
  facet normal -0.97237 0.233445 0
    outer loop
      vertex 239.491 62.3369 3
      vertex 239.747 63.405 0
      vertex 239.491 62.3369 0
    endloop
  endfacet
  facet normal -0.996917 0.0784595 0
    outer loop
      vertex 239.833 64.5 3
      vertex 239.833 64.5 0
      vertex 239.747 63.405 3
    endloop
  endfacet
  facet normal -0.996917 0.0784595 0
    outer loop
      vertex 239.747 63.405 3
      vertex 239.833 64.5 0
      vertex 239.747 63.405 0
    endloop
  endfacet
  facet normal -0.996917 -0.0784595 0
    outer loop
      vertex 239.833 64.5 3
      vertex 239.747 65.595 3
      vertex 239.833 64.5 0
    endloop
  endfacet
  facet normal -0.996917 -0.0784595 0
    outer loop
      vertex 239.833 64.5 0
      vertex 239.747 65.595 3
      vertex 239.747 65.595 0
    endloop
  endfacet
  facet normal -0.97237 -0.233445 0
    outer loop
      vertex 239.747 65.595 3
      vertex 239.491 66.6631 3
      vertex 239.747 65.595 0
    endloop
  endfacet
  facet normal -0.97237 -0.233445 0
    outer loop
      vertex 239.747 65.595 0
      vertex 239.491 66.6631 3
      vertex 239.491 66.6631 0
    endloop
  endfacet
  facet normal -0.923879 -0.382684 0
    outer loop
      vertex 239.491 66.6631 3
      vertex 239.07 67.6779 3
      vertex 239.491 66.6631 0
    endloop
  endfacet
  facet normal -0.923879 -0.382684 0
    outer loop
      vertex 239.491 66.6631 0
      vertex 239.07 67.6779 3
      vertex 239.07 67.6779 0
    endloop
  endfacet
  facet normal -0.85264 -0.522498 0
    outer loop
      vertex 239.07 67.6779 3
      vertex 238.496 68.6145 3
      vertex 239.07 67.6779 0
    endloop
  endfacet
  facet normal -0.85264 -0.522498 0
    outer loop
      vertex 239.07 67.6779 0
      vertex 238.496 68.6145 3
      vertex 238.496 68.6145 0
    endloop
  endfacet
  facet normal -0.760405 -0.649449 0
    outer loop
      vertex 238.496 68.6145 3
      vertex 237.783 69.4497 3
      vertex 238.496 68.6145 0
    endloop
  endfacet
  facet normal -0.760405 -0.649449 0
    outer loop
      vertex 238.496 68.6145 0
      vertex 237.783 69.4497 3
      vertex 237.783 69.4497 0
    endloop
  endfacet
  facet normal -0.649449 -0.760405 -0
    outer loop
      vertex 237.783 69.4497 0
      vertex 237.783 69.4497 3
      vertex 236.948 70.1631 3
    endloop
  endfacet
  facet normal -0.649449 -0.760405 -0
    outer loop
      vertex 236.948 70.1631 0
      vertex 237.783 69.4497 0
      vertex 236.948 70.1631 3
    endloop
  endfacet
  facet normal -0.522498 -0.85264 -0
    outer loop
      vertex 236.948 70.1631 0
      vertex 236.948 70.1631 3
      vertex 236.011 70.737 3
    endloop
  endfacet
  facet normal -0.522498 -0.85264 -0
    outer loop
      vertex 236.011 70.737 0
      vertex 236.948 70.1631 0
      vertex 236.011 70.737 3
    endloop
  endfacet
  facet normal -0.382684 -0.923879 -0
    outer loop
      vertex 236.011 70.737 0
      vertex 236.011 70.737 3
      vertex 234.996 71.1574 3
    endloop
  endfacet
  facet normal -0.382684 -0.923879 -0
    outer loop
      vertex 234.996 71.1574 0
      vertex 236.011 70.737 0
      vertex 234.996 71.1574 3
    endloop
  endfacet
  facet normal -0.233445 -0.97237 -0
    outer loop
      vertex 234.996 71.1574 0
      vertex 234.996 71.1574 3
      vertex 233.928 71.4138 3
    endloop
  endfacet
  facet normal -0.233445 -0.97237 -0
    outer loop
      vertex 233.928 71.4138 0
      vertex 234.996 71.1574 0
      vertex 233.928 71.4138 3
    endloop
  endfacet
  facet normal -0.0784595 -0.996917 -0
    outer loop
      vertex 233.928 71.4138 0
      vertex 233.928 71.4138 3
      vertex 232.833 71.5 3
    endloop
  endfacet
  facet normal -0.0784595 -0.996917 -0
    outer loop
      vertex 232.833 71.5 0
      vertex 233.928 71.4138 0
      vertex 232.833 71.5 3
    endloop
  endfacet
  facet normal 0.0784595 -0.996917 0
    outer loop
      vertex 232.833 71.5 0
      vertex 232.833 71.5 3
      vertex 231.738 71.4138 3
    endloop
  endfacet
  facet normal 0.0784595 -0.996917 0
    outer loop
      vertex 231.738 71.4138 0
      vertex 232.833 71.5 0
      vertex 231.738 71.4138 3
    endloop
  endfacet
  facet normal 0.233445 -0.97237 0
    outer loop
      vertex 231.738 71.4138 0
      vertex 231.738 71.4138 3
      vertex 230.67 71.1574 3
    endloop
  endfacet
  facet normal 0.233445 -0.97237 0
    outer loop
      vertex 230.67 71.1574 0
      vertex 231.738 71.4138 0
      vertex 230.67 71.1574 3
    endloop
  endfacet
  facet normal 0.382684 -0.923879 0
    outer loop
      vertex 230.67 71.1574 0
      vertex 230.67 71.1574 3
      vertex 229.655 70.737 3
    endloop
  endfacet
  facet normal 0.382684 -0.923879 0
    outer loop
      vertex 229.655 70.737 0
      vertex 230.67 71.1574 0
      vertex 229.655 70.737 3
    endloop
  endfacet
  facet normal 0.522498 -0.85264 0
    outer loop
      vertex 229.655 70.737 0
      vertex 229.655 70.737 3
      vertex 228.719 70.1631 3
    endloop
  endfacet
  facet normal 0.522498 -0.85264 0
    outer loop
      vertex 228.719 70.1631 0
      vertex 229.655 70.737 0
      vertex 228.719 70.1631 3
    endloop
  endfacet
  facet normal 0.649449 -0.760405 0
    outer loop
      vertex 228.719 70.1631 0
      vertex 228.719 70.1631 3
      vertex 227.884 69.4497 3
    endloop
  endfacet
  facet normal 0.649449 -0.760405 0
    outer loop
      vertex 227.884 69.4497 0
      vertex 228.719 70.1631 0
      vertex 227.884 69.4497 3
    endloop
  endfacet
  facet normal 0.760405 -0.649449 0
    outer loop
      vertex 227.884 69.4497 0
      vertex 227.884 69.4497 3
      vertex 227.17 68.6145 3
    endloop
  endfacet
  facet normal 0.760405 -0.649449 0
    outer loop
      vertex 227.17 68.6145 0
      vertex 227.884 69.4497 0
      vertex 227.17 68.6145 3
    endloop
  endfacet
  facet normal 0.85264 -0.522498 0
    outer loop
      vertex 227.17 68.6145 0
      vertex 227.17 68.6145 3
      vertex 226.596 67.6779 3
    endloop
  endfacet
  facet normal 0.85264 -0.522498 0
    outer loop
      vertex 226.596 67.6779 0
      vertex 227.17 68.6145 0
      vertex 226.596 67.6779 3
    endloop
  endfacet
  facet normal 0.923879 -0.382684 0
    outer loop
      vertex 226.596 67.6779 0
      vertex 226.596 67.6779 3
      vertex 226.176 66.6631 3
    endloop
  endfacet
  facet normal 0.923879 -0.382684 0
    outer loop
      vertex 226.176 66.6631 0
      vertex 226.596 67.6779 0
      vertex 226.176 66.6631 3
    endloop
  endfacet
  facet normal 0.97237 -0.233445 0
    outer loop
      vertex 226.176 66.6631 0
      vertex 226.176 66.6631 3
      vertex 225.92 65.595 3
    endloop
  endfacet
  facet normal 0.97237 -0.233445 0
    outer loop
      vertex 225.92 65.595 0
      vertex 226.176 66.6631 0
      vertex 225.92 65.595 3
    endloop
  endfacet
  facet normal 0.996917 -0.0784595 0
    outer loop
      vertex 225.92 65.595 0
      vertex 225.92 65.595 3
      vertex 225.833 64.5 3
    endloop
  endfacet
  facet normal 0.996917 -0.0784595 0
    outer loop
      vertex 225.833 64.5 0
      vertex 225.92 65.595 0
      vertex 225.833 64.5 3
    endloop
  endfacet
  facet normal 0.996918 0 -0.0784569
    outer loop
      vertex 157.268 88.8 12.7347
      vertex 157.268 85.8 12.7347
      vertex 157.25 85.8 12.5
    endloop
  endfacet
  facet normal 0.996918 0 -0.0784569
    outer loop
      vertex 157.25 88.8 12.5
      vertex 157.268 88.8 12.7347
      vertex 157.25 85.8 12.5
    endloop
  endfacet
  facet normal 0.996918 0 0.0784569
    outer loop
      vertex 157.25 85.8 12.5
      vertex 157.268 85.8 12.2653
      vertex 157.268 88.8 12.2653
    endloop
  endfacet
  facet normal 0.996918 -0 0.0784569
    outer loop
      vertex 157.25 88.8 12.5
      vertex 157.25 85.8 12.5
      vertex 157.268 88.8 12.2653
    endloop
  endfacet
  facet normal 0.972369 0 0.233447
    outer loop
      vertex 157.268 85.8 12.2653
      vertex 157.323 85.8 12.0365
      vertex 157.323 88.8 12.0365
    endloop
  endfacet
  facet normal 0.972369 -0 0.233447
    outer loop
      vertex 157.268 88.8 12.2653
      vertex 157.268 85.8 12.2653
      vertex 157.323 88.8 12.0365
    endloop
  endfacet
  facet normal 0.92388 0 0.382682
    outer loop
      vertex 157.323 85.8 12.0365
      vertex 157.413 85.8 11.819
      vertex 157.413 88.8 11.819
    endloop
  endfacet
  facet normal 0.92388 -0 0.382682
    outer loop
      vertex 157.323 88.8 12.0365
      vertex 157.323 85.8 12.0365
      vertex 157.413 88.8 11.819
    endloop
  endfacet
  facet normal 0.852639 0 0.522501
    outer loop
      vertex 157.413 85.8 11.819
      vertex 157.536 85.8 11.6183
      vertex 157.536 88.8 11.6183
    endloop
  endfacet
  facet normal 0.852639 -0 0.522501
    outer loop
      vertex 157.413 88.8 11.819
      vertex 157.413 85.8 11.819
      vertex 157.536 88.8 11.6183
    endloop
  endfacet
  facet normal 0.760406 0 0.649448
    outer loop
      vertex 157.536 85.8 11.6183
      vertex 157.689 85.8 11.4393
      vertex 157.689 88.8 11.4393
    endloop
  endfacet
  facet normal 0.760406 -0 0.649448
    outer loop
      vertex 157.536 88.8 11.6183
      vertex 157.536 85.8 11.6183
      vertex 157.689 88.8 11.4393
    endloop
  endfacet
  facet normal 0.649448 6.15131e-015 0.760406
    outer loop
      vertex 157.689 85.8 11.4393
      vertex 157.868 85.8 11.2865
      vertex 157.868 88.8 11.2865
    endloop
  endfacet
  facet normal 0.649448 -0 0.760406
    outer loop
      vertex 157.689 88.8 11.4393
      vertex 157.689 85.8 11.4393
      vertex 157.868 88.8 11.2865
    endloop
  endfacet
  facet normal 0.522501 0 0.852639
    outer loop
      vertex 157.868 85.8 11.2865
      vertex 158.069 85.8 11.1635
      vertex 158.069 88.8 11.1635
    endloop
  endfacet
  facet normal 0.522501 4.95012e-015 0.852639
    outer loop
      vertex 157.868 88.8 11.2865
      vertex 157.868 85.8 11.2865
      vertex 158.069 88.8 11.1635
    endloop
  endfacet
  facet normal 0.382682 0 0.92388
    outer loop
      vertex 158.069 85.8 11.1635
      vertex 158.286 85.8 11.0734
      vertex 158.286 88.8 11.0734
    endloop
  endfacet
  facet normal 0.382682 -0 0.92388
    outer loop
      vertex 158.069 88.8 11.1635
      vertex 158.069 85.8 11.1635
      vertex 158.286 88.8 11.0734
    endloop
  endfacet
  facet normal 0.233447 0 0.972369
    outer loop
      vertex 158.286 85.8 11.0734
      vertex 158.515 85.8 11.0185
      vertex 158.515 88.8 11.0185
    endloop
  endfacet
  facet normal 0.233447 -0 0.972369
    outer loop
      vertex 158.286 88.8 11.0734
      vertex 158.286 85.8 11.0734
      vertex 158.515 88.8 11.0185
    endloop
  endfacet
  facet normal 0.0784569 0 0.996918
    outer loop
      vertex 158.515 85.8 11.0185
      vertex 158.75 85.8 11
      vertex 158.75 88.8 11
    endloop
  endfacet
  facet normal 0.0784569 -0 0.996918
    outer loop
      vertex 158.515 88.8 11.0185
      vertex 158.515 85.8 11.0185
      vertex 158.75 88.8 11
    endloop
  endfacet
  facet normal -0.0784569 0 0.996918
    outer loop
      vertex 158.75 85.8 11
      vertex 158.985 85.8 11.0185
      vertex 158.985 88.8 11.0185
    endloop
  endfacet
  facet normal -0.0784569 0 0.996918
    outer loop
      vertex 158.75 88.8 11
      vertex 158.75 85.8 11
      vertex 158.985 88.8 11.0185
    endloop
  endfacet
  facet normal -0.233447 0 0.972369
    outer loop
      vertex 158.985 85.8 11.0185
      vertex 159.214 85.8 11.0734
      vertex 159.214 88.8 11.0734
    endloop
  endfacet
  facet normal -0.233447 0 0.972369
    outer loop
      vertex 158.985 88.8 11.0185
      vertex 158.985 85.8 11.0185
      vertex 159.214 88.8 11.0734
    endloop
  endfacet
  facet normal -0.382682 0 0.92388
    outer loop
      vertex 159.214 85.8 11.0734
      vertex 159.431 85.8 11.1635
      vertex 159.431 88.8 11.1635
    endloop
  endfacet
  facet normal -0.382682 0 0.92388
    outer loop
      vertex 159.214 88.8 11.0734
      vertex 159.214 85.8 11.0734
      vertex 159.431 88.8 11.1635
    endloop
  endfacet
  facet normal -0.522501 0 0.852639
    outer loop
      vertex 159.431 85.8 11.1635
      vertex 159.632 85.8 11.2865
      vertex 159.632 88.8 11.2865
    endloop
  endfacet
  facet normal -0.522501 0 0.852639
    outer loop
      vertex 159.431 88.8 11.1635
      vertex 159.431 85.8 11.1635
      vertex 159.632 88.8 11.2865
    endloop
  endfacet
  facet normal -0.649448 0 0.760406
    outer loop
      vertex 159.632 85.8 11.2865
      vertex 159.811 85.8 11.4393
      vertex 159.811 88.8 11.4393
    endloop
  endfacet
  facet normal -0.649448 0 0.760406
    outer loop
      vertex 159.632 88.8 11.2865
      vertex 159.632 85.8 11.2865
      vertex 159.811 88.8 11.4393
    endloop
  endfacet
  facet normal -0.760406 0 0.649448
    outer loop
      vertex 159.964 85.8 11.6183
      vertex 159.964 88.8 11.6183
      vertex 159.811 85.8 11.4393
    endloop
  endfacet
  facet normal -0.760406 0 0.649448
    outer loop
      vertex 159.811 85.8 11.4393
      vertex 159.964 88.8 11.6183
      vertex 159.811 88.8 11.4393
    endloop
  endfacet
  facet normal -0.852639 0 0.522501
    outer loop
      vertex 160.087 85.8 11.819
      vertex 160.087 88.8 11.819
      vertex 159.964 85.8 11.6183
    endloop
  endfacet
  facet normal -0.852639 0 0.522501
    outer loop
      vertex 159.964 85.8 11.6183
      vertex 160.087 88.8 11.819
      vertex 159.964 88.8 11.6183
    endloop
  endfacet
  facet normal -0.92388 0 0.382682
    outer loop
      vertex 160.177 85.8 12.0365
      vertex 160.177 88.8 12.0365
      vertex 160.087 85.8 11.819
    endloop
  endfacet
  facet normal -0.92388 0 0.382682
    outer loop
      vertex 160.087 85.8 11.819
      vertex 160.177 88.8 12.0365
      vertex 160.087 88.8 11.819
    endloop
  endfacet
  facet normal -0.972369 0 0.233447
    outer loop
      vertex 160.232 85.8 12.2653
      vertex 160.232 88.8 12.2653
      vertex 160.177 85.8 12.0365
    endloop
  endfacet
  facet normal -0.972369 0 0.233447
    outer loop
      vertex 160.177 85.8 12.0365
      vertex 160.232 88.8 12.2653
      vertex 160.177 88.8 12.0365
    endloop
  endfacet
  facet normal -0.996918 0 0.0784569
    outer loop
      vertex 160.25 85.8 12.5
      vertex 160.25 88.8 12.5
      vertex 160.232 85.8 12.2653
    endloop
  endfacet
  facet normal -0.996918 0 0.0784569
    outer loop
      vertex 160.232 85.8 12.2653
      vertex 160.25 88.8 12.5
      vertex 160.232 88.8 12.2653
    endloop
  endfacet
  facet normal -0.996918 -0 -0.0784569
    outer loop
      vertex 160.25 85.8 12.5
      vertex 160.232 85.8 12.7347
      vertex 160.25 88.8 12.5
    endloop
  endfacet
  facet normal -0.996918 0 -0.0784569
    outer loop
      vertex 160.25 88.8 12.5
      vertex 160.232 85.8 12.7347
      vertex 160.232 88.8 12.7347
    endloop
  endfacet
  facet normal -0.972369 -0 -0.233447
    outer loop
      vertex 160.232 85.8 12.7347
      vertex 160.177 85.8 12.9635
      vertex 160.232 88.8 12.7347
    endloop
  endfacet
  facet normal -0.972369 0 -0.233447
    outer loop
      vertex 160.232 88.8 12.7347
      vertex 160.177 85.8 12.9635
      vertex 160.177 88.8 12.9635
    endloop
  endfacet
  facet normal -0.92388 -0 -0.382682
    outer loop
      vertex 160.177 85.8 12.9635
      vertex 160.087 85.8 13.181
      vertex 160.177 88.8 12.9635
    endloop
  endfacet
  facet normal -0.92388 0 -0.382682
    outer loop
      vertex 160.177 88.8 12.9635
      vertex 160.087 85.8 13.181
      vertex 160.087 88.8 13.181
    endloop
  endfacet
  facet normal -0.852639 -0 -0.522501
    outer loop
      vertex 160.087 85.8 13.181
      vertex 159.964 85.8 13.3817
      vertex 160.087 88.8 13.181
    endloop
  endfacet
  facet normal -0.852639 0 -0.522501
    outer loop
      vertex 160.087 88.8 13.181
      vertex 159.964 85.8 13.3817
      vertex 159.964 88.8 13.3817
    endloop
  endfacet
  facet normal -0.760406 -0 -0.649448
    outer loop
      vertex 159.964 85.8 13.3817
      vertex 159.811 85.8 13.5607
      vertex 159.964 88.8 13.3817
    endloop
  endfacet
  facet normal -0.760406 0 -0.649448
    outer loop
      vertex 159.964 88.8 13.3817
      vertex 159.811 85.8 13.5607
      vertex 159.811 88.8 13.5607
    endloop
  endfacet
  facet normal -0.649448 -0 -0.760406
    outer loop
      vertex 159.811 85.8 13.5607
      vertex 159.632 85.8 13.7135
      vertex 159.811 88.8 13.5607
    endloop
  endfacet
  facet normal -0.649448 0 -0.760406
    outer loop
      vertex 159.811 88.8 13.5607
      vertex 159.632 85.8 13.7135
      vertex 159.632 88.8 13.7135
    endloop
  endfacet
  facet normal -0.522501 -0 -0.852639
    outer loop
      vertex 159.632 85.8 13.7135
      vertex 159.431 85.8 13.8365
      vertex 159.632 88.8 13.7135
    endloop
  endfacet
  facet normal -0.522501 0 -0.852639
    outer loop
      vertex 159.632 88.8 13.7135
      vertex 159.431 85.8 13.8365
      vertex 159.431 88.8 13.8365
    endloop
  endfacet
  facet normal -0.382682 -0 -0.92388
    outer loop
      vertex 159.431 85.8 13.8365
      vertex 159.214 85.8 13.9266
      vertex 159.431 88.8 13.8365
    endloop
  endfacet
  facet normal -0.382682 0 -0.92388
    outer loop
      vertex 159.431 88.8 13.8365
      vertex 159.214 85.8 13.9266
      vertex 159.214 88.8 13.9266
    endloop
  endfacet
  facet normal -0.233447 -0 -0.972369
    outer loop
      vertex 159.214 85.8 13.9266
      vertex 158.985 85.8 13.9815
      vertex 159.214 88.8 13.9266
    endloop
  endfacet
  facet normal -0.233447 0 -0.972369
    outer loop
      vertex 159.214 88.8 13.9266
      vertex 158.985 85.8 13.9815
      vertex 158.985 88.8 13.9815
    endloop
  endfacet
  facet normal -0.0784569 -0 -0.996918
    outer loop
      vertex 158.985 85.8 13.9815
      vertex 158.75 85.8 14
      vertex 158.985 88.8 13.9815
    endloop
  endfacet
  facet normal -0.0784569 0 -0.996918
    outer loop
      vertex 158.985 88.8 13.9815
      vertex 158.75 85.8 14
      vertex 158.75 88.8 14
    endloop
  endfacet
  facet normal 0.0784569 0 -0.996918
    outer loop
      vertex 158.75 85.8 14
      vertex 158.515 85.8 13.9815
      vertex 158.75 88.8 14
    endloop
  endfacet
  facet normal 0.0784569 0 -0.996918
    outer loop
      vertex 158.75 88.8 14
      vertex 158.515 85.8 13.9815
      vertex 158.515 88.8 13.9815
    endloop
  endfacet
  facet normal 0.233447 0 -0.972369
    outer loop
      vertex 158.515 85.8 13.9815
      vertex 158.286 85.8 13.9266
      vertex 158.515 88.8 13.9815
    endloop
  endfacet
  facet normal 0.233447 0 -0.972369
    outer loop
      vertex 158.515 88.8 13.9815
      vertex 158.286 85.8 13.9266
      vertex 158.286 88.8 13.9266
    endloop
  endfacet
  facet normal 0.382682 0 -0.92388
    outer loop
      vertex 158.286 85.8 13.9266
      vertex 158.069 85.8 13.8365
      vertex 158.286 88.8 13.9266
    endloop
  endfacet
  facet normal 0.382682 0 -0.92388
    outer loop
      vertex 158.286 88.8 13.9266
      vertex 158.069 85.8 13.8365
      vertex 158.069 88.8 13.8365
    endloop
  endfacet
  facet normal 0.522501 0 -0.852639
    outer loop
      vertex 158.069 85.8 13.8365
      vertex 157.868 85.8 13.7135
      vertex 158.069 88.8 13.8365
    endloop
  endfacet
  facet normal 0.522501 4.94529e-015 -0.852639
    outer loop
      vertex 158.069 88.8 13.8365
      vertex 157.868 85.8 13.7135
      vertex 157.868 88.8 13.7135
    endloop
  endfacet
  facet normal 0.649448 6.15281e-015 -0.760406
    outer loop
      vertex 157.868 85.8 13.7135
      vertex 157.689 85.8 13.5607
      vertex 157.868 88.8 13.7135
    endloop
  endfacet
  facet normal 0.649448 0 -0.760406
    outer loop
      vertex 157.868 88.8 13.7135
      vertex 157.689 85.8 13.5607
      vertex 157.689 88.8 13.5607
    endloop
  endfacet
  facet normal 0.760406 0 -0.649448
    outer loop
      vertex 157.689 88.8 13.5607
      vertex 157.689 85.8 13.5607
      vertex 157.536 85.8 13.3817
    endloop
  endfacet
  facet normal 0.760406 0 -0.649448
    outer loop
      vertex 157.536 88.8 13.3817
      vertex 157.689 88.8 13.5607
      vertex 157.536 85.8 13.3817
    endloop
  endfacet
  facet normal 0.852639 0 -0.522501
    outer loop
      vertex 157.536 88.8 13.3817
      vertex 157.536 85.8 13.3817
      vertex 157.413 85.8 13.181
    endloop
  endfacet
  facet normal 0.852639 0 -0.522501
    outer loop
      vertex 157.413 88.8 13.181
      vertex 157.536 88.8 13.3817
      vertex 157.413 85.8 13.181
    endloop
  endfacet
  facet normal 0.92388 0 -0.382682
    outer loop
      vertex 157.413 88.8 13.181
      vertex 157.413 85.8 13.181
      vertex 157.323 85.8 12.9635
    endloop
  endfacet
  facet normal 0.92388 0 -0.382682
    outer loop
      vertex 157.323 88.8 12.9635
      vertex 157.413 88.8 13.181
      vertex 157.323 85.8 12.9635
    endloop
  endfacet
  facet normal 0.972369 0 -0.233447
    outer loop
      vertex 157.323 88.8 12.9635
      vertex 157.323 85.8 12.9635
      vertex 157.268 85.8 12.7347
    endloop
  endfacet
  facet normal 0.972369 0 -0.233447
    outer loop
      vertex 157.268 88.8 12.7347
      vertex 157.323 88.8 12.9635
      vertex 157.268 85.8 12.7347
    endloop
  endfacet
  facet normal 0.996918 0 -0.0784569
    outer loop
      vertex 220.768 88.8 12.7347
      vertex 220.768 85.8 12.7347
      vertex 220.75 85.8 12.5
    endloop
  endfacet
  facet normal 0.996918 0 -0.0784569
    outer loop
      vertex 220.75 88.8 12.5
      vertex 220.768 88.8 12.7347
      vertex 220.75 85.8 12.5
    endloop
  endfacet
  facet normal 0.996918 0 0.0784569
    outer loop
      vertex 220.75 85.8 12.5
      vertex 220.768 85.8 12.2653
      vertex 220.768 88.8 12.2653
    endloop
  endfacet
  facet normal 0.996918 -0 0.0784569
    outer loop
      vertex 220.75 88.8 12.5
      vertex 220.75 85.8 12.5
      vertex 220.768 88.8 12.2653
    endloop
  endfacet
  facet normal 0.972369 0 0.233447
    outer loop
      vertex 220.768 85.8 12.2653
      vertex 220.823 85.8 12.0365
      vertex 220.823 88.8 12.0365
    endloop
  endfacet
  facet normal 0.972369 -0 0.233447
    outer loop
      vertex 220.768 88.8 12.2653
      vertex 220.768 85.8 12.2653
      vertex 220.823 88.8 12.0365
    endloop
  endfacet
  facet normal 0.92388 0 0.382682
    outer loop
      vertex 220.823 85.8 12.0365
      vertex 220.913 85.8 11.819
      vertex 220.913 88.8 11.819
    endloop
  endfacet
  facet normal 0.92388 -0 0.382682
    outer loop
      vertex 220.823 88.8 12.0365
      vertex 220.823 85.8 12.0365
      vertex 220.913 88.8 11.819
    endloop
  endfacet
  facet normal 0.852639 0 0.522501
    outer loop
      vertex 220.913 85.8 11.819
      vertex 221.036 85.8 11.6183
      vertex 221.036 88.8 11.6183
    endloop
  endfacet
  facet normal 0.852639 -0 0.522501
    outer loop
      vertex 220.913 88.8 11.819
      vertex 220.913 85.8 11.819
      vertex 221.036 88.8 11.6183
    endloop
  endfacet
  facet normal 0.760406 0 0.649448
    outer loop
      vertex 221.036 85.8 11.6183
      vertex 221.189 85.8 11.4393
      vertex 221.189 88.8 11.4393
    endloop
  endfacet
  facet normal 0.760406 -0 0.649448
    outer loop
      vertex 221.036 88.8 11.6183
      vertex 221.036 85.8 11.6183
      vertex 221.189 88.8 11.4393
    endloop
  endfacet
  facet normal 0.649448 6.15131e-015 0.760406
    outer loop
      vertex 221.189 85.8 11.4393
      vertex 221.368 85.8 11.2865
      vertex 221.368 88.8 11.2865
    endloop
  endfacet
  facet normal 0.649448 -0 0.760406
    outer loop
      vertex 221.189 88.8 11.4393
      vertex 221.189 85.8 11.4393
      vertex 221.368 88.8 11.2865
    endloop
  endfacet
  facet normal 0.522501 0 0.852639
    outer loop
      vertex 221.368 85.8 11.2865
      vertex 221.569 85.8 11.1635
      vertex 221.569 88.8 11.1635
    endloop
  endfacet
  facet normal 0.522501 4.95012e-015 0.852639
    outer loop
      vertex 221.368 88.8 11.2865
      vertex 221.368 85.8 11.2865
      vertex 221.569 88.8 11.1635
    endloop
  endfacet
  facet normal 0.382682 0 0.92388
    outer loop
      vertex 221.569 85.8 11.1635
      vertex 221.786 85.8 11.0734
      vertex 221.786 88.8 11.0734
    endloop
  endfacet
  facet normal 0.382682 -0 0.92388
    outer loop
      vertex 221.569 88.8 11.1635
      vertex 221.569 85.8 11.1635
      vertex 221.786 88.8 11.0734
    endloop
  endfacet
  facet normal 0.233447 0 0.972369
    outer loop
      vertex 221.786 85.8 11.0734
      vertex 222.015 85.8 11.0185
      vertex 222.015 88.8 11.0185
    endloop
  endfacet
  facet normal 0.233447 -0 0.972369
    outer loop
      vertex 221.786 88.8 11.0734
      vertex 221.786 85.8 11.0734
      vertex 222.015 88.8 11.0185
    endloop
  endfacet
  facet normal 0.0784569 0 0.996918
    outer loop
      vertex 222.015 85.8 11.0185
      vertex 222.25 85.8 11
      vertex 222.25 88.8 11
    endloop
  endfacet
  facet normal 0.0784569 -0 0.996918
    outer loop
      vertex 222.015 88.8 11.0185
      vertex 222.015 85.8 11.0185
      vertex 222.25 88.8 11
    endloop
  endfacet
  facet normal -0.0784569 0 0.996918
    outer loop
      vertex 222.25 85.8 11
      vertex 222.485 85.8 11.0185
      vertex 222.485 88.8 11.0185
    endloop
  endfacet
  facet normal -0.0784569 0 0.996918
    outer loop
      vertex 222.25 88.8 11
      vertex 222.25 85.8 11
      vertex 222.485 88.8 11.0185
    endloop
  endfacet
  facet normal -0.233447 0 0.972369
    outer loop
      vertex 222.485 85.8 11.0185
      vertex 222.714 85.8 11.0734
      vertex 222.714 88.8 11.0734
    endloop
  endfacet
  facet normal -0.233447 0 0.972369
    outer loop
      vertex 222.485 88.8 11.0185
      vertex 222.485 85.8 11.0185
      vertex 222.714 88.8 11.0734
    endloop
  endfacet
  facet normal -0.382682 0 0.92388
    outer loop
      vertex 222.714 85.8 11.0734
      vertex 222.931 85.8 11.1635
      vertex 222.931 88.8 11.1635
    endloop
  endfacet
  facet normal -0.382682 0 0.92388
    outer loop
      vertex 222.714 88.8 11.0734
      vertex 222.714 85.8 11.0734
      vertex 222.931 88.8 11.1635
    endloop
  endfacet
  facet normal -0.522501 0 0.852639
    outer loop
      vertex 222.931 85.8 11.1635
      vertex 223.132 85.8 11.2865
      vertex 223.132 88.8 11.2865
    endloop
  endfacet
  facet normal -0.522501 0 0.852639
    outer loop
      vertex 222.931 88.8 11.1635
      vertex 222.931 85.8 11.1635
      vertex 223.132 88.8 11.2865
    endloop
  endfacet
  facet normal -0.649448 0 0.760406
    outer loop
      vertex 223.132 85.8 11.2865
      vertex 223.311 85.8 11.4393
      vertex 223.311 88.8 11.4393
    endloop
  endfacet
  facet normal -0.649448 0 0.760406
    outer loop
      vertex 223.132 88.8 11.2865
      vertex 223.132 85.8 11.2865
      vertex 223.311 88.8 11.4393
    endloop
  endfacet
  facet normal -0.760406 0 0.649448
    outer loop
      vertex 223.464 85.8 11.6183
      vertex 223.464 88.8 11.6183
      vertex 223.311 85.8 11.4393
    endloop
  endfacet
  facet normal -0.760406 0 0.649448
    outer loop
      vertex 223.311 85.8 11.4393
      vertex 223.464 88.8 11.6183
      vertex 223.311 88.8 11.4393
    endloop
  endfacet
  facet normal -0.852639 0 0.522501
    outer loop
      vertex 223.587 85.8 11.819
      vertex 223.587 88.8 11.819
      vertex 223.464 85.8 11.6183
    endloop
  endfacet
  facet normal -0.852639 0 0.522501
    outer loop
      vertex 223.464 85.8 11.6183
      vertex 223.587 88.8 11.819
      vertex 223.464 88.8 11.6183
    endloop
  endfacet
  facet normal -0.92388 0 0.382682
    outer loop
      vertex 223.677 85.8 12.0365
      vertex 223.677 88.8 12.0365
      vertex 223.587 85.8 11.819
    endloop
  endfacet
  facet normal -0.92388 0 0.382682
    outer loop
      vertex 223.587 85.8 11.819
      vertex 223.677 88.8 12.0365
      vertex 223.587 88.8 11.819
    endloop
  endfacet
  facet normal -0.972369 0 0.233447
    outer loop
      vertex 223.732 85.8 12.2653
      vertex 223.732 88.8 12.2653
      vertex 223.677 85.8 12.0365
    endloop
  endfacet
  facet normal -0.972369 0 0.233447
    outer loop
      vertex 223.677 85.8 12.0365
      vertex 223.732 88.8 12.2653
      vertex 223.677 88.8 12.0365
    endloop
  endfacet
  facet normal -0.996918 0 0.0784569
    outer loop
      vertex 223.75 85.8 12.5
      vertex 223.75 88.8 12.5
      vertex 223.732 85.8 12.2653
    endloop
  endfacet
  facet normal -0.996918 0 0.0784569
    outer loop
      vertex 223.732 85.8 12.2653
      vertex 223.75 88.8 12.5
      vertex 223.732 88.8 12.2653
    endloop
  endfacet
  facet normal -0.996918 -0 -0.0784569
    outer loop
      vertex 223.75 85.8 12.5
      vertex 223.732 85.8 12.7347
      vertex 223.75 88.8 12.5
    endloop
  endfacet
  facet normal -0.996918 0 -0.0784569
    outer loop
      vertex 223.75 88.8 12.5
      vertex 223.732 85.8 12.7347
      vertex 223.732 88.8 12.7347
    endloop
  endfacet
  facet normal -0.972369 -0 -0.233447
    outer loop
      vertex 223.732 85.8 12.7347
      vertex 223.677 85.8 12.9635
      vertex 223.732 88.8 12.7347
    endloop
  endfacet
  facet normal -0.972369 0 -0.233447
    outer loop
      vertex 223.732 88.8 12.7347
      vertex 223.677 85.8 12.9635
      vertex 223.677 88.8 12.9635
    endloop
  endfacet
  facet normal -0.92388 -0 -0.382682
    outer loop
      vertex 223.677 85.8 12.9635
      vertex 223.587 85.8 13.181
      vertex 223.677 88.8 12.9635
    endloop
  endfacet
  facet normal -0.92388 0 -0.382682
    outer loop
      vertex 223.677 88.8 12.9635
      vertex 223.587 85.8 13.181
      vertex 223.587 88.8 13.181
    endloop
  endfacet
  facet normal -0.852639 -0 -0.522501
    outer loop
      vertex 223.587 85.8 13.181
      vertex 223.464 85.8 13.3817
      vertex 223.587 88.8 13.181
    endloop
  endfacet
  facet normal -0.852639 0 -0.522501
    outer loop
      vertex 223.587 88.8 13.181
      vertex 223.464 85.8 13.3817
      vertex 223.464 88.8 13.3817
    endloop
  endfacet
  facet normal -0.760406 -0 -0.649448
    outer loop
      vertex 223.464 85.8 13.3817
      vertex 223.311 85.8 13.5607
      vertex 223.464 88.8 13.3817
    endloop
  endfacet
  facet normal -0.760406 0 -0.649448
    outer loop
      vertex 223.464 88.8 13.3817
      vertex 223.311 85.8 13.5607
      vertex 223.311 88.8 13.5607
    endloop
  endfacet
  facet normal -0.649448 -0 -0.760406
    outer loop
      vertex 223.311 85.8 13.5607
      vertex 223.132 85.8 13.7135
      vertex 223.311 88.8 13.5607
    endloop
  endfacet
  facet normal -0.649448 0 -0.760406
    outer loop
      vertex 223.311 88.8 13.5607
      vertex 223.132 85.8 13.7135
      vertex 223.132 88.8 13.7135
    endloop
  endfacet
  facet normal -0.522501 -0 -0.852639
    outer loop
      vertex 223.132 85.8 13.7135
      vertex 222.931 85.8 13.8365
      vertex 223.132 88.8 13.7135
    endloop
  endfacet
  facet normal -0.522501 0 -0.852639
    outer loop
      vertex 223.132 88.8 13.7135
      vertex 222.931 85.8 13.8365
      vertex 222.931 88.8 13.8365
    endloop
  endfacet
  facet normal -0.382682 -0 -0.92388
    outer loop
      vertex 222.931 85.8 13.8365
      vertex 222.714 85.8 13.9266
      vertex 222.931 88.8 13.8365
    endloop
  endfacet
  facet normal -0.382682 0 -0.92388
    outer loop
      vertex 222.931 88.8 13.8365
      vertex 222.714 85.8 13.9266
      vertex 222.714 88.8 13.9266
    endloop
  endfacet
  facet normal -0.233447 -0 -0.972369
    outer loop
      vertex 222.714 85.8 13.9266
      vertex 222.485 85.8 13.9815
      vertex 222.714 88.8 13.9266
    endloop
  endfacet
  facet normal -0.233447 0 -0.972369
    outer loop
      vertex 222.714 88.8 13.9266
      vertex 222.485 85.8 13.9815
      vertex 222.485 88.8 13.9815
    endloop
  endfacet
  facet normal -0.0784569 -0 -0.996918
    outer loop
      vertex 222.485 85.8 13.9815
      vertex 222.25 85.8 14
      vertex 222.485 88.8 13.9815
    endloop
  endfacet
  facet normal -0.0784569 0 -0.996918
    outer loop
      vertex 222.485 88.8 13.9815
      vertex 222.25 85.8 14
      vertex 222.25 88.8 14
    endloop
  endfacet
  facet normal 0.0784569 0 -0.996918
    outer loop
      vertex 222.25 85.8 14
      vertex 222.015 85.8 13.9815
      vertex 222.25 88.8 14
    endloop
  endfacet
  facet normal 0.0784569 0 -0.996918
    outer loop
      vertex 222.25 88.8 14
      vertex 222.015 85.8 13.9815
      vertex 222.015 88.8 13.9815
    endloop
  endfacet
  facet normal 0.233447 0 -0.972369
    outer loop
      vertex 222.015 85.8 13.9815
      vertex 221.786 85.8 13.9266
      vertex 222.015 88.8 13.9815
    endloop
  endfacet
  facet normal 0.233447 0 -0.972369
    outer loop
      vertex 222.015 88.8 13.9815
      vertex 221.786 85.8 13.9266
      vertex 221.786 88.8 13.9266
    endloop
  endfacet
  facet normal 0.382682 0 -0.92388
    outer loop
      vertex 221.786 85.8 13.9266
      vertex 221.569 85.8 13.8365
      vertex 221.786 88.8 13.9266
    endloop
  endfacet
  facet normal 0.382682 0 -0.92388
    outer loop
      vertex 221.786 88.8 13.9266
      vertex 221.569 85.8 13.8365
      vertex 221.569 88.8 13.8365
    endloop
  endfacet
  facet normal 0.522501 0 -0.852639
    outer loop
      vertex 221.569 85.8 13.8365
      vertex 221.368 85.8 13.7135
      vertex 221.569 88.8 13.8365
    endloop
  endfacet
  facet normal 0.522501 4.94529e-015 -0.852639
    outer loop
      vertex 221.569 88.8 13.8365
      vertex 221.368 85.8 13.7135
      vertex 221.368 88.8 13.7135
    endloop
  endfacet
  facet normal 0.649448 6.15281e-015 -0.760406
    outer loop
      vertex 221.368 85.8 13.7135
      vertex 221.189 85.8 13.5607
      vertex 221.368 88.8 13.7135
    endloop
  endfacet
  facet normal 0.649448 0 -0.760406
    outer loop
      vertex 221.368 88.8 13.7135
      vertex 221.189 85.8 13.5607
      vertex 221.189 88.8 13.5607
    endloop
  endfacet
  facet normal 0.760406 0 -0.649448
    outer loop
      vertex 221.189 88.8 13.5607
      vertex 221.189 85.8 13.5607
      vertex 221.036 85.8 13.3817
    endloop
  endfacet
  facet normal 0.760406 0 -0.649448
    outer loop
      vertex 221.036 88.8 13.3817
      vertex 221.189 88.8 13.5607
      vertex 221.036 85.8 13.3817
    endloop
  endfacet
  facet normal 0.852639 0 -0.522501
    outer loop
      vertex 221.036 88.8 13.3817
      vertex 221.036 85.8 13.3817
      vertex 220.913 85.8 13.181
    endloop
  endfacet
  facet normal 0.852639 0 -0.522501
    outer loop
      vertex 220.913 88.8 13.181
      vertex 221.036 88.8 13.3817
      vertex 220.913 85.8 13.181
    endloop
  endfacet
  facet normal 0.92388 0 -0.382682
    outer loop
      vertex 220.913 88.8 13.181
      vertex 220.913 85.8 13.181
      vertex 220.823 85.8 12.9635
    endloop
  endfacet
  facet normal 0.92388 0 -0.382682
    outer loop
      vertex 220.823 88.8 12.9635
      vertex 220.913 88.8 13.181
      vertex 220.823 85.8 12.9635
    endloop
  endfacet
  facet normal 0.972369 0 -0.233447
    outer loop
      vertex 220.823 88.8 12.9635
      vertex 220.823 85.8 12.9635
      vertex 220.768 85.8 12.7347
    endloop
  endfacet
  facet normal 0.972369 0 -0.233447
    outer loop
      vertex 220.768 88.8 12.7347
      vertex 220.823 88.8 12.9635
      vertex 220.768 85.8 12.7347
    endloop
  endfacet
  facet normal 0.996917 0.0784595 0
    outer loop
      vertex 14.1667 21.5 3
      vertex 14.2528 20.405 3
      vertex 14.2528 20.405 0
    endloop
  endfacet
  facet normal 0.996917 0.0784595 0
    outer loop
      vertex 14.1667 21.5 0
      vertex 14.1667 21.5 3
      vertex 14.2528 20.405 0
    endloop
  endfacet
  facet normal 0.97237 0.233445 0
    outer loop
      vertex 14.2528 20.405 3
      vertex 14.5093 19.3369 3
      vertex 14.5093 19.3369 0
    endloop
  endfacet
  facet normal 0.97237 0.233445 0
    outer loop
      vertex 14.2528 20.405 0
      vertex 14.2528 20.405 3
      vertex 14.5093 19.3369 0
    endloop
  endfacet
  facet normal 0.923879 0.382684 0
    outer loop
      vertex 14.5093 19.3369 3
      vertex 14.9296 18.3221 3
      vertex 14.9296 18.3221 0
    endloop
  endfacet
  facet normal 0.923879 0.382684 0
    outer loop
      vertex 14.5093 19.3369 0
      vertex 14.5093 19.3369 3
      vertex 14.9296 18.3221 0
    endloop
  endfacet
  facet normal 0.85264 0.522498 0
    outer loop
      vertex 14.9296 18.3221 3
      vertex 15.5035 17.3855 3
      vertex 15.5035 17.3855 0
    endloop
  endfacet
  facet normal 0.85264 0.522498 0
    outer loop
      vertex 14.9296 18.3221 0
      vertex 14.9296 18.3221 3
      vertex 15.5035 17.3855 0
    endloop
  endfacet
  facet normal 0.760405 0.649449 0
    outer loop
      vertex 15.5035 17.3855 3
      vertex 16.2169 16.5503 3
      vertex 16.2169 16.5503 0
    endloop
  endfacet
  facet normal 0.760405 0.649449 0
    outer loop
      vertex 15.5035 17.3855 0
      vertex 15.5035 17.3855 3
      vertex 16.2169 16.5503 0
    endloop
  endfacet
  facet normal 0.649449 0.760405 -0
    outer loop
      vertex 17.0522 15.8369 3
      vertex 17.0522 15.8369 0
      vertex 16.2169 16.5503 3
    endloop
  endfacet
  facet normal 0.649449 0.760405 -0
    outer loop
      vertex 16.2169 16.5503 3
      vertex 17.0522 15.8369 0
      vertex 16.2169 16.5503 0
    endloop
  endfacet
  facet normal 0.522498 0.85264 -0
    outer loop
      vertex 17.9887 15.263 3
      vertex 17.9887 15.263 0
      vertex 17.0522 15.8369 3
    endloop
  endfacet
  facet normal 0.522498 0.85264 -0
    outer loop
      vertex 17.0522 15.8369 3
      vertex 17.9887 15.263 0
      vertex 17.0522 15.8369 0
    endloop
  endfacet
  facet normal 0.382684 0.923879 -0
    outer loop
      vertex 19.0035 14.8426 3
      vertex 19.0035 14.8426 0
      vertex 17.9887 15.263 3
    endloop
  endfacet
  facet normal 0.382684 0.923879 -0
    outer loop
      vertex 17.9887 15.263 3
      vertex 19.0035 14.8426 0
      vertex 17.9887 15.263 0
    endloop
  endfacet
  facet normal 0.233445 0.97237 -0
    outer loop
      vertex 20.0716 14.5862 3
      vertex 20.0716 14.5862 0
      vertex 19.0035 14.8426 3
    endloop
  endfacet
  facet normal 0.233445 0.97237 -0
    outer loop
      vertex 19.0035 14.8426 3
      vertex 20.0716 14.5862 0
      vertex 19.0035 14.8426 0
    endloop
  endfacet
  facet normal 0.0784595 0.996917 -0
    outer loop
      vertex 21.1667 14.5 3
      vertex 21.1667 14.5 0
      vertex 20.0716 14.5862 3
    endloop
  endfacet
  facet normal 0.0784595 0.996917 -0
    outer loop
      vertex 20.0716 14.5862 3
      vertex 21.1667 14.5 0
      vertex 20.0716 14.5862 0
    endloop
  endfacet
  facet normal -0.0784595 0.996917 0
    outer loop
      vertex 22.2617 14.5862 3
      vertex 22.2617 14.5862 0
      vertex 21.1667 14.5 3
    endloop
  endfacet
  facet normal -0.0784595 0.996917 0
    outer loop
      vertex 21.1667 14.5 3
      vertex 22.2617 14.5862 0
      vertex 21.1667 14.5 0
    endloop
  endfacet
  facet normal -0.233445 0.97237 0
    outer loop
      vertex 23.3298 14.8426 3
      vertex 23.3298 14.8426 0
      vertex 22.2617 14.5862 3
    endloop
  endfacet
  facet normal -0.233445 0.97237 0
    outer loop
      vertex 22.2617 14.5862 3
      vertex 23.3298 14.8426 0
      vertex 22.2617 14.5862 0
    endloop
  endfacet
  facet normal -0.382684 0.923879 0
    outer loop
      vertex 24.3446 15.263 3
      vertex 24.3446 15.263 0
      vertex 23.3298 14.8426 3
    endloop
  endfacet
  facet normal -0.382684 0.923879 0
    outer loop
      vertex 23.3298 14.8426 3
      vertex 24.3446 15.263 0
      vertex 23.3298 14.8426 0
    endloop
  endfacet
  facet normal -0.522498 0.85264 0
    outer loop
      vertex 25.2812 15.8369 3
      vertex 25.2812 15.8369 0
      vertex 24.3446 15.263 3
    endloop
  endfacet
  facet normal -0.522498 0.85264 0
    outer loop
      vertex 24.3446 15.263 3
      vertex 25.2812 15.8369 0
      vertex 24.3446 15.263 0
    endloop
  endfacet
  facet normal -0.649449 0.760405 0
    outer loop
      vertex 26.1164 16.5503 3
      vertex 26.1164 16.5503 0
      vertex 25.2812 15.8369 3
    endloop
  endfacet
  facet normal -0.649449 0.760405 0
    outer loop
      vertex 25.2812 15.8369 3
      vertex 26.1164 16.5503 0
      vertex 25.2812 15.8369 0
    endloop
  endfacet
  facet normal -0.760405 0.649449 0
    outer loop
      vertex 26.8298 17.3855 3
      vertex 26.8298 17.3855 0
      vertex 26.1164 16.5503 3
    endloop
  endfacet
  facet normal -0.760405 0.649449 0
    outer loop
      vertex 26.1164 16.5503 3
      vertex 26.8298 17.3855 0
      vertex 26.1164 16.5503 0
    endloop
  endfacet
  facet normal -0.85264 0.522498 0
    outer loop
      vertex 27.4037 18.3221 3
      vertex 27.4037 18.3221 0
      vertex 26.8298 17.3855 3
    endloop
  endfacet
  facet normal -0.85264 0.522498 0
    outer loop
      vertex 26.8298 17.3855 3
      vertex 27.4037 18.3221 0
      vertex 26.8298 17.3855 0
    endloop
  endfacet
  facet normal -0.923879 0.382684 0
    outer loop
      vertex 27.8241 19.3369 3
      vertex 27.8241 19.3369 0
      vertex 27.4037 18.3221 3
    endloop
  endfacet
  facet normal -0.923879 0.382684 0
    outer loop
      vertex 27.4037 18.3221 3
      vertex 27.8241 19.3369 0
      vertex 27.4037 18.3221 0
    endloop
  endfacet
  facet normal -0.97237 0.233445 0
    outer loop
      vertex 28.0805 20.405 3
      vertex 28.0805 20.405 0
      vertex 27.8241 19.3369 3
    endloop
  endfacet
  facet normal -0.97237 0.233445 0
    outer loop
      vertex 27.8241 19.3369 3
      vertex 28.0805 20.405 0
      vertex 27.8241 19.3369 0
    endloop
  endfacet
  facet normal -0.996917 0.0784595 0
    outer loop
      vertex 28.1667 21.5 3
      vertex 28.1667 21.5 0
      vertex 28.0805 20.405 3
    endloop
  endfacet
  facet normal -0.996917 0.0784595 0
    outer loop
      vertex 28.0805 20.405 3
      vertex 28.1667 21.5 0
      vertex 28.0805 20.405 0
    endloop
  endfacet
  facet normal -0.996917 -0.0784595 0
    outer loop
      vertex 28.1667 21.5 3
      vertex 28.0805 22.595 3
      vertex 28.1667 21.5 0
    endloop
  endfacet
  facet normal -0.996917 -0.0784595 0
    outer loop
      vertex 28.1667 21.5 0
      vertex 28.0805 22.595 3
      vertex 28.0805 22.595 0
    endloop
  endfacet
  facet normal -0.97237 -0.233445 0
    outer loop
      vertex 28.0805 22.595 3
      vertex 27.8241 23.6631 3
      vertex 28.0805 22.595 0
    endloop
  endfacet
  facet normal -0.97237 -0.233445 0
    outer loop
      vertex 28.0805 22.595 0
      vertex 27.8241 23.6631 3
      vertex 27.8241 23.6631 0
    endloop
  endfacet
  facet normal -0.923879 -0.382684 0
    outer loop
      vertex 27.8241 23.6631 3
      vertex 27.4037 24.6779 3
      vertex 27.8241 23.6631 0
    endloop
  endfacet
  facet normal -0.923879 -0.382684 0
    outer loop
      vertex 27.8241 23.6631 0
      vertex 27.4037 24.6779 3
      vertex 27.4037 24.6779 0
    endloop
  endfacet
  facet normal -0.85264 -0.522498 0
    outer loop
      vertex 27.4037 24.6779 3
      vertex 26.8298 25.6145 3
      vertex 27.4037 24.6779 0
    endloop
  endfacet
  facet normal -0.85264 -0.522498 0
    outer loop
      vertex 27.4037 24.6779 0
      vertex 26.8298 25.6145 3
      vertex 26.8298 25.6145 0
    endloop
  endfacet
  facet normal -0.760405 -0.649449 0
    outer loop
      vertex 26.8298 25.6145 3
      vertex 26.1164 26.4497 3
      vertex 26.8298 25.6145 0
    endloop
  endfacet
  facet normal -0.760405 -0.649449 0
    outer loop
      vertex 26.8298 25.6145 0
      vertex 26.1164 26.4497 3
      vertex 26.1164 26.4497 0
    endloop
  endfacet
  facet normal -0.649449 -0.760405 -0
    outer loop
      vertex 26.1164 26.4497 0
      vertex 26.1164 26.4497 3
      vertex 25.2812 27.1631 3
    endloop
  endfacet
  facet normal -0.649449 -0.760405 -0
    outer loop
      vertex 25.2812 27.1631 0
      vertex 26.1164 26.4497 0
      vertex 25.2812 27.1631 3
    endloop
  endfacet
  facet normal -0.522498 -0.85264 -0
    outer loop
      vertex 25.2812 27.1631 0
      vertex 25.2812 27.1631 3
      vertex 24.3446 27.737 3
    endloop
  endfacet
  facet normal -0.522498 -0.85264 -0
    outer loop
      vertex 24.3446 27.737 0
      vertex 25.2812 27.1631 0
      vertex 24.3446 27.737 3
    endloop
  endfacet
  facet normal -0.382684 -0.923879 -0
    outer loop
      vertex 24.3446 27.737 0
      vertex 24.3446 27.737 3
      vertex 23.3298 28.1574 3
    endloop
  endfacet
  facet normal -0.382684 -0.923879 -0
    outer loop
      vertex 23.3298 28.1574 0
      vertex 24.3446 27.737 0
      vertex 23.3298 28.1574 3
    endloop
  endfacet
  facet normal -0.233445 -0.97237 -0
    outer loop
      vertex 23.3298 28.1574 0
      vertex 23.3298 28.1574 3
      vertex 22.2617 28.4138 3
    endloop
  endfacet
  facet normal -0.233445 -0.97237 -0
    outer loop
      vertex 22.2617 28.4138 0
      vertex 23.3298 28.1574 0
      vertex 22.2617 28.4138 3
    endloop
  endfacet
  facet normal -0.0784595 -0.996917 -0
    outer loop
      vertex 22.2617 28.4138 0
      vertex 22.2617 28.4138 3
      vertex 21.1667 28.5 3
    endloop
  endfacet
  facet normal -0.0784595 -0.996917 -0
    outer loop
      vertex 21.1667 28.5 0
      vertex 22.2617 28.4138 0
      vertex 21.1667 28.5 3
    endloop
  endfacet
  facet normal 0.0784595 -0.996917 0
    outer loop
      vertex 21.1667 28.5 0
      vertex 21.1667 28.5 3
      vertex 20.0716 28.4138 3
    endloop
  endfacet
  facet normal 0.0784595 -0.996917 0
    outer loop
      vertex 20.0716 28.4138 0
      vertex 21.1667 28.5 0
      vertex 20.0716 28.4138 3
    endloop
  endfacet
  facet normal 0.233445 -0.97237 0
    outer loop
      vertex 20.0716 28.4138 0
      vertex 20.0716 28.4138 3
      vertex 19.0035 28.1574 3
    endloop
  endfacet
  facet normal 0.233445 -0.97237 0
    outer loop
      vertex 19.0035 28.1574 0
      vertex 20.0716 28.4138 0
      vertex 19.0035 28.1574 3
    endloop
  endfacet
  facet normal 0.382684 -0.923879 0
    outer loop
      vertex 19.0035 28.1574 0
      vertex 19.0035 28.1574 3
      vertex 17.9887 27.737 3
    endloop
  endfacet
  facet normal 0.382684 -0.923879 0
    outer loop
      vertex 17.9887 27.737 0
      vertex 19.0035 28.1574 0
      vertex 17.9887 27.737 3
    endloop
  endfacet
  facet normal 0.522498 -0.85264 0
    outer loop
      vertex 17.9887 27.737 0
      vertex 17.9887 27.737 3
      vertex 17.0522 27.1631 3
    endloop
  endfacet
  facet normal 0.522498 -0.85264 0
    outer loop
      vertex 17.0522 27.1631 0
      vertex 17.9887 27.737 0
      vertex 17.0522 27.1631 3
    endloop
  endfacet
  facet normal 0.649449 -0.760405 0
    outer loop
      vertex 17.0522 27.1631 0
      vertex 17.0522 27.1631 3
      vertex 16.2169 26.4497 3
    endloop
  endfacet
  facet normal 0.649449 -0.760405 0
    outer loop
      vertex 16.2169 26.4497 0
      vertex 17.0522 27.1631 0
      vertex 16.2169 26.4497 3
    endloop
  endfacet
  facet normal 0.760405 -0.649449 0
    outer loop
      vertex 16.2169 26.4497 0
      vertex 16.2169 26.4497 3
      vertex 15.5035 25.6145 3
    endloop
  endfacet
  facet normal 0.760405 -0.649449 0
    outer loop
      vertex 15.5035 25.6145 0
      vertex 16.2169 26.4497 0
      vertex 15.5035 25.6145 3
    endloop
  endfacet
  facet normal 0.85264 -0.522498 0
    outer loop
      vertex 15.5035 25.6145 0
      vertex 15.5035 25.6145 3
      vertex 14.9296 24.6779 3
    endloop
  endfacet
  facet normal 0.85264 -0.522498 0
    outer loop
      vertex 14.9296 24.6779 0
      vertex 15.5035 25.6145 0
      vertex 14.9296 24.6779 3
    endloop
  endfacet
  facet normal 0.923879 -0.382684 0
    outer loop
      vertex 14.9296 24.6779 0
      vertex 14.9296 24.6779 3
      vertex 14.5093 23.6631 3
    endloop
  endfacet
  facet normal 0.923879 -0.382684 0
    outer loop
      vertex 14.5093 23.6631 0
      vertex 14.9296 24.6779 0
      vertex 14.5093 23.6631 3
    endloop
  endfacet
  facet normal 0.97237 -0.233445 0
    outer loop
      vertex 14.5093 23.6631 0
      vertex 14.5093 23.6631 3
      vertex 14.2528 22.595 3
    endloop
  endfacet
  facet normal 0.97237 -0.233445 0
    outer loop
      vertex 14.2528 22.595 0
      vertex 14.5093 23.6631 0
      vertex 14.2528 22.595 3
    endloop
  endfacet
  facet normal 0.996917 -0.0784595 0
    outer loop
      vertex 14.2528 22.595 0
      vertex 14.2528 22.595 3
      vertex 14.1667 21.5 3
    endloop
  endfacet
  facet normal 0.996917 -0.0784595 0
    outer loop
      vertex 14.1667 21.5 0
      vertex 14.2528 22.595 0
      vertex 14.1667 21.5 3
    endloop
  endfacet
  facet normal 0.996917 0.0784595 0
    outer loop
      vertex 14.1667 64.5 3
      vertex 14.2528 63.405 3
      vertex 14.2528 63.405 0
    endloop
  endfacet
  facet normal 0.996917 0.0784595 0
    outer loop
      vertex 14.1667 64.5 0
      vertex 14.1667 64.5 3
      vertex 14.2528 63.405 0
    endloop
  endfacet
  facet normal 0.97237 0.233445 0
    outer loop
      vertex 14.2528 63.405 3
      vertex 14.5093 62.3369 3
      vertex 14.5093 62.3369 0
    endloop
  endfacet
  facet normal 0.97237 0.233445 0
    outer loop
      vertex 14.2528 63.405 0
      vertex 14.2528 63.405 3
      vertex 14.5093 62.3369 0
    endloop
  endfacet
  facet normal 0.923879 0.382684 0
    outer loop
      vertex 14.5093 62.3369 3
      vertex 14.9296 61.3221 3
      vertex 14.9296 61.3221 0
    endloop
  endfacet
  facet normal 0.923879 0.382684 0
    outer loop
      vertex 14.5093 62.3369 0
      vertex 14.5093 62.3369 3
      vertex 14.9296 61.3221 0
    endloop
  endfacet
  facet normal 0.85264 0.522498 0
    outer loop
      vertex 14.9296 61.3221 3
      vertex 15.5035 60.3855 3
      vertex 15.5035 60.3855 0
    endloop
  endfacet
  facet normal 0.85264 0.522498 0
    outer loop
      vertex 14.9296 61.3221 0
      vertex 14.9296 61.3221 3
      vertex 15.5035 60.3855 0
    endloop
  endfacet
  facet normal 0.760405 0.649449 0
    outer loop
      vertex 15.5035 60.3855 3
      vertex 16.2169 59.5503 3
      vertex 16.2169 59.5503 0
    endloop
  endfacet
  facet normal 0.760405 0.649449 0
    outer loop
      vertex 15.5035 60.3855 0
      vertex 15.5035 60.3855 3
      vertex 16.2169 59.5503 0
    endloop
  endfacet
  facet normal 0.649449 0.760405 -0
    outer loop
      vertex 17.0522 58.8369 3
      vertex 17.0522 58.8369 0
      vertex 16.2169 59.5503 3
    endloop
  endfacet
  facet normal 0.649449 0.760405 -0
    outer loop
      vertex 16.2169 59.5503 3
      vertex 17.0522 58.8369 0
      vertex 16.2169 59.5503 0
    endloop
  endfacet
  facet normal 0.522498 0.85264 -0
    outer loop
      vertex 17.9887 58.263 3
      vertex 17.9887 58.263 0
      vertex 17.0522 58.8369 3
    endloop
  endfacet
  facet normal 0.522498 0.85264 -0
    outer loop
      vertex 17.0522 58.8369 3
      vertex 17.9887 58.263 0
      vertex 17.0522 58.8369 0
    endloop
  endfacet
  facet normal 0.382684 0.923879 -0
    outer loop
      vertex 19.0035 57.8426 3
      vertex 19.0035 57.8426 0
      vertex 17.9887 58.263 3
    endloop
  endfacet
  facet normal 0.382684 0.923879 -0
    outer loop
      vertex 17.9887 58.263 3
      vertex 19.0035 57.8426 0
      vertex 17.9887 58.263 0
    endloop
  endfacet
  facet normal 0.233445 0.97237 -0
    outer loop
      vertex 20.0716 57.5862 3
      vertex 20.0716 57.5862 0
      vertex 19.0035 57.8426 3
    endloop
  endfacet
  facet normal 0.233445 0.97237 -0
    outer loop
      vertex 19.0035 57.8426 3
      vertex 20.0716 57.5862 0
      vertex 19.0035 57.8426 0
    endloop
  endfacet
  facet normal 0.0784595 0.996917 -0
    outer loop
      vertex 21.1667 57.5 3
      vertex 21.1667 57.5 0
      vertex 20.0716 57.5862 3
    endloop
  endfacet
  facet normal 0.0784595 0.996917 -0
    outer loop
      vertex 20.0716 57.5862 3
      vertex 21.1667 57.5 0
      vertex 20.0716 57.5862 0
    endloop
  endfacet
  facet normal -0.0784595 0.996917 0
    outer loop
      vertex 22.2617 57.5862 3
      vertex 22.2617 57.5862 0
      vertex 21.1667 57.5 3
    endloop
  endfacet
  facet normal -0.0784595 0.996917 0
    outer loop
      vertex 21.1667 57.5 3
      vertex 22.2617 57.5862 0
      vertex 21.1667 57.5 0
    endloop
  endfacet
  facet normal -0.233445 0.97237 0
    outer loop
      vertex 23.3298 57.8426 3
      vertex 23.3298 57.8426 0
      vertex 22.2617 57.5862 3
    endloop
  endfacet
  facet normal -0.233445 0.97237 0
    outer loop
      vertex 22.2617 57.5862 3
      vertex 23.3298 57.8426 0
      vertex 22.2617 57.5862 0
    endloop
  endfacet
  facet normal -0.382684 0.923879 0
    outer loop
      vertex 24.3446 58.263 3
      vertex 24.3446 58.263 0
      vertex 23.3298 57.8426 3
    endloop
  endfacet
  facet normal -0.382684 0.923879 0
    outer loop
      vertex 23.3298 57.8426 3
      vertex 24.3446 58.263 0
      vertex 23.3298 57.8426 0
    endloop
  endfacet
  facet normal -0.522498 0.85264 0
    outer loop
      vertex 25.2812 58.8369 3
      vertex 25.2812 58.8369 0
      vertex 24.3446 58.263 3
    endloop
  endfacet
  facet normal -0.522498 0.85264 0
    outer loop
      vertex 24.3446 58.263 3
      vertex 25.2812 58.8369 0
      vertex 24.3446 58.263 0
    endloop
  endfacet
  facet normal -0.649449 0.760405 0
    outer loop
      vertex 26.1164 59.5503 3
      vertex 26.1164 59.5503 0
      vertex 25.2812 58.8369 3
    endloop
  endfacet
  facet normal -0.649449 0.760405 0
    outer loop
      vertex 25.2812 58.8369 3
      vertex 26.1164 59.5503 0
      vertex 25.2812 58.8369 0
    endloop
  endfacet
  facet normal -0.760405 0.649449 0
    outer loop
      vertex 26.8298 60.3855 3
      vertex 26.8298 60.3855 0
      vertex 26.1164 59.5503 3
    endloop
  endfacet
  facet normal -0.760405 0.649449 0
    outer loop
      vertex 26.1164 59.5503 3
      vertex 26.8298 60.3855 0
      vertex 26.1164 59.5503 0
    endloop
  endfacet
  facet normal -0.85264 0.522498 0
    outer loop
      vertex 27.4037 61.3221 3
      vertex 27.4037 61.3221 0
      vertex 26.8298 60.3855 3
    endloop
  endfacet
  facet normal -0.85264 0.522498 0
    outer loop
      vertex 26.8298 60.3855 3
      vertex 27.4037 61.3221 0
      vertex 26.8298 60.3855 0
    endloop
  endfacet
  facet normal -0.923879 0.382684 0
    outer loop
      vertex 27.8241 62.3369 3
      vertex 27.8241 62.3369 0
      vertex 27.4037 61.3221 3
    endloop
  endfacet
  facet normal -0.923879 0.382684 0
    outer loop
      vertex 27.4037 61.3221 3
      vertex 27.8241 62.3369 0
      vertex 27.4037 61.3221 0
    endloop
  endfacet
  facet normal -0.97237 0.233445 0
    outer loop
      vertex 28.0805 63.405 3
      vertex 28.0805 63.405 0
      vertex 27.8241 62.3369 3
    endloop
  endfacet
  facet normal -0.97237 0.233445 0
    outer loop
      vertex 27.8241 62.3369 3
      vertex 28.0805 63.405 0
      vertex 27.8241 62.3369 0
    endloop
  endfacet
  facet normal -0.996917 0.0784595 0
    outer loop
      vertex 28.1667 64.5 3
      vertex 28.1667 64.5 0
      vertex 28.0805 63.405 3
    endloop
  endfacet
  facet normal -0.996917 0.0784595 0
    outer loop
      vertex 28.0805 63.405 3
      vertex 28.1667 64.5 0
      vertex 28.0805 63.405 0
    endloop
  endfacet
  facet normal -0.996917 -0.0784595 0
    outer loop
      vertex 28.1667 64.5 3
      vertex 28.0805 65.595 3
      vertex 28.1667 64.5 0
    endloop
  endfacet
  facet normal -0.996917 -0.0784595 0
    outer loop
      vertex 28.1667 64.5 0
      vertex 28.0805 65.595 3
      vertex 28.0805 65.595 0
    endloop
  endfacet
  facet normal -0.97237 -0.233445 0
    outer loop
      vertex 28.0805 65.595 3
      vertex 27.8241 66.6631 3
      vertex 28.0805 65.595 0
    endloop
  endfacet
  facet normal -0.97237 -0.233445 0
    outer loop
      vertex 28.0805 65.595 0
      vertex 27.8241 66.6631 3
      vertex 27.8241 66.6631 0
    endloop
  endfacet
  facet normal -0.923879 -0.382684 0
    outer loop
      vertex 27.8241 66.6631 3
      vertex 27.4037 67.6779 3
      vertex 27.8241 66.6631 0
    endloop
  endfacet
  facet normal -0.923879 -0.382684 0
    outer loop
      vertex 27.8241 66.6631 0
      vertex 27.4037 67.6779 3
      vertex 27.4037 67.6779 0
    endloop
  endfacet
  facet normal -0.85264 -0.522498 0
    outer loop
      vertex 27.4037 67.6779 3
      vertex 26.8298 68.6145 3
      vertex 27.4037 67.6779 0
    endloop
  endfacet
  facet normal -0.85264 -0.522498 0
    outer loop
      vertex 27.4037 67.6779 0
      vertex 26.8298 68.6145 3
      vertex 26.8298 68.6145 0
    endloop
  endfacet
  facet normal -0.760405 -0.649449 0
    outer loop
      vertex 26.8298 68.6145 3
      vertex 26.1164 69.4497 3
      vertex 26.8298 68.6145 0
    endloop
  endfacet
  facet normal -0.760405 -0.649449 0
    outer loop
      vertex 26.8298 68.6145 0
      vertex 26.1164 69.4497 3
      vertex 26.1164 69.4497 0
    endloop
  endfacet
  facet normal -0.649449 -0.760405 -0
    outer loop
      vertex 26.1164 69.4497 0
      vertex 26.1164 69.4497 3
      vertex 25.2812 70.1631 3
    endloop
  endfacet
  facet normal -0.649449 -0.760405 -0
    outer loop
      vertex 25.2812 70.1631 0
      vertex 26.1164 69.4497 0
      vertex 25.2812 70.1631 3
    endloop
  endfacet
  facet normal -0.522498 -0.85264 -0
    outer loop
      vertex 25.2812 70.1631 0
      vertex 25.2812 70.1631 3
      vertex 24.3446 70.737 3
    endloop
  endfacet
  facet normal -0.522498 -0.85264 -0
    outer loop
      vertex 24.3446 70.737 0
      vertex 25.2812 70.1631 0
      vertex 24.3446 70.737 3
    endloop
  endfacet
  facet normal -0.382684 -0.923879 -0
    outer loop
      vertex 24.3446 70.737 0
      vertex 24.3446 70.737 3
      vertex 23.3298 71.1574 3
    endloop
  endfacet
  facet normal -0.382684 -0.923879 -0
    outer loop
      vertex 23.3298 71.1574 0
      vertex 24.3446 70.737 0
      vertex 23.3298 71.1574 3
    endloop
  endfacet
  facet normal -0.233445 -0.97237 -0
    outer loop
      vertex 23.3298 71.1574 0
      vertex 23.3298 71.1574 3
      vertex 22.2617 71.4138 3
    endloop
  endfacet
  facet normal -0.233445 -0.97237 -0
    outer loop
      vertex 22.2617 71.4138 0
      vertex 23.3298 71.1574 0
      vertex 22.2617 71.4138 3
    endloop
  endfacet
  facet normal -0.0784595 -0.996917 -0
    outer loop
      vertex 22.2617 71.4138 0
      vertex 22.2617 71.4138 3
      vertex 21.1667 71.5 3
    endloop
  endfacet
  facet normal -0.0784595 -0.996917 -0
    outer loop
      vertex 21.1667 71.5 0
      vertex 22.2617 71.4138 0
      vertex 21.1667 71.5 3
    endloop
  endfacet
  facet normal 0.0784595 -0.996917 0
    outer loop
      vertex 21.1667 71.5 0
      vertex 21.1667 71.5 3
      vertex 20.0716 71.4138 3
    endloop
  endfacet
  facet normal 0.0784595 -0.996917 0
    outer loop
      vertex 20.0716 71.4138 0
      vertex 21.1667 71.5 0
      vertex 20.0716 71.4138 3
    endloop
  endfacet
  facet normal 0.233445 -0.97237 0
    outer loop
      vertex 20.0716 71.4138 0
      vertex 20.0716 71.4138 3
      vertex 19.0035 71.1574 3
    endloop
  endfacet
  facet normal 0.233445 -0.97237 0
    outer loop
      vertex 19.0035 71.1574 0
      vertex 20.0716 71.4138 0
      vertex 19.0035 71.1574 3
    endloop
  endfacet
  facet normal 0.382684 -0.923879 0
    outer loop
      vertex 19.0035 71.1574 0
      vertex 19.0035 71.1574 3
      vertex 17.9887 70.737 3
    endloop
  endfacet
  facet normal 0.382684 -0.923879 0
    outer loop
      vertex 17.9887 70.737 0
      vertex 19.0035 71.1574 0
      vertex 17.9887 70.737 3
    endloop
  endfacet
  facet normal 0.522498 -0.85264 0
    outer loop
      vertex 17.9887 70.737 0
      vertex 17.9887 70.737 3
      vertex 17.0522 70.1631 3
    endloop
  endfacet
  facet normal 0.522498 -0.85264 0
    outer loop
      vertex 17.0522 70.1631 0
      vertex 17.9887 70.737 0
      vertex 17.0522 70.1631 3
    endloop
  endfacet
  facet normal 0.649449 -0.760405 0
    outer loop
      vertex 17.0522 70.1631 0
      vertex 17.0522 70.1631 3
      vertex 16.2169 69.4497 3
    endloop
  endfacet
  facet normal 0.649449 -0.760405 0
    outer loop
      vertex 16.2169 69.4497 0
      vertex 17.0522 70.1631 0
      vertex 16.2169 69.4497 3
    endloop
  endfacet
  facet normal 0.760405 -0.649449 0
    outer loop
      vertex 16.2169 69.4497 0
      vertex 16.2169 69.4497 3
      vertex 15.5035 68.6145 3
    endloop
  endfacet
  facet normal 0.760405 -0.649449 0
    outer loop
      vertex 15.5035 68.6145 0
      vertex 16.2169 69.4497 0
      vertex 15.5035 68.6145 3
    endloop
  endfacet
  facet normal 0.85264 -0.522498 0
    outer loop
      vertex 15.5035 68.6145 0
      vertex 15.5035 68.6145 3
      vertex 14.9296 67.6779 3
    endloop
  endfacet
  facet normal 0.85264 -0.522498 0
    outer loop
      vertex 14.9296 67.6779 0
      vertex 15.5035 68.6145 0
      vertex 14.9296 67.6779 3
    endloop
  endfacet
  facet normal 0.923879 -0.382684 0
    outer loop
      vertex 14.9296 67.6779 0
      vertex 14.9296 67.6779 3
      vertex 14.5093 66.6631 3
    endloop
  endfacet
  facet normal 0.923879 -0.382684 0
    outer loop
      vertex 14.5093 66.6631 0
      vertex 14.9296 67.6779 0
      vertex 14.5093 66.6631 3
    endloop
  endfacet
  facet normal 0.97237 -0.233445 0
    outer loop
      vertex 14.5093 66.6631 0
      vertex 14.5093 66.6631 3
      vertex 14.2528 65.595 3
    endloop
  endfacet
  facet normal 0.97237 -0.233445 0
    outer loop
      vertex 14.2528 65.595 0
      vertex 14.5093 66.6631 0
      vertex 14.2528 65.595 3
    endloop
  endfacet
  facet normal 0.996917 -0.0784595 0
    outer loop
      vertex 14.2528 65.595 0
      vertex 14.2528 65.595 3
      vertex 14.1667 64.5 3
    endloop
  endfacet
  facet normal 0.996917 -0.0784595 0
    outer loop
      vertex 14.1667 64.5 0
      vertex 14.2528 65.595 0
      vertex 14.1667 64.5 3
    endloop
  endfacet
  facet normal 0.996917 0.0784595 0
    outer loop
      vertex 56.5 21.5 3
      vertex 56.5862 20.405 3
      vertex 56.5862 20.405 0
    endloop
  endfacet
  facet normal 0.996917 0.0784595 0
    outer loop
      vertex 56.5 21.5 0
      vertex 56.5 21.5 3
      vertex 56.5862 20.405 0
    endloop
  endfacet
  facet normal 0.97237 0.233445 0
    outer loop
      vertex 56.5862 20.405 3
      vertex 56.8426 19.3369 3
      vertex 56.8426 19.3369 0
    endloop
  endfacet
  facet normal 0.97237 0.233445 0
    outer loop
      vertex 56.5862 20.405 0
      vertex 56.5862 20.405 3
      vertex 56.8426 19.3369 0
    endloop
  endfacet
  facet normal 0.923879 0.382684 0
    outer loop
      vertex 56.8426 19.3369 3
      vertex 57.263 18.3221 3
      vertex 57.263 18.3221 0
    endloop
  endfacet
  facet normal 0.923879 0.382684 0
    outer loop
      vertex 56.8426 19.3369 0
      vertex 56.8426 19.3369 3
      vertex 57.263 18.3221 0
    endloop
  endfacet
  facet normal 0.85264 0.522498 0
    outer loop
      vertex 57.263 18.3221 3
      vertex 57.8369 17.3855 3
      vertex 57.8369 17.3855 0
    endloop
  endfacet
  facet normal 0.85264 0.522498 0
    outer loop
      vertex 57.263 18.3221 0
      vertex 57.263 18.3221 3
      vertex 57.8369 17.3855 0
    endloop
  endfacet
  facet normal 0.760405 0.649449 0
    outer loop
      vertex 57.8369 17.3855 3
      vertex 58.5503 16.5503 3
      vertex 58.5503 16.5503 0
    endloop
  endfacet
  facet normal 0.760405 0.649449 0
    outer loop
      vertex 57.8369 17.3855 0
      vertex 57.8369 17.3855 3
      vertex 58.5503 16.5503 0
    endloop
  endfacet
  facet normal 0.649449 0.760405 -0
    outer loop
      vertex 59.3855 15.8369 3
      vertex 59.3855 15.8369 0
      vertex 58.5503 16.5503 3
    endloop
  endfacet
  facet normal 0.649449 0.760405 -0
    outer loop
      vertex 58.5503 16.5503 3
      vertex 59.3855 15.8369 0
      vertex 58.5503 16.5503 0
    endloop
  endfacet
  facet normal 0.522498 0.85264 -0
    outer loop
      vertex 60.3221 15.263 3
      vertex 60.3221 15.263 0
      vertex 59.3855 15.8369 3
    endloop
  endfacet
  facet normal 0.522498 0.85264 -0
    outer loop
      vertex 59.3855 15.8369 3
      vertex 60.3221 15.263 0
      vertex 59.3855 15.8369 0
    endloop
  endfacet
  facet normal 0.382684 0.923879 -0
    outer loop
      vertex 61.3369 14.8426 3
      vertex 61.3369 14.8426 0
      vertex 60.3221 15.263 3
    endloop
  endfacet
  facet normal 0.382684 0.923879 -0
    outer loop
      vertex 60.3221 15.263 3
      vertex 61.3369 14.8426 0
      vertex 60.3221 15.263 0
    endloop
  endfacet
  facet normal 0.233445 0.97237 -0
    outer loop
      vertex 62.405 14.5862 3
      vertex 62.405 14.5862 0
      vertex 61.3369 14.8426 3
    endloop
  endfacet
  facet normal 0.233445 0.97237 -0
    outer loop
      vertex 61.3369 14.8426 3
      vertex 62.405 14.5862 0
      vertex 61.3369 14.8426 0
    endloop
  endfacet
  facet normal 0.0784595 0.996917 -0
    outer loop
      vertex 63.5 14.5 3
      vertex 63.5 14.5 0
      vertex 62.405 14.5862 3
    endloop
  endfacet
  facet normal 0.0784595 0.996917 -0
    outer loop
      vertex 62.405 14.5862 3
      vertex 63.5 14.5 0
      vertex 62.405 14.5862 0
    endloop
  endfacet
  facet normal -0.0784595 0.996917 0
    outer loop
      vertex 64.595 14.5862 3
      vertex 64.595 14.5862 0
      vertex 63.5 14.5 3
    endloop
  endfacet
  facet normal -0.0784595 0.996917 0
    outer loop
      vertex 63.5 14.5 3
      vertex 64.595 14.5862 0
      vertex 63.5 14.5 0
    endloop
  endfacet
  facet normal -0.233445 0.97237 0
    outer loop
      vertex 65.6631 14.8426 3
      vertex 65.6631 14.8426 0
      vertex 64.595 14.5862 3
    endloop
  endfacet
  facet normal -0.233445 0.97237 0
    outer loop
      vertex 64.595 14.5862 3
      vertex 65.6631 14.8426 0
      vertex 64.595 14.5862 0
    endloop
  endfacet
  facet normal -0.382684 0.923879 0
    outer loop
      vertex 66.6779 15.263 3
      vertex 66.6779 15.263 0
      vertex 65.6631 14.8426 3
    endloop
  endfacet
  facet normal -0.382684 0.923879 0
    outer loop
      vertex 65.6631 14.8426 3
      vertex 66.6779 15.263 0
      vertex 65.6631 14.8426 0
    endloop
  endfacet
  facet normal -0.522498 0.85264 0
    outer loop
      vertex 67.6145 15.8369 3
      vertex 67.6145 15.8369 0
      vertex 66.6779 15.263 3
    endloop
  endfacet
  facet normal -0.522498 0.85264 0
    outer loop
      vertex 66.6779 15.263 3
      vertex 67.6145 15.8369 0
      vertex 66.6779 15.263 0
    endloop
  endfacet
  facet normal -0.649449 0.760405 0
    outer loop
      vertex 68.4497 16.5503 3
      vertex 68.4497 16.5503 0
      vertex 67.6145 15.8369 3
    endloop
  endfacet
  facet normal -0.649449 0.760405 0
    outer loop
      vertex 67.6145 15.8369 3
      vertex 68.4497 16.5503 0
      vertex 67.6145 15.8369 0
    endloop
  endfacet
  facet normal -0.760405 0.649449 0
    outer loop
      vertex 69.1631 17.3855 3
      vertex 69.1631 17.3855 0
      vertex 68.4497 16.5503 3
    endloop
  endfacet
  facet normal -0.760405 0.649449 0
    outer loop
      vertex 68.4497 16.5503 3
      vertex 69.1631 17.3855 0
      vertex 68.4497 16.5503 0
    endloop
  endfacet
  facet normal -0.85264 0.522498 0
    outer loop
      vertex 69.737 18.3221 3
      vertex 69.737 18.3221 0
      vertex 69.1631 17.3855 3
    endloop
  endfacet
  facet normal -0.85264 0.522498 0
    outer loop
      vertex 69.1631 17.3855 3
      vertex 69.737 18.3221 0
      vertex 69.1631 17.3855 0
    endloop
  endfacet
  facet normal -0.923879 0.382684 0
    outer loop
      vertex 70.1574 19.3369 3
      vertex 70.1574 19.3369 0
      vertex 69.737 18.3221 3
    endloop
  endfacet
  facet normal -0.923879 0.382684 0
    outer loop
      vertex 69.737 18.3221 3
      vertex 70.1574 19.3369 0
      vertex 69.737 18.3221 0
    endloop
  endfacet
  facet normal -0.97237 0.233445 0
    outer loop
      vertex 70.4138 20.405 3
      vertex 70.4138 20.405 0
      vertex 70.1574 19.3369 3
    endloop
  endfacet
  facet normal -0.97237 0.233445 0
    outer loop
      vertex 70.1574 19.3369 3
      vertex 70.4138 20.405 0
      vertex 70.1574 19.3369 0
    endloop
  endfacet
  facet normal -0.996917 0.0784595 0
    outer loop
      vertex 70.5 21.5 3
      vertex 70.5 21.5 0
      vertex 70.4138 20.405 3
    endloop
  endfacet
  facet normal -0.996917 0.0784595 0
    outer loop
      vertex 70.4138 20.405 3
      vertex 70.5 21.5 0
      vertex 70.4138 20.405 0
    endloop
  endfacet
  facet normal -0.996917 -0.0784595 0
    outer loop
      vertex 70.5 21.5 3
      vertex 70.4138 22.595 3
      vertex 70.5 21.5 0
    endloop
  endfacet
  facet normal -0.996917 -0.0784595 0
    outer loop
      vertex 70.5 21.5 0
      vertex 70.4138 22.595 3
      vertex 70.4138 22.595 0
    endloop
  endfacet
  facet normal -0.97237 -0.233445 0
    outer loop
      vertex 70.4138 22.595 3
      vertex 70.1574 23.6631 3
      vertex 70.4138 22.595 0
    endloop
  endfacet
  facet normal -0.97237 -0.233445 0
    outer loop
      vertex 70.4138 22.595 0
      vertex 70.1574 23.6631 3
      vertex 70.1574 23.6631 0
    endloop
  endfacet
  facet normal -0.923879 -0.382684 0
    outer loop
      vertex 70.1574 23.6631 3
      vertex 69.737 24.6779 3
      vertex 70.1574 23.6631 0
    endloop
  endfacet
  facet normal -0.923879 -0.382684 0
    outer loop
      vertex 70.1574 23.6631 0
      vertex 69.737 24.6779 3
      vertex 69.737 24.6779 0
    endloop
  endfacet
  facet normal -0.85264 -0.522498 0
    outer loop
      vertex 69.737 24.6779 3
      vertex 69.1631 25.6145 3
      vertex 69.737 24.6779 0
    endloop
  endfacet
  facet normal -0.85264 -0.522498 0
    outer loop
      vertex 69.737 24.6779 0
      vertex 69.1631 25.6145 3
      vertex 69.1631 25.6145 0
    endloop
  endfacet
  facet normal -0.760405 -0.649449 0
    outer loop
      vertex 69.1631 25.6145 3
      vertex 68.4497 26.4497 3
      vertex 69.1631 25.6145 0
    endloop
  endfacet
  facet normal -0.760405 -0.649449 0
    outer loop
      vertex 69.1631 25.6145 0
      vertex 68.4497 26.4497 3
      vertex 68.4497 26.4497 0
    endloop
  endfacet
  facet normal -0.649449 -0.760405 -0
    outer loop
      vertex 68.4497 26.4497 0
      vertex 68.4497 26.4497 3
      vertex 67.6145 27.1631 3
    endloop
  endfacet
  facet normal -0.649449 -0.760405 -0
    outer loop
      vertex 67.6145 27.1631 0
      vertex 68.4497 26.4497 0
      vertex 67.6145 27.1631 3
    endloop
  endfacet
  facet normal -0.522498 -0.85264 -0
    outer loop
      vertex 67.6145 27.1631 0
      vertex 67.6145 27.1631 3
      vertex 66.6779 27.737 3
    endloop
  endfacet
  facet normal -0.522498 -0.85264 -0
    outer loop
      vertex 66.6779 27.737 0
      vertex 67.6145 27.1631 0
      vertex 66.6779 27.737 3
    endloop
  endfacet
  facet normal -0.382684 -0.923879 -0
    outer loop
      vertex 66.6779 27.737 0
      vertex 66.6779 27.737 3
      vertex 65.6631 28.1574 3
    endloop
  endfacet
  facet normal -0.382684 -0.923879 -0
    outer loop
      vertex 65.6631 28.1574 0
      vertex 66.6779 27.737 0
      vertex 65.6631 28.1574 3
    endloop
  endfacet
  facet normal -0.233445 -0.97237 -0
    outer loop
      vertex 65.6631 28.1574 0
      vertex 65.6631 28.1574 3
      vertex 64.595 28.4138 3
    endloop
  endfacet
  facet normal -0.233445 -0.97237 -0
    outer loop
      vertex 64.595 28.4138 0
      vertex 65.6631 28.1574 0
      vertex 64.595 28.4138 3
    endloop
  endfacet
  facet normal -0.0784595 -0.996917 -0
    outer loop
      vertex 64.595 28.4138 0
      vertex 64.595 28.4138 3
      vertex 63.5 28.5 3
    endloop
  endfacet
  facet normal -0.0784595 -0.996917 -0
    outer loop
      vertex 63.5 28.5 0
      vertex 64.595 28.4138 0
      vertex 63.5 28.5 3
    endloop
  endfacet
  facet normal 0.0784595 -0.996917 0
    outer loop
      vertex 63.5 28.5 0
      vertex 63.5 28.5 3
      vertex 62.405 28.4138 3
    endloop
  endfacet
  facet normal 0.0784595 -0.996917 0
    outer loop
      vertex 62.405 28.4138 0
      vertex 63.5 28.5 0
      vertex 62.405 28.4138 3
    endloop
  endfacet
  facet normal 0.233445 -0.97237 0
    outer loop
      vertex 62.405 28.4138 0
      vertex 62.405 28.4138 3
      vertex 61.3369 28.1574 3
    endloop
  endfacet
  facet normal 0.233445 -0.97237 0
    outer loop
      vertex 61.3369 28.1574 0
      vertex 62.405 28.4138 0
      vertex 61.3369 28.1574 3
    endloop
  endfacet
  facet normal 0.382684 -0.923879 0
    outer loop
      vertex 61.3369 28.1574 0
      vertex 61.3369 28.1574 3
      vertex 60.3221 27.737 3
    endloop
  endfacet
  facet normal 0.382684 -0.923879 0
    outer loop
      vertex 60.3221 27.737 0
      vertex 61.3369 28.1574 0
      vertex 60.3221 27.737 3
    endloop
  endfacet
  facet normal 0.522498 -0.85264 0
    outer loop
      vertex 60.3221 27.737 0
      vertex 60.3221 27.737 3
      vertex 59.3855 27.1631 3
    endloop
  endfacet
  facet normal 0.522498 -0.85264 0
    outer loop
      vertex 59.3855 27.1631 0
      vertex 60.3221 27.737 0
      vertex 59.3855 27.1631 3
    endloop
  endfacet
  facet normal 0.649449 -0.760405 0
    outer loop
      vertex 59.3855 27.1631 0
      vertex 59.3855 27.1631 3
      vertex 58.5503 26.4497 3
    endloop
  endfacet
  facet normal 0.649449 -0.760405 0
    outer loop
      vertex 58.5503 26.4497 0
      vertex 59.3855 27.1631 0
      vertex 58.5503 26.4497 3
    endloop
  endfacet
  facet normal 0.760405 -0.649449 0
    outer loop
      vertex 58.5503 26.4497 0
      vertex 58.5503 26.4497 3
      vertex 57.8369 25.6145 3
    endloop
  endfacet
  facet normal 0.760405 -0.649449 0
    outer loop
      vertex 57.8369 25.6145 0
      vertex 58.5503 26.4497 0
      vertex 57.8369 25.6145 3
    endloop
  endfacet
  facet normal 0.85264 -0.522498 0
    outer loop
      vertex 57.8369 25.6145 0
      vertex 57.8369 25.6145 3
      vertex 57.263 24.6779 3
    endloop
  endfacet
  facet normal 0.85264 -0.522498 0
    outer loop
      vertex 57.263 24.6779 0
      vertex 57.8369 25.6145 0
      vertex 57.263 24.6779 3
    endloop
  endfacet
  facet normal 0.923879 -0.382684 0
    outer loop
      vertex 57.263 24.6779 0
      vertex 57.263 24.6779 3
      vertex 56.8426 23.6631 3
    endloop
  endfacet
  facet normal 0.923879 -0.382684 0
    outer loop
      vertex 56.8426 23.6631 0
      vertex 57.263 24.6779 0
      vertex 56.8426 23.6631 3
    endloop
  endfacet
  facet normal 0.97237 -0.233445 0
    outer loop
      vertex 56.8426 23.6631 0
      vertex 56.8426 23.6631 3
      vertex 56.5862 22.595 3
    endloop
  endfacet
  facet normal 0.97237 -0.233445 0
    outer loop
      vertex 56.5862 22.595 0
      vertex 56.8426 23.6631 0
      vertex 56.5862 22.595 3
    endloop
  endfacet
  facet normal 0.996917 -0.0784595 0
    outer loop
      vertex 56.5862 22.595 0
      vertex 56.5862 22.595 3
      vertex 56.5 21.5 3
    endloop
  endfacet
  facet normal 0.996917 -0.0784595 0
    outer loop
      vertex 56.5 21.5 0
      vertex 56.5862 22.595 0
      vertex 56.5 21.5 3
    endloop
  endfacet
  facet normal 0.996917 0.0784595 0
    outer loop
      vertex 56.5 64.5 3
      vertex 56.5862 63.405 3
      vertex 56.5862 63.405 0
    endloop
  endfacet
  facet normal 0.996917 0.0784595 0
    outer loop
      vertex 56.5 64.5 0
      vertex 56.5 64.5 3
      vertex 56.5862 63.405 0
    endloop
  endfacet
  facet normal 0.97237 0.233445 0
    outer loop
      vertex 56.5862 63.405 3
      vertex 56.8426 62.3369 3
      vertex 56.8426 62.3369 0
    endloop
  endfacet
  facet normal 0.97237 0.233445 0
    outer loop
      vertex 56.5862 63.405 0
      vertex 56.5862 63.405 3
      vertex 56.8426 62.3369 0
    endloop
  endfacet
  facet normal 0.923879 0.382684 0
    outer loop
      vertex 56.8426 62.3369 3
      vertex 57.263 61.3221 3
      vertex 57.263 61.3221 0
    endloop
  endfacet
  facet normal 0.923879 0.382684 0
    outer loop
      vertex 56.8426 62.3369 0
      vertex 56.8426 62.3369 3
      vertex 57.263 61.3221 0
    endloop
  endfacet
  facet normal 0.85264 0.522498 0
    outer loop
      vertex 57.263 61.3221 3
      vertex 57.8369 60.3855 3
      vertex 57.8369 60.3855 0
    endloop
  endfacet
  facet normal 0.85264 0.522498 0
    outer loop
      vertex 57.263 61.3221 0
      vertex 57.263 61.3221 3
      vertex 57.8369 60.3855 0
    endloop
  endfacet
  facet normal 0.760405 0.649449 0
    outer loop
      vertex 57.8369 60.3855 3
      vertex 58.5503 59.5503 3
      vertex 58.5503 59.5503 0
    endloop
  endfacet
  facet normal 0.760405 0.649449 0
    outer loop
      vertex 57.8369 60.3855 0
      vertex 57.8369 60.3855 3
      vertex 58.5503 59.5503 0
    endloop
  endfacet
  facet normal 0.649449 0.760405 -0
    outer loop
      vertex 59.3855 58.8369 3
      vertex 59.3855 58.8369 0
      vertex 58.5503 59.5503 3
    endloop
  endfacet
  facet normal 0.649449 0.760405 -0
    outer loop
      vertex 58.5503 59.5503 3
      vertex 59.3855 58.8369 0
      vertex 58.5503 59.5503 0
    endloop
  endfacet
  facet normal 0.522498 0.85264 -0
    outer loop
      vertex 60.3221 58.263 3
      vertex 60.3221 58.263 0
      vertex 59.3855 58.8369 3
    endloop
  endfacet
  facet normal 0.522498 0.85264 -0
    outer loop
      vertex 59.3855 58.8369 3
      vertex 60.3221 58.263 0
      vertex 59.3855 58.8369 0
    endloop
  endfacet
  facet normal 0.382684 0.923879 -0
    outer loop
      vertex 61.3369 57.8426 3
      vertex 61.3369 57.8426 0
      vertex 60.3221 58.263 3
    endloop
  endfacet
  facet normal 0.382684 0.923879 -0
    outer loop
      vertex 60.3221 58.263 3
      vertex 61.3369 57.8426 0
      vertex 60.3221 58.263 0
    endloop
  endfacet
  facet normal 0.233445 0.97237 -0
    outer loop
      vertex 62.405 57.5862 3
      vertex 62.405 57.5862 0
      vertex 61.3369 57.8426 3
    endloop
  endfacet
  facet normal 0.233445 0.97237 -0
    outer loop
      vertex 61.3369 57.8426 3
      vertex 62.405 57.5862 0
      vertex 61.3369 57.8426 0
    endloop
  endfacet
  facet normal 0.0784595 0.996917 -0
    outer loop
      vertex 63.5 57.5 3
      vertex 63.5 57.5 0
      vertex 62.405 57.5862 3
    endloop
  endfacet
  facet normal 0.0784595 0.996917 -0
    outer loop
      vertex 62.405 57.5862 3
      vertex 63.5 57.5 0
      vertex 62.405 57.5862 0
    endloop
  endfacet
  facet normal -0.0784595 0.996917 0
    outer loop
      vertex 64.595 57.5862 3
      vertex 64.595 57.5862 0
      vertex 63.5 57.5 3
    endloop
  endfacet
  facet normal -0.0784595 0.996917 0
    outer loop
      vertex 63.5 57.5 3
      vertex 64.595 57.5862 0
      vertex 63.5 57.5 0
    endloop
  endfacet
  facet normal -0.233445 0.97237 0
    outer loop
      vertex 65.6631 57.8426 3
      vertex 65.6631 57.8426 0
      vertex 64.595 57.5862 3
    endloop
  endfacet
  facet normal -0.233445 0.97237 0
    outer loop
      vertex 64.595 57.5862 3
      vertex 65.6631 57.8426 0
      vertex 64.595 57.5862 0
    endloop
  endfacet
  facet normal -0.382684 0.923879 0
    outer loop
      vertex 66.6779 58.263 3
      vertex 66.6779 58.263 0
      vertex 65.6631 57.8426 3
    endloop
  endfacet
  facet normal -0.382684 0.923879 0
    outer loop
      vertex 65.6631 57.8426 3
      vertex 66.6779 58.263 0
      vertex 65.6631 57.8426 0
    endloop
  endfacet
  facet normal -0.522498 0.85264 0
    outer loop
      vertex 67.6145 58.8369 3
      vertex 67.6145 58.8369 0
      vertex 66.6779 58.263 3
    endloop
  endfacet
  facet normal -0.522498 0.85264 0
    outer loop
      vertex 66.6779 58.263 3
      vertex 67.6145 58.8369 0
      vertex 66.6779 58.263 0
    endloop
  endfacet
  facet normal -0.649449 0.760405 0
    outer loop
      vertex 68.4497 59.5503 3
      vertex 68.4497 59.5503 0
      vertex 67.6145 58.8369 3
    endloop
  endfacet
  facet normal -0.649449 0.760405 0
    outer loop
      vertex 67.6145 58.8369 3
      vertex 68.4497 59.5503 0
      vertex 67.6145 58.8369 0
    endloop
  endfacet
  facet normal -0.760405 0.649449 0
    outer loop
      vertex 69.1631 60.3855 3
      vertex 69.1631 60.3855 0
      vertex 68.4497 59.5503 3
    endloop
  endfacet
  facet normal -0.760405 0.649449 0
    outer loop
      vertex 68.4497 59.5503 3
      vertex 69.1631 60.3855 0
      vertex 68.4497 59.5503 0
    endloop
  endfacet
  facet normal -0.85264 0.522498 0
    outer loop
      vertex 69.737 61.3221 3
      vertex 69.737 61.3221 0
      vertex 69.1631 60.3855 3
    endloop
  endfacet
  facet normal -0.85264 0.522498 0
    outer loop
      vertex 69.1631 60.3855 3
      vertex 69.737 61.3221 0
      vertex 69.1631 60.3855 0
    endloop
  endfacet
  facet normal -0.923879 0.382684 0
    outer loop
      vertex 70.1574 62.3369 3
      vertex 70.1574 62.3369 0
      vertex 69.737 61.3221 3
    endloop
  endfacet
  facet normal -0.923879 0.382684 0
    outer loop
      vertex 69.737 61.3221 3
      vertex 70.1574 62.3369 0
      vertex 69.737 61.3221 0
    endloop
  endfacet
  facet normal -0.97237 0.233445 0
    outer loop
      vertex 70.4138 63.405 3
      vertex 70.4138 63.405 0
      vertex 70.1574 62.3369 3
    endloop
  endfacet
  facet normal -0.97237 0.233445 0
    outer loop
      vertex 70.1574 62.3369 3
      vertex 70.4138 63.405 0
      vertex 70.1574 62.3369 0
    endloop
  endfacet
  facet normal -0.996917 0.0784595 0
    outer loop
      vertex 70.5 64.5 3
      vertex 70.5 64.5 0
      vertex 70.4138 63.405 3
    endloop
  endfacet
  facet normal -0.996917 0.0784595 0
    outer loop
      vertex 70.4138 63.405 3
      vertex 70.5 64.5 0
      vertex 70.4138 63.405 0
    endloop
  endfacet
  facet normal -0.996917 -0.0784595 0
    outer loop
      vertex 70.5 64.5 3
      vertex 70.4138 65.595 3
      vertex 70.5 64.5 0
    endloop
  endfacet
  facet normal -0.996917 -0.0784595 0
    outer loop
      vertex 70.5 64.5 0
      vertex 70.4138 65.595 3
      vertex 70.4138 65.595 0
    endloop
  endfacet
  facet normal -0.97237 -0.233445 0
    outer loop
      vertex 70.4138 65.595 3
      vertex 70.1574 66.6631 3
      vertex 70.4138 65.595 0
    endloop
  endfacet
  facet normal -0.97237 -0.233445 0
    outer loop
      vertex 70.4138 65.595 0
      vertex 70.1574 66.6631 3
      vertex 70.1574 66.6631 0
    endloop
  endfacet
  facet normal -0.923879 -0.382684 0
    outer loop
      vertex 70.1574 66.6631 3
      vertex 69.737 67.6779 3
      vertex 70.1574 66.6631 0
    endloop
  endfacet
  facet normal -0.923879 -0.382684 0
    outer loop
      vertex 70.1574 66.6631 0
      vertex 69.737 67.6779 3
      vertex 69.737 67.6779 0
    endloop
  endfacet
  facet normal -0.85264 -0.522498 0
    outer loop
      vertex 69.737 67.6779 3
      vertex 69.1631 68.6145 3
      vertex 69.737 67.6779 0
    endloop
  endfacet
  facet normal -0.85264 -0.522498 0
    outer loop
      vertex 69.737 67.6779 0
      vertex 69.1631 68.6145 3
      vertex 69.1631 68.6145 0
    endloop
  endfacet
  facet normal -0.760405 -0.649449 0
    outer loop
      vertex 69.1631 68.6145 3
      vertex 68.4497 69.4497 3
      vertex 69.1631 68.6145 0
    endloop
  endfacet
  facet normal -0.760405 -0.649449 0
    outer loop
      vertex 69.1631 68.6145 0
      vertex 68.4497 69.4497 3
      vertex 68.4497 69.4497 0
    endloop
  endfacet
  facet normal -0.649449 -0.760405 -0
    outer loop
      vertex 68.4497 69.4497 0
      vertex 68.4497 69.4497 3
      vertex 67.6145 70.1631 3
    endloop
  endfacet
  facet normal -0.649449 -0.760405 -0
    outer loop
      vertex 67.6145 70.1631 0
      vertex 68.4497 69.4497 0
      vertex 67.6145 70.1631 3
    endloop
  endfacet
  facet normal -0.522498 -0.85264 -0
    outer loop
      vertex 67.6145 70.1631 0
      vertex 67.6145 70.1631 3
      vertex 66.6779 70.737 3
    endloop
  endfacet
  facet normal -0.522498 -0.85264 -0
    outer loop
      vertex 66.6779 70.737 0
      vertex 67.6145 70.1631 0
      vertex 66.6779 70.737 3
    endloop
  endfacet
  facet normal -0.382684 -0.923879 -0
    outer loop
      vertex 66.6779 70.737 0
      vertex 66.6779 70.737 3
      vertex 65.6631 71.1574 3
    endloop
  endfacet
  facet normal -0.382684 -0.923879 -0
    outer loop
      vertex 65.6631 71.1574 0
      vertex 66.6779 70.737 0
      vertex 65.6631 71.1574 3
    endloop
  endfacet
  facet normal -0.233445 -0.97237 -0
    outer loop
      vertex 65.6631 71.1574 0
      vertex 65.6631 71.1574 3
      vertex 64.595 71.4138 3
    endloop
  endfacet
  facet normal -0.233445 -0.97237 -0
    outer loop
      vertex 64.595 71.4138 0
      vertex 65.6631 71.1574 0
      vertex 64.595 71.4138 3
    endloop
  endfacet
  facet normal -0.0784595 -0.996917 -0
    outer loop
      vertex 64.595 71.4138 0
      vertex 64.595 71.4138 3
      vertex 63.5 71.5 3
    endloop
  endfacet
  facet normal -0.0784595 -0.996917 -0
    outer loop
      vertex 63.5 71.5 0
      vertex 64.595 71.4138 0
      vertex 63.5 71.5 3
    endloop
  endfacet
  facet normal 0.0784595 -0.996917 0
    outer loop
      vertex 63.5 71.5 0
      vertex 63.5 71.5 3
      vertex 62.405 71.4138 3
    endloop
  endfacet
  facet normal 0.0784595 -0.996917 0
    outer loop
      vertex 62.405 71.4138 0
      vertex 63.5 71.5 0
      vertex 62.405 71.4138 3
    endloop
  endfacet
  facet normal 0.233445 -0.97237 0
    outer loop
      vertex 62.405 71.4138 0
      vertex 62.405 71.4138 3
      vertex 61.3369 71.1574 3
    endloop
  endfacet
  facet normal 0.233445 -0.97237 0
    outer loop
      vertex 61.3369 71.1574 0
      vertex 62.405 71.4138 0
      vertex 61.3369 71.1574 3
    endloop
  endfacet
  facet normal 0.382684 -0.923879 0
    outer loop
      vertex 61.3369 71.1574 0
      vertex 61.3369 71.1574 3
      vertex 60.3221 70.737 3
    endloop
  endfacet
  facet normal 0.382684 -0.923879 0
    outer loop
      vertex 60.3221 70.737 0
      vertex 61.3369 71.1574 0
      vertex 60.3221 70.737 3
    endloop
  endfacet
  facet normal 0.522498 -0.85264 0
    outer loop
      vertex 60.3221 70.737 0
      vertex 60.3221 70.737 3
      vertex 59.3855 70.1631 3
    endloop
  endfacet
  facet normal 0.522498 -0.85264 0
    outer loop
      vertex 59.3855 70.1631 0
      vertex 60.3221 70.737 0
      vertex 59.3855 70.1631 3
    endloop
  endfacet
  facet normal 0.649449 -0.760405 0
    outer loop
      vertex 59.3855 70.1631 0
      vertex 59.3855 70.1631 3
      vertex 58.5503 69.4497 3
    endloop
  endfacet
  facet normal 0.649449 -0.760405 0
    outer loop
      vertex 58.5503 69.4497 0
      vertex 59.3855 70.1631 0
      vertex 58.5503 69.4497 3
    endloop
  endfacet
  facet normal 0.760405 -0.649449 0
    outer loop
      vertex 58.5503 69.4497 0
      vertex 58.5503 69.4497 3
      vertex 57.8369 68.6145 3
    endloop
  endfacet
  facet normal 0.760405 -0.649449 0
    outer loop
      vertex 57.8369 68.6145 0
      vertex 58.5503 69.4497 0
      vertex 57.8369 68.6145 3
    endloop
  endfacet
  facet normal 0.85264 -0.522498 0
    outer loop
      vertex 57.8369 68.6145 0
      vertex 57.8369 68.6145 3
      vertex 57.263 67.6779 3
    endloop
  endfacet
  facet normal 0.85264 -0.522498 0
    outer loop
      vertex 57.263 67.6779 0
      vertex 57.8369 68.6145 0
      vertex 57.263 67.6779 3
    endloop
  endfacet
  facet normal 0.923879 -0.382684 0
    outer loop
      vertex 57.263 67.6779 0
      vertex 57.263 67.6779 3
      vertex 56.8426 66.6631 3
    endloop
  endfacet
  facet normal 0.923879 -0.382684 0
    outer loop
      vertex 56.8426 66.6631 0
      vertex 57.263 67.6779 0
      vertex 56.8426 66.6631 3
    endloop
  endfacet
  facet normal 0.97237 -0.233445 0
    outer loop
      vertex 56.8426 66.6631 0
      vertex 56.8426 66.6631 3
      vertex 56.5862 65.595 3
    endloop
  endfacet
  facet normal 0.97237 -0.233445 0
    outer loop
      vertex 56.5862 65.595 0
      vertex 56.8426 66.6631 0
      vertex 56.5862 65.595 3
    endloop
  endfacet
  facet normal 0.996917 -0.0784595 0
    outer loop
      vertex 56.5862 65.595 0
      vertex 56.5862 65.595 3
      vertex 56.5 64.5 3
    endloop
  endfacet
  facet normal 0.996917 -0.0784595 0
    outer loop
      vertex 56.5 64.5 0
      vertex 56.5862 65.595 0
      vertex 56.5 64.5 3
    endloop
  endfacet
  facet normal 0.996917 0.0784595 0
    outer loop
      vertex 98.8333 21.5 3
      vertex 98.9195 20.405 3
      vertex 98.9195 20.405 0
    endloop
  endfacet
  facet normal 0.996917 0.0784595 0
    outer loop
      vertex 98.8333 21.5 0
      vertex 98.8333 21.5 3
      vertex 98.9195 20.405 0
    endloop
  endfacet
  facet normal 0.97237 0.233445 0
    outer loop
      vertex 98.9195 20.405 3
      vertex 99.1759 19.3369 3
      vertex 99.1759 19.3369 0
    endloop
  endfacet
  facet normal 0.97237 0.233445 0
    outer loop
      vertex 98.9195 20.405 0
      vertex 98.9195 20.405 3
      vertex 99.1759 19.3369 0
    endloop
  endfacet
  facet normal 0.923879 0.382684 0
    outer loop
      vertex 99.1759 19.3369 3
      vertex 99.5963 18.3221 3
      vertex 99.5963 18.3221 0
    endloop
  endfacet
  facet normal 0.923879 0.382684 0
    outer loop
      vertex 99.1759 19.3369 0
      vertex 99.1759 19.3369 3
      vertex 99.5963 18.3221 0
    endloop
  endfacet
  facet normal 0.85264 0.522498 0
    outer loop
      vertex 99.5963 18.3221 3
      vertex 100.17 17.3855 3
      vertex 100.17 17.3855 0
    endloop
  endfacet
  facet normal 0.85264 0.522498 0
    outer loop
      vertex 99.5963 18.3221 0
      vertex 99.5963 18.3221 3
      vertex 100.17 17.3855 0
    endloop
  endfacet
  facet normal 0.760405 0.649449 0
    outer loop
      vertex 100.17 17.3855 3
      vertex 100.884 16.5503 3
      vertex 100.884 16.5503 0
    endloop
  endfacet
  facet normal 0.760405 0.649449 0
    outer loop
      vertex 100.17 17.3855 0
      vertex 100.17 17.3855 3
      vertex 100.884 16.5503 0
    endloop
  endfacet
  facet normal 0.649449 0.760405 -0
    outer loop
      vertex 101.719 15.8369 3
      vertex 101.719 15.8369 0
      vertex 100.884 16.5503 3
    endloop
  endfacet
  facet normal 0.649449 0.760405 -0
    outer loop
      vertex 100.884 16.5503 3
      vertex 101.719 15.8369 0
      vertex 100.884 16.5503 0
    endloop
  endfacet
  facet normal 0.522498 0.85264 -0
    outer loop
      vertex 102.655 15.263 3
      vertex 102.655 15.263 0
      vertex 101.719 15.8369 3
    endloop
  endfacet
  facet normal 0.522498 0.85264 -0
    outer loop
      vertex 101.719 15.8369 3
      vertex 102.655 15.263 0
      vertex 101.719 15.8369 0
    endloop
  endfacet
  facet normal 0.382684 0.923879 -0
    outer loop
      vertex 103.67 14.8426 3
      vertex 103.67 14.8426 0
      vertex 102.655 15.263 3
    endloop
  endfacet
  facet normal 0.382684 0.923879 -0
    outer loop
      vertex 102.655 15.263 3
      vertex 103.67 14.8426 0
      vertex 102.655 15.263 0
    endloop
  endfacet
  facet normal 0.233445 0.97237 -0
    outer loop
      vertex 104.738 14.5862 3
      vertex 104.738 14.5862 0
      vertex 103.67 14.8426 3
    endloop
  endfacet
  facet normal 0.233445 0.97237 -0
    outer loop
      vertex 103.67 14.8426 3
      vertex 104.738 14.5862 0
      vertex 103.67 14.8426 0
    endloop
  endfacet
  facet normal 0.0784595 0.996917 -0
    outer loop
      vertex 105.833 14.5 3
      vertex 105.833 14.5 0
      vertex 104.738 14.5862 3
    endloop
  endfacet
  facet normal 0.0784595 0.996917 -0
    outer loop
      vertex 104.738 14.5862 3
      vertex 105.833 14.5 0
      vertex 104.738 14.5862 0
    endloop
  endfacet
  facet normal -0.0784595 0.996917 0
    outer loop
      vertex 106.928 14.5862 3
      vertex 106.928 14.5862 0
      vertex 105.833 14.5 3
    endloop
  endfacet
  facet normal -0.0784595 0.996917 0
    outer loop
      vertex 105.833 14.5 3
      vertex 106.928 14.5862 0
      vertex 105.833 14.5 0
    endloop
  endfacet
  facet normal -0.233445 0.97237 0
    outer loop
      vertex 107.996 14.8426 3
      vertex 107.996 14.8426 0
      vertex 106.928 14.5862 3
    endloop
  endfacet
  facet normal -0.233445 0.97237 0
    outer loop
      vertex 106.928 14.5862 3
      vertex 107.996 14.8426 0
      vertex 106.928 14.5862 0
    endloop
  endfacet
  facet normal -0.382684 0.923879 0
    outer loop
      vertex 109.011 15.263 3
      vertex 109.011 15.263 0
      vertex 107.996 14.8426 3
    endloop
  endfacet
  facet normal -0.382684 0.923879 0
    outer loop
      vertex 107.996 14.8426 3
      vertex 109.011 15.263 0
      vertex 107.996 14.8426 0
    endloop
  endfacet
  facet normal -0.522498 0.85264 0
    outer loop
      vertex 109.948 15.8369 3
      vertex 109.948 15.8369 0
      vertex 109.011 15.263 3
    endloop
  endfacet
  facet normal -0.522498 0.85264 0
    outer loop
      vertex 109.011 15.263 3
      vertex 109.948 15.8369 0
      vertex 109.011 15.263 0
    endloop
  endfacet
  facet normal -0.649449 0.760405 0
    outer loop
      vertex 110.783 16.5503 3
      vertex 110.783 16.5503 0
      vertex 109.948 15.8369 3
    endloop
  endfacet
  facet normal -0.649449 0.760405 0
    outer loop
      vertex 109.948 15.8369 3
      vertex 110.783 16.5503 0
      vertex 109.948 15.8369 0
    endloop
  endfacet
  facet normal -0.760405 0.649449 0
    outer loop
      vertex 111.496 17.3855 3
      vertex 111.496 17.3855 0
      vertex 110.783 16.5503 3
    endloop
  endfacet
  facet normal -0.760405 0.649449 0
    outer loop
      vertex 110.783 16.5503 3
      vertex 111.496 17.3855 0
      vertex 110.783 16.5503 0
    endloop
  endfacet
  facet normal -0.85264 0.522498 0
    outer loop
      vertex 112.07 18.3221 3
      vertex 112.07 18.3221 0
      vertex 111.496 17.3855 3
    endloop
  endfacet
  facet normal -0.85264 0.522498 0
    outer loop
      vertex 111.496 17.3855 3
      vertex 112.07 18.3221 0
      vertex 111.496 17.3855 0
    endloop
  endfacet
  facet normal -0.923879 0.382684 0
    outer loop
      vertex 112.491 19.3369 3
      vertex 112.491 19.3369 0
      vertex 112.07 18.3221 3
    endloop
  endfacet
  facet normal -0.923879 0.382684 0
    outer loop
      vertex 112.07 18.3221 3
      vertex 112.491 19.3369 0
      vertex 112.07 18.3221 0
    endloop
  endfacet
  facet normal -0.97237 0.233445 0
    outer loop
      vertex 112.747 20.405 3
      vertex 112.747 20.405 0
      vertex 112.491 19.3369 3
    endloop
  endfacet
  facet normal -0.97237 0.233445 0
    outer loop
      vertex 112.491 19.3369 3
      vertex 112.747 20.405 0
      vertex 112.491 19.3369 0
    endloop
  endfacet
  facet normal -0.996917 0.0784595 0
    outer loop
      vertex 112.833 21.5 3
      vertex 112.833 21.5 0
      vertex 112.747 20.405 3
    endloop
  endfacet
  facet normal -0.996917 0.0784595 0
    outer loop
      vertex 112.747 20.405 3
      vertex 112.833 21.5 0
      vertex 112.747 20.405 0
    endloop
  endfacet
  facet normal -0.996917 -0.0784595 0
    outer loop
      vertex 112.833 21.5 3
      vertex 112.747 22.595 3
      vertex 112.833 21.5 0
    endloop
  endfacet
  facet normal -0.996917 -0.0784595 0
    outer loop
      vertex 112.833 21.5 0
      vertex 112.747 22.595 3
      vertex 112.747 22.595 0
    endloop
  endfacet
  facet normal -0.97237 -0.233445 0
    outer loop
      vertex 112.747 22.595 3
      vertex 112.491 23.6631 3
      vertex 112.747 22.595 0
    endloop
  endfacet
  facet normal -0.97237 -0.233445 0
    outer loop
      vertex 112.747 22.595 0
      vertex 112.491 23.6631 3
      vertex 112.491 23.6631 0
    endloop
  endfacet
  facet normal -0.923879 -0.382684 0
    outer loop
      vertex 112.491 23.6631 3
      vertex 112.07 24.6779 3
      vertex 112.491 23.6631 0
    endloop
  endfacet
  facet normal -0.923879 -0.382684 0
    outer loop
      vertex 112.491 23.6631 0
      vertex 112.07 24.6779 3
      vertex 112.07 24.6779 0
    endloop
  endfacet
  facet normal -0.85264 -0.522498 0
    outer loop
      vertex 112.07 24.6779 3
      vertex 111.496 25.6145 3
      vertex 112.07 24.6779 0
    endloop
  endfacet
  facet normal -0.85264 -0.522498 0
    outer loop
      vertex 112.07 24.6779 0
      vertex 111.496 25.6145 3
      vertex 111.496 25.6145 0
    endloop
  endfacet
  facet normal -0.760405 -0.649449 0
    outer loop
      vertex 111.496 25.6145 3
      vertex 110.783 26.4497 3
      vertex 111.496 25.6145 0
    endloop
  endfacet
  facet normal -0.760405 -0.649449 0
    outer loop
      vertex 111.496 25.6145 0
      vertex 110.783 26.4497 3
      vertex 110.783 26.4497 0
    endloop
  endfacet
  facet normal -0.649449 -0.760405 -0
    outer loop
      vertex 110.783 26.4497 0
      vertex 110.783 26.4497 3
      vertex 109.948 27.1631 3
    endloop
  endfacet
  facet normal -0.649449 -0.760405 -0
    outer loop
      vertex 109.948 27.1631 0
      vertex 110.783 26.4497 0
      vertex 109.948 27.1631 3
    endloop
  endfacet
  facet normal -0.522498 -0.85264 -0
    outer loop
      vertex 109.948 27.1631 0
      vertex 109.948 27.1631 3
      vertex 109.011 27.737 3
    endloop
  endfacet
  facet normal -0.522498 -0.85264 -0
    outer loop
      vertex 109.011 27.737 0
      vertex 109.948 27.1631 0
      vertex 109.011 27.737 3
    endloop
  endfacet
  facet normal -0.382684 -0.923879 -0
    outer loop
      vertex 109.011 27.737 0
      vertex 109.011 27.737 3
      vertex 107.996 28.1574 3
    endloop
  endfacet
  facet normal -0.382684 -0.923879 -0
    outer loop
      vertex 107.996 28.1574 0
      vertex 109.011 27.737 0
      vertex 107.996 28.1574 3
    endloop
  endfacet
  facet normal -0.233445 -0.97237 -0
    outer loop
      vertex 107.996 28.1574 0
      vertex 107.996 28.1574 3
      vertex 106.928 28.4138 3
    endloop
  endfacet
  facet normal -0.233445 -0.97237 -0
    outer loop
      vertex 106.928 28.4138 0
      vertex 107.996 28.1574 0
      vertex 106.928 28.4138 3
    endloop
  endfacet
  facet normal -0.0784595 -0.996917 -0
    outer loop
      vertex 106.928 28.4138 0
      vertex 106.928 28.4138 3
      vertex 105.833 28.5 3
    endloop
  endfacet
  facet normal -0.0784595 -0.996917 -0
    outer loop
      vertex 105.833 28.5 0
      vertex 106.928 28.4138 0
      vertex 105.833 28.5 3
    endloop
  endfacet
  facet normal 0.0784595 -0.996917 0
    outer loop
      vertex 105.833 28.5 0
      vertex 105.833 28.5 3
      vertex 104.738 28.4138 3
    endloop
  endfacet
  facet normal 0.0784595 -0.996917 0
    outer loop
      vertex 104.738 28.4138 0
      vertex 105.833 28.5 0
      vertex 104.738 28.4138 3
    endloop
  endfacet
  facet normal 0.233445 -0.97237 0
    outer loop
      vertex 104.738 28.4138 0
      vertex 104.738 28.4138 3
      vertex 103.67 28.1574 3
    endloop
  endfacet
  facet normal 0.233445 -0.97237 0
    outer loop
      vertex 103.67 28.1574 0
      vertex 104.738 28.4138 0
      vertex 103.67 28.1574 3
    endloop
  endfacet
  facet normal 0.382684 -0.923879 0
    outer loop
      vertex 103.67 28.1574 0
      vertex 103.67 28.1574 3
      vertex 102.655 27.737 3
    endloop
  endfacet
  facet normal 0.382684 -0.923879 0
    outer loop
      vertex 102.655 27.737 0
      vertex 103.67 28.1574 0
      vertex 102.655 27.737 3
    endloop
  endfacet
  facet normal 0.522498 -0.85264 0
    outer loop
      vertex 102.655 27.737 0
      vertex 102.655 27.737 3
      vertex 101.719 27.1631 3
    endloop
  endfacet
  facet normal 0.522498 -0.85264 0
    outer loop
      vertex 101.719 27.1631 0
      vertex 102.655 27.737 0
      vertex 101.719 27.1631 3
    endloop
  endfacet
  facet normal 0.649449 -0.760405 0
    outer loop
      vertex 101.719 27.1631 0
      vertex 101.719 27.1631 3
      vertex 100.884 26.4497 3
    endloop
  endfacet
  facet normal 0.649449 -0.760405 0
    outer loop
      vertex 100.884 26.4497 0
      vertex 101.719 27.1631 0
      vertex 100.884 26.4497 3
    endloop
  endfacet
  facet normal 0.760405 -0.649449 0
    outer loop
      vertex 100.884 26.4497 0
      vertex 100.884 26.4497 3
      vertex 100.17 25.6145 3
    endloop
  endfacet
  facet normal 0.760405 -0.649449 0
    outer loop
      vertex 100.17 25.6145 0
      vertex 100.884 26.4497 0
      vertex 100.17 25.6145 3
    endloop
  endfacet
  facet normal 0.85264 -0.522498 0
    outer loop
      vertex 100.17 25.6145 0
      vertex 100.17 25.6145 3
      vertex 99.5963 24.6779 3
    endloop
  endfacet
  facet normal 0.85264 -0.522498 0
    outer loop
      vertex 99.5963 24.6779 0
      vertex 100.17 25.6145 0
      vertex 99.5963 24.6779 3
    endloop
  endfacet
  facet normal 0.923879 -0.382684 0
    outer loop
      vertex 99.5963 24.6779 0
      vertex 99.5963 24.6779 3
      vertex 99.1759 23.6631 3
    endloop
  endfacet
  facet normal 0.923879 -0.382684 0
    outer loop
      vertex 99.1759 23.6631 0
      vertex 99.5963 24.6779 0
      vertex 99.1759 23.6631 3
    endloop
  endfacet
  facet normal 0.97237 -0.233445 0
    outer loop
      vertex 99.1759 23.6631 0
      vertex 99.1759 23.6631 3
      vertex 98.9195 22.595 3
    endloop
  endfacet
  facet normal 0.97237 -0.233445 0
    outer loop
      vertex 98.9195 22.595 0
      vertex 99.1759 23.6631 0
      vertex 98.9195 22.595 3
    endloop
  endfacet
  facet normal 0.996917 -0.0784595 0
    outer loop
      vertex 98.9195 22.595 0
      vertex 98.9195 22.595 3
      vertex 98.8333 21.5 3
    endloop
  endfacet
  facet normal 0.996917 -0.0784595 0
    outer loop
      vertex 98.8333 21.5 0
      vertex 98.9195 22.595 0
      vertex 98.8333 21.5 3
    endloop
  endfacet
  facet normal 0.996917 0.0784595 0
    outer loop
      vertex 98.8333 64.5 3
      vertex 98.9195 63.405 3
      vertex 98.9195 63.405 0
    endloop
  endfacet
  facet normal 0.996917 0.0784595 0
    outer loop
      vertex 98.8333 64.5 0
      vertex 98.8333 64.5 3
      vertex 98.9195 63.405 0
    endloop
  endfacet
  facet normal 0.97237 0.233445 0
    outer loop
      vertex 98.9195 63.405 3
      vertex 99.1759 62.3369 3
      vertex 99.1759 62.3369 0
    endloop
  endfacet
  facet normal 0.97237 0.233445 0
    outer loop
      vertex 98.9195 63.405 0
      vertex 98.9195 63.405 3
      vertex 99.1759 62.3369 0
    endloop
  endfacet
  facet normal 0.923879 0.382684 0
    outer loop
      vertex 99.1759 62.3369 3
      vertex 99.5963 61.3221 3
      vertex 99.5963 61.3221 0
    endloop
  endfacet
  facet normal 0.923879 0.382684 0
    outer loop
      vertex 99.1759 62.3369 0
      vertex 99.1759 62.3369 3
      vertex 99.5963 61.3221 0
    endloop
  endfacet
  facet normal 0.85264 0.522498 0
    outer loop
      vertex 99.5963 61.3221 3
      vertex 100.17 60.3855 3
      vertex 100.17 60.3855 0
    endloop
  endfacet
  facet normal 0.85264 0.522498 0
    outer loop
      vertex 99.5963 61.3221 0
      vertex 99.5963 61.3221 3
      vertex 100.17 60.3855 0
    endloop
  endfacet
  facet normal 0.760405 0.649449 0
    outer loop
      vertex 100.17 60.3855 3
      vertex 100.884 59.5503 3
      vertex 100.884 59.5503 0
    endloop
  endfacet
  facet normal 0.760405 0.649449 0
    outer loop
      vertex 100.17 60.3855 0
      vertex 100.17 60.3855 3
      vertex 100.884 59.5503 0
    endloop
  endfacet
  facet normal 0.649449 0.760405 -0
    outer loop
      vertex 101.719 58.8369 3
      vertex 101.719 58.8369 0
      vertex 100.884 59.5503 3
    endloop
  endfacet
  facet normal 0.649449 0.760405 -0
    outer loop
      vertex 100.884 59.5503 3
      vertex 101.719 58.8369 0
      vertex 100.884 59.5503 0
    endloop
  endfacet
  facet normal 0.522498 0.85264 -0
    outer loop
      vertex 102.655 58.263 3
      vertex 102.655 58.263 0
      vertex 101.719 58.8369 3
    endloop
  endfacet
  facet normal 0.522498 0.85264 -0
    outer loop
      vertex 101.719 58.8369 3
      vertex 102.655 58.263 0
      vertex 101.719 58.8369 0
    endloop
  endfacet
  facet normal 0.382684 0.923879 -0
    outer loop
      vertex 103.67 57.8426 3
      vertex 103.67 57.8426 0
      vertex 102.655 58.263 3
    endloop
  endfacet
  facet normal 0.382684 0.923879 -0
    outer loop
      vertex 102.655 58.263 3
      vertex 103.67 57.8426 0
      vertex 102.655 58.263 0
    endloop
  endfacet
  facet normal 0.233445 0.97237 -0
    outer loop
      vertex 104.738 57.5862 3
      vertex 104.738 57.5862 0
      vertex 103.67 57.8426 3
    endloop
  endfacet
  facet normal 0.233445 0.97237 -0
    outer loop
      vertex 103.67 57.8426 3
      vertex 104.738 57.5862 0
      vertex 103.67 57.8426 0
    endloop
  endfacet
  facet normal 0.0784595 0.996917 -0
    outer loop
      vertex 105.833 57.5 3
      vertex 105.833 57.5 0
      vertex 104.738 57.5862 3
    endloop
  endfacet
  facet normal 0.0784595 0.996917 -0
    outer loop
      vertex 104.738 57.5862 3
      vertex 105.833 57.5 0
      vertex 104.738 57.5862 0
    endloop
  endfacet
  facet normal -0.0784595 0.996917 0
    outer loop
      vertex 106.928 57.5862 3
      vertex 106.928 57.5862 0
      vertex 105.833 57.5 3
    endloop
  endfacet
  facet normal -0.0784595 0.996917 0
    outer loop
      vertex 105.833 57.5 3
      vertex 106.928 57.5862 0
      vertex 105.833 57.5 0
    endloop
  endfacet
  facet normal -0.233445 0.97237 0
    outer loop
      vertex 107.996 57.8426 3
      vertex 107.996 57.8426 0
      vertex 106.928 57.5862 3
    endloop
  endfacet
  facet normal -0.233445 0.97237 0
    outer loop
      vertex 106.928 57.5862 3
      vertex 107.996 57.8426 0
      vertex 106.928 57.5862 0
    endloop
  endfacet
  facet normal -0.382684 0.923879 0
    outer loop
      vertex 109.011 58.263 3
      vertex 109.011 58.263 0
      vertex 107.996 57.8426 3
    endloop
  endfacet
  facet normal -0.382684 0.923879 0
    outer loop
      vertex 107.996 57.8426 3
      vertex 109.011 58.263 0
      vertex 107.996 57.8426 0
    endloop
  endfacet
  facet normal -0.522498 0.85264 0
    outer loop
      vertex 109.948 58.8369 3
      vertex 109.948 58.8369 0
      vertex 109.011 58.263 3
    endloop
  endfacet
  facet normal -0.522498 0.85264 0
    outer loop
      vertex 109.011 58.263 3
      vertex 109.948 58.8369 0
      vertex 109.011 58.263 0
    endloop
  endfacet
  facet normal -0.649449 0.760405 0
    outer loop
      vertex 110.783 59.5503 3
      vertex 110.783 59.5503 0
      vertex 109.948 58.8369 3
    endloop
  endfacet
  facet normal -0.649449 0.760405 0
    outer loop
      vertex 109.948 58.8369 3
      vertex 110.783 59.5503 0
      vertex 109.948 58.8369 0
    endloop
  endfacet
  facet normal -0.760405 0.649449 0
    outer loop
      vertex 111.496 60.3855 3
      vertex 111.496 60.3855 0
      vertex 110.783 59.5503 3
    endloop
  endfacet
  facet normal -0.760405 0.649449 0
    outer loop
      vertex 110.783 59.5503 3
      vertex 111.496 60.3855 0
      vertex 110.783 59.5503 0
    endloop
  endfacet
  facet normal -0.85264 0.522498 0
    outer loop
      vertex 112.07 61.3221 3
      vertex 112.07 61.3221 0
      vertex 111.496 60.3855 3
    endloop
  endfacet
  facet normal -0.85264 0.522498 0
    outer loop
      vertex 111.496 60.3855 3
      vertex 112.07 61.3221 0
      vertex 111.496 60.3855 0
    endloop
  endfacet
  facet normal -0.923879 0.382684 0
    outer loop
      vertex 112.491 62.3369 3
      vertex 112.491 62.3369 0
      vertex 112.07 61.3221 3
    endloop
  endfacet
  facet normal -0.923879 0.382684 0
    outer loop
      vertex 112.07 61.3221 3
      vertex 112.491 62.3369 0
      vertex 112.07 61.3221 0
    endloop
  endfacet
  facet normal -0.97237 0.233445 0
    outer loop
      vertex 112.747 63.405 3
      vertex 112.747 63.405 0
      vertex 112.491 62.3369 3
    endloop
  endfacet
  facet normal -0.97237 0.233445 0
    outer loop
      vertex 112.491 62.3369 3
      vertex 112.747 63.405 0
      vertex 112.491 62.3369 0
    endloop
  endfacet
  facet normal -0.996917 0.0784595 0
    outer loop
      vertex 112.833 64.5 3
      vertex 112.833 64.5 0
      vertex 112.747 63.405 3
    endloop
  endfacet
  facet normal -0.996917 0.0784595 0
    outer loop
      vertex 112.747 63.405 3
      vertex 112.833 64.5 0
      vertex 112.747 63.405 0
    endloop
  endfacet
  facet normal -0.996917 -0.0784595 0
    outer loop
      vertex 112.833 64.5 3
      vertex 112.747 65.595 3
      vertex 112.833 64.5 0
    endloop
  endfacet
  facet normal -0.996917 -0.0784595 0
    outer loop
      vertex 112.833 64.5 0
      vertex 112.747 65.595 3
      vertex 112.747 65.595 0
    endloop
  endfacet
  facet normal -0.97237 -0.233445 0
    outer loop
      vertex 112.747 65.595 3
      vertex 112.491 66.6631 3
      vertex 112.747 65.595 0
    endloop
  endfacet
  facet normal -0.97237 -0.233445 0
    outer loop
      vertex 112.747 65.595 0
      vertex 112.491 66.6631 3
      vertex 112.491 66.6631 0
    endloop
  endfacet
  facet normal -0.923879 -0.382684 0
    outer loop
      vertex 112.491 66.6631 3
      vertex 112.07 67.6779 3
      vertex 112.491 66.6631 0
    endloop
  endfacet
  facet normal -0.923879 -0.382684 0
    outer loop
      vertex 112.491 66.6631 0
      vertex 112.07 67.6779 3
      vertex 112.07 67.6779 0
    endloop
  endfacet
  facet normal -0.85264 -0.522498 0
    outer loop
      vertex 112.07 67.6779 3
      vertex 111.496 68.6145 3
      vertex 112.07 67.6779 0
    endloop
  endfacet
  facet normal -0.85264 -0.522498 0
    outer loop
      vertex 112.07 67.6779 0
      vertex 111.496 68.6145 3
      vertex 111.496 68.6145 0
    endloop
  endfacet
  facet normal -0.760405 -0.649449 0
    outer loop
      vertex 111.496 68.6145 3
      vertex 110.783 69.4497 3
      vertex 111.496 68.6145 0
    endloop
  endfacet
  facet normal -0.760405 -0.649449 0
    outer loop
      vertex 111.496 68.6145 0
      vertex 110.783 69.4497 3
      vertex 110.783 69.4497 0
    endloop
  endfacet
  facet normal -0.649449 -0.760405 -0
    outer loop
      vertex 110.783 69.4497 0
      vertex 110.783 69.4497 3
      vertex 109.948 70.1631 3
    endloop
  endfacet
  facet normal -0.649449 -0.760405 -0
    outer loop
      vertex 109.948 70.1631 0
      vertex 110.783 69.4497 0
      vertex 109.948 70.1631 3
    endloop
  endfacet
  facet normal -0.522498 -0.85264 -0
    outer loop
      vertex 109.948 70.1631 0
      vertex 109.948 70.1631 3
      vertex 109.011 70.737 3
    endloop
  endfacet
  facet normal -0.522498 -0.85264 -0
    outer loop
      vertex 109.011 70.737 0
      vertex 109.948 70.1631 0
      vertex 109.011 70.737 3
    endloop
  endfacet
  facet normal -0.382684 -0.923879 -0
    outer loop
      vertex 109.011 70.737 0
      vertex 109.011 70.737 3
      vertex 107.996 71.1574 3
    endloop
  endfacet
  facet normal -0.382684 -0.923879 -0
    outer loop
      vertex 107.996 71.1574 0
      vertex 109.011 70.737 0
      vertex 107.996 71.1574 3
    endloop
  endfacet
  facet normal -0.233445 -0.97237 -0
    outer loop
      vertex 107.996 71.1574 0
      vertex 107.996 71.1574 3
      vertex 106.928 71.4138 3
    endloop
  endfacet
  facet normal -0.233445 -0.97237 -0
    outer loop
      vertex 106.928 71.4138 0
      vertex 107.996 71.1574 0
      vertex 106.928 71.4138 3
    endloop
  endfacet
  facet normal -0.0784595 -0.996917 -0
    outer loop
      vertex 106.928 71.4138 0
      vertex 106.928 71.4138 3
      vertex 105.833 71.5 3
    endloop
  endfacet
  facet normal -0.0784595 -0.996917 -0
    outer loop
      vertex 105.833 71.5 0
      vertex 106.928 71.4138 0
      vertex 105.833 71.5 3
    endloop
  endfacet
  facet normal 0.0784595 -0.996917 0
    outer loop
      vertex 105.833 71.5 0
      vertex 105.833 71.5 3
      vertex 104.738 71.4138 3
    endloop
  endfacet
  facet normal 0.0784595 -0.996917 0
    outer loop
      vertex 104.738 71.4138 0
      vertex 105.833 71.5 0
      vertex 104.738 71.4138 3
    endloop
  endfacet
  facet normal 0.233445 -0.97237 0
    outer loop
      vertex 104.738 71.4138 0
      vertex 104.738 71.4138 3
      vertex 103.67 71.1574 3
    endloop
  endfacet
  facet normal 0.233445 -0.97237 0
    outer loop
      vertex 103.67 71.1574 0
      vertex 104.738 71.4138 0
      vertex 103.67 71.1574 3
    endloop
  endfacet
  facet normal 0.382684 -0.923879 0
    outer loop
      vertex 103.67 71.1574 0
      vertex 103.67 71.1574 3
      vertex 102.655 70.737 3
    endloop
  endfacet
  facet normal 0.382684 -0.923879 0
    outer loop
      vertex 102.655 70.737 0
      vertex 103.67 71.1574 0
      vertex 102.655 70.737 3
    endloop
  endfacet
  facet normal 0.522498 -0.85264 0
    outer loop
      vertex 102.655 70.737 0
      vertex 102.655 70.737 3
      vertex 101.719 70.1631 3
    endloop
  endfacet
  facet normal 0.522498 -0.85264 0
    outer loop
      vertex 101.719 70.1631 0
      vertex 102.655 70.737 0
      vertex 101.719 70.1631 3
    endloop
  endfacet
  facet normal 0.649449 -0.760405 0
    outer loop
      vertex 101.719 70.1631 0
      vertex 101.719 70.1631 3
      vertex 100.884 69.4497 3
    endloop
  endfacet
  facet normal 0.649449 -0.760405 0
    outer loop
      vertex 100.884 69.4497 0
      vertex 101.719 70.1631 0
      vertex 100.884 69.4497 3
    endloop
  endfacet
  facet normal 0.760405 -0.649449 0
    outer loop
      vertex 100.884 69.4497 0
      vertex 100.884 69.4497 3
      vertex 100.17 68.6145 3
    endloop
  endfacet
  facet normal 0.760405 -0.649449 0
    outer loop
      vertex 100.17 68.6145 0
      vertex 100.884 69.4497 0
      vertex 100.17 68.6145 3
    endloop
  endfacet
  facet normal 0.85264 -0.522498 0
    outer loop
      vertex 100.17 68.6145 0
      vertex 100.17 68.6145 3
      vertex 99.5963 67.6779 3
    endloop
  endfacet
  facet normal 0.85264 -0.522498 0
    outer loop
      vertex 99.5963 67.6779 0
      vertex 100.17 68.6145 0
      vertex 99.5963 67.6779 3
    endloop
  endfacet
  facet normal 0.923879 -0.382684 0
    outer loop
      vertex 99.5963 67.6779 0
      vertex 99.5963 67.6779 3
      vertex 99.1759 66.6631 3
    endloop
  endfacet
  facet normal 0.923879 -0.382684 0
    outer loop
      vertex 99.1759 66.6631 0
      vertex 99.5963 67.6779 0
      vertex 99.1759 66.6631 3
    endloop
  endfacet
  facet normal 0.97237 -0.233445 0
    outer loop
      vertex 99.1759 66.6631 0
      vertex 99.1759 66.6631 3
      vertex 98.9195 65.595 3
    endloop
  endfacet
  facet normal 0.97237 -0.233445 0
    outer loop
      vertex 98.9195 65.595 0
      vertex 99.1759 66.6631 0
      vertex 98.9195 65.595 3
    endloop
  endfacet
  facet normal 0.996917 -0.0784595 0
    outer loop
      vertex 98.9195 65.595 0
      vertex 98.9195 65.595 3
      vertex 98.8333 64.5 3
    endloop
  endfacet
  facet normal 0.996917 -0.0784595 0
    outer loop
      vertex 98.8333 64.5 0
      vertex 98.9195 65.595 0
      vertex 98.8333 64.5 3
    endloop
  endfacet
  facet normal 0.996918 0 -0.0784569
    outer loop
      vertex 30.2685 88.8 12.7347
      vertex 30.2685 85.8 12.7347
      vertex 30.25 85.8 12.5
    endloop
  endfacet
  facet normal 0.996918 0 -0.0784569
    outer loop
      vertex 30.25 88.8 12.5
      vertex 30.2685 88.8 12.7347
      vertex 30.25 85.8 12.5
    endloop
  endfacet
  facet normal 0.996918 0 0.0784569
    outer loop
      vertex 30.25 85.8 12.5
      vertex 30.2685 85.8 12.2653
      vertex 30.2685 88.8 12.2653
    endloop
  endfacet
  facet normal 0.996918 -0 0.0784569
    outer loop
      vertex 30.25 88.8 12.5
      vertex 30.25 85.8 12.5
      vertex 30.2685 88.8 12.2653
    endloop
  endfacet
  facet normal 0.972369 0 0.233447
    outer loop
      vertex 30.2685 85.8 12.2653
      vertex 30.3234 85.8 12.0365
      vertex 30.3234 88.8 12.0365
    endloop
  endfacet
  facet normal 0.972369 -0 0.233447
    outer loop
      vertex 30.2685 88.8 12.2653
      vertex 30.2685 85.8 12.2653
      vertex 30.3234 88.8 12.0365
    endloop
  endfacet
  facet normal 0.92388 1.09623e-015 0.382682
    outer loop
      vertex 30.3234 85.8 12.0365
      vertex 30.4135 85.8 11.819
      vertex 30.4135 88.8 11.819
    endloop
  endfacet
  facet normal 0.92388 -0 0.382682
    outer loop
      vertex 30.3234 88.8 12.0365
      vertex 30.3234 85.8 12.0365
      vertex 30.4135 88.8 11.819
    endloop
  endfacet
  facet normal 0.852639 1.0117e-015 0.522501
    outer loop
      vertex 30.4135 85.8 11.819
      vertex 30.5365 85.8 11.6183
      vertex 30.5365 88.8 11.6183
    endloop
  endfacet
  facet normal 0.852639 1.00973e-015 0.522501
    outer loop
      vertex 30.4135 88.8 11.819
      vertex 30.4135 85.8 11.819
      vertex 30.5365 88.8 11.6183
    endloop
  endfacet
  facet normal 0.760406 0 0.649448
    outer loop
      vertex 30.5365 85.8 11.6183
      vertex 30.6893 85.8 11.4393
      vertex 30.6893 88.8 11.4393
    endloop
  endfacet
  facet normal 0.760406 9.00502e-016 0.649448
    outer loop
      vertex 30.5365 88.8 11.6183
      vertex 30.5365 85.8 11.6183
      vertex 30.6893 88.8 11.4393
    endloop
  endfacet
  facet normal 0.649448 7.70604e-016 0.760406
    outer loop
      vertex 30.6893 85.8 11.4393
      vertex 30.8683 85.8 11.2865
      vertex 30.8683 88.8 11.2865
    endloop
  endfacet
  facet normal 0.649448 -0 0.760406
    outer loop
      vertex 30.6893 88.8 11.4393
      vertex 30.6893 85.8 11.4393
      vertex 30.8683 88.8 11.2865
    endloop
  endfacet
  facet normal 0.522501 6.16348e-016 0.852639
    outer loop
      vertex 30.8683 85.8 11.2865
      vertex 31.069 85.8 11.1635
      vertex 31.069 88.8 11.1635
    endloop
  endfacet
  facet normal 0.522501 6.18765e-016 0.852639
    outer loop
      vertex 30.8683 88.8 11.2865
      vertex 30.8683 85.8 11.2865
      vertex 31.069 88.8 11.1635
    endloop
  endfacet
  facet normal 0.382682 4.51417e-016 0.92388
    outer loop
      vertex 31.069 85.8 11.1635
      vertex 31.2865 85.8 11.0734
      vertex 31.2865 88.8 11.0734
    endloop
  endfacet
  facet normal 0.382682 4.53187e-016 0.92388
    outer loop
      vertex 31.069 88.8 11.1635
      vertex 31.069 85.8 11.1635
      vertex 31.2865 88.8 11.0734
    endloop
  endfacet
  facet normal 0.233447 2.78618e-016 0.972369
    outer loop
      vertex 31.2865 85.8 11.0734
      vertex 31.5153 85.8 11.0185
      vertex 31.5153 88.8 11.0185
    endloop
  endfacet
  facet normal 0.233447 2.76457e-016 0.972369
    outer loop
      vertex 31.2865 88.8 11.0734
      vertex 31.2865 85.8 11.0734
      vertex 31.5153 88.8 11.0185
    endloop
  endfacet
  facet normal 0.0784569 0 0.996918
    outer loop
      vertex 31.5153 85.8 11.0185
      vertex 31.75 85.8 11
      vertex 31.75 88.8 11
    endloop
  endfacet
  facet normal 0.0784569 9.29117e-017 0.996918
    outer loop
      vertex 31.5153 88.8 11.0185
      vertex 31.5153 85.8 11.0185
      vertex 31.75 88.8 11
    endloop
  endfacet
  facet normal -0.0784569 0 0.996918
    outer loop
      vertex 31.75 85.8 11
      vertex 31.9847 85.8 11.0185
      vertex 31.9847 88.8 11.0185
    endloop
  endfacet
  facet normal -0.0784569 0 0.996918
    outer loop
      vertex 31.75 88.8 11
      vertex 31.75 85.8 11
      vertex 31.9847 88.8 11.0185
    endloop
  endfacet
  facet normal -0.233447 0 0.972369
    outer loop
      vertex 31.9847 85.8 11.0185
      vertex 32.2135 85.8 11.0734
      vertex 32.2135 88.8 11.0734
    endloop
  endfacet
  facet normal -0.233447 0 0.972369
    outer loop
      vertex 31.9847 88.8 11.0185
      vertex 31.9847 85.8 11.0185
      vertex 32.2135 88.8 11.0734
    endloop
  endfacet
  facet normal -0.382682 0 0.92388
    outer loop
      vertex 32.2135 85.8 11.0734
      vertex 32.431 85.8 11.1635
      vertex 32.431 88.8 11.1635
    endloop
  endfacet
  facet normal -0.382682 0 0.92388
    outer loop
      vertex 32.2135 88.8 11.0734
      vertex 32.2135 85.8 11.0734
      vertex 32.431 88.8 11.1635
    endloop
  endfacet
  facet normal -0.522501 0 0.852639
    outer loop
      vertex 32.431 85.8 11.1635
      vertex 32.6317 85.8 11.2865
      vertex 32.6317 88.8 11.2865
    endloop
  endfacet
  facet normal -0.522501 0 0.852639
    outer loop
      vertex 32.431 88.8 11.1635
      vertex 32.431 85.8 11.1635
      vertex 32.6317 88.8 11.2865
    endloop
  endfacet
  facet normal -0.649448 0 0.760406
    outer loop
      vertex 32.6317 85.8 11.2865
      vertex 32.8107 85.8 11.4393
      vertex 32.8107 88.8 11.4393
    endloop
  endfacet
  facet normal -0.649448 0 0.760406
    outer loop
      vertex 32.6317 88.8 11.2865
      vertex 32.6317 85.8 11.2865
      vertex 32.8107 88.8 11.4393
    endloop
  endfacet
  facet normal -0.760406 0 0.649448
    outer loop
      vertex 32.9635 85.8 11.6183
      vertex 32.9635 88.8 11.6183
      vertex 32.8107 85.8 11.4393
    endloop
  endfacet
  facet normal -0.760406 0 0.649448
    outer loop
      vertex 32.8107 85.8 11.4393
      vertex 32.9635 88.8 11.6183
      vertex 32.8107 88.8 11.4393
    endloop
  endfacet
  facet normal -0.852639 0 0.522501
    outer loop
      vertex 33.0865 85.8 11.819
      vertex 33.0865 88.8 11.819
      vertex 32.9635 85.8 11.6183
    endloop
  endfacet
  facet normal -0.852639 0 0.522501
    outer loop
      vertex 32.9635 85.8 11.6183
      vertex 33.0865 88.8 11.819
      vertex 32.9635 88.8 11.6183
    endloop
  endfacet
  facet normal -0.92388 0 0.382682
    outer loop
      vertex 33.1766 85.8 12.0365
      vertex 33.1766 88.8 12.0365
      vertex 33.0865 85.8 11.819
    endloop
  endfacet
  facet normal -0.92388 0 0.382682
    outer loop
      vertex 33.0865 85.8 11.819
      vertex 33.1766 88.8 12.0365
      vertex 33.0865 88.8 11.819
    endloop
  endfacet
  facet normal -0.972369 -2.30303e-015 0.233447
    outer loop
      vertex 33.2315 85.8 12.2653
      vertex 33.2315 88.8 12.2653
      vertex 33.1766 85.8 12.0365
    endloop
  endfacet
  facet normal -0.972369 0 0.233447
    outer loop
      vertex 33.1766 85.8 12.0365
      vertex 33.2315 88.8 12.2653
      vertex 33.1766 88.8 12.0365
    endloop
  endfacet
  facet normal -0.996918 0 0.0784569
    outer loop
      vertex 33.25 85.8 12.5
      vertex 33.25 88.8 12.5
      vertex 33.2315 85.8 12.2653
    endloop
  endfacet
  facet normal -0.996918 -2.36117e-015 0.0784569
    outer loop
      vertex 33.2315 85.8 12.2653
      vertex 33.25 88.8 12.5
      vertex 33.2315 88.8 12.2653
    endloop
  endfacet
  facet normal -0.996918 -0 -0.0784569
    outer loop
      vertex 33.25 85.8 12.5
      vertex 33.2315 85.8 12.7347
      vertex 33.25 88.8 12.5
    endloop
  endfacet
  facet normal -0.996918 -2.36146e-015 -0.0784569
    outer loop
      vertex 33.25 88.8 12.5
      vertex 33.2315 85.8 12.7347
      vertex 33.2315 88.8 12.7347
    endloop
  endfacet
  facet normal -0.972369 -2.30303e-015 -0.233447
    outer loop
      vertex 33.2315 85.8 12.7347
      vertex 33.1766 85.8 12.9635
      vertex 33.2315 88.8 12.7347
    endloop
  endfacet
  facet normal -0.972369 0 -0.233447
    outer loop
      vertex 33.2315 88.8 12.7347
      vertex 33.1766 85.8 12.9635
      vertex 33.1766 88.8 12.9635
    endloop
  endfacet
  facet normal -0.92388 -0 -0.382682
    outer loop
      vertex 33.1766 85.8 12.9635
      vertex 33.0865 85.8 13.181
      vertex 33.1766 88.8 12.9635
    endloop
  endfacet
  facet normal -0.92388 0 -0.382682
    outer loop
      vertex 33.1766 88.8 12.9635
      vertex 33.0865 85.8 13.181
      vertex 33.0865 88.8 13.181
    endloop
  endfacet
  facet normal -0.852639 -0 -0.522501
    outer loop
      vertex 33.0865 85.8 13.181
      vertex 32.9635 85.8 13.3817
      vertex 33.0865 88.8 13.181
    endloop
  endfacet
  facet normal -0.852639 0 -0.522501
    outer loop
      vertex 33.0865 88.8 13.181
      vertex 32.9635 85.8 13.3817
      vertex 32.9635 88.8 13.3817
    endloop
  endfacet
  facet normal -0.760406 -0 -0.649448
    outer loop
      vertex 32.9635 85.8 13.3817
      vertex 32.8107 85.8 13.5607
      vertex 32.9635 88.8 13.3817
    endloop
  endfacet
  facet normal -0.760406 -1.79924e-015 -0.649448
    outer loop
      vertex 32.9635 88.8 13.3817
      vertex 32.8107 85.8 13.5607
      vertex 32.8107 88.8 13.5607
    endloop
  endfacet
  facet normal -0.649448 -1.5382e-015 -0.760406
    outer loop
      vertex 32.8107 85.8 13.5607
      vertex 32.6317 85.8 13.7135
      vertex 32.8107 88.8 13.5607
    endloop
  endfacet
  facet normal -0.649448 0 -0.760406
    outer loop
      vertex 32.8107 88.8 13.5607
      vertex 32.6317 85.8 13.7135
      vertex 32.6317 88.8 13.7135
    endloop
  endfacet
  facet normal -0.522501 -0 -0.852639
    outer loop
      vertex 32.6317 85.8 13.7135
      vertex 32.431 85.8 13.8365
      vertex 32.6317 88.8 13.7135
    endloop
  endfacet
  facet normal -0.522501 0 -0.852639
    outer loop
      vertex 32.6317 88.8 13.7135
      vertex 32.431 85.8 13.8365
      vertex 32.431 88.8 13.8365
    endloop
  endfacet
  facet normal -0.382682 -0 -0.92388
    outer loop
      vertex 32.431 85.8 13.8365
      vertex 32.2135 85.8 13.9266
      vertex 32.431 88.8 13.8365
    endloop
  endfacet
  facet normal -0.382682 0 -0.92388
    outer loop
      vertex 32.431 88.8 13.8365
      vertex 32.2135 85.8 13.9266
      vertex 32.2135 88.8 13.9266
    endloop
  endfacet
  facet normal -0.233447 -0 -0.972369
    outer loop
      vertex 32.2135 85.8 13.9266
      vertex 31.9847 85.8 13.9815
      vertex 32.2135 88.8 13.9266
    endloop
  endfacet
  facet normal -0.233447 0 -0.972369
    outer loop
      vertex 32.2135 88.8 13.9266
      vertex 31.9847 85.8 13.9815
      vertex 31.9847 88.8 13.9815
    endloop
  endfacet
  facet normal -0.0784569 -0 -0.996918
    outer loop
      vertex 31.9847 85.8 13.9815
      vertex 31.75 85.8 14
      vertex 31.9847 88.8 13.9815
    endloop
  endfacet
  facet normal -0.0784569 0 -0.996918
    outer loop
      vertex 31.9847 88.8 13.9815
      vertex 31.75 85.8 14
      vertex 31.75 88.8 14
    endloop
  endfacet
  facet normal 0.0784569 0 -0.996918
    outer loop
      vertex 31.75 85.8 14
      vertex 31.5153 85.8 13.9815
      vertex 31.75 88.8 14
    endloop
  endfacet
  facet normal 0.0784569 0 -0.996918
    outer loop
      vertex 31.75 88.8 14
      vertex 31.5153 85.8 13.9815
      vertex 31.5153 88.8 13.9815
    endloop
  endfacet
  facet normal 0.233447 0 -0.972369
    outer loop
      vertex 31.5153 85.8 13.9815
      vertex 31.2865 85.8 13.9266
      vertex 31.5153 88.8 13.9815
    endloop
  endfacet
  facet normal 0.233447 0 -0.972369
    outer loop
      vertex 31.5153 88.8 13.9815
      vertex 31.2865 85.8 13.9266
      vertex 31.2865 88.8 13.9266
    endloop
  endfacet
  facet normal 0.382682 0 -0.92388
    outer loop
      vertex 31.2865 85.8 13.9266
      vertex 31.069 85.8 13.8365
      vertex 31.2865 88.8 13.9266
    endloop
  endfacet
  facet normal 0.382682 0 -0.92388
    outer loop
      vertex 31.2865 88.8 13.9266
      vertex 31.069 85.8 13.8365
      vertex 31.069 88.8 13.8365
    endloop
  endfacet
  facet normal 0.522501 0 -0.852639
    outer loop
      vertex 31.069 85.8 13.8365
      vertex 30.8683 85.8 13.7135
      vertex 31.069 88.8 13.8365
    endloop
  endfacet
  facet normal 0.522501 6.16348e-016 -0.852639
    outer loop
      vertex 31.069 88.8 13.8365
      vertex 30.8683 85.8 13.7135
      vertex 30.8683 88.8 13.7135
    endloop
  endfacet
  facet normal 0.649448 7.69101e-016 -0.760406
    outer loop
      vertex 30.8683 85.8 13.7135
      vertex 30.6893 85.8 13.5607
      vertex 30.8683 88.8 13.7135
    endloop
  endfacet
  facet normal 0.649448 0 -0.760406
    outer loop
      vertex 30.8683 88.8 13.7135
      vertex 30.6893 85.8 13.5607
      vertex 30.6893 88.8 13.5607
    endloop
  endfacet
  facet normal 0.760406 0 -0.649448
    outer loop
      vertex 30.6893 88.8 13.5607
      vertex 30.6893 85.8 13.5607
      vertex 30.5365 85.8 13.3817
    endloop
  endfacet
  facet normal 0.760406 0 -0.649448
    outer loop
      vertex 30.5365 88.8 13.3817
      vertex 30.6893 88.8 13.5607
      vertex 30.5365 85.8 13.3817
    endloop
  endfacet
  facet normal 0.852639 0 -0.522501
    outer loop
      vertex 30.5365 88.8 13.3817
      vertex 30.5365 85.8 13.3817
      vertex 30.4135 85.8 13.181
    endloop
  endfacet
  facet normal 0.852639 1.00973e-015 -0.522501
    outer loop
      vertex 30.4135 88.8 13.181
      vertex 30.5365 88.8 13.3817
      vertex 30.4135 85.8 13.181
    endloop
  endfacet
  facet normal 0.92388 1.09409e-015 -0.382682
    outer loop
      vertex 30.4135 88.8 13.181
      vertex 30.4135 85.8 13.181
      vertex 30.3234 85.8 12.9635
    endloop
  endfacet
  facet normal 0.92388 0 -0.382682
    outer loop
      vertex 30.3234 88.8 12.9635
      vertex 30.4135 88.8 13.181
      vertex 30.3234 85.8 12.9635
    endloop
  endfacet
  facet normal 0.972369 0 -0.233447
    outer loop
      vertex 30.3234 88.8 12.9635
      vertex 30.3234 85.8 12.9635
      vertex 30.2685 85.8 12.7347
    endloop
  endfacet
  facet normal 0.972369 0 -0.233447
    outer loop
      vertex 30.2685 88.8 12.7347
      vertex 30.3234 88.8 12.9635
      vertex 30.2685 85.8 12.7347
    endloop
  endfacet
  facet normal 0.996918 0 -0.0784569
    outer loop
      vertex 93.7685 88.8 12.7347
      vertex 93.7685 85.8 12.7347
      vertex 93.75 85.8 12.5
    endloop
  endfacet
  facet normal 0.996918 0 -0.0784569
    outer loop
      vertex 93.75 88.8 12.5
      vertex 93.7685 88.8 12.7347
      vertex 93.75 85.8 12.5
    endloop
  endfacet
  facet normal 0.996918 0 0.0784569
    outer loop
      vertex 93.75 85.8 12.5
      vertex 93.7685 85.8 12.2653
      vertex 93.7685 88.8 12.2653
    endloop
  endfacet
  facet normal 0.996918 -0 0.0784569
    outer loop
      vertex 93.75 88.8 12.5
      vertex 93.75 85.8 12.5
      vertex 93.7685 88.8 12.2653
    endloop
  endfacet
  facet normal 0.972369 0 0.233447
    outer loop
      vertex 93.7685 85.8 12.2653
      vertex 93.8234 85.8 12.0365
      vertex 93.8234 88.8 12.0365
    endloop
  endfacet
  facet normal 0.972369 -0 0.233447
    outer loop
      vertex 93.7685 88.8 12.2653
      vertex 93.7685 85.8 12.2653
      vertex 93.8234 88.8 12.0365
    endloop
  endfacet
  facet normal 0.92388 0 0.382682
    outer loop
      vertex 93.8234 85.8 12.0365
      vertex 93.9135 85.8 11.819
      vertex 93.9135 88.8 11.819
    endloop
  endfacet
  facet normal 0.92388 -0 0.382682
    outer loop
      vertex 93.8234 88.8 12.0365
      vertex 93.8234 85.8 12.0365
      vertex 93.9135 88.8 11.819
    endloop
  endfacet
  facet normal 0.852639 0 0.522501
    outer loop
      vertex 93.9135 85.8 11.819
      vertex 94.0365 85.8 11.6183
      vertex 94.0365 88.8 11.6183
    endloop
  endfacet
  facet normal 0.852639 -0 0.522501
    outer loop
      vertex 93.9135 88.8 11.819
      vertex 93.9135 85.8 11.819
      vertex 94.0365 88.8 11.6183
    endloop
  endfacet
  facet normal 0.760406 0 0.649448
    outer loop
      vertex 94.0365 85.8 11.6183
      vertex 94.1893 85.8 11.4393
      vertex 94.1893 88.8 11.4393
    endloop
  endfacet
  facet normal 0.760406 -0 0.649448
    outer loop
      vertex 94.0365 88.8 11.6183
      vertex 94.0365 85.8 11.6183
      vertex 94.1893 88.8 11.4393
    endloop
  endfacet
  facet normal 0.649448 3.0734e-015 0.760406
    outer loop
      vertex 94.1893 85.8 11.4393
      vertex 94.3683 85.8 11.2865
      vertex 94.3683 88.8 11.2865
    endloop
  endfacet
  facet normal 0.649448 -0 0.760406
    outer loop
      vertex 94.1893 88.8 11.4393
      vertex 94.1893 85.8 11.4393
      vertex 94.3683 88.8 11.2865
    endloop
  endfacet
  facet normal 0.522501 0 0.852639
    outer loop
      vertex 94.3683 85.8 11.2865
      vertex 94.569 85.8 11.1635
      vertex 94.569 88.8 11.1635
    endloop
  endfacet
  facet normal 0.522501 2.47506e-015 0.852639
    outer loop
      vertex 94.3683 88.8 11.2865
      vertex 94.3683 85.8 11.2865
      vertex 94.569 88.8 11.1635
    endloop
  endfacet
  facet normal 0.382682 0 0.92388
    outer loop
      vertex 94.569 85.8 11.1635
      vertex 94.7865 85.8 11.0734
      vertex 94.7865 88.8 11.0734
    endloop
  endfacet
  facet normal 0.382682 -0 0.92388
    outer loop
      vertex 94.569 88.8 11.1635
      vertex 94.569 85.8 11.1635
      vertex 94.7865 88.8 11.0734
    endloop
  endfacet
  facet normal 0.233447 0 0.972369
    outer loop
      vertex 94.7865 85.8 11.0734
      vertex 95.0153 85.8 11.0185
      vertex 95.0153 88.8 11.0185
    endloop
  endfacet
  facet normal 0.233447 -0 0.972369
    outer loop
      vertex 94.7865 88.8 11.0734
      vertex 94.7865 85.8 11.0734
      vertex 95.0153 88.8 11.0185
    endloop
  endfacet
  facet normal 0.0784569 0 0.996918
    outer loop
      vertex 95.0153 85.8 11.0185
      vertex 95.25 85.8 11
      vertex 95.25 88.8 11
    endloop
  endfacet
  facet normal 0.0784569 -0 0.996918
    outer loop
      vertex 95.0153 88.8 11.0185
      vertex 95.0153 85.8 11.0185
      vertex 95.25 88.8 11
    endloop
  endfacet
  facet normal -0.0784569 0 0.996918
    outer loop
      vertex 95.25 85.8 11
      vertex 95.4847 85.8 11.0185
      vertex 95.4847 88.8 11.0185
    endloop
  endfacet
  facet normal -0.0784569 0 0.996918
    outer loop
      vertex 95.25 88.8 11
      vertex 95.25 85.8 11
      vertex 95.4847 88.8 11.0185
    endloop
  endfacet
  facet normal -0.233447 0 0.972369
    outer loop
      vertex 95.4847 85.8 11.0185
      vertex 95.7135 85.8 11.0734
      vertex 95.7135 88.8 11.0734
    endloop
  endfacet
  facet normal -0.233447 0 0.972369
    outer loop
      vertex 95.4847 88.8 11.0185
      vertex 95.4847 85.8 11.0185
      vertex 95.7135 88.8 11.0734
    endloop
  endfacet
  facet normal -0.382682 0 0.92388
    outer loop
      vertex 95.7135 85.8 11.0734
      vertex 95.931 85.8 11.1635
      vertex 95.931 88.8 11.1635
    endloop
  endfacet
  facet normal -0.382682 0 0.92388
    outer loop
      vertex 95.7135 88.8 11.0734
      vertex 95.7135 85.8 11.0734
      vertex 95.931 88.8 11.1635
    endloop
  endfacet
  facet normal -0.522501 0 0.852639
    outer loop
      vertex 95.931 85.8 11.1635
      vertex 96.1317 85.8 11.2865
      vertex 96.1317 88.8 11.2865
    endloop
  endfacet
  facet normal -0.522501 0 0.852639
    outer loop
      vertex 95.931 88.8 11.1635
      vertex 95.931 85.8 11.1635
      vertex 96.1317 88.8 11.2865
    endloop
  endfacet
  facet normal -0.649448 0 0.760406
    outer loop
      vertex 96.1317 85.8 11.2865
      vertex 96.3107 85.8 11.4393
      vertex 96.3107 88.8 11.4393
    endloop
  endfacet
  facet normal -0.649448 0 0.760406
    outer loop
      vertex 96.1317 88.8 11.2865
      vertex 96.1317 85.8 11.2865
      vertex 96.3107 88.8 11.4393
    endloop
  endfacet
  facet normal -0.760406 0 0.649448
    outer loop
      vertex 96.4635 85.8 11.6183
      vertex 96.4635 88.8 11.6183
      vertex 96.3107 85.8 11.4393
    endloop
  endfacet
  facet normal -0.760406 0 0.649448
    outer loop
      vertex 96.3107 85.8 11.4393
      vertex 96.4635 88.8 11.6183
      vertex 96.3107 88.8 11.4393
    endloop
  endfacet
  facet normal -0.852639 0 0.522501
    outer loop
      vertex 96.5865 85.8 11.819
      vertex 96.5865 88.8 11.819
      vertex 96.4635 85.8 11.6183
    endloop
  endfacet
  facet normal -0.852639 0 0.522501
    outer loop
      vertex 96.4635 85.8 11.6183
      vertex 96.5865 88.8 11.819
      vertex 96.4635 88.8 11.6183
    endloop
  endfacet
  facet normal -0.92388 0 0.382682
    outer loop
      vertex 96.6766 85.8 12.0365
      vertex 96.6766 88.8 12.0365
      vertex 96.5865 85.8 11.819
    endloop
  endfacet
  facet normal -0.92388 0 0.382682
    outer loop
      vertex 96.5865 85.8 11.819
      vertex 96.6766 88.8 12.0365
      vertex 96.5865 88.8 11.819
    endloop
  endfacet
  facet normal -0.972369 0 0.233447
    outer loop
      vertex 96.7315 85.8 12.2653
      vertex 96.7315 88.8 12.2653
      vertex 96.6766 85.8 12.0365
    endloop
  endfacet
  facet normal -0.972369 0 0.233447
    outer loop
      vertex 96.6766 85.8 12.0365
      vertex 96.7315 88.8 12.2653
      vertex 96.6766 88.8 12.0365
    endloop
  endfacet
  facet normal -0.996918 0 0.0784569
    outer loop
      vertex 96.75 85.8 12.5
      vertex 96.75 88.8 12.5
      vertex 96.7315 85.8 12.2653
    endloop
  endfacet
  facet normal -0.996918 0 0.0784569
    outer loop
      vertex 96.7315 85.8 12.2653
      vertex 96.75 88.8 12.5
      vertex 96.7315 88.8 12.2653
    endloop
  endfacet
  facet normal -0.996918 -0 -0.0784569
    outer loop
      vertex 96.75 85.8 12.5
      vertex 96.7315 85.8 12.7347
      vertex 96.75 88.8 12.5
    endloop
  endfacet
  facet normal -0.996918 0 -0.0784569
    outer loop
      vertex 96.75 88.8 12.5
      vertex 96.7315 85.8 12.7347
      vertex 96.7315 88.8 12.7347
    endloop
  endfacet
  facet normal -0.972369 -0 -0.233447
    outer loop
      vertex 96.7315 85.8 12.7347
      vertex 96.6766 85.8 12.9635
      vertex 96.7315 88.8 12.7347
    endloop
  endfacet
  facet normal -0.972369 0 -0.233447
    outer loop
      vertex 96.7315 88.8 12.7347
      vertex 96.6766 85.8 12.9635
      vertex 96.6766 88.8 12.9635
    endloop
  endfacet
  facet normal -0.92388 -0 -0.382682
    outer loop
      vertex 96.6766 85.8 12.9635
      vertex 96.5865 85.8 13.181
      vertex 96.6766 88.8 12.9635
    endloop
  endfacet
  facet normal -0.92388 0 -0.382682
    outer loop
      vertex 96.6766 88.8 12.9635
      vertex 96.5865 85.8 13.181
      vertex 96.5865 88.8 13.181
    endloop
  endfacet
  facet normal -0.852639 -0 -0.522501
    outer loop
      vertex 96.5865 85.8 13.181
      vertex 96.4635 85.8 13.3817
      vertex 96.5865 88.8 13.181
    endloop
  endfacet
  facet normal -0.852639 0 -0.522501
    outer loop
      vertex 96.5865 88.8 13.181
      vertex 96.4635 85.8 13.3817
      vertex 96.4635 88.8 13.3817
    endloop
  endfacet
  facet normal -0.760406 -0 -0.649448
    outer loop
      vertex 96.4635 85.8 13.3817
      vertex 96.3107 85.8 13.5607
      vertex 96.4635 88.8 13.3817
    endloop
  endfacet
  facet normal -0.760406 0 -0.649448
    outer loop
      vertex 96.4635 88.8 13.3817
      vertex 96.3107 85.8 13.5607
      vertex 96.3107 88.8 13.5607
    endloop
  endfacet
  facet normal -0.649448 -0 -0.760406
    outer loop
      vertex 96.3107 85.8 13.5607
      vertex 96.1317 85.8 13.7135
      vertex 96.3107 88.8 13.5607
    endloop
  endfacet
  facet normal -0.649448 0 -0.760406
    outer loop
      vertex 96.3107 88.8 13.5607
      vertex 96.1317 85.8 13.7135
      vertex 96.1317 88.8 13.7135
    endloop
  endfacet
  facet normal -0.522501 -0 -0.852639
    outer loop
      vertex 96.1317 85.8 13.7135
      vertex 95.931 85.8 13.8365
      vertex 96.1317 88.8 13.7135
    endloop
  endfacet
  facet normal -0.522501 0 -0.852639
    outer loop
      vertex 96.1317 88.8 13.7135
      vertex 95.931 85.8 13.8365
      vertex 95.931 88.8 13.8365
    endloop
  endfacet
  facet normal -0.382682 -0 -0.92388
    outer loop
      vertex 95.931 85.8 13.8365
      vertex 95.7135 85.8 13.9266
      vertex 95.931 88.8 13.8365
    endloop
  endfacet
  facet normal -0.382682 0 -0.92388
    outer loop
      vertex 95.931 88.8 13.8365
      vertex 95.7135 85.8 13.9266
      vertex 95.7135 88.8 13.9266
    endloop
  endfacet
  facet normal -0.233447 -0 -0.972369
    outer loop
      vertex 95.7135 85.8 13.9266
      vertex 95.4847 85.8 13.9815
      vertex 95.7135 88.8 13.9266
    endloop
  endfacet
  facet normal -0.233447 0 -0.972369
    outer loop
      vertex 95.7135 88.8 13.9266
      vertex 95.4847 85.8 13.9815
      vertex 95.4847 88.8 13.9815
    endloop
  endfacet
  facet normal -0.0784569 -0 -0.996918
    outer loop
      vertex 95.4847 85.8 13.9815
      vertex 95.25 85.8 14
      vertex 95.4847 88.8 13.9815
    endloop
  endfacet
  facet normal -0.0784569 0 -0.996918
    outer loop
      vertex 95.4847 88.8 13.9815
      vertex 95.25 85.8 14
      vertex 95.25 88.8 14
    endloop
  endfacet
  facet normal 0.0784569 0 -0.996918
    outer loop
      vertex 95.25 85.8 14
      vertex 95.0153 85.8 13.9815
      vertex 95.25 88.8 14
    endloop
  endfacet
  facet normal 0.0784569 0 -0.996918
    outer loop
      vertex 95.25 88.8 14
      vertex 95.0153 85.8 13.9815
      vertex 95.0153 88.8 13.9815
    endloop
  endfacet
  facet normal 0.233447 0 -0.972369
    outer loop
      vertex 95.0153 85.8 13.9815
      vertex 94.7865 85.8 13.9266
      vertex 95.0153 88.8 13.9815
    endloop
  endfacet
  facet normal 0.233447 0 -0.972369
    outer loop
      vertex 95.0153 88.8 13.9815
      vertex 94.7865 85.8 13.9266
      vertex 94.7865 88.8 13.9266
    endloop
  endfacet
  facet normal 0.382682 0 -0.92388
    outer loop
      vertex 94.7865 85.8 13.9266
      vertex 94.569 85.8 13.8365
      vertex 94.7865 88.8 13.9266
    endloop
  endfacet
  facet normal 0.382682 0 -0.92388
    outer loop
      vertex 94.7865 88.8 13.9266
      vertex 94.569 85.8 13.8365
      vertex 94.569 88.8 13.8365
    endloop
  endfacet
  facet normal 0.522501 0 -0.852639
    outer loop
      vertex 94.569 85.8 13.8365
      vertex 94.3683 85.8 13.7135
      vertex 94.569 88.8 13.8365
    endloop
  endfacet
  facet normal 0.522501 2.47264e-015 -0.852639
    outer loop
      vertex 94.569 88.8 13.8365
      vertex 94.3683 85.8 13.7135
      vertex 94.3683 88.8 13.7135
    endloop
  endfacet
  facet normal 0.649448 3.0764e-015 -0.760406
    outer loop
      vertex 94.3683 85.8 13.7135
      vertex 94.1893 85.8 13.5607
      vertex 94.3683 88.8 13.7135
    endloop
  endfacet
  facet normal 0.649448 0 -0.760406
    outer loop
      vertex 94.3683 88.8 13.7135
      vertex 94.1893 85.8 13.5607
      vertex 94.1893 88.8 13.5607
    endloop
  endfacet
  facet normal 0.760406 0 -0.649448
    outer loop
      vertex 94.1893 88.8 13.5607
      vertex 94.1893 85.8 13.5607
      vertex 94.0365 85.8 13.3817
    endloop
  endfacet
  facet normal 0.760406 0 -0.649448
    outer loop
      vertex 94.0365 88.8 13.3817
      vertex 94.1893 88.8 13.5607
      vertex 94.0365 85.8 13.3817
    endloop
  endfacet
  facet normal 0.852639 0 -0.522501
    outer loop
      vertex 94.0365 88.8 13.3817
      vertex 94.0365 85.8 13.3817
      vertex 93.9135 85.8 13.181
    endloop
  endfacet
  facet normal 0.852639 0 -0.522501
    outer loop
      vertex 93.9135 88.8 13.181
      vertex 94.0365 88.8 13.3817
      vertex 93.9135 85.8 13.181
    endloop
  endfacet
  facet normal 0.92388 0 -0.382682
    outer loop
      vertex 93.9135 88.8 13.181
      vertex 93.9135 85.8 13.181
      vertex 93.8234 85.8 12.9635
    endloop
  endfacet
  facet normal 0.92388 0 -0.382682
    outer loop
      vertex 93.8234 88.8 12.9635
      vertex 93.9135 88.8 13.181
      vertex 93.8234 85.8 12.9635
    endloop
  endfacet
  facet normal 0.972369 0 -0.233447
    outer loop
      vertex 93.8234 88.8 12.9635
      vertex 93.8234 85.8 12.9635
      vertex 93.7685 85.8 12.7347
    endloop
  endfacet
  facet normal 0.972369 0 -0.233447
    outer loop
      vertex 93.7685 88.8 12.7347
      vertex 93.8234 88.8 12.9635
      vertex 93.7685 85.8 12.7347
    endloop
  endfacet
  facet normal 0 4.93432e-018 0
    outer loop
      vertex 3 86.1 5.9952e-016
      vertex 124.5 86.1 5.9952e-016
      vertex 3 86.1 0
    endloop
  endfacet
  facet normal 0 4.93432e-018 0
    outer loop
      vertex 3 86.1 0
      vertex 124.5 86.1 5.9952e-016
      vertex 124.5 86.1 0
    endloop
  endfacet
  facet normal -6.66134e-016 0 0
    outer loop
      vertex 124.5 86.1 5.9952e-016
      vertex 124.5 87 3.9968e-016
      vertex 124.5 86.1 0
    endloop
  endfacet
  facet normal -1.18424e-015 7.0121e-030 -1.57898e-014
    outer loop
      vertex 124.5 86.1 0
      vertex 124.5 87 3.9968e-016
      vertex 124.5 87 -6.66134e-016
    endloop
  endfacet
  facet normal -8.30489e-018 0 -1.77171e-016
    outer loop
      vertex 124.5 86.1 0
      vertex 124.5 87 -6.66134e-016
      vertex 124.5 5 -6.66134e-016
    endloop
  endfacet
  facet normal -8.21373e-018 0 -1.75226e-016
    outer loop
      vertex 124.5 86.1 0
      vertex 124.5 5 -6.66134e-016
      vertex 124.5 5 0
    endloop
  endfacet
  facet normal 0 3.55271e-016 0
    outer loop
      vertex 124.5 87 3.9968e-016
      vertex 127.5 87 3.9968e-016
      vertex 124.5 87 -6.66134e-016
    endloop
  endfacet
  facet normal 0 1.33227e-016 0
    outer loop
      vertex 124.5 87 -6.66134e-016
      vertex 127.5 87 3.9968e-016
      vertex 127.5 87 0
    endloop
  endfacet
  facet normal 6.66134e-016 3.50605e-030 1.57898e-014
    outer loop
      vertex 127.5 87 3.9968e-016
      vertex 127.5 86.1 5.9952e-016
      vertex 127.5 86.1 0
    endloop
  endfacet
  facet normal 4.44089e-016 -0 1.57898e-014
    outer loop
      vertex 127.5 87 0
      vertex 127.5 87 3.9968e-016
      vertex 127.5 86.1 0
    endloop
  endfacet
  facet normal 0 4.85442e-018 0
    outer loop
      vertex 127.5 86.1 5.9952e-016
      vertex 251 86.1 5.9952e-016
      vertex 127.5 86.1 0
    endloop
  endfacet
  facet normal 0 4.85442e-018 0
    outer loop
      vertex 127.5 86.1 0
      vertex 251 86.1 5.9952e-016
      vertex 251 86.1 0
    endloop
  endfacet
  facet normal -6.66134e-016 0 0
    outer loop
      vertex 251 86.1 5.9952e-016
      vertex 251 87 3.9968e-016
      vertex 251 86.1 0
    endloop
  endfacet
  facet normal -1.18424e-015 1.40242e-029 -3.15797e-014
    outer loop
      vertex 251 86.1 0
      vertex 251 87 3.9968e-016
      vertex 251 87 -6.66134e-016
    endloop
  endfacet
  facet normal -8.30489e-018 0 -3.54342e-016
    outer loop
      vertex 251 86.1 0
      vertex 251 87 -6.66134e-016
      vertex 251 5 -6.66134e-016
    endloop
  endfacet
  facet normal -8.21373e-018 0 -3.50453e-016
    outer loop
      vertex 251 86.1 0
      vertex 251 5 -6.66134e-016
      vertex 251 5 0
    endloop
  endfacet
  facet normal 0 3.55271e-016 0
    outer loop
      vertex 251 87 3.9968e-016
      vertex 254 87 3.9968e-016
      vertex 251 87 -6.66134e-016
    endloop
  endfacet
  facet normal 0 1.33227e-016 0
    outer loop
      vertex 251 87 -6.66134e-016
      vertex 254 87 3.9968e-016
      vertex 254 87 0
    endloop
  endfacet
  facet normal 2.22045e-016 0 -1
    outer loop
      vertex 124.5 5 -6.66134e-016
      vertex 124.5 87 -6.66134e-016
      vertex 127.5 5 0
    endloop
  endfacet
  facet normal 2.22045e-016 0 -1
    outer loop
      vertex 127.5 86.1 0
      vertex 124.5 87 -6.66134e-016
      vertex 127.5 87 0
    endloop
  endfacet
  facet normal 2.22045e-016 0 -1
    outer loop
      vertex 127.5 5 0
      vertex 124.5 87 -6.66134e-016
      vertex 127.5 86.1 0
    endloop
  endfacet
  facet normal 0 -2.22045e-016 0
    outer loop
      vertex 127.5 5 0
      vertex 124.5 5 0
      vertex 124.5 5 -6.66134e-016
    endloop
  endfacet
endsolid OpenSCAD_Model
