solid OpenSCAD_Model
  facet normal 0 -0 1.64061e-015
    outer loop
      vertex -1.64061e-015 20 12
      vertex -1.64061e-015 19 12
      vertex 0 19 12
    endloop
  endfacet
  facet normal 0 0 1.64061e-015
    outer loop
      vertex 0 20 12
      vertex -1.64061e-015 20 12
      vertex 0 19 12
    endloop
  endfacet
  facet normal 0 -0.581238 0.813733
    outer loop
      vertex 0 5 2
      vertex 2 5 2
      vertex 2 18.8 11.8571
    endloop
  endfacet
  facet normal 0 -1.4153e-017 1.98142e-017
    outer loop
      vertex -2.73436e-016 5 2
      vertex 0 5 2
      vertex 2 18.8 11.8571
    endloop
  endfacet
  facet normal 0 -0.581238 0.813733
    outer loop
      vertex 54 18.8 11.8571
      vertex 104 19 12
      vertex 2 18.8 11.8571
    endloop
  endfacet
  facet normal -4.13477e-016 -0.581238 0.813733
    outer loop
      vertex 0 19 12
      vertex -2.73436e-016 5 2
      vertex 2 18.8 11.8571
    endloop
  endfacet
  facet normal 0 -0.581238 0.813733
    outer loop
      vertex 56 18.8 11.8571
      vertex 104 19 12
      vertex 54 18.8 11.8571
    endloop
  endfacet
  facet normal 0 -0.581238 0.813733
    outer loop
      vertex 54 5 2
      vertex 56 5 2
      vertex 54 18.8 11.8571
    endloop
  endfacet
  facet normal 0 -0.581238 0.813733
    outer loop
      vertex 56 5 2
      vertex 56 18.8 11.8571
      vertex 54 18.8 11.8571
    endloop
  endfacet
  facet normal 0 -0.581238 0.813733
    outer loop
      vertex 102 18.8 11.8571
      vertex 104 19 12
      vertex 56 18.8 11.8571
    endloop
  endfacet
  facet normal 0 -0.581238 0.813733
    outer loop
      vertex 104 18.8 11.8571
      vertex 104 19 12
      vertex 102 18.8 11.8571
    endloop
  endfacet
  facet normal 0 -0.581238 0.813733
    outer loop
      vertex 102 5 2
      vertex 104 5 2
      vertex 102 18.8 11.8571
    endloop
  endfacet
  facet normal 0 -0.581238 0.813733
    outer loop
      vertex 104 5 2
      vertex 104 18.8 11.8571
      vertex 102 18.8 11.8571
    endloop
  endfacet
  facet normal 0 -0.581238 0.813733
    outer loop
      vertex 104 19 12
      vertex 0 19 12
      vertex 2 18.8 11.8571
    endloop
  endfacet
  facet normal 0 -8.37048e-017 1.17187e-016
    outer loop
      vertex 0 19 12
      vertex -1.64061e-015 19 12
      vertex -2.73436e-016 5 2
    endloop
  endfacet
  facet normal -1 -0 -1.36718e-016
    outer loop
      vertex -1.64061e-015 19 12
      vertex -1.64061e-015 20 12
      vertex -2.73436e-016 5 2
    endloop
  endfacet
  facet normal -1 -3.75688e-033 -1.36718e-016
    outer loop
      vertex -2.73436e-016 5 2
      vertex -1.64061e-015 20 12
      vertex 0 20 -4.44089e-016
    endloop
  endfacet
  facet normal -1 0 -1.36718e-016
    outer loop
      vertex -2.73436e-016 5 2
      vertex 0 20 -4.44089e-016
      vertex 0 5 -4.44089e-016
    endloop
  endfacet
  facet normal 0 0 0
    outer loop
      vertex -1.64061e-015 20 12
      vertex 0 20 1.77636e-016
      vertex 0 20 -4.44089e-016
    endloop
  endfacet
  facet normal 0 1.36718e-016 0
    outer loop
      vertex -1.64061e-015 20 12
      vertex 0 20 12
      vertex 0 20 1.77636e-016
    endloop
  endfacet
  facet normal 0 3.10862e-016 -0
    outer loop
      vertex 0 20 1.77636e-016
      vertex 2 20 1.77636e-016
      vertex 0 20 -4.44089e-016
    endloop
  endfacet
  facet normal 0 8.88178e-017 -0
    outer loop
      vertex 2 20 1.77636e-016
      vertex 2 20 0
      vertex 0 20 -4.44089e-016
    endloop
  endfacet
  facet normal -3.19744e-015 0 -0
    outer loop
      vertex 0 20 12
      vertex 0 19 12
      vertex 0 20.8 12
    endloop
  endfacet
  facet normal -1 -0 0
    outer loop
      vertex 0 20 12
      vertex 0 20.8 12
      vertex 0 20.8 0
    endloop
  endfacet
  facet normal -1 0 0
    outer loop
      vertex 0 20 12
      vertex 0 20.8 0
      vertex 0 20 1.77636e-016
    endloop
  endfacet
  facet normal 0 -3.03575e-032 0
    outer loop
      vertex 0 5 0
      vertex -2.73436e-016 5 2
      vertex 0 5 -4.44089e-016
    endloop
  endfacet
  facet normal 0 -1.36718e-016 0
    outer loop
      vertex 0 5 0
      vertex 0 5 2
      vertex -2.73436e-016 5 2
    endloop
  endfacet
  facet normal 0 -2.22045e-016 0
    outer loop
      vertex 2 5 0
      vertex 0 5 0
      vertex 0 5 -4.44089e-016
    endloop
  endfacet
  facet normal 0 -0 1
    outer loop
      vertex 0 20.8 12
      vertex 0 19 12
      vertex 104 19 12
    endloop
  endfacet
  facet normal 0 0 1
    outer loop
      vertex 104 20.8 12
      vertex 0 20.8 12
      vertex 104 19 12
    endloop
  endfacet
  facet normal 1 0 -0
    outer loop
      vertex 104 5 2
      vertex 104 5 0
      vertex 104 19.1 0
    endloop
  endfacet
  facet normal 1 0 0
    outer loop
      vertex 104 20.8 0
      vertex 104 5 2
      vertex 104 19.1 3.77476e-016
    endloop
  endfacet
  facet normal 2.67713e-017 -0 0
    outer loop
      vertex 104 19.1 3.77476e-016
      vertex 104 5 2
      vertex 104 19.1 0
    endloop
  endfacet
  facet normal 1 0 -0
    outer loop
      vertex 104 18.8 2
      vertex 104 5 2
      vertex 104 20.8 0
    endloop
  endfacet
  facet normal 1 0 -0
    outer loop
      vertex 104 19 12
      vertex 104 18.8 11.8571
      vertex 104 20.8 12
    endloop
  endfacet
  facet normal 1 0 0
    outer loop
      vertex 104 20.8 12
      vertex 104 18.8 2
      vertex 104 20.8 0
    endloop
  endfacet
  facet normal 1 0 -0
    outer loop
      vertex 104 18.8 11.8571
      vertex 104 18.8 2
      vertex 104 20.8 12
    endloop
  endfacet
  facet normal 1 -0 0
    outer loop
      vertex 104 18.8 2
      vertex 104 18.8 11.8571
      vertex 104 5 2
    endloop
  endfacet
  facet normal 0 0 1
    outer loop
      vertex 2 5 2
      vertex 0 5 2
      vertex 0.061558 4.21783 2
    endloop
  endfacet
  facet normal 0 0 1
    outer loop
      vertex 0.544967 2.73005 2
      vertex 2 5 2
      vertex 0.244717 3.45492 2
    endloop
  endfacet
  facet normal 0 0 1
    outer loop
      vertex 0.244717 3.45492 2
      vertex 2 5 2
      vertex 0.061558 4.21783 2
    endloop
  endfacet
  facet normal 0 0 1
    outer loop
      vertex 0.954915 2.06107 2
      vertex 2 5 2
      vertex 0.544967 2.73005 2
    endloop
  endfacet
  facet normal 0 0 1
    outer loop
      vertex 1.46447 1.46447 2
      vertex 2 5 2
      vertex 0.954915 2.06107 2
    endloop
  endfacet
  facet normal 0 0 1
    outer loop
      vertex 2.06107 0.954915 2
      vertex 2 5 2
      vertex 1.46447 1.46447 2
    endloop
  endfacet
  facet normal 0 0 1
    outer loop
      vertex 2.73005 0.544967 2
      vertex 2 5 2
      vertex 2.06107 0.954915 2
    endloop
  endfacet
  facet normal 0 0 1
    outer loop
      vertex 3.45492 0.244717 2
      vertex 2 5 2
      vertex 2.73005 0.544967 2
    endloop
  endfacet
  facet normal 0 0 1
    outer loop
      vertex 4.21783 0.061558 2
      vertex 2 5 2
      vertex 3.45492 0.244717 2
    endloop
  endfacet
  facet normal 0 0 1
    outer loop
      vertex 5 0 2
      vertex 2 5 2
      vertex 4.21783 0.061558 2
    endloop
  endfacet
  facet normal -0 0 1
    outer loop
      vertex 99 0 2
      vertex 2 5 2
      vertex 5 0 2
    endloop
  endfacet
  facet normal -0 0 1
    outer loop
      vertex 99.7822 0.061558 2
      vertex 2 5 2
      vertex 99 0 2
    endloop
  endfacet
  facet normal -0 0 1
    outer loop
      vertex 100.545 0.244717 2
      vertex 2 5 2
      vertex 99.7822 0.061558 2
    endloop
  endfacet
  facet normal -0 0 1
    outer loop
      vertex 101.27 0.544967 2
      vertex 2 5 2
      vertex 100.545 0.244717 2
    endloop
  endfacet
  facet normal -0 0 1
    outer loop
      vertex 101.939 0.954915 2
      vertex 2 5 2
      vertex 101.27 0.544967 2
    endloop
  endfacet
  facet normal -0 0 1
    outer loop
      vertex 102.536 1.46447 2
      vertex 2 5 2
      vertex 101.939 0.954915 2
    endloop
  endfacet
  facet normal -0 0 1
    outer loop
      vertex 103.045 2.06107 2
      vertex 2 5 2
      vertex 102.536 1.46447 2
    endloop
  endfacet
  facet normal -0 0 1
    outer loop
      vertex 103.455 2.73005 2
      vertex 2 5 2
      vertex 103.045 2.06107 2
    endloop
  endfacet
  facet normal -0 0 1
    outer loop
      vertex 103.755 3.45492 2
      vertex 2 5 2
      vertex 103.455 2.73005 2
    endloop
  endfacet
  facet normal -0 0 1
    outer loop
      vertex 103.938 4.21783 2
      vertex 2 5 2
      vertex 103.755 3.45492 2
    endloop
  endfacet
  facet normal 0 -0 1
    outer loop
      vertex 54 5 2
      vertex 2 5 2
      vertex 103.938 4.21783 2
    endloop
  endfacet
  facet normal 0 0 1
    outer loop
      vertex 104 5 2
      vertex 102 5 2
      vertex 103.938 4.21783 2
    endloop
  endfacet
  facet normal 0 -0 1
    outer loop
      vertex 102 5 2
      vertex 56 5 2
      vertex 103.938 4.21783 2
    endloop
  endfacet
  facet normal 0 -0 1
    outer loop
      vertex 56 5 2
      vertex 54 5 2
      vertex 103.938 4.21783 2
    endloop
  endfacet
  facet normal 0 -0 1
    outer loop
      vertex 61.5746 7.71799 2
      vertex 56 5 2
      vertex 102 5 2
    endloop
  endfacet
  facet normal -0 -0 1
    outer loop
      vertex 94.7153 7.59789 2
      vertex 56 18.8 2
      vertex 102 5 2
    endloop
  endfacet
  facet normal 0 0 1
    outer loop
      vertex 61.2847 7.59789 2
      vertex 60.9795 7.52462 2
      vertex 56 5 2
    endloop
  endfacet
  facet normal 0 -0 1
    outer loop
      vertex 56 18.8 2
      vertex 56 5 2
      vertex 58.6913 9.18713 2
    endloop
  endfacet
  facet normal 0 0 1
    outer loop
      vertex 60.9795 7.52462 2
      vertex 60.6667 7.5 2
      vertex 56 5 2
    endloop
  endfacet
  facet normal 0 0 1
    outer loop
      vertex 56 18.8 2
      vertex 58.6913 9.18713 2
      vertex 58.6667 9.5 2
    endloop
  endfacet
  facet normal 0 0 1
    outer loop
      vertex 77.382 7.59789 2
      vertex 77.092 7.71799 2
      vertex 62.642 9.18713 2
    endloop
  endfacet
  facet normal 0 0 1
    outer loop
      vertex 56 18.8 2
      vertex 58.6667 9.5 2
      vertex 58.6913 9.81287 2
    endloop
  endfacet
  facet normal 0 0 1
    outer loop
      vertex 76.8244 7.88197 2
      vertex 62.642 9.81287 2
      vertex 62.6667 9.5 2
    endloop
  endfacet
  facet normal 0 0 1
    outer loop
      vertex 56 18.8 2
      vertex 58.6913 9.81287 2
      vertex 58.7646 10.118 2
    endloop
  endfacet
  facet normal 0 0 1
    outer loop
      vertex 56 18.8 2
      vertex 58.7646 10.118 2
      vertex 58.8847 10.408 2
    endloop
  endfacet
  facet normal 0 -0 1
    outer loop
      vertex 78.908 7.71799 2
      vertex 78.618 7.59789 2
      vertex 102 5 2
    endloop
  endfacet
  facet normal 0 0 1
    outer loop
      vertex 56 18.8 2
      vertex 58.8847 10.408 2
      vertex 59.0486 10.6756 2
    endloop
  endfacet
  facet normal 0 -0 1
    outer loop
      vertex 79.1756 7.88197 2
      vertex 78.908 7.71799 2
      vertex 102 5 2
    endloop
  endfacet
  facet normal 0 0 1
    outer loop
      vertex 56 18.8 2
      vertex 59.0486 10.6756 2
      vertex 59.2525 10.9142 2
    endloop
  endfacet
  facet normal 0 0 1
    outer loop
      vertex 56 18.8 2
      vertex 59.2525 10.9142 2
      vertex 59.4911 11.118 2
    endloop
  endfacet
  facet normal 0 0 1
    outer loop
      vertex 62.2847 10.6756 2
      vertex 62.4487 10.408 2
      vertex 76.218 8.59202 2
    endloop
  endfacet
  facet normal 0 0 1
    outer loop
      vertex 56 18.8 2
      vertex 59.4911 11.118 2
      vertex 59.7587 11.282 2
    endloop
  endfacet
  facet normal 0 0 1
    outer loop
      vertex 56 18.8 2
      vertex 59.7587 11.282 2
      vertex 60.0486 11.4021 2
    endloop
  endfacet
  facet normal 0 0 1
    outer loop
      vertex 94.4254 11.282 2
      vertex 94.7153 11.4021 2
      vertex 102 18.8 2
    endloop
  endfacet
  facet normal 0 0 1
    outer loop
      vertex 56 18.8 2
      vertex 60.0486 11.4021 2
      vertex 60.3538 11.4754 2
    endloop
  endfacet
  facet normal 0 0 1
    outer loop
      vertex 79.782 10.408 2
      vertex 79.9021 10.118 2
      vertex 102 5 2
    endloop
  endfacet
  facet normal 0 0 1
    outer loop
      vertex 56 18.8 2
      vertex 60.3538 11.4754 2
      vertex 60.6667 11.5 2
    endloop
  endfacet
  facet normal 0 0 1
    outer loop
      vertex 56 18.8 2
      vertex 60.6667 11.5 2
      vertex 60.9795 11.4754 2
    endloop
  endfacet
  facet normal 0 0 1
    outer loop
      vertex 77.092 7.71799 2
      vertex 76.8244 7.88197 2
      vertex 62.6667 9.5 2
    endloop
  endfacet
  facet normal -0 -0 1
    outer loop
      vertex 77.6871 7.52462 2
      vertex 62.5688 8.88197 2
      vertex 102 5 2
    endloop
  endfacet
  facet normal 0 0 1
    outer loop
      vertex 76.218 8.59202 2
      vertex 62.0809 10.9142 2
      vertex 62.2847 10.6756 2
    endloop
  endfacet
  facet normal 0 -0 1
    outer loop
      vertex 62.4487 8.59202 2
      vertex 62.2847 8.32443 2
      vertex 102 5 2
    endloop
  endfacet
  facet normal 0 -0 1
    outer loop
      vertex 62.2847 8.32443 2
      vertex 62.0809 8.08579 2
      vertex 102 5 2
    endloop
  endfacet
  facet normal -0 0 1
    outer loop
      vertex 60.6667 7.5 2
      vertex 60.3538 7.52462 2
      vertex 56 5 2
    endloop
  endfacet
  facet normal 0 -0 1
    outer loop
      vertex 62.0809 8.08579 2
      vertex 61.8422 7.88197 2
      vertex 102 5 2
    endloop
  endfacet
  facet normal 0 -0 1
    outer loop
      vertex 61.8422 7.88197 2
      vertex 61.5746 7.71799 2
      vertex 102 5 2
    endloop
  endfacet
  facet normal 0 -0 1
    outer loop
      vertex 61.2847 7.59789 2
      vertex 56 5 2
      vertex 61.5746 7.71799 2
    endloop
  endfacet
  facet normal 0 0 1
    outer loop
      vertex 76.0979 8.88197 2
      vertex 61.2847 11.4021 2
      vertex 61.5746 11.282 2
    endloop
  endfacet
  facet normal 0 0 1
    outer loop
      vertex 76.0979 8.88197 2
      vertex 61.5746 11.282 2
      vertex 61.8422 11.118 2
    endloop
  endfacet
  facet normal 0 -0 1
    outer loop
      vertex 60.0486 7.59789 2
      vertex 56 5 2
      vertex 60.3538 7.52462 2
    endloop
  endfacet
  facet normal 0 -0 1
    outer loop
      vertex 59.7587 7.71799 2
      vertex 56 5 2
      vertex 60.0486 7.59789 2
    endloop
  endfacet
  facet normal 0 -0 1
    outer loop
      vertex 59.4911 7.88197 2
      vertex 56 5 2
      vertex 59.7587 7.71799 2
    endloop
  endfacet
  facet normal 0 -0 1
    outer loop
      vertex 59.2525 8.08579 2
      vertex 56 5 2
      vertex 59.4911 7.88197 2
    endloop
  endfacet
  facet normal 0 -0 1
    outer loop
      vertex 59.0486 8.32443 2
      vertex 56 5 2
      vertex 59.2525 8.08579 2
    endloop
  endfacet
  facet normal 0 -0 1
    outer loop
      vertex 58.8847 8.59202 2
      vertex 56 5 2
      vertex 59.0486 8.32443 2
    endloop
  endfacet
  facet normal 0 -0 1
    outer loop
      vertex 58.7646 8.88197 2
      vertex 56 5 2
      vertex 58.8847 8.59202 2
    endloop
  endfacet
  facet normal 0 -0 1
    outer loop
      vertex 58.6913 9.18713 2
      vertex 56 5 2
      vertex 58.7646 8.88197 2
    endloop
  endfacet
  facet normal 0 0 1
    outer loop
      vertex 56 18.8 2
      vertex 60.9795 11.4754 2
      vertex 76.0246 9.18713 2
    endloop
  endfacet
  facet normal 0 0 1
    outer loop
      vertex 56 18.8 2
      vertex 76.0246 9.18713 2
      vertex 76 9.5 2
    endloop
  endfacet
  facet normal 0 -0 1
    outer loop
      vertex 79.9021 8.88197 2
      vertex 79.782 8.59202 2
      vertex 102 5 2
    endloop
  endfacet
  facet normal 0 0 1
    outer loop
      vertex 56 18.8 2
      vertex 76 9.5 2
      vertex 76.0246 9.81287 2
    endloop
  endfacet
  facet normal 0 -0 1
    outer loop
      vertex 79.9754 9.18713 2
      vertex 79.9021 8.88197 2
      vertex 102 5 2
    endloop
  endfacet
  facet normal 0 0 1
    outer loop
      vertex 56 18.8 2
      vertex 76.0246 9.81287 2
      vertex 76.0979 10.118 2
    endloop
  endfacet
  facet normal 0 -0 1
    outer loop
      vertex 80 9.5 2
      vertex 79.9754 9.18713 2
      vertex 102 5 2
    endloop
  endfacet
  facet normal 0 0 1
    outer loop
      vertex 56 18.8 2
      vertex 76.0979 10.118 2
      vertex 76.218 10.408 2
    endloop
  endfacet
  facet normal 0 0 1
    outer loop
      vertex 79.9754 9.81287 2
      vertex 80 9.5 2
      vertex 102 5 2
    endloop
  endfacet
  facet normal 0 0 1
    outer loop
      vertex 56 18.8 2
      vertex 76.218 10.408 2
      vertex 76.382 10.6756 2
    endloop
  endfacet
  facet normal 0 0 1
    outer loop
      vertex 79.9021 10.118 2
      vertex 79.9754 9.81287 2
      vertex 102 5 2
    endloop
  endfacet
  facet normal 0 0 1
    outer loop
      vertex 56 18.8 2
      vertex 76.382 10.6756 2
      vertex 76.5858 10.9142 2
    endloop
  endfacet
  facet normal 0 -0 1
    outer loop
      vertex 79.782 8.59202 2
      vertex 79.618 8.32443 2
      vertex 102 5 2
    endloop
  endfacet
  facet normal 0 0 1
    outer loop
      vertex 56 18.8 2
      vertex 76.5858 10.9142 2
      vertex 76.8244 11.118 2
    endloop
  endfacet
  facet normal 0 0 1
    outer loop
      vertex 56 18.8 2
      vertex 76.8244 11.118 2
      vertex 77.092 11.282 2
    endloop
  endfacet
  facet normal 0 0 1
    outer loop
      vertex 79.618 10.6756 2
      vertex 79.782 10.408 2
      vertex 102 5 2
    endloop
  endfacet
  facet normal 0 0 1
    outer loop
      vertex 56 18.8 2
      vertex 77.092 11.282 2
      vertex 77.382 11.4021 2
    endloop
  endfacet
  facet normal 0 0 1
    outer loop
      vertex 79.4142 10.9142 2
      vertex 79.618 10.6756 2
      vertex 102 5 2
    endloop
  endfacet
  facet normal 0 0 1
    outer loop
      vertex 56 18.8 2
      vertex 77.382 11.4021 2
      vertex 77.6871 11.4754 2
    endloop
  endfacet
  facet normal 0 0 1
    outer loop
      vertex 79.1756 11.118 2
      vertex 79.4142 10.9142 2
      vertex 102 5 2
    endloop
  endfacet
  facet normal 0 0 1
    outer loop
      vertex 56 18.8 2
      vertex 77.6871 11.4754 2
      vertex 78 11.5 2
    endloop
  endfacet
  facet normal 0 0 1
    outer loop
      vertex 78.908 11.282 2
      vertex 79.1756 11.118 2
      vertex 102 5 2
    endloop
  endfacet
  facet normal 0 0 1
    outer loop
      vertex 56 18.8 2
      vertex 78 11.5 2
      vertex 78.3129 11.4754 2
    endloop
  endfacet
  facet normal 0 0 1
    outer loop
      vertex 56 18.8 2
      vertex 78.618 11.4021 2
      vertex 102 5 2
    endloop
  endfacet
  facet normal 0 0 1
    outer loop
      vertex 56 18.8 2
      vertex 78.3129 11.4754 2
      vertex 78.618 11.4021 2
    endloop
  endfacet
  facet normal 0 0 1
    outer loop
      vertex 76.218 8.59202 2
      vertex 76.0979 8.88197 2
      vertex 61.8422 11.118 2
    endloop
  endfacet
  facet normal 0 0 1
    outer loop
      vertex 76.218 8.59202 2
      vertex 61.8422 11.118 2
      vertex 62.0809 10.9142 2
    endloop
  endfacet
  facet normal 0 0 1
    outer loop
      vertex 76.382 8.32443 2
      vertex 62.4487 10.408 2
      vertex 62.5688 10.118 2
    endloop
  endfacet
  facet normal 0 0 1
    outer loop
      vertex 76.382 8.32443 2
      vertex 76.218 8.59202 2
      vertex 62.4487 10.408 2
    endloop
  endfacet
  facet normal 0 0 1
    outer loop
      vertex 77.092 7.71799 2
      vertex 62.6667 9.5 2
      vertex 62.642 9.18713 2
    endloop
  endfacet
  facet normal -0 -0 1
    outer loop
      vertex 78 7.5 2
      vertex 77.6871 7.52462 2
      vertex 102 5 2
    endloop
  endfacet
  facet normal 0 -0 1
    outer loop
      vertex 78.618 7.59789 2
      vertex 78.3129 7.52462 2
      vertex 102 5 2
    endloop
  endfacet
  facet normal 0 0 1
    outer loop
      vertex 76.0979 8.88197 2
      vertex 60.9795 11.4754 2
      vertex 61.2847 11.4021 2
    endloop
  endfacet
  facet normal 0 -0 1
    outer loop
      vertex 62.5688 8.88197 2
      vertex 62.4487 8.59202 2
      vertex 102 5 2
    endloop
  endfacet
  facet normal 0 0 1
    outer loop
      vertex 77.6871 7.52462 2
      vertex 77.382 7.59789 2
      vertex 62.642 9.18713 2
    endloop
  endfacet
  facet normal 0 0 1
    outer loop
      vertex 76.8244 7.88197 2
      vertex 76.5858 8.08579 2
      vertex 62.642 9.81287 2
    endloop
  endfacet
  facet normal 0 -0 1
    outer loop
      vertex 78.3129 7.52462 2
      vertex 78 7.5 2
      vertex 102 5 2
    endloop
  endfacet
  facet normal 0 0 1
    outer loop
      vertex 76.5858 8.08579 2
      vertex 76.382 8.32443 2
      vertex 62.5688 10.118 2
    endloop
  endfacet
  facet normal 0 -0 1
    outer loop
      vertex 62.642 9.18713 2
      vertex 62.5688 8.88197 2
      vertex 77.6871 7.52462 2
    endloop
  endfacet
  facet normal 0 -0 1
    outer loop
      vertex 79.4142 8.08579 2
      vertex 79.1756 7.88197 2
      vertex 102 5 2
    endloop
  endfacet
  facet normal 0 -0 1
    outer loop
      vertex 79.618 8.32443 2
      vertex 79.4142 8.08579 2
      vertex 102 5 2
    endloop
  endfacet
  facet normal 0 0 1
    outer loop
      vertex 76.5858 8.08579 2
      vertex 62.5688 10.118 2
      vertex 62.642 9.81287 2
    endloop
  endfacet
  facet normal 0 0 1
    outer loop
      vertex 94.7153 7.59789 2
      vertex 94.4254 7.71799 2
      vertex 56 18.8 2
    endloop
  endfacet
  facet normal -0 -0 1
    outer loop
      vertex 93.3333 9.5 2
      vertex 56 18.8 2
      vertex 93.358 9.18713 2
    endloop
  endfacet
  facet normal -0 0 1
    outer loop
      vertex 93.358 9.81287 2
      vertex 56 18.8 2
      vertex 93.3333 9.5 2
    endloop
  endfacet
  facet normal -0 0 1
    outer loop
      vertex 93.4312 10.118 2
      vertex 56 18.8 2
      vertex 93.358 9.81287 2
    endloop
  endfacet
  facet normal -0 0 1
    outer loop
      vertex 93.5513 10.408 2
      vertex 56 18.8 2
      vertex 93.4312 10.118 2
    endloop
  endfacet
  facet normal 0 0 1
    outer loop
      vertex 94.7153 11.4021 2
      vertex 95.0205 11.4754 2
      vertex 102 18.8 2
    endloop
  endfacet
  facet normal -0 0 1
    outer loop
      vertex 93.7153 10.6756 2
      vertex 56 18.8 2
      vertex 93.5513 10.408 2
    endloop
  endfacet
  facet normal -0 0 1
    outer loop
      vertex 93.9191 10.9142 2
      vertex 56 18.8 2
      vertex 93.7153 10.6756 2
    endloop
  endfacet
  facet normal 0 0 1
    outer loop
      vertex 102 18.8 2
      vertex 56 18.8 2
      vertex 93.9191 10.9142 2
    endloop
  endfacet
  facet normal 0 0 1
    outer loop
      vertex 102 18.8 2
      vertex 93.9191 10.9142 2
      vertex 94.1578 11.118 2
    endloop
  endfacet
  facet normal 0 0 1
    outer loop
      vertex 95.0205 11.4754 2
      vertex 95.3333 11.5 2
      vertex 102 18.8 2
    endloop
  endfacet
  facet normal 0 0 1
    outer loop
      vertex 95.3333 11.5 2
      vertex 95.6462 11.4754 2
      vertex 102 18.8 2
    endloop
  endfacet
  facet normal 0 0 1
    outer loop
      vertex 96.9514 10.6756 2
      vertex 97.1153 10.408 2
      vertex 102 5 2
    endloop
  endfacet
  facet normal 0 -0 1
    outer loop
      vertex 96.5089 7.88197 2
      vertex 96.2413 7.71799 2
      vertex 102 5 2
    endloop
  endfacet
  facet normal 0 0 1
    outer loop
      vertex 97.3087 9.81287 2
      vertex 97.3333 9.5 2
      vertex 102 5 2
    endloop
  endfacet
  facet normal 0 0 1
    outer loop
      vertex 102 18.8 2
      vertex 95.6462 11.4754 2
      vertex 95.9514 11.4021 2
    endloop
  endfacet
  facet normal 0 0 1
    outer loop
      vertex 97.2354 10.118 2
      vertex 97.3087 9.81287 2
      vertex 102 5 2
    endloop
  endfacet
  facet normal 0 0 1
    outer loop
      vertex 102 18.8 2
      vertex 95.9514 11.4021 2
      vertex 96.2413 11.282 2
    endloop
  endfacet
  facet normal 0 0 1
    outer loop
      vertex 97.1153 10.408 2
      vertex 97.2354 10.118 2
      vertex 102 5 2
    endloop
  endfacet
  facet normal 0 0 1
    outer loop
      vertex 102 18.8 2
      vertex 96.2413 11.282 2
      vertex 96.5089 11.118 2
    endloop
  endfacet
  facet normal 0 0 1
    outer loop
      vertex 102 18.8 2
      vertex 96.7475 10.9142 2
      vertex 102 5 2
    endloop
  endfacet
  facet normal 0 0 1
    outer loop
      vertex 102 18.8 2
      vertex 96.5089 11.118 2
      vertex 96.7475 10.9142 2
    endloop
  endfacet
  facet normal 0 0 1
    outer loop
      vertex 96.7475 10.9142 2
      vertex 96.9514 10.6756 2
      vertex 102 5 2
    endloop
  endfacet
  facet normal 0 -0 1
    outer loop
      vertex 97.3333 9.5 2
      vertex 97.3087 9.18713 2
      vertex 102 5 2
    endloop
  endfacet
  facet normal 0 -0 1
    outer loop
      vertex 97.3087 9.18713 2
      vertex 97.2354 8.88197 2
      vertex 102 5 2
    endloop
  endfacet
  facet normal 0 -0 1
    outer loop
      vertex 97.2354 8.88197 2
      vertex 97.1153 8.59202 2
      vertex 102 5 2
    endloop
  endfacet
  facet normal 0 -0 1
    outer loop
      vertex 97.1153 8.59202 2
      vertex 96.9514 8.32443 2
      vertex 102 5 2
    endloop
  endfacet
  facet normal 0 -0 1
    outer loop
      vertex 96.9514 8.32443 2
      vertex 96.7475 8.08579 2
      vertex 102 5 2
    endloop
  endfacet
  facet normal 0 -0 1
    outer loop
      vertex 96.7475 8.08579 2
      vertex 96.5089 7.88197 2
      vertex 102 5 2
    endloop
  endfacet
  facet normal 0 -0 1
    outer loop
      vertex 96.2413 7.71799 2
      vertex 95.9514 7.59789 2
      vertex 102 5 2
    endloop
  endfacet
  facet normal 0 -0 1
    outer loop
      vertex 95.9514 7.59789 2
      vertex 95.6462 7.52462 2
      vertex 102 5 2
    endloop
  endfacet
  facet normal 0 -0 1
    outer loop
      vertex 95.6462 7.52462 2
      vertex 95.3333 7.5 2
      vertex 102 5 2
    endloop
  endfacet
  facet normal -0 -0 1
    outer loop
      vertex 95.3333 7.5 2
      vertex 95.0205 7.52462 2
      vertex 102 5 2
    endloop
  endfacet
  facet normal -0 -0 1
    outer loop
      vertex 95.0205 7.52462 2
      vertex 94.7153 7.59789 2
      vertex 102 5 2
    endloop
  endfacet
  facet normal 0 0 1
    outer loop
      vertex 94.4254 7.71799 2
      vertex 94.1578 7.88197 2
      vertex 56 18.8 2
    endloop
  endfacet
  facet normal 0 0 1
    outer loop
      vertex 94.1578 7.88197 2
      vertex 93.9191 8.08579 2
      vertex 56 18.8 2
    endloop
  endfacet
  facet normal 0 0 1
    outer loop
      vertex 93.9191 8.08579 2
      vertex 93.7153 8.32443 2
      vertex 56 18.8 2
    endloop
  endfacet
  facet normal 0 0 1
    outer loop
      vertex 93.7153 8.32443 2
      vertex 93.5513 8.59202 2
      vertex 56 18.8 2
    endloop
  endfacet
  facet normal -0 -0 1
    outer loop
      vertex 93.4312 8.88197 2
      vertex 56 18.8 2
      vertex 93.5513 8.59202 2
    endloop
  endfacet
  facet normal -0 -0 1
    outer loop
      vertex 93.358 9.18713 2
      vertex 56 18.8 2
      vertex 93.4312 8.88197 2
    endloop
  endfacet
  facet normal 0 0 1
    outer loop
      vertex 78.618 11.4021 2
      vertex 78.908 11.282 2
      vertex 102 5 2
    endloop
  endfacet
  facet normal 0 0 1
    outer loop
      vertex 94.1578 11.118 2
      vertex 94.4254 11.282 2
      vertex 102 18.8 2
    endloop
  endfacet
  facet normal 0 0 1
    outer loop
      vertex 76.0979 8.88197 2
      vertex 76.0246 9.18713 2
      vertex 60.9795 11.4754 2
    endloop
  endfacet
  facet normal -1 -0 0
    outer loop
      vertex 102 5 2
      vertex 102 18.8 11.8571
      vertex 102 18.8 2
    endloop
  endfacet
  facet normal 0 -1 0
    outer loop
      vertex 76.5734 18.8 6.46353
      vertex 56 18.8 11.8571
      vertex 56 18.8 2
    endloop
  endfacet
  facet normal 0 -1 0
    outer loop
      vertex 77.7653 18.8 7.48153
      vertex 78 18.8 7.5
      vertex 102 18.8 11.8571
    endloop
  endfacet
  facet normal 0 -1 0
    outer loop
      vertex 76.5185 18.8 5.76535
      vertex 76.5 18.8 6
      vertex 56 18.8 2
    endloop
  endfacet
  facet normal 0 -1 -0
    outer loop
      vertex 76.5 18.8 6
      vertex 76.5185 18.8 6.23465
      vertex 56 18.8 2
    endloop
  endfacet
  facet normal 0 -1 0
    outer loop
      vertex 76.6635 18.8 6.68099
      vertex 56 18.8 11.8571
      vertex 76.5734 18.8 6.46353
    endloop
  endfacet
  facet normal 0 -1 0
    outer loop
      vertex 76.7865 18.8 6.88168
      vertex 56 18.8 11.8571
      vertex 76.6635 18.8 6.68099
    endloop
  endfacet
  facet normal 0 -1 0
    outer loop
      vertex 76.9393 18.8 7.06066
      vertex 56 18.8 11.8571
      vertex 76.7865 18.8 6.88168
    endloop
  endfacet
  facet normal 0 -1 0
    outer loop
      vertex 77.1183 18.8 7.21353
      vertex 56 18.8 11.8571
      vertex 76.9393 18.8 7.06066
    endloop
  endfacet
  facet normal 0 -1 0
    outer loop
      vertex 77.319 18.8 7.33651
      vertex 56 18.8 11.8571
      vertex 77.1183 18.8 7.21353
    endloop
  endfacet
  facet normal 0 -1 0
    outer loop
      vertex 77.5365 18.8 7.42659
      vertex 56 18.8 11.8571
      vertex 77.319 18.8 7.33651
    endloop
  endfacet
  facet normal 0 -1 0
    outer loop
      vertex 77.7653 18.8 7.48153
      vertex 56 18.8 11.8571
      vertex 77.5365 18.8 7.42659
    endloop
  endfacet
  facet normal -0 -1 0
    outer loop
      vertex 78 18.8 7.5
      vertex 78.2347 18.8 7.48153
      vertex 102 18.8 11.8571
    endloop
  endfacet
  facet normal 0 -1 0
    outer loop
      vertex 102 18.8 11.8571
      vertex 56 18.8 11.8571
      vertex 77.7653 18.8 7.48153
    endloop
  endfacet
  facet normal -0 -1 0
    outer loop
      vertex 78.2347 18.8 7.48153
      vertex 78.4635 18.8 7.42659
      vertex 102 18.8 11.8571
    endloop
  endfacet
  facet normal -0 -1 0
    outer loop
      vertex 78.4635 18.8 7.42659
      vertex 78.681 18.8 7.33651
      vertex 102 18.8 11.8571
    endloop
  endfacet
  facet normal -0 -1 0
    outer loop
      vertex 78.681 18.8 7.33651
      vertex 78.8817 18.8 7.21353
      vertex 102 18.8 11.8571
    endloop
  endfacet
  facet normal -0 -1 0
    outer loop
      vertex 78.8817 18.8 7.21353
      vertex 79.0607 18.8 7.06066
      vertex 102 18.8 11.8571
    endloop
  endfacet
  facet normal -0 -1 0
    outer loop
      vertex 79.0607 18.8 7.06066
      vertex 79.2135 18.8 6.88168
      vertex 102 18.8 11.8571
    endloop
  endfacet
  facet normal -0 -1 0
    outer loop
      vertex 79.2135 18.8 6.88168
      vertex 79.3365 18.8 6.68099
      vertex 102 18.8 11.8571
    endloop
  endfacet
  facet normal -0 -1 0
    outer loop
      vertex 79.3365 18.8 6.68099
      vertex 79.4266 18.8 6.46353
      vertex 102 18.8 11.8571
    endloop
  endfacet
  facet normal 0 -1 0
    outer loop
      vertex 79.4815 18.8 5.76535
      vertex 79.4266 18.8 5.53648
      vertex 102 18.8 2
    endloop
  endfacet
  facet normal 0 -1 0
    outer loop
      vertex 102 18.8 2
      vertex 102 18.8 11.8571
      vertex 79.4266 18.8 6.46353
    endloop
  endfacet
  facet normal 0 -1 0
    outer loop
      vertex 102 18.8 2
      vertex 79.4266 18.8 6.46353
      vertex 79.4815 18.8 6.23465
    endloop
  endfacet
  facet normal 0 -1 0
    outer loop
      vertex 102 18.8 2
      vertex 79.4815 18.8 6.23465
      vertex 79.5 18.8 6
    endloop
  endfacet
  facet normal 0 -1 0
    outer loop
      vertex 78 18.8 4.5
      vertex 77.7653 18.8 4.51847
      vertex 56 18.8 2
    endloop
  endfacet
  facet normal 0 -1 0
    outer loop
      vertex 102 18.8 2
      vertex 79.5 18.8 6
      vertex 79.4815 18.8 5.76535
    endloop
  endfacet
  facet normal 0 -1 0
    outer loop
      vertex 76.7865 18.8 5.11832
      vertex 76.6635 18.8 5.31901
      vertex 56 18.8 2
    endloop
  endfacet
  facet normal 0 -1 0
    outer loop
      vertex 102 18.8 2
      vertex 79.4266 18.8 5.53648
      vertex 79.3365 18.8 5.31901
    endloop
  endfacet
  facet normal 0 -1 0
    outer loop
      vertex 76.9393 18.8 4.93934
      vertex 76.7865 18.8 5.11832
      vertex 56 18.8 2
    endloop
  endfacet
  facet normal 0 -1 0
    outer loop
      vertex 102 18.8 2
      vertex 79.3365 18.8 5.31901
      vertex 79.2135 18.8 5.11832
    endloop
  endfacet
  facet normal 0 -1 0
    outer loop
      vertex 77.1183 18.8 4.78648
      vertex 76.9393 18.8 4.93934
      vertex 56 18.8 2
    endloop
  endfacet
  facet normal 0 -1 0
    outer loop
      vertex 102 18.8 2
      vertex 79.2135 18.8 5.11832
      vertex 79.0607 18.8 4.93934
    endloop
  endfacet
  facet normal 0 -1 0
    outer loop
      vertex 77.319 18.8 4.66349
      vertex 77.1183 18.8 4.78648
      vertex 56 18.8 2
    endloop
  endfacet
  facet normal 0 -1 0
    outer loop
      vertex 102 18.8 2
      vertex 79.0607 18.8 4.93934
      vertex 78.8817 18.8 4.78648
    endloop
  endfacet
  facet normal 0 -1 0
    outer loop
      vertex 77.5365 18.8 4.57342
      vertex 77.319 18.8 4.66349
      vertex 56 18.8 2
    endloop
  endfacet
  facet normal 0 -1 0
    outer loop
      vertex 102 18.8 2
      vertex 78.8817 18.8 4.78648
      vertex 78.681 18.8 4.66349
    endloop
  endfacet
  facet normal 0 -1 0
    outer loop
      vertex 77.7653 18.8 4.51847
      vertex 77.5365 18.8 4.57342
      vertex 56 18.8 2
    endloop
  endfacet
  facet normal 0 -1 0
    outer loop
      vertex 102 18.8 2
      vertex 78.681 18.8 4.66349
      vertex 78.4635 18.8 4.57342
    endloop
  endfacet
  facet normal 0 -1 0
    outer loop
      vertex 102 18.8 2
      vertex 78.2347 18.8 4.51847
      vertex 56 18.8 2
    endloop
  endfacet
  facet normal 0 -1 0
    outer loop
      vertex 102 18.8 2
      vertex 78.4635 18.8 4.57342
      vertex 78.2347 18.8 4.51847
    endloop
  endfacet
  facet normal 0 -1 0
    outer loop
      vertex 78.2347 18.8 4.51847
      vertex 78 18.8 4.5
      vertex 56 18.8 2
    endloop
  endfacet
  facet normal 0 -1 0
    outer loop
      vertex 76.6635 18.8 5.31901
      vertex 76.5734 18.8 5.53648
      vertex 56 18.8 2
    endloop
  endfacet
  facet normal 0 -1 0
    outer loop
      vertex 76.5734 18.8 5.53648
      vertex 76.5185 18.8 5.76535
      vertex 56 18.8 2
    endloop
  endfacet
  facet normal 0 -1 -0
    outer loop
      vertex 76.5185 18.8 6.23465
      vertex 76.5734 18.8 6.46353
      vertex 56 18.8 2
    endloop
  endfacet
  facet normal 1 -0 0
    outer loop
      vertex 56 18.8 2
      vertex 56 18.8 11.8571
      vertex 56 5 2
    endloop
  endfacet
  facet normal 0 -0 1
    outer loop
      vertex 9.2847 7.59789 2
      vertex 2 5 2
      vertex 54 5 2
    endloop
  endfacet
  facet normal 0 0 1
    outer loop
      vertex 42.7153 7.59789 2
      vertex 26.3129 11.4754 2
      vertex 26.618 11.4021 2
    endloop
  endfacet
  facet normal 0 0 1
    outer loop
      vertex 9.2847 7.59789 2
      vertex 8.97954 7.52462 2
      vertex 2 5 2
    endloop
  endfacet
  facet normal 0 -0 1
    outer loop
      vertex 2 18.8 2
      vertex 2 5 2
      vertex 6.69129 9.18713 2
    endloop
  endfacet
  facet normal -0 -0 1
    outer loop
      vertex 25.6871 7.52462 2
      vertex 10.4487 8.59202 2
      vertex 54 5 2
    endloop
  endfacet
  facet normal 0 0 1
    outer loop
      vertex 2 18.8 2
      vertex 6.69129 9.18713 2
      vertex 6.66667 9.5 2
    endloop
  endfacet
  facet normal 0 0 1
    outer loop
      vertex 24.8244 7.88197 2
      vertex 10.6667 9.5 2
      vertex 10.642 9.18713 2
    endloop
  endfacet
  facet normal 0 0 1
    outer loop
      vertex 2 18.8 2
      vertex 6.66667 9.5 2
      vertex 6.69129 9.81287 2
    endloop
  endfacet
  facet normal 0 0 1
    outer loop
      vertex 24.5858 8.08579 2
      vertex 10.642 9.81287 2
      vertex 10.6667 9.5 2
    endloop
  endfacet
  facet normal 0 0 1
    outer loop
      vertex 2 18.8 2
      vertex 6.69129 9.81287 2
      vertex 6.76455 10.118 2
    endloop
  endfacet
  facet normal 0 0 1
    outer loop
      vertex 24.382 8.32443 2
      vertex 24.218 8.59202 2
      vertex 10.5688 10.118 2
    endloop
  endfacet
  facet normal 0 0 1
    outer loop
      vertex 2 18.8 2
      vertex 6.76455 10.118 2
      vertex 6.88465 10.408 2
    endloop
  endfacet
  facet normal 0 0 1
    outer loop
      vertex 24.218 8.59202 2
      vertex 10.2847 10.6756 2
      vertex 10.4487 10.408 2
    endloop
  endfacet
  facet normal 0 0 1
    outer loop
      vertex 2 18.8 2
      vertex 6.88465 10.408 2
      vertex 7.04863 10.6756 2
    endloop
  endfacet
  facet normal 0 0 1
    outer loop
      vertex 10.4487 10.408 2
      vertex 10.5688 10.118 2
      vertex 24.218 8.59202 2
    endloop
  endfacet
  facet normal 0 0 1
    outer loop
      vertex 2 18.8 2
      vertex 7.04863 10.6756 2
      vertex 7.25245 10.9142 2
    endloop
  endfacet
  facet normal 0 0 1
    outer loop
      vertex 2 18.8 2
      vertex 7.25245 10.9142 2
      vertex 7.4911 11.118 2
    endloop
  endfacet
  facet normal 0 0 1
    outer loop
      vertex 24.0246 9.18713 2
      vertex 24 9.5 2
      vertex 8.97954 11.4754 2
    endloop
  endfacet
  facet normal 0 0 1
    outer loop
      vertex 2 18.8 2
      vertex 7.4911 11.118 2
      vertex 7.75869 11.282 2
    endloop
  endfacet
  facet normal 0 0 1
    outer loop
      vertex 24.0246 9.18713 2
      vertex 8.97954 11.4754 2
      vertex 9.2847 11.4021 2
    endloop
  endfacet
  facet normal 0 0 1
    outer loop
      vertex 2 18.8 2
      vertex 7.75869 11.282 2
      vertex 8.04863 11.4021 2
    endloop
  endfacet
  facet normal 0 -0 1
    outer loop
      vertex 27.782 8.59202 2
      vertex 27.618 8.32443 2
      vertex 54 5 2
    endloop
  endfacet
  facet normal 0 0 1
    outer loop
      vertex 2 18.8 2
      vertex 8.04863 11.4021 2
      vertex 8.3538 11.4754 2
    endloop
  endfacet
  facet normal 0 -0 1
    outer loop
      vertex 27.618 8.32443 2
      vertex 27.4142 8.08579 2
      vertex 54 5 2
    endloop
  endfacet
  facet normal 0 0 1
    outer loop
      vertex 2 18.8 2
      vertex 8.3538 11.4754 2
      vertex 8.66667 11.5 2
    endloop
  endfacet
  facet normal 0 0 1
    outer loop
      vertex 2 18.8 2
      vertex 8.66667 11.5 2
      vertex 8.97954 11.4754 2
    endloop
  endfacet
  facet normal 0 0 1
    outer loop
      vertex 25.6871 7.52462 2
      vertex 25.382 7.59789 2
      vertex 10.5688 8.88197 2
    endloop
  endfacet
  facet normal 0 -0 1
    outer loop
      vertex 10.4487 8.59202 2
      vertex 10.2847 8.32443 2
      vertex 54 5 2
    endloop
  endfacet
  facet normal 0 0 1
    outer loop
      vertex 43.6462 11.4754 2
      vertex 43.9514 11.4021 2
      vertex 54 18.8 2
    endloop
  endfacet
  facet normal 0 -0 1
    outer loop
      vertex 10.2847 8.32443 2
      vertex 10.0809 8.08579 2
      vertex 54 5 2
    endloop
  endfacet
  facet normal 0 -0 1
    outer loop
      vertex 10.0809 8.08579 2
      vertex 9.84224 7.88197 2
      vertex 54 5 2
    endloop
  endfacet
  facet normal 0 -0 1
    outer loop
      vertex 9.84224 7.88197 2
      vertex 9.57465 7.71799 2
      vertex 54 5 2
    endloop
  endfacet
  facet normal 0 -0 1
    outer loop
      vertex 9.57465 7.71799 2
      vertex 9.2847 7.59789 2
      vertex 54 5 2
    endloop
  endfacet
  facet normal 0 0 1
    outer loop
      vertex 8.97954 7.52462 2
      vertex 8.66667 7.5 2
      vertex 2 5 2
    endloop
  endfacet
  facet normal -0 0 1
    outer loop
      vertex 8.66667 7.5 2
      vertex 8.3538 7.52462 2
      vertex 2 5 2
    endloop
  endfacet
  facet normal 0 -0 1
    outer loop
      vertex 7.75869 7.71799 2
      vertex 2 5 2
      vertex 8.04863 7.59789 2
    endloop
  endfacet
  facet normal 0 -0 1
    outer loop
      vertex 7.4911 7.88197 2
      vertex 2 5 2
      vertex 7.75869 7.71799 2
    endloop
  endfacet
  facet normal 0 -0 1
    outer loop
      vertex 7.25245 8.08579 2
      vertex 2 5 2
      vertex 7.4911 7.88197 2
    endloop
  endfacet
  facet normal 0 -0 1
    outer loop
      vertex 7.04863 8.32443 2
      vertex 2 5 2
      vertex 7.25245 8.08579 2
    endloop
  endfacet
  facet normal 0 -0 1
    outer loop
      vertex 6.88465 8.59202 2
      vertex 2 5 2
      vertex 7.04863 8.32443 2
    endloop
  endfacet
  facet normal 0 -0 1
    outer loop
      vertex 6.76455 8.88197 2
      vertex 2 5 2
      vertex 6.88465 8.59202 2
    endloop
  endfacet
  facet normal 0 -0 1
    outer loop
      vertex 6.69129 9.18713 2
      vertex 2 5 2
      vertex 6.76455 8.88197 2
    endloop
  endfacet
  facet normal -0 -0 1
    outer loop
      vertex 43.3333 7.5 2
      vertex 43.0205 7.52462 2
      vertex 54 5 2
    endloop
  endfacet
  facet normal 0 0 1
    outer loop
      vertex 24.0246 9.18713 2
      vertex 9.2847 11.4021 2
      vertex 9.57465 11.282 2
    endloop
  endfacet
  facet normal 0 -0 1
    outer loop
      vertex 27.9021 8.88197 2
      vertex 27.782 8.59202 2
      vertex 54 5 2
    endloop
  endfacet
  facet normal 0 0 1
    outer loop
      vertex 2 18.8 2
      vertex 8.97954 11.4754 2
      vertex 24 9.5 2
    endloop
  endfacet
  facet normal 0 0 1
    outer loop
      vertex 2 18.8 2
      vertex 24 9.5 2
      vertex 24.0246 9.81287 2
    endloop
  endfacet
  facet normal 0 0 1
    outer loop
      vertex 2 18.8 2
      vertex 24.0246 9.81287 2
      vertex 24.0979 10.118 2
    endloop
  endfacet
  facet normal 0 -0 1
    outer loop
      vertex 28 9.5 2
      vertex 27.9754 9.18713 2
      vertex 54 5 2
    endloop
  endfacet
  facet normal 0 0 1
    outer loop
      vertex 2 18.8 2
      vertex 24.0979 10.118 2
      vertex 24.218 10.408 2
    endloop
  endfacet
  facet normal 0 0 1
    outer loop
      vertex 27.9754 9.81287 2
      vertex 28 9.5 2
      vertex 54 5 2
    endloop
  endfacet
  facet normal 0 0 1
    outer loop
      vertex 2 18.8 2
      vertex 24.218 10.408 2
      vertex 24.382 10.6756 2
    endloop
  endfacet
  facet normal 0 0 1
    outer loop
      vertex 27.9021 10.118 2
      vertex 27.9754 9.81287 2
      vertex 54 5 2
    endloop
  endfacet
  facet normal 0 0 1
    outer loop
      vertex 2 18.8 2
      vertex 24.382 10.6756 2
      vertex 24.5858 10.9142 2
    endloop
  endfacet
  facet normal 0 0 1
    outer loop
      vertex 27.782 10.408 2
      vertex 27.9021 10.118 2
      vertex 54 5 2
    endloop
  endfacet
  facet normal 0 0 1
    outer loop
      vertex 2 18.8 2
      vertex 24.5858 10.9142 2
      vertex 24.8244 11.118 2
    endloop
  endfacet
  facet normal 0 0 1
    outer loop
      vertex 27.618 10.6756 2
      vertex 27.782 10.408 2
      vertex 54 5 2
    endloop
  endfacet
  facet normal 0 0 1
    outer loop
      vertex 2 18.8 2
      vertex 24.8244 11.118 2
      vertex 25.092 11.282 2
    endloop
  endfacet
  facet normal 0 0 1
    outer loop
      vertex 27.4142 10.9142 2
      vertex 27.618 10.6756 2
      vertex 54 5 2
    endloop
  endfacet
  facet normal 0 0 1
    outer loop
      vertex 2 18.8 2
      vertex 25.092 11.282 2
      vertex 25.382 11.4021 2
    endloop
  endfacet
  facet normal 0 0 1
    outer loop
      vertex 27.1756 11.118 2
      vertex 27.4142 10.9142 2
      vertex 54 5 2
    endloop
  endfacet
  facet normal 0 0 1
    outer loop
      vertex 2 18.8 2
      vertex 25.382 11.4021 2
      vertex 25.6871 11.4754 2
    endloop
  endfacet
  facet normal -0 -0 1
    outer loop
      vertex 43.0205 7.52462 2
      vertex 27.1756 11.118 2
      vertex 54 5 2
    endloop
  endfacet
  facet normal 0 0 1
    outer loop
      vertex 2 18.8 2
      vertex 25.6871 11.4754 2
      vertex 26 11.5 2
    endloop
  endfacet
  facet normal 0 0 1
    outer loop
      vertex 2 18.8 2
      vertex 26 11.5 2
      vertex 26.3129 11.4754 2
    endloop
  endfacet
  facet normal 0 -0 1
    outer loop
      vertex 27.4142 8.08579 2
      vertex 27.1756 7.88197 2
      vertex 54 5 2
    endloop
  endfacet
  facet normal 0 -0 1
    outer loop
      vertex 10.5688 8.88197 2
      vertex 10.4487 8.59202 2
      vertex 25.6871 7.52462 2
    endloop
  endfacet
  facet normal 0 0 1
    outer loop
      vertex 25.382 7.59789 2
      vertex 25.092 7.71799 2
      vertex 10.5688 8.88197 2
    endloop
  endfacet
  facet normal 0 -0 1
    outer loop
      vertex 26.618 7.59789 2
      vertex 26.3129 7.52462 2
      vertex 54 5 2
    endloop
  endfacet
  facet normal 0 0 1
    outer loop
      vertex 24.0979 8.88197 2
      vertex 10.0809 10.9142 2
      vertex 10.2847 10.6756 2
    endloop
  endfacet
  facet normal -0 -0 1
    outer loop
      vertex 26 7.5 2
      vertex 25.6871 7.52462 2
      vertex 54 5 2
    endloop
  endfacet
  facet normal -0 0 1
    outer loop
      vertex 8.3538 7.52462 2
      vertex 8.04863 7.59789 2
      vertex 2 5 2
    endloop
  endfacet
  facet normal 0 0 1
    outer loop
      vertex 25.092 7.71799 2
      vertex 24.8244 7.88197 2
      vertex 10.642 9.18713 2
    endloop
  endfacet
  facet normal 0 0 1
    outer loop
      vertex 25.092 7.71799 2
      vertex 10.642 9.18713 2
      vertex 10.5688 8.88197 2
    endloop
  endfacet
  facet normal 0 0 1
    outer loop
      vertex 24.8244 7.88197 2
      vertex 24.5858 8.08579 2
      vertex 10.6667 9.5 2
    endloop
  endfacet
  facet normal 0 -0 1
    outer loop
      vertex 26.3129 7.52462 2
      vertex 26 7.5 2
      vertex 54 5 2
    endloop
  endfacet
  facet normal 0 0 1
    outer loop
      vertex 24.5858 8.08579 2
      vertex 24.382 8.32443 2
      vertex 10.642 9.81287 2
    endloop
  endfacet
  facet normal 0 -0 1
    outer loop
      vertex 26.908 7.71799 2
      vertex 26.618 7.59789 2
      vertex 54 5 2
    endloop
  endfacet
  facet normal 0 0 1
    outer loop
      vertex 24.218 8.59202 2
      vertex 24.0979 8.88197 2
      vertex 10.2847 10.6756 2
    endloop
  endfacet
  facet normal 0 -0 1
    outer loop
      vertex 27.1756 7.88197 2
      vertex 26.908 7.71799 2
      vertex 54 5 2
    endloop
  endfacet
  facet normal 0 0 1
    outer loop
      vertex 10.5688 10.118 2
      vertex 10.642 9.81287 2
      vertex 24.382 8.32443 2
    endloop
  endfacet
  facet normal -0 -0 1
    outer loop
      vertex 41.3333 9.5 2
      vertex 2 18.8 2
      vertex 41.358 9.18713 2
    endloop
  endfacet
  facet normal -0 0 1
    outer loop
      vertex 41.358 9.81287 2
      vertex 2 18.8 2
      vertex 41.3333 9.5 2
    endloop
  endfacet
  facet normal 0 0 1
    outer loop
      vertex 43.9514 11.4021 2
      vertex 44.2413 11.282 2
      vertex 54 18.8 2
    endloop
  endfacet
  facet normal -0 0 1
    outer loop
      vertex 41.4312 10.118 2
      vertex 2 18.8 2
      vertex 41.358 9.81287 2
    endloop
  endfacet
  facet normal -0 0 1
    outer loop
      vertex 41.5513 10.408 2
      vertex 2 18.8 2
      vertex 41.4312 10.118 2
    endloop
  endfacet
  facet normal -0 0 1
    outer loop
      vertex 41.7153 10.6756 2
      vertex 2 18.8 2
      vertex 41.5513 10.408 2
    endloop
  endfacet
  facet normal -0 0 1
    outer loop
      vertex 41.9191 10.9142 2
      vertex 2 18.8 2
      vertex 41.7153 10.6756 2
    endloop
  endfacet
  facet normal -0 0 1
    outer loop
      vertex 42.1578 11.118 2
      vertex 2 18.8 2
      vertex 41.9191 10.9142 2
    endloop
  endfacet
  facet normal 0 0 1
    outer loop
      vertex 54 18.8 2
      vertex 2 18.8 2
      vertex 42.1578 11.118 2
    endloop
  endfacet
  facet normal 0 0 1
    outer loop
      vertex 42.7153 11.4021 2
      vertex 43.0205 11.4754 2
      vertex 54 18.8 2
    endloop
  endfacet
  facet normal 0 0 1
    outer loop
      vertex 54 18.8 2
      vertex 42.1578 11.118 2
      vertex 42.4254 11.282 2
    endloop
  endfacet
  facet normal 0 0 1
    outer loop
      vertex 43.0205 11.4754 2
      vertex 43.3333 11.5 2
      vertex 54 18.8 2
    endloop
  endfacet
  facet normal 0 0 1
    outer loop
      vertex 43.3333 11.5 2
      vertex 43.6462 11.4754 2
      vertex 54 18.8 2
    endloop
  endfacet
  facet normal 0 -0 1
    outer loop
      vertex 44.2413 7.71799 2
      vertex 43.9514 7.59789 2
      vertex 54 5 2
    endloop
  endfacet
  facet normal 0 0 1
    outer loop
      vertex 44.5089 11.118 2
      vertex 44.7475 10.9142 2
      vertex 54 5 2
    endloop
  endfacet
  facet normal 0 -0 1
    outer loop
      vertex 44.7475 8.08579 2
      vertex 44.5089 7.88197 2
      vertex 54 5 2
    endloop
  endfacet
  facet normal 0 0 1
    outer loop
      vertex 54 18.8 2
      vertex 44.5089 11.118 2
      vertex 54 5 2
    endloop
  endfacet
  facet normal 0 0 1
    outer loop
      vertex 54 18.8 2
      vertex 44.2413 11.282 2
      vertex 44.5089 11.118 2
    endloop
  endfacet
  facet normal 0 0 1
    outer loop
      vertex 44.7475 10.9142 2
      vertex 44.9514 10.6756 2
      vertex 54 5 2
    endloop
  endfacet
  facet normal 0 0 1
    outer loop
      vertex 44.9514 10.6756 2
      vertex 45.1153 10.408 2
      vertex 54 5 2
    endloop
  endfacet
  facet normal 0 0 1
    outer loop
      vertex 45.1153 10.408 2
      vertex 45.2354 10.118 2
      vertex 54 5 2
    endloop
  endfacet
  facet normal 0 0 1
    outer loop
      vertex 45.2354 10.118 2
      vertex 45.3087 9.81287 2
      vertex 54 5 2
    endloop
  endfacet
  facet normal 0 0 1
    outer loop
      vertex 45.3087 9.81287 2
      vertex 45.3333 9.5 2
      vertex 54 5 2
    endloop
  endfacet
  facet normal 0 -0 1
    outer loop
      vertex 45.3333 9.5 2
      vertex 45.3087 9.18713 2
      vertex 54 5 2
    endloop
  endfacet
  facet normal 0 -0 1
    outer loop
      vertex 45.3087 9.18713 2
      vertex 45.2354 8.88197 2
      vertex 54 5 2
    endloop
  endfacet
  facet normal 0 -0 1
    outer loop
      vertex 45.2354 8.88197 2
      vertex 45.1153 8.59202 2
      vertex 54 5 2
    endloop
  endfacet
  facet normal 0 -0 1
    outer loop
      vertex 45.1153 8.59202 2
      vertex 44.9514 8.32443 2
      vertex 54 5 2
    endloop
  endfacet
  facet normal 0 -0 1
    outer loop
      vertex 44.9514 8.32443 2
      vertex 44.7475 8.08579 2
      vertex 54 5 2
    endloop
  endfacet
  facet normal 0 -0 1
    outer loop
      vertex 44.5089 7.88197 2
      vertex 44.2413 7.71799 2
      vertex 54 5 2
    endloop
  endfacet
  facet normal 0 0 1
    outer loop
      vertex 42.7153 7.59789 2
      vertex 26.618 11.4021 2
      vertex 26.908 11.282 2
    endloop
  endfacet
  facet normal 0 -0 1
    outer loop
      vertex 43.9514 7.59789 2
      vertex 43.6462 7.52462 2
      vertex 54 5 2
    endloop
  endfacet
  facet normal 0 -0 1
    outer loop
      vertex 43.6462 7.52462 2
      vertex 43.3333 7.5 2
      vertex 54 5 2
    endloop
  endfacet
  facet normal 0 -0 1
    outer loop
      vertex 27.9754 9.18713 2
      vertex 27.9021 8.88197 2
      vertex 54 5 2
    endloop
  endfacet
  facet normal 0 0 1
    outer loop
      vertex 42.7153 7.59789 2
      vertex 42.4254 7.71799 2
      vertex 26.3129 11.4754 2
    endloop
  endfacet
  facet normal 0 0 1
    outer loop
      vertex 26.908 11.282 2
      vertex 43.0205 7.52462 2
      vertex 42.7153 7.59789 2
    endloop
  endfacet
  facet normal 0 0 1
    outer loop
      vertex 42.1578 7.88197 2
      vertex 41.9191 8.08579 2
      vertex 26.3129 11.4754 2
    endloop
  endfacet
  facet normal 0 0 1
    outer loop
      vertex 41.9191 8.08579 2
      vertex 41.7153 8.32443 2
      vertex 2 18.8 2
    endloop
  endfacet
  facet normal 0 0 1
    outer loop
      vertex 41.7153 8.32443 2
      vertex 41.5513 8.59202 2
      vertex 2 18.8 2
    endloop
  endfacet
  facet normal 0 0 1
    outer loop
      vertex 2 18.8 2
      vertex 26.3129 11.4754 2
      vertex 41.9191 8.08579 2
    endloop
  endfacet
  facet normal 0 0 1
    outer loop
      vertex 42.4254 7.71799 2
      vertex 42.1578 7.88197 2
      vertex 26.3129 11.4754 2
    endloop
  endfacet
  facet normal 0 0 1
    outer loop
      vertex 41.5513 8.59202 2
      vertex 41.4312 8.88197 2
      vertex 2 18.8 2
    endloop
  endfacet
  facet normal -0 -0 1
    outer loop
      vertex 41.358 9.18713 2
      vertex 2 18.8 2
      vertex 41.4312 8.88197 2
    endloop
  endfacet
  facet normal 0 0 1
    outer loop
      vertex 26.908 11.282 2
      vertex 27.1756 11.118 2
      vertex 43.0205 7.52462 2
    endloop
  endfacet
  facet normal 0 0 1
    outer loop
      vertex 9.57465 11.282 2
      vertex 9.84224 11.118 2
      vertex 24.0246 9.18713 2
    endloop
  endfacet
  facet normal 0 0 1
    outer loop
      vertex 42.4254 11.282 2
      vertex 42.7153 11.4021 2
      vertex 54 18.8 2
    endloop
  endfacet
  facet normal 0 0 1
    outer loop
      vertex 24.0979 8.88197 2
      vertex 9.84224 11.118 2
      vertex 10.0809 10.9142 2
    endloop
  endfacet
  facet normal 0 0 1
    outer loop
      vertex 24.0979 8.88197 2
      vertex 24.0246 9.18713 2
      vertex 9.84224 11.118 2
    endloop
  endfacet
  facet normal -1 -0 0
    outer loop
      vertex 54 5 2
      vertex 54 18.8 11.8571
      vertex 54 18.8 2
    endloop
  endfacet
  facet normal 0 -1 0
    outer loop
      vertex 24.5734 18.8 6.46353
      vertex 2 18.8 11.8571
      vertex 2 18.8 2
    endloop
  endfacet
  facet normal -0 -1 0
    outer loop
      vertex 26.2347 18.8 7.48153
      vertex 26.4635 18.8 7.42659
      vertex 54 18.8 11.8571
    endloop
  endfacet
  facet normal 0 -1 0
    outer loop
      vertex 24.5185 18.8 5.76535
      vertex 24.5 18.8 6
      vertex 2 18.8 2
    endloop
  endfacet
  facet normal 0 -1 -0
    outer loop
      vertex 24.5 18.8 6
      vertex 24.5185 18.8 6.23465
      vertex 2 18.8 2
    endloop
  endfacet
  facet normal 0 -1 0
    outer loop
      vertex 24.6635 18.8 6.68099
      vertex 2 18.8 11.8571
      vertex 24.5734 18.8 6.46353
    endloop
  endfacet
  facet normal 0 -1 0
    outer loop
      vertex 24.7865 18.8 6.88168
      vertex 2 18.8 11.8571
      vertex 24.6635 18.8 6.68099
    endloop
  endfacet
  facet normal 0 -1 0
    outer loop
      vertex 24.9393 18.8 7.06066
      vertex 2 18.8 11.8571
      vertex 24.7865 18.8 6.88168
    endloop
  endfacet
  facet normal 0 -1 0
    outer loop
      vertex 25.1183 18.8 7.21353
      vertex 2 18.8 11.8571
      vertex 24.9393 18.8 7.06066
    endloop
  endfacet
  facet normal 0 -1 0
    outer loop
      vertex 25.319 18.8 7.33651
      vertex 2 18.8 11.8571
      vertex 25.1183 18.8 7.21353
    endloop
  endfacet
  facet normal -0 -1 0
    outer loop
      vertex 26.4635 18.8 7.42659
      vertex 26.681 18.8 7.33651
      vertex 54 18.8 11.8571
    endloop
  endfacet
  facet normal 0 -1 0
    outer loop
      vertex 25.5365 18.8 7.42659
      vertex 2 18.8 11.8571
      vertex 25.319 18.8 7.33651
    endloop
  endfacet
  facet normal 0 -1 0
    outer loop
      vertex 25.7653 18.8 7.48153
      vertex 2 18.8 11.8571
      vertex 25.5365 18.8 7.42659
    endloop
  endfacet
  facet normal 0 -1 0
    outer loop
      vertex 54 18.8 11.8571
      vertex 2 18.8 11.8571
      vertex 25.7653 18.8 7.48153
    endloop
  endfacet
  facet normal 0 -1 0
    outer loop
      vertex 54 18.8 11.8571
      vertex 25.7653 18.8 7.48153
      vertex 26 18.8 7.5
    endloop
  endfacet
  facet normal -0 -1 0
    outer loop
      vertex 26.681 18.8 7.33651
      vertex 26.8817 18.8 7.21353
      vertex 54 18.8 11.8571
    endloop
  endfacet
  facet normal -0 -1 0
    outer loop
      vertex 26.8817 18.8 7.21353
      vertex 27.0607 18.8 7.06066
      vertex 54 18.8 11.8571
    endloop
  endfacet
  facet normal -0 -1 0
    outer loop
      vertex 27.0607 18.8 7.06066
      vertex 27.2135 18.8 6.88168
      vertex 54 18.8 11.8571
    endloop
  endfacet
  facet normal -0 -1 0
    outer loop
      vertex 27.2135 18.8 6.88168
      vertex 27.3365 18.8 6.68099
      vertex 54 18.8 11.8571
    endloop
  endfacet
  facet normal -0 -1 0
    outer loop
      vertex 26 18.8 7.5
      vertex 26.2347 18.8 7.48153
      vertex 54 18.8 11.8571
    endloop
  endfacet
  facet normal 0 -1 0
    outer loop
      vertex 27.4815 18.8 5.76535
      vertex 27.4266 18.8 5.53648
      vertex 54 18.8 2
    endloop
  endfacet
  facet normal 0 -1 0
    outer loop
      vertex 54 18.8 2
      vertex 54 18.8 11.8571
      vertex 27.4266 18.8 6.46353
    endloop
  endfacet
  facet normal 0 -1 0
    outer loop
      vertex 54 18.8 2
      vertex 27.4266 18.8 6.46353
      vertex 27.4815 18.8 6.23465
    endloop
  endfacet
  facet normal 0 -1 0
    outer loop
      vertex 54 18.8 2
      vertex 27.4815 18.8 6.23465
      vertex 27.5 18.8 6
    endloop
  endfacet
  facet normal 0 -1 0
    outer loop
      vertex 26 18.8 4.5
      vertex 25.7653 18.8 4.51847
      vertex 2 18.8 2
    endloop
  endfacet
  facet normal 0 -1 0
    outer loop
      vertex 54 18.8 2
      vertex 27.5 18.8 6
      vertex 27.4815 18.8 5.76535
    endloop
  endfacet
  facet normal 0 -1 0
    outer loop
      vertex 24.7865 18.8 5.11832
      vertex 24.6635 18.8 5.31901
      vertex 2 18.8 2
    endloop
  endfacet
  facet normal 0 -1 0
    outer loop
      vertex 54 18.8 2
      vertex 27.4266 18.8 5.53648
      vertex 27.3365 18.8 5.31901
    endloop
  endfacet
  facet normal 0 -1 0
    outer loop
      vertex 24.9393 18.8 4.93934
      vertex 24.7865 18.8 5.11832
      vertex 2 18.8 2
    endloop
  endfacet
  facet normal 0 -1 0
    outer loop
      vertex 54 18.8 2
      vertex 27.3365 18.8 5.31901
      vertex 27.2135 18.8 5.11832
    endloop
  endfacet
  facet normal 0 -1 0
    outer loop
      vertex 25.1183 18.8 4.78648
      vertex 24.9393 18.8 4.93934
      vertex 2 18.8 2
    endloop
  endfacet
  facet normal 0 -1 0
    outer loop
      vertex 54 18.8 2
      vertex 27.2135 18.8 5.11832
      vertex 27.0607 18.8 4.93934
    endloop
  endfacet
  facet normal 0 -1 0
    outer loop
      vertex 25.319 18.8 4.66349
      vertex 25.1183 18.8 4.78648
      vertex 2 18.8 2
    endloop
  endfacet
  facet normal 0 -1 0
    outer loop
      vertex 54 18.8 2
      vertex 27.0607 18.8 4.93934
      vertex 26.8817 18.8 4.78648
    endloop
  endfacet
  facet normal 0 -1 0
    outer loop
      vertex 25.5365 18.8 4.57342
      vertex 25.319 18.8 4.66349
      vertex 2 18.8 2
    endloop
  endfacet
  facet normal 0 -1 0
    outer loop
      vertex 54 18.8 2
      vertex 26.8817 18.8 4.78648
      vertex 26.681 18.8 4.66349
    endloop
  endfacet
  facet normal 0 -1 0
    outer loop
      vertex 25.7653 18.8 4.51847
      vertex 25.5365 18.8 4.57342
      vertex 2 18.8 2
    endloop
  endfacet
  facet normal 0 -1 0
    outer loop
      vertex 54 18.8 2
      vertex 26.681 18.8 4.66349
      vertex 26.4635 18.8 4.57342
    endloop
  endfacet
  facet normal 0 -1 0
    outer loop
      vertex 54 18.8 2
      vertex 26.2347 18.8 4.51847
      vertex 2 18.8 2
    endloop
  endfacet
  facet normal 0 -1 0
    outer loop
      vertex 54 18.8 2
      vertex 26.4635 18.8 4.57342
      vertex 26.2347 18.8 4.51847
    endloop
  endfacet
  facet normal 0 -1 0
    outer loop
      vertex 26.2347 18.8 4.51847
      vertex 26 18.8 4.5
      vertex 2 18.8 2
    endloop
  endfacet
  facet normal 0 -1 0
    outer loop
      vertex 24.6635 18.8 5.31901
      vertex 24.5734 18.8 5.53648
      vertex 2 18.8 2
    endloop
  endfacet
  facet normal 0 -1 0
    outer loop
      vertex 24.5734 18.8 5.53648
      vertex 24.5185 18.8 5.76535
      vertex 2 18.8 2
    endloop
  endfacet
  facet normal -0 -1 0
    outer loop
      vertex 27.3365 18.8 6.68099
      vertex 27.4266 18.8 6.46353
      vertex 54 18.8 11.8571
    endloop
  endfacet
  facet normal 0 -1 -0
    outer loop
      vertex 24.5185 18.8 6.23465
      vertex 24.5734 18.8 6.46353
      vertex 2 18.8 2
    endloop
  endfacet
  facet normal 1 -0 1.35158e-016
    outer loop
      vertex 2 18.8 2
      vertex 2 18.8 11.8571
      vertex 2 5 2
    endloop
  endfacet
  facet normal -0.996917 -0.0784588 -0
    outer loop
      vertex 0 5 0
      vertex 0.061558 4.21783 0
      vertex 0 5 2
    endloop
  endfacet
  facet normal -0.996917 -0.0784588 0
    outer loop
      vertex 0 5 2
      vertex 0.061558 4.21783 0
      vertex 0.061558 4.21783 2
    endloop
  endfacet
  facet normal 2.22045e-016 0 -1
    outer loop
      vertex 0 5 -4.44089e-016
      vertex 0 20 -4.44089e-016
      vertex 2 5 0
    endloop
  endfacet
  facet normal 2.22045e-016 0 -1
    outer loop
      vertex 2 19.1 0
      vertex 0 20 -4.44089e-016
      vertex 2 20 0
    endloop
  endfacet
  facet normal 2.22045e-016 0 -1
    outer loop
      vertex 2 5 0
      vertex 0 20 -4.44089e-016
      vertex 2 19.1 0
    endloop
  endfacet
  facet normal 4.19418e-016 5.4782e-032 2.46716e-016
    outer loop
      vertex 2 20 1.77636e-016
      vertex 2 19.1 3.77476e-016
      vertex 2 19.1 0
    endloop
  endfacet
  facet normal 1.97373e-016 -0 2.46716e-016
    outer loop
      vertex 2 20 0
      vertex 2 20 1.77636e-016
      vertex 2 19.1 0
    endloop
  endfacet
  facet normal -0 -2.22045e-016 -1
    outer loop
      vertex 0 20 1.77636e-016
      vertex 0 20.8 0
      vertex 2 20 1.77636e-016
    endloop
  endfacet
  facet normal 1.53424e-034 -2.22045e-016 -1
    outer loop
      vertex 2 20 1.77636e-016
      vertex 0 20.8 0
      vertex 104 20.8 0
    endloop
  endfacet
  facet normal -3.9443e-031 -6.62254e-030 -2.98253e-014
    outer loop
      vertex 104 20 1.77636e-016
      vertex 104 20.8 0
      vertex 104 19.1 3.77476e-016
    endloop
  endfacet
  facet normal -0 -2.22045e-016 -1
    outer loop
      vertex 2 20 1.77636e-016
      vertex 104 20.8 0
      vertex 54 20 1.77636e-016
    endloop
  endfacet
  facet normal -7.39527e-033 -2.22045e-016 -1
    outer loop
      vertex 104 20.8 0
      vertex 104 20 1.77636e-016
      vertex 102 20 1.77636e-016
    endloop
  endfacet
  facet normal 1.8134e-034 -2.22045e-016 -1
    outer loop
      vertex 54 19.1 3.77476e-016
      vertex 2 20 1.77636e-016
      vertex 54 20 1.77636e-016
    endloop
  endfacet
  facet normal 2.98064e-034 -2.22045e-016 -1
    outer loop
      vertex 104 20.8 0
      vertex 102 20 1.77636e-016
      vertex 56 20 1.77636e-016
    endloop
  endfacet
  facet normal 9.91334e-036 -2.22045e-016 -1
    outer loop
      vertex 102 19.1 3.77476e-016
      vertex 56 20 1.77636e-016
      vertex 102 20 1.77636e-016
    endloop
  endfacet
  facet normal -8.38458e-033 -2.22045e-016 -1
    outer loop
      vertex 104 20.8 0
      vertex 56 20 1.77636e-016
      vertex 54 20 1.77636e-016
    endloop
  endfacet
  facet normal 9.91334e-036 -2.22045e-016 -1
    outer loop
      vertex 56 20 1.77636e-016
      vertex 102 19.1 3.77476e-016
      vertex 56 19.1 3.77476e-016
    endloop
  endfacet
  facet normal 1.8134e-034 -2.22045e-016 -1
    outer loop
      vertex 2 20 1.77636e-016
      vertex 54 19.1 3.77476e-016
      vertex 2 19.1 3.77476e-016
    endloop
  endfacet
  facet normal 0 1 0
    outer loop
      vertex 26.2347 20.8 7.48153
      vertex 0 20.8 12
      vertex 104 20.8 0
    endloop
  endfacet
  facet normal 0 1 0
    outer loop
      vertex 78 20.8 7.5
      vertex 0 20.8 12
      vertex 104 20.8 12
    endloop
  endfacet
  facet normal 0 1 0
    outer loop
      vertex 0 20.8 0
      vertex 0 20.8 12
      vertex 24.5185 20.8 6.23465
    endloop
  endfacet
  facet normal 0 1 0
    outer loop
      vertex 0 20.8 0
      vertex 24.5185 20.8 6.23465
      vertex 24.5 20.8 6
    endloop
  endfacet
  facet normal 0 1 0
    outer loop
      vertex 0 20.8 0
      vertex 24.5 20.8 6
      vertex 24.5185 20.8 5.76535
    endloop
  endfacet
  facet normal 0 1 0
    outer loop
      vertex 0 20.8 0
      vertex 24.5185 20.8 5.76535
      vertex 24.5734 20.8 5.53648
    endloop
  endfacet
  facet normal 0 1 0
    outer loop
      vertex 0 20.8 0
      vertex 24.5734 20.8 5.53648
      vertex 24.6635 20.8 5.31901
    endloop
  endfacet
  facet normal 0 1 0
    outer loop
      vertex 0 20.8 0
      vertex 24.6635 20.8 5.31901
      vertex 24.7865 20.8 5.11832
    endloop
  endfacet
  facet normal 0 1 0
    outer loop
      vertex 0 20.8 0
      vertex 24.7865 20.8 5.11832
      vertex 24.9393 20.8 4.93934
    endloop
  endfacet
  facet normal 0 1 0
    outer loop
      vertex 0 20.8 0
      vertex 24.9393 20.8 4.93934
      vertex 25.1183 20.8 4.78648
    endloop
  endfacet
  facet normal 0 1 0
    outer loop
      vertex 0 20.8 0
      vertex 25.1183 20.8 4.78648
      vertex 25.319 20.8 4.66349
    endloop
  endfacet
  facet normal 0 1 0
    outer loop
      vertex 0 20.8 0
      vertex 25.319 20.8 4.66349
      vertex 25.5365 20.8 4.57342
    endloop
  endfacet
  facet normal 0 1 0
    outer loop
      vertex 0 20.8 0
      vertex 25.5365 20.8 4.57342
      vertex 25.7653 20.8 4.51847
    endloop
  endfacet
  facet normal 0 1 0
    outer loop
      vertex 0 20.8 0
      vertex 25.7653 20.8 4.51847
      vertex 26 20.8 4.5
    endloop
  endfacet
  facet normal 0 1 0
    outer loop
      vertex 0 20.8 0
      vertex 26 20.8 4.5
      vertex 104 20.8 0
    endloop
  endfacet
  facet normal 0 1 -0
    outer loop
      vertex 26.4635 20.8 4.57342
      vertex 104 20.8 0
      vertex 26.2347 20.8 4.51847
    endloop
  endfacet
  facet normal 0 1 -0
    outer loop
      vertex 26.681 20.8 4.66349
      vertex 104 20.8 0
      vertex 26.4635 20.8 4.57342
    endloop
  endfacet
  facet normal 0 1 -0
    outer loop
      vertex 26.8817 20.8 4.78648
      vertex 104 20.8 0
      vertex 26.681 20.8 4.66349
    endloop
  endfacet
  facet normal 0 1 -0
    outer loop
      vertex 27.0607 20.8 4.93934
      vertex 104 20.8 0
      vertex 26.8817 20.8 4.78648
    endloop
  endfacet
  facet normal 0 1 -0
    outer loop
      vertex 27.2135 20.8 5.11832
      vertex 104 20.8 0
      vertex 27.0607 20.8 4.93934
    endloop
  endfacet
  facet normal 0 1 -0
    outer loop
      vertex 27.3365 20.8 5.31901
      vertex 104 20.8 0
      vertex 27.2135 20.8 5.11832
    endloop
  endfacet
  facet normal 0 1 -0
    outer loop
      vertex 27.4266 20.8 5.53648
      vertex 104 20.8 0
      vertex 27.3365 20.8 5.31901
    endloop
  endfacet
  facet normal 0 1 -0
    outer loop
      vertex 27.4815 20.8 5.76535
      vertex 104 20.8 0
      vertex 27.4266 20.8 5.53648
    endloop
  endfacet
  facet normal 0 1 -0
    outer loop
      vertex 27.5 20.8 6
      vertex 104 20.8 0
      vertex 27.4815 20.8 5.76535
    endloop
  endfacet
  facet normal 0 1 0
    outer loop
      vertex 27.4815 20.8 6.23465
      vertex 104 20.8 0
      vertex 27.5 20.8 6
    endloop
  endfacet
  facet normal -0 1 -0
    outer loop
      vertex 78 20.8 4.5
      vertex 104 20.8 0
      vertex 77.7653 20.8 4.51847
    endloop
  endfacet
  facet normal 0 1 0
    outer loop
      vertex 26 20.8 7.5
      vertex 0 20.8 12
      vertex 26.2347 20.8 7.48153
    endloop
  endfacet
  facet normal 0 1 0
    outer loop
      vertex 24.6635 20.8 6.68099
      vertex 0 20.8 12
      vertex 24.7865 20.8 6.88168
    endloop
  endfacet
  facet normal 0 1 0
    outer loop
      vertex 27.4815 20.8 6.23465
      vertex 27.4266 20.8 6.46353
      vertex 104 20.8 0
    endloop
  endfacet
  facet normal 0 1 0
    outer loop
      vertex 24.7865 20.8 6.88168
      vertex 0 20.8 12
      vertex 24.9393 20.8 7.06066
    endloop
  endfacet
  facet normal 0 1 0
    outer loop
      vertex 27.4266 20.8 6.46353
      vertex 27.3365 20.8 6.68099
      vertex 104 20.8 0
    endloop
  endfacet
  facet normal 0 1 0
    outer loop
      vertex 24.9393 20.8 7.06066
      vertex 0 20.8 12
      vertex 25.1183 20.8 7.21353
    endloop
  endfacet
  facet normal 0 1 0
    outer loop
      vertex 27.3365 20.8 6.68099
      vertex 27.2135 20.8 6.88168
      vertex 104 20.8 0
    endloop
  endfacet
  facet normal 0 1 0
    outer loop
      vertex 25.1183 20.8 7.21353
      vertex 0 20.8 12
      vertex 25.319 20.8 7.33651
    endloop
  endfacet
  facet normal 0 1 0
    outer loop
      vertex 27.2135 20.8 6.88168
      vertex 27.0607 20.8 7.06066
      vertex 104 20.8 0
    endloop
  endfacet
  facet normal 0 1 0
    outer loop
      vertex 25.319 20.8 7.33651
      vertex 0 20.8 12
      vertex 25.5365 20.8 7.42659
    endloop
  endfacet
  facet normal 0 1 0
    outer loop
      vertex 27.0607 20.8 7.06066
      vertex 26.8817 20.8 7.21353
      vertex 104 20.8 0
    endloop
  endfacet
  facet normal 0 1 0
    outer loop
      vertex 25.5365 20.8 7.42659
      vertex 0 20.8 12
      vertex 25.7653 20.8 7.48153
    endloop
  endfacet
  facet normal 0 1 0
    outer loop
      vertex 26.8817 20.8 7.21353
      vertex 26.681 20.8 7.33651
      vertex 104 20.8 0
    endloop
  endfacet
  facet normal 0 1 0
    outer loop
      vertex 25.7653 20.8 7.48153
      vertex 0 20.8 12
      vertex 26 20.8 7.5
    endloop
  endfacet
  facet normal 0 1 0
    outer loop
      vertex 26.681 20.8 7.33651
      vertex 26.4635 20.8 7.42659
      vertex 104 20.8 0
    endloop
  endfacet
  facet normal 0 1 0
    outer loop
      vertex 26.4635 20.8 7.42659
      vertex 26.2347 20.8 7.48153
      vertex 104 20.8 0
    endloop
  endfacet
  facet normal 0 1 0
    outer loop
      vertex 24.5734 20.8 6.46353
      vertex 0 20.8 12
      vertex 24.6635 20.8 6.68099
    endloop
  endfacet
  facet normal 0 1 0
    outer loop
      vertex 24.5185 20.8 6.23465
      vertex 0 20.8 12
      vertex 24.5734 20.8 6.46353
    endloop
  endfacet
  facet normal 0 1 0
    outer loop
      vertex 76.5 20.8 6
      vertex 0 20.8 12
      vertex 76.5185 20.8 6.23465
    endloop
  endfacet
  facet normal 0 1 0
    outer loop
      vertex 76.5185 20.8 5.76535
      vertex 0 20.8 12
      vertex 76.5 20.8 6
    endloop
  endfacet
  facet normal 0 1 0
    outer loop
      vertex 76.5734 20.8 5.53648
      vertex 0 20.8 12
      vertex 76.5185 20.8 5.76535
    endloop
  endfacet
  facet normal 0 1 0
    outer loop
      vertex 76.6635 20.8 5.31901
      vertex 0 20.8 12
      vertex 76.5734 20.8 5.53648
    endloop
  endfacet
  facet normal 0 1 0
    outer loop
      vertex 76.7865 20.8 5.11832
      vertex 0 20.8 12
      vertex 76.6635 20.8 5.31901
    endloop
  endfacet
  facet normal 0 1 0
    outer loop
      vertex 76.9393 20.8 4.93934
      vertex 0 20.8 12
      vertex 76.7865 20.8 5.11832
    endloop
  endfacet
  facet normal 0 1 0
    outer loop
      vertex 77.1183 20.8 4.78648
      vertex 0 20.8 12
      vertex 76.9393 20.8 4.93934
    endloop
  endfacet
  facet normal 0 1 0
    outer loop
      vertex 77.319 20.8 4.66349
      vertex 0 20.8 12
      vertex 77.1183 20.8 4.78648
    endloop
  endfacet
  facet normal 0 1 0
    outer loop
      vertex 77.5365 20.8 4.57342
      vertex 0 20.8 12
      vertex 77.319 20.8 4.66349
    endloop
  endfacet
  facet normal 0 1 0
    outer loop
      vertex 77.7653 20.8 4.51847
      vertex 0 20.8 12
      vertex 77.5365 20.8 4.57342
    endloop
  endfacet
  facet normal 0 1 0
    outer loop
      vertex 104 20.8 0
      vertex 0 20.8 12
      vertex 77.7653 20.8 4.51847
    endloop
  endfacet
  facet normal 0 1 -0
    outer loop
      vertex 78.2347 20.8 4.51847
      vertex 104 20.8 0
      vertex 78 20.8 4.5
    endloop
  endfacet
  facet normal 0 1 -0
    outer loop
      vertex 78.4635 20.8 4.57342
      vertex 104 20.8 0
      vertex 78.2347 20.8 4.51847
    endloop
  endfacet
  facet normal 0 1 -0
    outer loop
      vertex 78.681 20.8 4.66349
      vertex 104 20.8 0
      vertex 78.4635 20.8 4.57342
    endloop
  endfacet
  facet normal 0 1 -0
    outer loop
      vertex 78.8817 20.8 4.78648
      vertex 104 20.8 0
      vertex 78.681 20.8 4.66349
    endloop
  endfacet
  facet normal 0 1 -0
    outer loop
      vertex 79.0607 20.8 4.93934
      vertex 104 20.8 0
      vertex 78.8817 20.8 4.78648
    endloop
  endfacet
  facet normal 0 1 -0
    outer loop
      vertex 79.2135 20.8 5.11832
      vertex 104 20.8 0
      vertex 79.0607 20.8 4.93934
    endloop
  endfacet
  facet normal 0 1 -0
    outer loop
      vertex 79.3365 20.8 5.31901
      vertex 104 20.8 0
      vertex 79.2135 20.8 5.11832
    endloop
  endfacet
  facet normal 0 1 -0
    outer loop
      vertex 79.4266 20.8 5.53648
      vertex 104 20.8 0
      vertex 79.3365 20.8 5.31901
    endloop
  endfacet
  facet normal 0 1 -0
    outer loop
      vertex 79.4815 20.8 5.76535
      vertex 104 20.8 0
      vertex 79.4266 20.8 5.53648
    endloop
  endfacet
  facet normal 0 1 0
    outer loop
      vertex 79.2135 20.8 6.88168
      vertex 104 20.8 12
      vertex 79.3365 20.8 6.68099
    endloop
  endfacet
  facet normal 0 1 0
    outer loop
      vertex 104 20.8 0
      vertex 79.4815 20.8 5.76535
      vertex 104 20.8 12
    endloop
  endfacet
  facet normal 0 1 0
    outer loop
      vertex 79.4815 20.8 5.76535
      vertex 79.5 20.8 6
      vertex 104 20.8 12
    endloop
  endfacet
  facet normal 0 1 0
    outer loop
      vertex 79.5 20.8 6
      vertex 79.4815 20.8 6.23465
      vertex 104 20.8 12
    endloop
  endfacet
  facet normal 0 1 0
    outer loop
      vertex 79.4815 20.8 6.23465
      vertex 79.4266 20.8 6.46353
      vertex 104 20.8 12
    endloop
  endfacet
  facet normal 0 1 0
    outer loop
      vertex 79.4266 20.8 6.46353
      vertex 79.3365 20.8 6.68099
      vertex 104 20.8 12
    endloop
  endfacet
  facet normal 0 1 0
    outer loop
      vertex 77.7653 20.8 7.48153
      vertex 0 20.8 12
      vertex 78 20.8 7.5
    endloop
  endfacet
  facet normal 0 1 0
    outer loop
      vertex 76.7865 20.8 6.88168
      vertex 0 20.8 12
      vertex 76.9393 20.8 7.06066
    endloop
  endfacet
  facet normal 0 1 0
    outer loop
      vertex 79.2135 20.8 6.88168
      vertex 79.0607 20.8 7.06066
      vertex 104 20.8 12
    endloop
  endfacet
  facet normal 0 1 0
    outer loop
      vertex 76.9393 20.8 7.06066
      vertex 0 20.8 12
      vertex 77.1183 20.8 7.21353
    endloop
  endfacet
  facet normal 0 1 0
    outer loop
      vertex 79.0607 20.8 7.06066
      vertex 78.8817 20.8 7.21353
      vertex 104 20.8 12
    endloop
  endfacet
  facet normal 0 1 0
    outer loop
      vertex 77.1183 20.8 7.21353
      vertex 0 20.8 12
      vertex 77.319 20.8 7.33651
    endloop
  endfacet
  facet normal 0 1 0
    outer loop
      vertex 78.8817 20.8 7.21353
      vertex 78.681 20.8 7.33651
      vertex 104 20.8 12
    endloop
  endfacet
  facet normal 0 1 0
    outer loop
      vertex 77.319 20.8 7.33651
      vertex 0 20.8 12
      vertex 77.5365 20.8 7.42659
    endloop
  endfacet
  facet normal 0 1 0
    outer loop
      vertex 78.681 20.8 7.33651
      vertex 78.4635 20.8 7.42659
      vertex 104 20.8 12
    endloop
  endfacet
  facet normal 0 1 0
    outer loop
      vertex 77.5365 20.8 7.42659
      vertex 0 20.8 12
      vertex 77.7653 20.8 7.48153
    endloop
  endfacet
  facet normal 0 1 0
    outer loop
      vertex 78.4635 20.8 7.42659
      vertex 78.2347 20.8 7.48153
      vertex 104 20.8 12
    endloop
  endfacet
  facet normal 0 1 0
    outer loop
      vertex 78.2347 20.8 7.48153
      vertex 78 20.8 7.5
      vertex 104 20.8 12
    endloop
  endfacet
  facet normal 0 1 0
    outer loop
      vertex 76.6635 20.8 6.68099
      vertex 0 20.8 12
      vertex 76.7865 20.8 6.88168
    endloop
  endfacet
  facet normal 0 1 0
    outer loop
      vertex 76.5734 20.8 6.46353
      vertex 0 20.8 12
      vertex 76.6635 20.8 6.68099
    endloop
  endfacet
  facet normal 0 1 0
    outer loop
      vertex 76.5185 20.8 6.23465
      vertex 0 20.8 12
      vertex 76.5734 20.8 6.46353
    endloop
  endfacet
  facet normal 0 1 -0
    outer loop
      vertex 26.2347 20.8 4.51847
      vertex 104 20.8 0
      vertex 26 20.8 4.5
    endloop
  endfacet
  facet normal 0 0 -1
    outer loop
      vertex 0 5 0
      vertex 2 5 0
      vertex 0.061558 4.21783 0
    endloop
  endfacet
  facet normal 0 0 -1
    outer loop
      vertex 6.66667 9.5 0
      vertex 2 5 0
      vertex 2 19.1 0
    endloop
  endfacet
  facet normal -0 0 -1
    outer loop
      vertex 44.9514 8.32443 0
      vertex 54 19.1 0
      vertex 54 5 0
    endloop
  endfacet
  facet normal 0 0 -1
    outer loop
      vertex 0.061558 4.21783 0
      vertex 54 5 0
      vertex 56 5 0
    endloop
  endfacet
  facet normal 0 -0 -1
    outer loop
      vertex 62.2847 10.6756 0
      vertex 56 19.1 0
      vertex 102 19.1 0
    endloop
  endfacet
  facet normal -0 0 -1
    outer loop
      vertex 97.1153 8.59202 0
      vertex 102 19.1 0
      vertex 102 5 0
    endloop
  endfacet
  facet normal 0 0 -1
    outer loop
      vertex 56 5 0
      vertex 102 5 0
      vertex 0.061558 4.21783 0
    endloop
  endfacet
  facet normal 0 0 -1
    outer loop
      vertex 102 5 0
      vertex 104 5 0
      vertex 0.061558 4.21783 0
    endloop
  endfacet
  facet normal -0 0 -1
    outer loop
      vertex 0.061558 4.21783 0
      vertex 104 5 0
      vertex 103.938 4.21783 0
    endloop
  endfacet
  facet normal 0 0 -1
    outer loop
      vertex 0.061558 4.21783 0
      vertex 103.938 4.21783 0
      vertex 103.755 3.45492 0
    endloop
  endfacet
  facet normal 0 0 -1
    outer loop
      vertex 0.061558 4.21783 0
      vertex 103.755 3.45492 0
      vertex 103.455 2.73005 0
    endloop
  endfacet
  facet normal 0 0 -1
    outer loop
      vertex 0.061558 4.21783 0
      vertex 103.455 2.73005 0
      vertex 103.045 2.06107 0
    endloop
  endfacet
  facet normal 0 0 -1
    outer loop
      vertex 0.061558 4.21783 0
      vertex 103.045 2.06107 0
      vertex 102.536 1.46447 0
    endloop
  endfacet
  facet normal 0 0 -1
    outer loop
      vertex 0.061558 4.21783 0
      vertex 102.536 1.46447 0
      vertex 101.939 0.954915 0
    endloop
  endfacet
  facet normal 0 0 -1
    outer loop
      vertex 0.061558 4.21783 0
      vertex 101.939 0.954915 0
      vertex 101.27 0.544967 0
    endloop
  endfacet
  facet normal 0 0 -1
    outer loop
      vertex 0.061558 4.21783 0
      vertex 101.27 0.544967 0
      vertex 100.545 0.244717 0
    endloop
  endfacet
  facet normal 0 0 -1
    outer loop
      vertex 0.061558 4.21783 0
      vertex 100.545 0.244717 0
      vertex 99.7822 0.061558 0
    endloop
  endfacet
  facet normal 0 0 -1
    outer loop
      vertex 0.061558 4.21783 0
      vertex 99.7822 0.061558 0
      vertex 99 0 0
    endloop
  endfacet
  facet normal 0 0 -1
    outer loop
      vertex 0.061558 4.21783 0
      vertex 99 0 0
      vertex 5 0 0
    endloop
  endfacet
  facet normal 0 0 -1
    outer loop
      vertex 0.061558 4.21783 0
      vertex 5 0 0
      vertex 4.21783 0.061558 0
    endloop
  endfacet
  facet normal 0 0 -1
    outer loop
      vertex 0.061558 4.21783 0
      vertex 4.21783 0.061558 0
      vertex 3.45492 0.244717 0
    endloop
  endfacet
  facet normal 0 0 -1
    outer loop
      vertex 0.061558 4.21783 0
      vertex 3.45492 0.244717 0
      vertex 2.73005 0.544967 0
    endloop
  endfacet
  facet normal 0 0 -1
    outer loop
      vertex 0.061558 4.21783 0
      vertex 2.73005 0.544967 0
      vertex 2.06107 0.954915 0
    endloop
  endfacet
  facet normal 0 0 -1
    outer loop
      vertex 0.061558 4.21783 0
      vertex 2.06107 0.954915 0
      vertex 1.46447 1.46447 0
    endloop
  endfacet
  facet normal 0 0 -1
    outer loop
      vertex 0.061558 4.21783 0
      vertex 1.46447 1.46447 0
      vertex 0.954915 2.06107 0
    endloop
  endfacet
  facet normal 0 0 -1
    outer loop
      vertex 0.061558 4.21783 0
      vertex 0.954915 2.06107 0
      vertex 0.544967 2.73005 0
    endloop
  endfacet
  facet normal 0 0 -1
    outer loop
      vertex 0.061558 4.21783 0
      vertex 0.544967 2.73005 0
      vertex 0.244717 3.45492 0
    endloop
  endfacet
  facet normal 0 0 -1
    outer loop
      vertex 6.69129 9.18713 0
      vertex 2 5 0
      vertex 6.66667 9.5 0
    endloop
  endfacet
  facet normal 0 0 -1
    outer loop
      vertex 6.69129 9.81287 0
      vertex 6.66667 9.5 0
      vertex 2 19.1 0
    endloop
  endfacet
  facet normal 0 0 -1
    outer loop
      vertex 6.76455 8.88197 0
      vertex 2 5 0
      vertex 6.69129 9.18713 0
    endloop
  endfacet
  facet normal 0 0 -1
    outer loop
      vertex 6.88465 8.59202 0
      vertex 2 5 0
      vertex 6.76455 8.88197 0
    endloop
  endfacet
  facet normal 0 0 -1
    outer loop
      vertex 7.04863 8.32443 0
      vertex 2 5 0
      vertex 6.88465 8.59202 0
    endloop
  endfacet
  facet normal 0 0 -1
    outer loop
      vertex 7.25245 8.08579 0
      vertex 2 5 0
      vertex 7.04863 8.32443 0
    endloop
  endfacet
  facet normal 0 0 -1
    outer loop
      vertex 7.4911 7.88197 0
      vertex 2 5 0
      vertex 7.25245 8.08579 0
    endloop
  endfacet
  facet normal 0 0 -1
    outer loop
      vertex 7.75869 7.71799 0
      vertex 2 5 0
      vertex 7.4911 7.88197 0
    endloop
  endfacet
  facet normal 0 0 -1
    outer loop
      vertex 8.04863 7.59789 0
      vertex 2 5 0
      vertex 7.75869 7.71799 0
    endloop
  endfacet
  facet normal 0 0 -1
    outer loop
      vertex 8.3538 7.52462 0
      vertex 2 5 0
      vertex 8.04863 7.59789 0
    endloop
  endfacet
  facet normal 0 0 -1
    outer loop
      vertex 8.66667 7.5 0
      vertex 2 5 0
      vertex 8.3538 7.52462 0
    endloop
  endfacet
  facet normal 0 0 -1
    outer loop
      vertex 8.97954 7.52462 0
      vertex 2 5 0
      vertex 8.66667 7.5 0
    endloop
  endfacet
  facet normal 0 0 -1
    outer loop
      vertex 9.2847 7.59789 0
      vertex 2 5 0
      vertex 8.97954 7.52462 0
    endloop
  endfacet
  facet normal 0 0 -1
    outer loop
      vertex 25.382 11.4021 0
      vertex 2 5 0
      vertex 9.2847 7.59789 0
    endloop
  endfacet
  facet normal -0 0 -1
    outer loop
      vertex 9.84224 7.88197 0
      vertex 54 19.1 0
      vertex 9.57465 7.71799 0
    endloop
  endfacet
  facet normal -0 0 -1
    outer loop
      vertex 10.0809 8.08579 0
      vertex 54 19.1 0
      vertex 9.84224 7.88197 0
    endloop
  endfacet
  facet normal -0 0 -1
    outer loop
      vertex 10.2847 8.32443 0
      vertex 54 19.1 0
      vertex 10.0809 8.08579 0
    endloop
  endfacet
  facet normal -0 0 -1
    outer loop
      vertex 10.4487 8.59202 0
      vertex 54 19.1 0
      vertex 10.2847 8.32443 0
    endloop
  endfacet
  facet normal -0 0 -1
    outer loop
      vertex 10.5688 8.88197 0
      vertex 54 19.1 0
      vertex 10.4487 8.59202 0
    endloop
  endfacet
  facet normal -0 0 -1
    outer loop
      vertex 10.642 9.18713 0
      vertex 54 19.1 0
      vertex 10.5688 8.88197 0
    endloop
  endfacet
  facet normal -0 0 -1
    outer loop
      vertex 10.6667 9.5 0
      vertex 54 19.1 0
      vertex 10.642 9.18713 0
    endloop
  endfacet
  facet normal -0 0 -1
    outer loop
      vertex 10.642 9.81287 0
      vertex 54 19.1 0
      vertex 10.6667 9.5 0
    endloop
  endfacet
  facet normal -0 0 -1
    outer loop
      vertex 10.5688 10.118 0
      vertex 54 19.1 0
      vertex 10.642 9.81287 0
    endloop
  endfacet
  facet normal -0 0 -1
    outer loop
      vertex 10.4487 10.408 0
      vertex 54 19.1 0
      vertex 10.5688 10.118 0
    endloop
  endfacet
  facet normal -0 -0 -1
    outer loop
      vertex 9.84224 11.118 0
      vertex 2 19.1 0
      vertex 10.0809 10.9142 0
    endloop
  endfacet
  facet normal 0 0 -1
    outer loop
      vertex 54 19.1 0
      vertex 10.4487 10.408 0
      vertex 10.2847 10.6756 0
    endloop
  endfacet
  facet normal 0 0 -1
    outer loop
      vertex 54 19.1 0
      vertex 10.2847 10.6756 0
      vertex 10.0809 10.9142 0
    endloop
  endfacet
  facet normal 0 0 -1
    outer loop
      vertex 54 19.1 0
      vertex 10.0809 10.9142 0
      vertex 2 19.1 0
    endloop
  endfacet
  facet normal -0 -0 -1
    outer loop
      vertex 9.57465 11.282 0
      vertex 2 19.1 0
      vertex 9.84224 11.118 0
    endloop
  endfacet
  facet normal 0 0 -1
    outer loop
      vertex 26.3129 7.52462 0
      vertex 54 5 0
      vertex 26 7.5 0
    endloop
  endfacet
  facet normal 0 0 -1
    outer loop
      vertex 9.57465 11.282 0
      vertex 9.2847 11.4021 0
      vertex 2 19.1 0
    endloop
  endfacet
  facet normal 0 0 -1
    outer loop
      vertex 9.2847 11.4021 0
      vertex 8.97954 11.4754 0
      vertex 2 19.1 0
    endloop
  endfacet
  facet normal 0 0 -1
    outer loop
      vertex 8.97954 11.4754 0
      vertex 8.66667 11.5 0
      vertex 2 19.1 0
    endloop
  endfacet
  facet normal 0 0 -1
    outer loop
      vertex 8.66667 11.5 0
      vertex 8.3538 11.4754 0
      vertex 2 19.1 0
    endloop
  endfacet
  facet normal 0 0 -1
    outer loop
      vertex 8.3538 11.4754 0
      vertex 8.04863 11.4021 0
      vertex 2 19.1 0
    endloop
  endfacet
  facet normal 0 0 -1
    outer loop
      vertex 8.04863 11.4021 0
      vertex 7.75869 11.282 0
      vertex 2 19.1 0
    endloop
  endfacet
  facet normal 0 0 -1
    outer loop
      vertex 7.75869 11.282 0
      vertex 7.4911 11.118 0
      vertex 2 19.1 0
    endloop
  endfacet
  facet normal 0 0 -1
    outer loop
      vertex 7.4911 11.118 0
      vertex 7.25245 10.9142 0
      vertex 2 19.1 0
    endloop
  endfacet
  facet normal 0 0 -1
    outer loop
      vertex 7.25245 10.9142 0
      vertex 7.04863 10.6756 0
      vertex 2 19.1 0
    endloop
  endfacet
  facet normal 0 0 -1
    outer loop
      vertex 7.04863 10.6756 0
      vertex 6.88465 10.408 0
      vertex 2 19.1 0
    endloop
  endfacet
  facet normal 0 0 -1
    outer loop
      vertex 6.88465 10.408 0
      vertex 6.76455 10.118 0
      vertex 2 19.1 0
    endloop
  endfacet
  facet normal 0 0 -1
    outer loop
      vertex 6.76455 10.118 0
      vertex 6.69129 9.81287 0
      vertex 2 19.1 0
    endloop
  endfacet
  facet normal -0 0 -1
    outer loop
      vertex 26.3129 11.4754 0
      vertex 54 19.1 0
      vertex 26.618 11.4021 0
    endloop
  endfacet
  facet normal 0 0 -1
    outer loop
      vertex 0.061558 4.21783 0
      vertex 24 9.5 0
      vertex 24.0246 9.18713 0
    endloop
  endfacet
  facet normal 0 0 -1
    outer loop
      vertex 0.061558 4.21783 0
      vertex 24.0246 9.18713 0
      vertex 24.0979 8.88197 0
    endloop
  endfacet
  facet normal 0 0 -1
    outer loop
      vertex 0.061558 4.21783 0
      vertex 24.0979 8.88197 0
      vertex 24.218 8.59202 0
    endloop
  endfacet
  facet normal 0 0 -1
    outer loop
      vertex 0.061558 4.21783 0
      vertex 24.218 8.59202 0
      vertex 24.382 8.32443 0
    endloop
  endfacet
  facet normal 0 0 -1
    outer loop
      vertex 0.061558 4.21783 0
      vertex 24.382 8.32443 0
      vertex 24.5858 8.08579 0
    endloop
  endfacet
  facet normal 0 0 -1
    outer loop
      vertex 0.061558 4.21783 0
      vertex 24.5858 8.08579 0
      vertex 24.8244 7.88197 0
    endloop
  endfacet
  facet normal 0 0 -1
    outer loop
      vertex 0.061558 4.21783 0
      vertex 24.8244 7.88197 0
      vertex 25.092 7.71799 0
    endloop
  endfacet
  facet normal 0 0 -1
    outer loop
      vertex 0.061558 4.21783 0
      vertex 25.092 7.71799 0
      vertex 25.382 7.59789 0
    endloop
  endfacet
  facet normal 0 0 -1
    outer loop
      vertex 0.061558 4.21783 0
      vertex 25.382 7.59789 0
      vertex 25.6871 7.52462 0
    endloop
  endfacet
  facet normal 0 0 -1
    outer loop
      vertex 0.061558 4.21783 0
      vertex 25.6871 7.52462 0
      vertex 54 5 0
    endloop
  endfacet
  facet normal 0 0 -1
    outer loop
      vertex 25.6871 7.52462 0
      vertex 26 7.5 0
      vertex 54 5 0
    endloop
  endfacet
  facet normal 0 0 -1
    outer loop
      vertex 26.618 7.59789 0
      vertex 54 5 0
      vertex 26.3129 7.52462 0
    endloop
  endfacet
  facet normal 0 0 -1
    outer loop
      vertex 26.908 7.71799 0
      vertex 54 5 0
      vertex 26.618 7.59789 0
    endloop
  endfacet
  facet normal 0 0 -1
    outer loop
      vertex 27.1756 7.88197 0
      vertex 54 5 0
      vertex 26.908 7.71799 0
    endloop
  endfacet
  facet normal 0 0 -1
    outer loop
      vertex 27.4142 8.08579 0
      vertex 54 5 0
      vertex 27.1756 7.88197 0
    endloop
  endfacet
  facet normal 0 0 -1
    outer loop
      vertex 27.618 8.32443 0
      vertex 54 5 0
      vertex 27.4142 8.08579 0
    endloop
  endfacet
  facet normal 0 0 -1
    outer loop
      vertex 27.782 8.59202 0
      vertex 54 5 0
      vertex 27.618 8.32443 0
    endloop
  endfacet
  facet normal 0 0 -1
    outer loop
      vertex 27.9021 8.88197 0
      vertex 54 5 0
      vertex 27.782 8.59202 0
    endloop
  endfacet
  facet normal 0 0 -1
    outer loop
      vertex 27.9754 9.18713 0
      vertex 54 5 0
      vertex 27.9021 8.88197 0
    endloop
  endfacet
  facet normal -0 0 -1
    outer loop
      vertex 28 9.5 0
      vertex 54 19.1 0
      vertex 27.9754 9.18713 0
    endloop
  endfacet
  facet normal -0 0 -1
    outer loop
      vertex 27.618 10.6756 0
      vertex 54 19.1 0
      vertex 27.782 10.408 0
    endloop
  endfacet
  facet normal -0 0 -1
    outer loop
      vertex 27.9754 9.81287 0
      vertex 54 19.1 0
      vertex 28 9.5 0
    endloop
  endfacet
  facet normal -0 0 -1
    outer loop
      vertex 27.9021 10.118 0
      vertex 54 19.1 0
      vertex 27.9754 9.81287 0
    endloop
  endfacet
  facet normal -0 0 -1
    outer loop
      vertex 27.782 10.408 0
      vertex 54 19.1 0
      vertex 27.9021 10.118 0
    endloop
  endfacet
  facet normal 0 -0 -1
    outer loop
      vertex 24.382 10.6756 0
      vertex 0.061558 4.21783 0
      vertex 24.5858 10.9142 0
    endloop
  endfacet
  facet normal -0 0 -1
    outer loop
      vertex 27.4142 10.9142 0
      vertex 54 19.1 0
      vertex 27.618 10.6756 0
    endloop
  endfacet
  facet normal -0 0 -1
    outer loop
      vertex 27.1756 11.118 0
      vertex 54 19.1 0
      vertex 27.4142 10.9142 0
    endloop
  endfacet
  facet normal -0 0 -1
    outer loop
      vertex 26.908 11.282 0
      vertex 54 19.1 0
      vertex 27.1756 11.118 0
    endloop
  endfacet
  facet normal -0 0 -1
    outer loop
      vertex 26.618 11.4021 0
      vertex 54 19.1 0
      vertex 26.908 11.282 0
    endloop
  endfacet
  facet normal 0 0 -1
    outer loop
      vertex 25.6871 11.4754 0
      vertex 54 19.1 0
      vertex 26 11.5 0
    endloop
  endfacet
  facet normal 0 0 -1
    outer loop
      vertex 24.5858 10.9142 0
      vertex 0.061558 4.21783 0
      vertex 2 5 0
    endloop
  endfacet
  facet normal 0 -0 -1
    outer loop
      vertex 26.3129 11.4754 0
      vertex 26 11.5 0
      vertex 54 19.1 0
    endloop
  endfacet
  facet normal 0 -0 -1
    outer loop
      vertex 24.8244 11.118 0
      vertex 2 5 0
      vertex 25.092 11.282 0
    endloop
  endfacet
  facet normal 0 0 -1
    outer loop
      vertex 54 19.1 0
      vertex 25.6871 11.4754 0
      vertex 9.2847 7.59789 0
    endloop
  endfacet
  facet normal 0 0 -1
    outer loop
      vertex 25.6871 11.4754 0
      vertex 25.382 11.4021 0
      vertex 9.2847 7.59789 0
    endloop
  endfacet
  facet normal 0 -0 -1
    outer loop
      vertex 25.092 11.282 0
      vertex 2 5 0
      vertex 25.382 11.4021 0
    endloop
  endfacet
  facet normal 0 -0 -1
    outer loop
      vertex 24.5858 10.9142 0
      vertex 2 5 0
      vertex 24.8244 11.118 0
    endloop
  endfacet
  facet normal 0 -0 -1
    outer loop
      vertex 24.218 10.408 0
      vertex 0.061558 4.21783 0
      vertex 24.382 10.6756 0
    endloop
  endfacet
  facet normal 0 -0 -1
    outer loop
      vertex 24.0979 10.118 0
      vertex 0.061558 4.21783 0
      vertex 24.218 10.408 0
    endloop
  endfacet
  facet normal 0 -0 -1
    outer loop
      vertex 24.0246 9.81287 0
      vertex 0.061558 4.21783 0
      vertex 24.0979 10.118 0
    endloop
  endfacet
  facet normal 0 0 -1
    outer loop
      vertex 43.3333 7.5 0
      vertex 54 5 0
      vertex 43.0205 7.52462 0
    endloop
  endfacet
  facet normal 0 0 -1
    outer loop
      vertex 0.061558 4.21783 0
      vertex 24.0246 9.81287 0
      vertex 24 9.5 0
    endloop
  endfacet
  facet normal 0 -0 -1
    outer loop
      vertex 42.7153 11.4021 0
      vertex 27.9754 9.18713 0
      vertex 43.0205 11.4754 0
    endloop
  endfacet
  facet normal -0 0 -1
    outer loop
      vertex 27.9754 9.18713 0
      vertex 41.3333 9.5 0
      vertex 41.358 9.18713 0
    endloop
  endfacet
  facet normal 0 0 -1
    outer loop
      vertex 27.9754 9.18713 0
      vertex 41.358 9.18713 0
      vertex 41.4312 8.88197 0
    endloop
  endfacet
  facet normal 0 0 -1
    outer loop
      vertex 27.9754 9.18713 0
      vertex 41.4312 8.88197 0
      vertex 41.5513 8.59202 0
    endloop
  endfacet
  facet normal 0 0 -1
    outer loop
      vertex 27.9754 9.18713 0
      vertex 41.5513 8.59202 0
      vertex 41.7153 8.32443 0
    endloop
  endfacet
  facet normal 0 0 -1
    outer loop
      vertex 27.9754 9.18713 0
      vertex 41.7153 8.32443 0
      vertex 41.9191 8.08579 0
    endloop
  endfacet
  facet normal 0 0 -1
    outer loop
      vertex 27.9754 9.18713 0
      vertex 41.9191 8.08579 0
      vertex 42.1578 7.88197 0
    endloop
  endfacet
  facet normal 0 0 -1
    outer loop
      vertex 27.9754 9.18713 0
      vertex 42.1578 7.88197 0
      vertex 42.4254 7.71799 0
    endloop
  endfacet
  facet normal 0 0 -1
    outer loop
      vertex 27.9754 9.18713 0
      vertex 42.4254 7.71799 0
      vertex 42.7153 7.59789 0
    endloop
  endfacet
  facet normal 0 0 -1
    outer loop
      vertex 27.9754 9.18713 0
      vertex 42.7153 7.59789 0
      vertex 43.0205 7.52462 0
    endloop
  endfacet
  facet normal 0 0 -1
    outer loop
      vertex 27.9754 9.18713 0
      vertex 43.0205 7.52462 0
      vertex 54 5 0
    endloop
  endfacet
  facet normal 0 0 -1
    outer loop
      vertex 43.6462 7.52462 0
      vertex 54 5 0
      vertex 43.3333 7.5 0
    endloop
  endfacet
  facet normal 0 0 -1
    outer loop
      vertex 43.9514 7.59789 0
      vertex 54 5 0
      vertex 43.6462 7.52462 0
    endloop
  endfacet
  facet normal 0 0 -1
    outer loop
      vertex 44.2413 7.71799 0
      vertex 54 5 0
      vertex 43.9514 7.59789 0
    endloop
  endfacet
  facet normal 0 0 -1
    outer loop
      vertex 44.5089 7.88197 0
      vertex 54 5 0
      vertex 44.2413 7.71799 0
    endloop
  endfacet
  facet normal 0 0 -1
    outer loop
      vertex 44.7475 8.08579 0
      vertex 54 5 0
      vertex 44.5089 7.88197 0
    endloop
  endfacet
  facet normal 0 0 -1
    outer loop
      vertex 44.9514 8.32443 0
      vertex 54 5 0
      vertex 44.7475 8.08579 0
    endloop
  endfacet
  facet normal -0 0 -1
    outer loop
      vertex 45.1153 8.59202 0
      vertex 54 19.1 0
      vertex 44.9514 8.32443 0
    endloop
  endfacet
  facet normal -0 0 -1
    outer loop
      vertex 43.6462 11.4754 0
      vertex 54 19.1 0
      vertex 43.9514 11.4021 0
    endloop
  endfacet
  facet normal -0 0 -1
    outer loop
      vertex 45.2354 8.88197 0
      vertex 54 19.1 0
      vertex 45.1153 8.59202 0
    endloop
  endfacet
  facet normal -0 0 -1
    outer loop
      vertex 45.3087 9.18713 0
      vertex 54 19.1 0
      vertex 45.2354 8.88197 0
    endloop
  endfacet
  facet normal -0 0 -1
    outer loop
      vertex 45.3333 9.5 0
      vertex 54 19.1 0
      vertex 45.3087 9.18713 0
    endloop
  endfacet
  facet normal -0 0 -1
    outer loop
      vertex 45.3087 9.81287 0
      vertex 54 19.1 0
      vertex 45.3333 9.5 0
    endloop
  endfacet
  facet normal -0 0 -1
    outer loop
      vertex 45.2354 10.118 0
      vertex 54 19.1 0
      vertex 45.3087 9.81287 0
    endloop
  endfacet
  facet normal -0 0 -1
    outer loop
      vertex 45.1153 10.408 0
      vertex 54 19.1 0
      vertex 45.2354 10.118 0
    endloop
  endfacet
  facet normal -0 0 -1
    outer loop
      vertex 44.9514 10.6756 0
      vertex 54 19.1 0
      vertex 45.1153 10.408 0
    endloop
  endfacet
  facet normal -0 0 -1
    outer loop
      vertex 44.7475 10.9142 0
      vertex 54 19.1 0
      vertex 44.9514 10.6756 0
    endloop
  endfacet
  facet normal -0 0 -1
    outer loop
      vertex 44.5089 11.118 0
      vertex 54 19.1 0
      vertex 44.7475 10.9142 0
    endloop
  endfacet
  facet normal -0 0 -1
    outer loop
      vertex 44.2413 11.282 0
      vertex 54 19.1 0
      vertex 44.5089 11.118 0
    endloop
  endfacet
  facet normal -0 0 -1
    outer loop
      vertex 43.9514 11.4021 0
      vertex 54 19.1 0
      vertex 44.2413 11.282 0
    endloop
  endfacet
  facet normal -0 0 -1
    outer loop
      vertex 43.3333 11.5 0
      vertex 54 19.1 0
      vertex 43.6462 11.4754 0
    endloop
  endfacet
  facet normal 0 0 -1
    outer loop
      vertex 43.0205 11.4754 0
      vertex 54 19.1 0
      vertex 43.3333 11.5 0
    endloop
  endfacet
  facet normal 0 0 -1
    outer loop
      vertex 27.9754 9.18713 0
      vertex 54 19.1 0
      vertex 43.0205 11.4754 0
    endloop
  endfacet
  facet normal 0 -0 -1
    outer loop
      vertex 42.4254 11.282 0
      vertex 27.9754 9.18713 0
      vertex 42.7153 11.4021 0
    endloop
  endfacet
  facet normal -0 0 -1
    outer loop
      vertex 61.5746 7.71799 0
      vertex 102 19.1 0
      vertex 61.2847 7.59789 0
    endloop
  endfacet
  facet normal 0 0 -1
    outer loop
      vertex 27.9754 9.18713 0
      vertex 42.4254 11.282 0
      vertex 42.1578 11.118 0
    endloop
  endfacet
  facet normal 0 0 -1
    outer loop
      vertex 27.9754 9.18713 0
      vertex 42.1578 11.118 0
      vertex 41.9191 10.9142 0
    endloop
  endfacet
  facet normal 0 0 -1
    outer loop
      vertex 27.9754 9.18713 0
      vertex 41.9191 10.9142 0
      vertex 41.7153 10.6756 0
    endloop
  endfacet
  facet normal 0 0 -1
    outer loop
      vertex 27.9754 9.18713 0
      vertex 41.7153 10.6756 0
      vertex 41.5513 10.408 0
    endloop
  endfacet
  facet normal 0 0 -1
    outer loop
      vertex 27.9754 9.18713 0
      vertex 41.5513 10.408 0
      vertex 41.4312 10.118 0
    endloop
  endfacet
  facet normal 0 0 -1
    outer loop
      vertex 27.9754 9.18713 0
      vertex 41.4312 10.118 0
      vertex 41.358 9.81287 0
    endloop
  endfacet
  facet normal 0 0 -1
    outer loop
      vertex 27.9754 9.18713 0
      vertex 41.358 9.81287 0
      vertex 41.3333 9.5 0
    endloop
  endfacet
  facet normal 0 -0 -1
    outer loop
      vertex 56 5 0
      vertex 56 19.1 0
      vertex 58.6667 9.5 0
    endloop
  endfacet
  facet normal 0 0 -1
    outer loop
      vertex 56 5 0
      vertex 58.6667 9.5 0
      vertex 58.6913 9.18713 0
    endloop
  endfacet
  facet normal 0 0 -1
    outer loop
      vertex 56 5 0
      vertex 58.6913 9.18713 0
      vertex 58.7646 8.88197 0
    endloop
  endfacet
  facet normal 0 0 -1
    outer loop
      vertex 56 5 0
      vertex 58.7646 8.88197 0
      vertex 58.8847 8.59202 0
    endloop
  endfacet
  facet normal 0 0 -1
    outer loop
      vertex 56 5 0
      vertex 58.8847 8.59202 0
      vertex 59.0486 8.32443 0
    endloop
  endfacet
  facet normal 0 0 -1
    outer loop
      vertex 56 5 0
      vertex 59.0486 8.32443 0
      vertex 59.2525 8.08579 0
    endloop
  endfacet
  facet normal 0 0 -1
    outer loop
      vertex 56 5 0
      vertex 59.2525 8.08579 0
      vertex 59.4911 7.88197 0
    endloop
  endfacet
  facet normal 0 0 -1
    outer loop
      vertex 56 5 0
      vertex 59.4911 7.88197 0
      vertex 59.7587 7.71799 0
    endloop
  endfacet
  facet normal 0 0 -1
    outer loop
      vertex 56 5 0
      vertex 59.7587 7.71799 0
      vertex 60.0486 7.59789 0
    endloop
  endfacet
  facet normal 0 0 -1
    outer loop
      vertex 56 5 0
      vertex 60.0486 7.59789 0
      vertex 60.3538 7.52462 0
    endloop
  endfacet
  facet normal 0 0 -1
    outer loop
      vertex 56 5 0
      vertex 60.3538 7.52462 0
      vertex 60.6667 7.5 0
    endloop
  endfacet
  facet normal 0 0 -1
    outer loop
      vertex 56 5 0
      vertex 60.6667 7.5 0
      vertex 60.9795 7.52462 0
    endloop
  endfacet
  facet normal 0 0 -1
    outer loop
      vertex 56 5 0
      vertex 60.9795 7.52462 0
      vertex 61.2847 7.59789 0
    endloop
  endfacet
  facet normal 0 0 -1
    outer loop
      vertex 56 5 0
      vertex 61.2847 7.59789 0
      vertex 102 19.1 0
    endloop
  endfacet
  facet normal -0 0 -1
    outer loop
      vertex 61.8422 7.88197 0
      vertex 102 19.1 0
      vertex 61.5746 7.71799 0
    endloop
  endfacet
  facet normal -0 0 -1
    outer loop
      vertex 62.0809 8.08579 0
      vertex 102 19.1 0
      vertex 61.8422 7.88197 0
    endloop
  endfacet
  facet normal -0 0 -1
    outer loop
      vertex 62.2847 8.32443 0
      vertex 102 19.1 0
      vertex 62.0809 8.08579 0
    endloop
  endfacet
  facet normal -0 0 -1
    outer loop
      vertex 62.4487 8.59202 0
      vertex 102 19.1 0
      vertex 62.2847 8.32443 0
    endloop
  endfacet
  facet normal -0 0 -1
    outer loop
      vertex 62.5688 8.88197 0
      vertex 102 19.1 0
      vertex 62.4487 8.59202 0
    endloop
  endfacet
  facet normal -0 0 -1
    outer loop
      vertex 62.642 9.18713 0
      vertex 102 19.1 0
      vertex 62.5688 8.88197 0
    endloop
  endfacet
  facet normal -0 0 -1
    outer loop
      vertex 62.6667 9.5 0
      vertex 102 19.1 0
      vertex 62.642 9.18713 0
    endloop
  endfacet
  facet normal -0 0 -1
    outer loop
      vertex 62.642 9.81287 0
      vertex 102 19.1 0
      vertex 62.6667 9.5 0
    endloop
  endfacet
  facet normal -0 0 -1
    outer loop
      vertex 62.5688 10.118 0
      vertex 102 19.1 0
      vertex 62.642 9.81287 0
    endloop
  endfacet
  facet normal -0 0 -1
    outer loop
      vertex 62.4487 10.408 0
      vertex 102 19.1 0
      vertex 62.5688 10.118 0
    endloop
  endfacet
  facet normal 0 0 -1
    outer loop
      vertex 78.3129 7.52462 0
      vertex 102 5 0
      vertex 78 7.5 0
    endloop
  endfacet
  facet normal -0 -0 -1
    outer loop
      vertex 61.8422 11.118 0
      vertex 56 19.1 0
      vertex 62.0809 10.9142 0
    endloop
  endfacet
  facet normal -0 -0 -1
    outer loop
      vertex 62.0809 10.9142 0
      vertex 56 19.1 0
      vertex 62.2847 10.6756 0
    endloop
  endfacet
  facet normal 0 -0 -1
    outer loop
      vertex 62.4487 10.408 0
      vertex 62.2847 10.6756 0
      vertex 102 19.1 0
    endloop
  endfacet
  facet normal -0 -0 -1
    outer loop
      vertex 61.5746 11.282 0
      vertex 56 19.1 0
      vertex 61.8422 11.118 0
    endloop
  endfacet
  facet normal -0 -0 -1
    outer loop
      vertex 61.2847 11.4021 0
      vertex 56 19.1 0
      vertex 61.5746 11.282 0
    endloop
  endfacet
  facet normal -0 -0 -1
    outer loop
      vertex 60.9795 11.4754 0
      vertex 56 19.1 0
      vertex 61.2847 11.4021 0
    endloop
  endfacet
  facet normal -0 -0 -1
    outer loop
      vertex 60.6667 11.5 0
      vertex 56 19.1 0
      vertex 60.9795 11.4754 0
    endloop
  endfacet
  facet normal 0 -0 -1
    outer loop
      vertex 60.3538 11.4754 0
      vertex 56 19.1 0
      vertex 60.6667 11.5 0
    endloop
  endfacet
  facet normal 0 -0 -1
    outer loop
      vertex 60.0486 11.4021 0
      vertex 56 19.1 0
      vertex 60.3538 11.4754 0
    endloop
  endfacet
  facet normal 0 -0 -1
    outer loop
      vertex 59.7587 11.282 0
      vertex 56 19.1 0
      vertex 60.0486 11.4021 0
    endloop
  endfacet
  facet normal 0 -0 -1
    outer loop
      vertex 59.4911 11.118 0
      vertex 56 19.1 0
      vertex 59.7587 11.282 0
    endloop
  endfacet
  facet normal 0 -0 -1
    outer loop
      vertex 59.2525 10.9142 0
      vertex 56 19.1 0
      vertex 59.4911 11.118 0
    endloop
  endfacet
  facet normal 0 -0 -1
    outer loop
      vertex 59.0486 10.6756 0
      vertex 56 19.1 0
      vertex 59.2525 10.9142 0
    endloop
  endfacet
  facet normal 0 -0 -1
    outer loop
      vertex 58.8847 10.408 0
      vertex 56 19.1 0
      vertex 59.0486 10.6756 0
    endloop
  endfacet
  facet normal 0 -0 -1
    outer loop
      vertex 58.7646 10.118 0
      vertex 56 19.1 0
      vertex 58.8847 10.408 0
    endloop
  endfacet
  facet normal 0 -0 -1
    outer loop
      vertex 58.6913 9.81287 0
      vertex 56 19.1 0
      vertex 58.7646 10.118 0
    endloop
  endfacet
  facet normal 0 -0 -1
    outer loop
      vertex 58.6667 9.5 0
      vertex 56 19.1 0
      vertex 58.6913 9.81287 0
    endloop
  endfacet
  facet normal 0 -0 -1
    outer loop
      vertex 77.092 11.282 0
      vertex 56 5 0
      vertex 77.382 11.4021 0
    endloop
  endfacet
  facet normal 0 0 -1
    outer loop
      vertex 56 5 0
      vertex 76 9.5 0
      vertex 76.0246 9.18713 0
    endloop
  endfacet
  facet normal 0 0 -1
    outer loop
      vertex 56 5 0
      vertex 76.0246 9.18713 0
      vertex 76.0979 8.88197 0
    endloop
  endfacet
  facet normal 0 0 -1
    outer loop
      vertex 56 5 0
      vertex 76.0979 8.88197 0
      vertex 76.218 8.59202 0
    endloop
  endfacet
  facet normal 0 0 -1
    outer loop
      vertex 56 5 0
      vertex 76.218 8.59202 0
      vertex 76.382 8.32443 0
    endloop
  endfacet
  facet normal 0 0 -1
    outer loop
      vertex 56 5 0
      vertex 76.382 8.32443 0
      vertex 76.5858 8.08579 0
    endloop
  endfacet
  facet normal 0 0 -1
    outer loop
      vertex 56 5 0
      vertex 76.5858 8.08579 0
      vertex 76.8244 7.88197 0
    endloop
  endfacet
  facet normal 0 0 -1
    outer loop
      vertex 56 5 0
      vertex 76.8244 7.88197 0
      vertex 77.092 7.71799 0
    endloop
  endfacet
  facet normal 0 0 -1
    outer loop
      vertex 56 5 0
      vertex 77.092 7.71799 0
      vertex 77.382 7.59789 0
    endloop
  endfacet
  facet normal 0 0 -1
    outer loop
      vertex 56 5 0
      vertex 77.382 7.59789 0
      vertex 77.6871 7.52462 0
    endloop
  endfacet
  facet normal -0 0 -1
    outer loop
      vertex 56 5 0
      vertex 77.6871 7.52462 0
      vertex 102 5 0
    endloop
  endfacet
  facet normal 0 0 -1
    outer loop
      vertex 77.6871 7.52462 0
      vertex 78 7.5 0
      vertex 102 5 0
    endloop
  endfacet
  facet normal 0 0 -1
    outer loop
      vertex 78.618 7.59789 0
      vertex 102 5 0
      vertex 78.3129 7.52462 0
    endloop
  endfacet
  facet normal 0 0 -1
    outer loop
      vertex 78.908 7.71799 0
      vertex 102 5 0
      vertex 78.618 7.59789 0
    endloop
  endfacet
  facet normal 0 0 -1
    outer loop
      vertex 79.1756 7.88197 0
      vertex 102 5 0
      vertex 78.908 7.71799 0
    endloop
  endfacet
  facet normal 0 0 -1
    outer loop
      vertex 79.4142 8.08579 0
      vertex 102 5 0
      vertex 79.1756 7.88197 0
    endloop
  endfacet
  facet normal 0 0 -1
    outer loop
      vertex 79.618 8.32443 0
      vertex 102 5 0
      vertex 79.4142 8.08579 0
    endloop
  endfacet
  facet normal 0 0 -1
    outer loop
      vertex 79.782 8.59202 0
      vertex 102 5 0
      vertex 79.618 8.32443 0
    endloop
  endfacet
  facet normal 0 0 -1
    outer loop
      vertex 79.9021 8.88197 0
      vertex 102 5 0
      vertex 79.782 8.59202 0
    endloop
  endfacet
  facet normal -0 0 -1
    outer loop
      vertex 79.9754 9.18713 0
      vertex 102 19.1 0
      vertex 79.9021 8.88197 0
    endloop
  endfacet
  facet normal -0 0 -1
    outer loop
      vertex 79.4142 10.9142 0
      vertex 102 19.1 0
      vertex 79.618 10.6756 0
    endloop
  endfacet
  facet normal -0 0 -1
    outer loop
      vertex 80 9.5 0
      vertex 102 19.1 0
      vertex 79.9754 9.18713 0
    endloop
  endfacet
  facet normal -0 0 -1
    outer loop
      vertex 79.9754 9.81287 0
      vertex 102 19.1 0
      vertex 80 9.5 0
    endloop
  endfacet
  facet normal -0 0 -1
    outer loop
      vertex 79.9021 10.118 0
      vertex 102 19.1 0
      vertex 79.9754 9.81287 0
    endloop
  endfacet
  facet normal -0 0 -1
    outer loop
      vertex 79.782 10.408 0
      vertex 102 19.1 0
      vertex 79.9021 10.118 0
    endloop
  endfacet
  facet normal -0 0 -1
    outer loop
      vertex 79.618 10.6756 0
      vertex 102 19.1 0
      vertex 79.782 10.408 0
    endloop
  endfacet
  facet normal -0 0 -1
    outer loop
      vertex 79.1756 11.118 0
      vertex 102 19.1 0
      vertex 79.4142 10.9142 0
    endloop
  endfacet
  facet normal -0 0 -1
    outer loop
      vertex 78.908 11.282 0
      vertex 102 19.1 0
      vertex 79.1756 11.118 0
    endloop
  endfacet
  facet normal -0 0 -1
    outer loop
      vertex 78.618 11.4021 0
      vertex 102 19.1 0
      vertex 78.908 11.282 0
    endloop
  endfacet
  facet normal -0 0 -1
    outer loop
      vertex 78.3129 11.4754 0
      vertex 102 19.1 0
      vertex 78.618 11.4021 0
    endloop
  endfacet
  facet normal -0 0 -1
    outer loop
      vertex 78 11.5 0
      vertex 102 19.1 0
      vertex 78.3129 11.4754 0
    endloop
  endfacet
  facet normal 0 0 -1
    outer loop
      vertex 77.6871 11.4754 0
      vertex 102 19.1 0
      vertex 78 11.5 0
    endloop
  endfacet
  facet normal 0 0 -1
    outer loop
      vertex 77.382 11.4021 0
      vertex 102 19.1 0
      vertex 77.6871 11.4754 0
    endloop
  endfacet
  facet normal 0 0 -1
    outer loop
      vertex 56 5 0
      vertex 102 19.1 0
      vertex 77.382 11.4021 0
    endloop
  endfacet
  facet normal 0 -0 -1
    outer loop
      vertex 76.8244 11.118 0
      vertex 56 5 0
      vertex 77.092 11.282 0
    endloop
  endfacet
  facet normal 0 -0 -1
    outer loop
      vertex 76.5858 10.9142 0
      vertex 56 5 0
      vertex 76.8244 11.118 0
    endloop
  endfacet
  facet normal 0 -0 -1
    outer loop
      vertex 76.382 10.6756 0
      vertex 56 5 0
      vertex 76.5858 10.9142 0
    endloop
  endfacet
  facet normal 0 -0 -1
    outer loop
      vertex 76.218 10.408 0
      vertex 56 5 0
      vertex 76.382 10.6756 0
    endloop
  endfacet
  facet normal 0 -0 -1
    outer loop
      vertex 76.0979 10.118 0
      vertex 56 5 0
      vertex 76.218 10.408 0
    endloop
  endfacet
  facet normal 0 -0 -1
    outer loop
      vertex 76.0246 9.81287 0
      vertex 56 5 0
      vertex 76.0979 10.118 0
    endloop
  endfacet
  facet normal 0 0 -1
    outer loop
      vertex 95.0205 7.52462 0
      vertex 102 5 0
      vertex 94.7153 7.59789 0
    endloop
  endfacet
  facet normal 0 0 -1
    outer loop
      vertex 56 5 0
      vertex 76.0246 9.81287 0
      vertex 76 9.5 0
    endloop
  endfacet
  facet normal 0 0 -1
    outer loop
      vertex 79.9021 8.88197 0
      vertex 93.3333 9.5 0
      vertex 93.358 9.18713 0
    endloop
  endfacet
  facet normal -0 0 -1
    outer loop
      vertex 79.9021 8.88197 0
      vertex 93.358 9.18713 0
      vertex 93.4312 8.88197 0
    endloop
  endfacet
  facet normal 0 0 -1
    outer loop
      vertex 79.9021 8.88197 0
      vertex 93.4312 8.88197 0
      vertex 93.5513 8.59202 0
    endloop
  endfacet
  facet normal 0 0 -1
    outer loop
      vertex 79.9021 8.88197 0
      vertex 93.5513 8.59202 0
      vertex 93.7153 8.32443 0
    endloop
  endfacet
  facet normal 0 0 -1
    outer loop
      vertex 79.9021 8.88197 0
      vertex 93.7153 8.32443 0
      vertex 93.9191 8.08579 0
    endloop
  endfacet
  facet normal 0 0 -1
    outer loop
      vertex 79.9021 8.88197 0
      vertex 93.9191 8.08579 0
      vertex 94.1578 7.88197 0
    endloop
  endfacet
  facet normal 0 0 -1
    outer loop
      vertex 79.9021 8.88197 0
      vertex 94.1578 7.88197 0
      vertex 94.4254 7.71799 0
    endloop
  endfacet
  facet normal 0 0 -1
    outer loop
      vertex 79.9021 8.88197 0
      vertex 94.4254 7.71799 0
      vertex 94.7153 7.59789 0
    endloop
  endfacet
  facet normal 0 0 -1
    outer loop
      vertex 79.9021 8.88197 0
      vertex 94.7153 7.59789 0
      vertex 102 5 0
    endloop
  endfacet
  facet normal 0 0 -1
    outer loop
      vertex 95.3333 7.5 0
      vertex 102 5 0
      vertex 95.0205 7.52462 0
    endloop
  endfacet
  facet normal 0 0 -1
    outer loop
      vertex 95.6462 7.52462 0
      vertex 102 5 0
      vertex 95.3333 7.5 0
    endloop
  endfacet
  facet normal 0 0 -1
    outer loop
      vertex 95.9514 7.59789 0
      vertex 102 5 0
      vertex 95.6462 7.52462 0
    endloop
  endfacet
  facet normal 0 0 -1
    outer loop
      vertex 96.2413 7.71799 0
      vertex 102 5 0
      vertex 95.9514 7.59789 0
    endloop
  endfacet
  facet normal 0 0 -1
    outer loop
      vertex 96.5089 7.88197 0
      vertex 102 5 0
      vertex 96.2413 7.71799 0
    endloop
  endfacet
  facet normal 0 0 -1
    outer loop
      vertex 95.0205 11.4754 0
      vertex 102 19.1 0
      vertex 95.3333 11.5 0
    endloop
  endfacet
  facet normal -0 0 -1
    outer loop
      vertex 97.3087 9.18713 0
      vertex 102 19.1 0
      vertex 97.2354 8.88197 0
    endloop
  endfacet
  facet normal -0 0 -1
    outer loop
      vertex 97.3087 9.81287 0
      vertex 102 19.1 0
      vertex 97.3333 9.5 0
    endloop
  endfacet
  facet normal -0 0 -1
    outer loop
      vertex 96.5089 7.88197 0
      vertex 96.7475 8.08579 0
      vertex 102 5 0
    endloop
  endfacet
  facet normal -0 0 -1
    outer loop
      vertex 97.3333 9.5 0
      vertex 102 19.1 0
      vertex 97.3087 9.18713 0
    endloop
  endfacet
  facet normal -0 0 -1
    outer loop
      vertex 96.7475 8.08579 0
      vertex 96.9514 8.32443 0
      vertex 102 5 0
    endloop
  endfacet
  facet normal -0 0 -1
    outer loop
      vertex 97.2354 8.88197 0
      vertex 102 19.1 0
      vertex 97.1153 8.59202 0
    endloop
  endfacet
  facet normal -0 0 -1
    outer loop
      vertex 96.9514 8.32443 0
      vertex 97.1153 8.59202 0
      vertex 102 5 0
    endloop
  endfacet
  facet normal -0 0 -1
    outer loop
      vertex 97.2354 10.118 0
      vertex 102 19.1 0
      vertex 97.3087 9.81287 0
    endloop
  endfacet
  facet normal -0 0 -1
    outer loop
      vertex 97.1153 10.408 0
      vertex 102 19.1 0
      vertex 97.2354 10.118 0
    endloop
  endfacet
  facet normal -0 0 -1
    outer loop
      vertex 96.9514 10.6756 0
      vertex 102 19.1 0
      vertex 97.1153 10.408 0
    endloop
  endfacet
  facet normal -0 0 -1
    outer loop
      vertex 96.7475 10.9142 0
      vertex 102 19.1 0
      vertex 96.9514 10.6756 0
    endloop
  endfacet
  facet normal -0 0 -1
    outer loop
      vertex 96.5089 11.118 0
      vertex 102 19.1 0
      vertex 96.7475 10.9142 0
    endloop
  endfacet
  facet normal -0 0 -1
    outer loop
      vertex 96.2413 11.282 0
      vertex 102 19.1 0
      vertex 96.5089 11.118 0
    endloop
  endfacet
  facet normal -0 0 -1
    outer loop
      vertex 95.9514 11.4021 0
      vertex 102 19.1 0
      vertex 96.2413 11.282 0
    endloop
  endfacet
  facet normal -0 0 -1
    outer loop
      vertex 95.6462 11.4754 0
      vertex 102 19.1 0
      vertex 95.9514 11.4021 0
    endloop
  endfacet
  facet normal -0 0 -1
    outer loop
      vertex 95.3333 11.5 0
      vertex 102 19.1 0
      vertex 95.6462 11.4754 0
    endloop
  endfacet
  facet normal 0 0 -1
    outer loop
      vertex 79.9021 8.88197 0
      vertex 102 19.1 0
      vertex 95.0205 11.4754 0
    endloop
  endfacet
  facet normal 0 0 -1
    outer loop
      vertex 79.9021 8.88197 0
      vertex 95.0205 11.4754 0
      vertex 94.7153 11.4021 0
    endloop
  endfacet
  facet normal 0 0 -1
    outer loop
      vertex 79.9021 8.88197 0
      vertex 94.7153 11.4021 0
      vertex 94.4254 11.282 0
    endloop
  endfacet
  facet normal 0 0 -1
    outer loop
      vertex 79.9021 8.88197 0
      vertex 94.4254 11.282 0
      vertex 94.1578 11.118 0
    endloop
  endfacet
  facet normal 0 0 -1
    outer loop
      vertex 79.9021 8.88197 0
      vertex 94.1578 11.118 0
      vertex 93.9191 10.9142 0
    endloop
  endfacet
  facet normal 0 0 -1
    outer loop
      vertex 79.9021 8.88197 0
      vertex 93.9191 10.9142 0
      vertex 93.7153 10.6756 0
    endloop
  endfacet
  facet normal 0 0 -1
    outer loop
      vertex 79.9021 8.88197 0
      vertex 93.7153 10.6756 0
      vertex 93.5513 10.408 0
    endloop
  endfacet
  facet normal 0 0 -1
    outer loop
      vertex 79.9021 8.88197 0
      vertex 93.5513 10.408 0
      vertex 93.4312 10.118 0
    endloop
  endfacet
  facet normal 0 0 -1
    outer loop
      vertex 79.9021 8.88197 0
      vertex 93.4312 10.118 0
      vertex 93.358 9.81287 0
    endloop
  endfacet
  facet normal 0 0 -1
    outer loop
      vertex 79.9021 8.88197 0
      vertex 93.358 9.81287 0
      vertex 93.3333 9.5 0
    endloop
  endfacet
  facet normal -0 0 -1
    outer loop
      vertex 9.57465 7.71799 0
      vertex 54 19.1 0
      vertex 9.2847 7.59789 0
    endloop
  endfacet
  facet normal 0.996917 -0.0784588 0
    outer loop
      vertex 103.938 4.21783 2
      vertex 103.938 4.21783 0
      vertex 104 5 0
    endloop
  endfacet
  facet normal 0.996917 -0.0784588 0
    outer loop
      vertex 104 5 2
      vertex 103.938 4.21783 2
      vertex 104 5 0
    endloop
  endfacet
  facet normal 4.19418e-016 3.50605e-030 1.57898e-014
    outer loop
      vertex 104 20 1.77636e-016
      vertex 104 19.1 3.77476e-016
      vertex 104 19.1 0
    endloop
  endfacet
  facet normal 1.97373e-016 -0 1.57898e-014
    outer loop
      vertex 104 20 0
      vertex 104 20 1.77636e-016
      vertex 104 19.1 0
    endloop
  endfacet
  facet normal 2.22045e-016 0 -1
    outer loop
      vertex 102 5 -4.44089e-016
      vertex 102 20 -4.44089e-016
      vertex 104 5 0
    endloop
  endfacet
  facet normal 2.22045e-016 0 -1
    outer loop
      vertex 104 19.1 0
      vertex 102 20 -4.44089e-016
      vertex 104 20 0
    endloop
  endfacet
  facet normal 2.22045e-016 0 -1
    outer loop
      vertex 104 5 0
      vertex 102 20 -4.44089e-016
      vertex 104 19.1 0
    endloop
  endfacet
  facet normal 0 -2.22045e-016 0
    outer loop
      vertex 104 5 0
      vertex 102 5 0
      vertex 102 5 -4.44089e-016
    endloop
  endfacet
  facet normal 0.97237 -0.233445 0
    outer loop
      vertex 103.755 3.45492 2
      vertex 103.755 3.45492 0
      vertex 103.938 4.21783 0
    endloop
  endfacet
  facet normal 0.97237 -0.233445 0
    outer loop
      vertex 103.938 4.21783 2
      vertex 103.755 3.45492 2
      vertex 103.938 4.21783 0
    endloop
  endfacet
  facet normal 0.923879 -0.382684 0
    outer loop
      vertex 103.455 2.73005 2
      vertex 103.455 2.73005 0
      vertex 103.755 3.45492 0
    endloop
  endfacet
  facet normal 0.923879 -0.382684 0
    outer loop
      vertex 103.755 3.45492 2
      vertex 103.455 2.73005 2
      vertex 103.755 3.45492 0
    endloop
  endfacet
  facet normal 0.85264 -0.522499 0
    outer loop
      vertex 103.045 2.06107 2
      vertex 103.045 2.06107 0
      vertex 103.455 2.73005 0
    endloop
  endfacet
  facet normal 0.85264 -0.522499 0
    outer loop
      vertex 103.455 2.73005 2
      vertex 103.045 2.06107 2
      vertex 103.455 2.73005 0
    endloop
  endfacet
  facet normal 0.760406 -0.649448 0
    outer loop
      vertex 102.536 1.46447 2
      vertex 102.536 1.46447 0
      vertex 103.045 2.06107 0
    endloop
  endfacet
  facet normal 0.760406 -0.649448 0
    outer loop
      vertex 103.045 2.06107 2
      vertex 102.536 1.46447 2
      vertex 103.045 2.06107 0
    endloop
  endfacet
  facet normal 0.649448 -0.760406 0
    outer loop
      vertex 101.939 0.954915 2
      vertex 101.939 0.954915 0
      vertex 102.536 1.46447 0
    endloop
  endfacet
  facet normal 0.649448 -0.760406 0
    outer loop
      vertex 102.536 1.46447 2
      vertex 101.939 0.954915 2
      vertex 102.536 1.46447 0
    endloop
  endfacet
  facet normal 0.522499 -0.85264 0
    outer loop
      vertex 101.27 0.544967 2
      vertex 101.27 0.544967 0
      vertex 101.939 0.954915 0
    endloop
  endfacet
  facet normal 0.522499 -0.85264 0
    outer loop
      vertex 101.939 0.954915 2
      vertex 101.27 0.544967 2
      vertex 101.939 0.954915 0
    endloop
  endfacet
  facet normal 0.382684 -0.923879 0
    outer loop
      vertex 100.545 0.244717 2
      vertex 100.545 0.244717 0
      vertex 101.27 0.544967 0
    endloop
  endfacet
  facet normal 0.382684 -0.923879 0
    outer loop
      vertex 101.27 0.544967 2
      vertex 100.545 0.244717 2
      vertex 101.27 0.544967 0
    endloop
  endfacet
  facet normal 0.233445 -0.97237 0
    outer loop
      vertex 99.7822 0.061558 2
      vertex 99.7822 0.061558 0
      vertex 100.545 0.244717 0
    endloop
  endfacet
  facet normal 0.233445 -0.97237 0
    outer loop
      vertex 100.545 0.244717 2
      vertex 99.7822 0.061558 2
      vertex 100.545 0.244717 0
    endloop
  endfacet
  facet normal 0.0784588 -0.996917 0
    outer loop
      vertex 99 0 2
      vertex 99 0 0
      vertex 99.7822 0.061558 0
    endloop
  endfacet
  facet normal 0.0784588 -0.996917 0
    outer loop
      vertex 99.7822 0.061558 2
      vertex 99 0 2
      vertex 99.7822 0.061558 0
    endloop
  endfacet
  facet normal 0 -1 0
    outer loop
      vertex 5 0 2
      vertex 5 0 0
      vertex 99 0 0
    endloop
  endfacet
  facet normal 0 -1 0
    outer loop
      vertex 99 0 2
      vertex 5 0 2
      vertex 99 0 0
    endloop
  endfacet
  facet normal -0.0784588 -0.996917 0
    outer loop
      vertex 4.21783 0.061558 2
      vertex 4.21783 0.061558 0
      vertex 5 0 0
    endloop
  endfacet
  facet normal -0.0784588 -0.996917 0
    outer loop
      vertex 5 0 2
      vertex 4.21783 0.061558 2
      vertex 5 0 0
    endloop
  endfacet
  facet normal -0.233445 -0.97237 0
    outer loop
      vertex 3.45492 0.244717 2
      vertex 3.45492 0.244717 0
      vertex 4.21783 0.061558 0
    endloop
  endfacet
  facet normal -0.233445 -0.97237 0
    outer loop
      vertex 4.21783 0.061558 2
      vertex 3.45492 0.244717 2
      vertex 4.21783 0.061558 0
    endloop
  endfacet
  facet normal -0.382684 -0.923879 0
    outer loop
      vertex 2.73005 0.544967 2
      vertex 2.73005 0.544967 0
      vertex 3.45492 0.244717 0
    endloop
  endfacet
  facet normal -0.382684 -0.923879 0
    outer loop
      vertex 3.45492 0.244717 2
      vertex 2.73005 0.544967 2
      vertex 3.45492 0.244717 0
    endloop
  endfacet
  facet normal -0.522499 -0.85264 0
    outer loop
      vertex 2.06107 0.954915 2
      vertex 2.06107 0.954915 0
      vertex 2.73005 0.544967 0
    endloop
  endfacet
  facet normal -0.522499 -0.85264 0
    outer loop
      vertex 2.73005 0.544967 2
      vertex 2.06107 0.954915 2
      vertex 2.73005 0.544967 0
    endloop
  endfacet
  facet normal -0.649448 -0.760406 0
    outer loop
      vertex 1.46447 1.46447 2
      vertex 1.46447 1.46447 0
      vertex 2.06107 0.954915 0
    endloop
  endfacet
  facet normal -0.649448 -0.760406 0
    outer loop
      vertex 2.06107 0.954915 2
      vertex 1.46447 1.46447 2
      vertex 2.06107 0.954915 0
    endloop
  endfacet
  facet normal -0.760406 -0.649448 -0
    outer loop
      vertex 0.954915 2.06107 0
      vertex 1.46447 1.46447 0
      vertex 0.954915 2.06107 2
    endloop
  endfacet
  facet normal -0.760406 -0.649448 0
    outer loop
      vertex 0.954915 2.06107 2
      vertex 1.46447 1.46447 0
      vertex 1.46447 1.46447 2
    endloop
  endfacet
  facet normal -0.85264 -0.522499 -0
    outer loop
      vertex 0.544967 2.73005 0
      vertex 0.954915 2.06107 0
      vertex 0.544967 2.73005 2
    endloop
  endfacet
  facet normal -0.85264 -0.522499 0
    outer loop
      vertex 0.544967 2.73005 2
      vertex 0.954915 2.06107 0
      vertex 0.954915 2.06107 2
    endloop
  endfacet
  facet normal -0.923879 -0.382684 -0
    outer loop
      vertex 0.244717 3.45492 0
      vertex 0.544967 2.73005 0
      vertex 0.244717 3.45492 2
    endloop
  endfacet
  facet normal -0.923879 -0.382684 0
    outer loop
      vertex 0.244717 3.45492 2
      vertex 0.544967 2.73005 0
      vertex 0.544967 2.73005 2
    endloop
  endfacet
  facet normal -0.97237 -0.233445 -0
    outer loop
      vertex 0.061558 4.21783 0
      vertex 0.244717 3.45492 0
      vertex 0.061558 4.21783 2
    endloop
  endfacet
  facet normal -0.97237 -0.233445 0
    outer loop
      vertex 0.061558 4.21783 2
      vertex 0.244717 3.45492 0
      vertex 0.244717 3.45492 2
    endloop
  endfacet
  facet normal 0.996917 0.0784581 0
    outer loop
      vertex 58.6667 9.5 2
      vertex 58.6913 9.18713 2
      vertex 58.6913 9.18713 0
    endloop
  endfacet
  facet normal 0.996917 0.0784581 0
    outer loop
      vertex 58.6667 9.5 0
      vertex 58.6667 9.5 2
      vertex 58.6913 9.18713 0
    endloop
  endfacet
  facet normal 0.97237 0.233446 0
    outer loop
      vertex 58.6913 9.18713 2
      vertex 58.7646 8.88197 2
      vertex 58.7646 8.88197 0
    endloop
  endfacet
  facet normal 0.97237 0.233446 0
    outer loop
      vertex 58.6913 9.18713 0
      vertex 58.6913 9.18713 2
      vertex 58.7646 8.88197 0
    endloop
  endfacet
  facet normal 0.92388 0.382683 0
    outer loop
      vertex 58.7646 8.88197 2
      vertex 58.8847 8.59202 2
      vertex 58.8847 8.59202 0
    endloop
  endfacet
  facet normal 0.92388 0.382683 0
    outer loop
      vertex 58.7646 8.88197 0
      vertex 58.7646 8.88197 2
      vertex 58.8847 8.59202 0
    endloop
  endfacet
  facet normal 0.852641 0.522498 0
    outer loop
      vertex 58.8847 8.59202 2
      vertex 59.0486 8.32443 2
      vertex 59.0486 8.32443 0
    endloop
  endfacet
  facet normal 0.852641 0.522498 0
    outer loop
      vertex 58.8847 8.59202 0
      vertex 58.8847 8.59202 2
      vertex 59.0486 8.32443 0
    endloop
  endfacet
  facet normal 0.760407 0.649447 0
    outer loop
      vertex 59.0486 8.32443 2
      vertex 59.2525 8.08579 2
      vertex 59.2525 8.08579 0
    endloop
  endfacet
  facet normal 0.760407 0.649447 0
    outer loop
      vertex 59.0486 8.32443 0
      vertex 59.0486 8.32443 2
      vertex 59.2525 8.08579 0
    endloop
  endfacet
  facet normal 0.649447 0.760407 -0
    outer loop
      vertex 59.4911 7.88197 2
      vertex 59.4911 7.88197 0
      vertex 59.2525 8.08579 2
    endloop
  endfacet
  facet normal 0.649447 0.760407 -0
    outer loop
      vertex 59.2525 8.08579 2
      vertex 59.4911 7.88197 0
      vertex 59.2525 8.08579 0
    endloop
  endfacet
  facet normal 0.522498 0.852641 -0
    outer loop
      vertex 59.7587 7.71799 2
      vertex 59.7587 7.71799 0
      vertex 59.4911 7.88197 2
    endloop
  endfacet
  facet normal 0.522498 0.852641 -0
    outer loop
      vertex 59.4911 7.88197 2
      vertex 59.7587 7.71799 0
      vertex 59.4911 7.88197 0
    endloop
  endfacet
  facet normal 0.382683 0.92388 -0
    outer loop
      vertex 60.0486 7.59789 2
      vertex 60.0486 7.59789 0
      vertex 59.7587 7.71799 2
    endloop
  endfacet
  facet normal 0.382683 0.92388 -0
    outer loop
      vertex 59.7587 7.71799 2
      vertex 60.0486 7.59789 0
      vertex 59.7587 7.71799 0
    endloop
  endfacet
  facet normal 0.233446 0.97237 -0
    outer loop
      vertex 60.3538 7.52462 2
      vertex 60.3538 7.52462 0
      vertex 60.0486 7.59789 2
    endloop
  endfacet
  facet normal 0.233446 0.97237 -0
    outer loop
      vertex 60.0486 7.59789 2
      vertex 60.3538 7.52462 0
      vertex 60.0486 7.59789 0
    endloop
  endfacet
  facet normal 0.0784581 0.996917 -0
    outer loop
      vertex 60.6667 7.5 2
      vertex 60.6667 7.5 0
      vertex 60.3538 7.52462 2
    endloop
  endfacet
  facet normal 0.0784581 0.996917 -0
    outer loop
      vertex 60.3538 7.52462 2
      vertex 60.6667 7.5 0
      vertex 60.3538 7.52462 0
    endloop
  endfacet
  facet normal -0.0784581 0.996917 0
    outer loop
      vertex 60.9795 7.52462 2
      vertex 60.9795 7.52462 0
      vertex 60.6667 7.5 2
    endloop
  endfacet
  facet normal -0.0784581 0.996917 0
    outer loop
      vertex 60.6667 7.5 2
      vertex 60.9795 7.52462 0
      vertex 60.6667 7.5 0
    endloop
  endfacet
  facet normal -0.233446 0.97237 0
    outer loop
      vertex 61.2847 7.59789 2
      vertex 61.2847 7.59789 0
      vertex 60.9795 7.52462 2
    endloop
  endfacet
  facet normal -0.233446 0.97237 0
    outer loop
      vertex 60.9795 7.52462 2
      vertex 61.2847 7.59789 0
      vertex 60.9795 7.52462 0
    endloop
  endfacet
  facet normal -0.382683 0.92388 0
    outer loop
      vertex 61.5746 7.71799 2
      vertex 61.5746 7.71799 0
      vertex 61.2847 7.59789 2
    endloop
  endfacet
  facet normal -0.382683 0.92388 0
    outer loop
      vertex 61.2847 7.59789 2
      vertex 61.5746 7.71799 0
      vertex 61.2847 7.59789 0
    endloop
  endfacet
  facet normal -0.522498 0.852641 0
    outer loop
      vertex 61.8422 7.88197 2
      vertex 61.8422 7.88197 0
      vertex 61.5746 7.71799 2
    endloop
  endfacet
  facet normal -0.522498 0.852641 0
    outer loop
      vertex 61.5746 7.71799 2
      vertex 61.8422 7.88197 0
      vertex 61.5746 7.71799 0
    endloop
  endfacet
  facet normal -0.649447 0.760407 0
    outer loop
      vertex 62.0809 8.08579 2
      vertex 62.0809 8.08579 0
      vertex 61.8422 7.88197 2
    endloop
  endfacet
  facet normal -0.649447 0.760407 0
    outer loop
      vertex 61.8422 7.88197 2
      vertex 62.0809 8.08579 0
      vertex 61.8422 7.88197 0
    endloop
  endfacet
  facet normal -0.760407 0.649447 0
    outer loop
      vertex 62.2847 8.32443 2
      vertex 62.2847 8.32443 0
      vertex 62.0809 8.08579 2
    endloop
  endfacet
  facet normal -0.760407 0.649447 0
    outer loop
      vertex 62.0809 8.08579 2
      vertex 62.2847 8.32443 0
      vertex 62.0809 8.08579 0
    endloop
  endfacet
  facet normal -0.852641 0.522498 0
    outer loop
      vertex 62.4487 8.59202 2
      vertex 62.4487 8.59202 0
      vertex 62.2847 8.32443 2
    endloop
  endfacet
  facet normal -0.852641 0.522498 0
    outer loop
      vertex 62.2847 8.32443 2
      vertex 62.4487 8.59202 0
      vertex 62.2847 8.32443 0
    endloop
  endfacet
  facet normal -0.92388 0.382683 0
    outer loop
      vertex 62.5688 8.88197 2
      vertex 62.5688 8.88197 0
      vertex 62.4487 8.59202 2
    endloop
  endfacet
  facet normal -0.92388 0.382683 0
    outer loop
      vertex 62.4487 8.59202 2
      vertex 62.5688 8.88197 0
      vertex 62.4487 8.59202 0
    endloop
  endfacet
  facet normal -0.97237 0.233446 0
    outer loop
      vertex 62.642 9.18713 2
      vertex 62.642 9.18713 0
      vertex 62.5688 8.88197 2
    endloop
  endfacet
  facet normal -0.97237 0.233446 0
    outer loop
      vertex 62.5688 8.88197 2
      vertex 62.642 9.18713 0
      vertex 62.5688 8.88197 0
    endloop
  endfacet
  facet normal -0.996917 0.0784581 0
    outer loop
      vertex 62.6667 9.5 2
      vertex 62.6667 9.5 0
      vertex 62.642 9.18713 2
    endloop
  endfacet
  facet normal -0.996917 0.0784581 0
    outer loop
      vertex 62.642 9.18713 2
      vertex 62.6667 9.5 0
      vertex 62.642 9.18713 0
    endloop
  endfacet
  facet normal -0.996917 -0.0784581 0
    outer loop
      vertex 62.6667 9.5 2
      vertex 62.642 9.81287 2
      vertex 62.6667 9.5 0
    endloop
  endfacet
  facet normal -0.996917 -0.0784581 0
    outer loop
      vertex 62.6667 9.5 0
      vertex 62.642 9.81287 2
      vertex 62.642 9.81287 0
    endloop
  endfacet
  facet normal -0.97237 -0.233446 0
    outer loop
      vertex 62.642 9.81287 2
      vertex 62.5688 10.118 2
      vertex 62.642 9.81287 0
    endloop
  endfacet
  facet normal -0.97237 -0.233446 0
    outer loop
      vertex 62.642 9.81287 0
      vertex 62.5688 10.118 2
      vertex 62.5688 10.118 0
    endloop
  endfacet
  facet normal -0.92388 -0.382683 0
    outer loop
      vertex 62.5688 10.118 2
      vertex 62.4487 10.408 2
      vertex 62.5688 10.118 0
    endloop
  endfacet
  facet normal -0.92388 -0.382683 0
    outer loop
      vertex 62.5688 10.118 0
      vertex 62.4487 10.408 2
      vertex 62.4487 10.408 0
    endloop
  endfacet
  facet normal -0.852641 -0.522498 0
    outer loop
      vertex 62.4487 10.408 2
      vertex 62.2847 10.6756 2
      vertex 62.4487 10.408 0
    endloop
  endfacet
  facet normal -0.852641 -0.522498 0
    outer loop
      vertex 62.4487 10.408 0
      vertex 62.2847 10.6756 2
      vertex 62.2847 10.6756 0
    endloop
  endfacet
  facet normal -0.760407 -0.649447 0
    outer loop
      vertex 62.2847 10.6756 2
      vertex 62.0809 10.9142 2
      vertex 62.2847 10.6756 0
    endloop
  endfacet
  facet normal -0.760407 -0.649447 0
    outer loop
      vertex 62.2847 10.6756 0
      vertex 62.0809 10.9142 2
      vertex 62.0809 10.9142 0
    endloop
  endfacet
  facet normal -0.649447 -0.760407 -0
    outer loop
      vertex 62.0809 10.9142 0
      vertex 62.0809 10.9142 2
      vertex 61.8422 11.118 2
    endloop
  endfacet
  facet normal -0.649447 -0.760407 -0
    outer loop
      vertex 61.8422 11.118 0
      vertex 62.0809 10.9142 0
      vertex 61.8422 11.118 2
    endloop
  endfacet
  facet normal -0.522498 -0.852641 -0
    outer loop
      vertex 61.8422 11.118 0
      vertex 61.8422 11.118 2
      vertex 61.5746 11.282 2
    endloop
  endfacet
  facet normal -0.522498 -0.852641 -0
    outer loop
      vertex 61.5746 11.282 0
      vertex 61.8422 11.118 0
      vertex 61.5746 11.282 2
    endloop
  endfacet
  facet normal -0.382683 -0.92388 -0
    outer loop
      vertex 61.5746 11.282 0
      vertex 61.5746 11.282 2
      vertex 61.2847 11.4021 2
    endloop
  endfacet
  facet normal -0.382683 -0.92388 -0
    outer loop
      vertex 61.2847 11.4021 0
      vertex 61.5746 11.282 0
      vertex 61.2847 11.4021 2
    endloop
  endfacet
  facet normal -0.233446 -0.97237 -0
    outer loop
      vertex 61.2847 11.4021 0
      vertex 61.2847 11.4021 2
      vertex 60.9795 11.4754 2
    endloop
  endfacet
  facet normal -0.233446 -0.97237 -0
    outer loop
      vertex 60.9795 11.4754 0
      vertex 61.2847 11.4021 0
      vertex 60.9795 11.4754 2
    endloop
  endfacet
  facet normal -0.0784581 -0.996917 -0
    outer loop
      vertex 60.9795 11.4754 0
      vertex 60.9795 11.4754 2
      vertex 60.6667 11.5 2
    endloop
  endfacet
  facet normal -0.0784581 -0.996917 -0
    outer loop
      vertex 60.6667 11.5 0
      vertex 60.9795 11.4754 0
      vertex 60.6667 11.5 2
    endloop
  endfacet
  facet normal 0.0784581 -0.996917 0
    outer loop
      vertex 60.6667 11.5 0
      vertex 60.6667 11.5 2
      vertex 60.3538 11.4754 2
    endloop
  endfacet
  facet normal 0.0784581 -0.996917 0
    outer loop
      vertex 60.3538 11.4754 0
      vertex 60.6667 11.5 0
      vertex 60.3538 11.4754 2
    endloop
  endfacet
  facet normal 0.233446 -0.97237 0
    outer loop
      vertex 60.3538 11.4754 0
      vertex 60.3538 11.4754 2
      vertex 60.0486 11.4021 2
    endloop
  endfacet
  facet normal 0.233446 -0.97237 0
    outer loop
      vertex 60.0486 11.4021 0
      vertex 60.3538 11.4754 0
      vertex 60.0486 11.4021 2
    endloop
  endfacet
  facet normal 0.382683 -0.92388 0
    outer loop
      vertex 60.0486 11.4021 0
      vertex 60.0486 11.4021 2
      vertex 59.7587 11.282 2
    endloop
  endfacet
  facet normal 0.382683 -0.92388 0
    outer loop
      vertex 59.7587 11.282 0
      vertex 60.0486 11.4021 0
      vertex 59.7587 11.282 2
    endloop
  endfacet
  facet normal 0.522498 -0.852641 0
    outer loop
      vertex 59.7587 11.282 0
      vertex 59.7587 11.282 2
      vertex 59.4911 11.118 2
    endloop
  endfacet
  facet normal 0.522498 -0.852641 0
    outer loop
      vertex 59.4911 11.118 0
      vertex 59.7587 11.282 0
      vertex 59.4911 11.118 2
    endloop
  endfacet
  facet normal 0.649447 -0.760407 0
    outer loop
      vertex 59.4911 11.118 0
      vertex 59.4911 11.118 2
      vertex 59.2525 10.9142 2
    endloop
  endfacet
  facet normal 0.649447 -0.760407 0
    outer loop
      vertex 59.2525 10.9142 0
      vertex 59.4911 11.118 0
      vertex 59.2525 10.9142 2
    endloop
  endfacet
  facet normal 0.760407 -0.649447 0
    outer loop
      vertex 59.2525 10.9142 0
      vertex 59.2525 10.9142 2
      vertex 59.0486 10.6756 2
    endloop
  endfacet
  facet normal 0.760407 -0.649447 0
    outer loop
      vertex 59.0486 10.6756 0
      vertex 59.2525 10.9142 0
      vertex 59.0486 10.6756 2
    endloop
  endfacet
  facet normal 0.852641 -0.522498 0
    outer loop
      vertex 59.0486 10.6756 0
      vertex 59.0486 10.6756 2
      vertex 58.8847 10.408 2
    endloop
  endfacet
  facet normal 0.852641 -0.522498 0
    outer loop
      vertex 58.8847 10.408 0
      vertex 59.0486 10.6756 0
      vertex 58.8847 10.408 2
    endloop
  endfacet
  facet normal 0.92388 -0.382683 0
    outer loop
      vertex 58.8847 10.408 0
      vertex 58.8847 10.408 2
      vertex 58.7646 10.118 2
    endloop
  endfacet
  facet normal 0.92388 -0.382683 0
    outer loop
      vertex 58.7646 10.118 0
      vertex 58.8847 10.408 0
      vertex 58.7646 10.118 2
    endloop
  endfacet
  facet normal 0.97237 -0.233446 0
    outer loop
      vertex 58.7646 10.118 0
      vertex 58.7646 10.118 2
      vertex 58.6913 9.81287 2
    endloop
  endfacet
  facet normal 0.97237 -0.233446 0
    outer loop
      vertex 58.6913 9.81287 0
      vertex 58.7646 10.118 0
      vertex 58.6913 9.81287 2
    endloop
  endfacet
  facet normal 0.996917 -0.0784581 0
    outer loop
      vertex 58.6913 9.81287 0
      vertex 58.6913 9.81287 2
      vertex 58.6667 9.5 2
    endloop
  endfacet
  facet normal 0.996917 -0.0784581 0
    outer loop
      vertex 58.6667 9.5 0
      vertex 58.6913 9.81287 0
      vertex 58.6667 9.5 2
    endloop
  endfacet
  facet normal 0.996917 0.0784581 0
    outer loop
      vertex 76 9.5 2
      vertex 76.0246 9.18713 2
      vertex 76.0246 9.18713 0
    endloop
  endfacet
  facet normal 0.996917 0.0784581 0
    outer loop
      vertex 76 9.5 0
      vertex 76 9.5 2
      vertex 76.0246 9.18713 0
    endloop
  endfacet
  facet normal 0.97237 0.233446 0
    outer loop
      vertex 76.0246 9.18713 2
      vertex 76.0979 8.88197 2
      vertex 76.0979 8.88197 0
    endloop
  endfacet
  facet normal 0.97237 0.233446 0
    outer loop
      vertex 76.0246 9.18713 0
      vertex 76.0246 9.18713 2
      vertex 76.0979 8.88197 0
    endloop
  endfacet
  facet normal 0.92388 0.382683 0
    outer loop
      vertex 76.0979 8.88197 2
      vertex 76.218 8.59202 2
      vertex 76.218 8.59202 0
    endloop
  endfacet
  facet normal 0.92388 0.382683 0
    outer loop
      vertex 76.0979 8.88197 0
      vertex 76.0979 8.88197 2
      vertex 76.218 8.59202 0
    endloop
  endfacet
  facet normal 0.852641 0.522498 0
    outer loop
      vertex 76.218 8.59202 2
      vertex 76.382 8.32443 2
      vertex 76.382 8.32443 0
    endloop
  endfacet
  facet normal 0.852641 0.522498 0
    outer loop
      vertex 76.218 8.59202 0
      vertex 76.218 8.59202 2
      vertex 76.382 8.32443 0
    endloop
  endfacet
  facet normal 0.760407 0.649447 0
    outer loop
      vertex 76.382 8.32443 2
      vertex 76.5858 8.08579 2
      vertex 76.5858 8.08579 0
    endloop
  endfacet
  facet normal 0.760407 0.649447 0
    outer loop
      vertex 76.382 8.32443 0
      vertex 76.382 8.32443 2
      vertex 76.5858 8.08579 0
    endloop
  endfacet
  facet normal 0.649447 0.760407 -0
    outer loop
      vertex 76.8244 7.88197 2
      vertex 76.8244 7.88197 0
      vertex 76.5858 8.08579 2
    endloop
  endfacet
  facet normal 0.649447 0.760407 -0
    outer loop
      vertex 76.5858 8.08579 2
      vertex 76.8244 7.88197 0
      vertex 76.5858 8.08579 0
    endloop
  endfacet
  facet normal 0.522498 0.852641 -0
    outer loop
      vertex 77.092 7.71799 2
      vertex 77.092 7.71799 0
      vertex 76.8244 7.88197 2
    endloop
  endfacet
  facet normal 0.522498 0.852641 -0
    outer loop
      vertex 76.8244 7.88197 2
      vertex 77.092 7.71799 0
      vertex 76.8244 7.88197 0
    endloop
  endfacet
  facet normal 0.382683 0.92388 -0
    outer loop
      vertex 77.382 7.59789 2
      vertex 77.382 7.59789 0
      vertex 77.092 7.71799 2
    endloop
  endfacet
  facet normal 0.382683 0.92388 -0
    outer loop
      vertex 77.092 7.71799 2
      vertex 77.382 7.59789 0
      vertex 77.092 7.71799 0
    endloop
  endfacet
  facet normal 0.233446 0.97237 -0
    outer loop
      vertex 77.6871 7.52462 2
      vertex 77.6871 7.52462 0
      vertex 77.382 7.59789 2
    endloop
  endfacet
  facet normal 0.233446 0.97237 -0
    outer loop
      vertex 77.382 7.59789 2
      vertex 77.6871 7.52462 0
      vertex 77.382 7.59789 0
    endloop
  endfacet
  facet normal 0.0784581 0.996917 -0
    outer loop
      vertex 78 7.5 2
      vertex 78 7.5 0
      vertex 77.6871 7.52462 2
    endloop
  endfacet
  facet normal 0.0784581 0.996917 -0
    outer loop
      vertex 77.6871 7.52462 2
      vertex 78 7.5 0
      vertex 77.6871 7.52462 0
    endloop
  endfacet
  facet normal -0.0784581 0.996917 0
    outer loop
      vertex 78.3129 7.52462 2
      vertex 78.3129 7.52462 0
      vertex 78 7.5 2
    endloop
  endfacet
  facet normal -0.0784581 0.996917 0
    outer loop
      vertex 78 7.5 2
      vertex 78.3129 7.52462 0
      vertex 78 7.5 0
    endloop
  endfacet
  facet normal -0.233446 0.97237 0
    outer loop
      vertex 78.618 7.59789 2
      vertex 78.618 7.59789 0
      vertex 78.3129 7.52462 2
    endloop
  endfacet
  facet normal -0.233446 0.97237 0
    outer loop
      vertex 78.3129 7.52462 2
      vertex 78.618 7.59789 0
      vertex 78.3129 7.52462 0
    endloop
  endfacet
  facet normal -0.382683 0.92388 0
    outer loop
      vertex 78.908 7.71799 2
      vertex 78.908 7.71799 0
      vertex 78.618 7.59789 2
    endloop
  endfacet
  facet normal -0.382683 0.92388 0
    outer loop
      vertex 78.618 7.59789 2
      vertex 78.908 7.71799 0
      vertex 78.618 7.59789 0
    endloop
  endfacet
  facet normal -0.522498 0.852641 0
    outer loop
      vertex 79.1756 7.88197 2
      vertex 79.1756 7.88197 0
      vertex 78.908 7.71799 2
    endloop
  endfacet
  facet normal -0.522498 0.852641 0
    outer loop
      vertex 78.908 7.71799 2
      vertex 79.1756 7.88197 0
      vertex 78.908 7.71799 0
    endloop
  endfacet
  facet normal -0.649447 0.760407 0
    outer loop
      vertex 79.4142 8.08579 2
      vertex 79.4142 8.08579 0
      vertex 79.1756 7.88197 2
    endloop
  endfacet
  facet normal -0.649447 0.760407 0
    outer loop
      vertex 79.1756 7.88197 2
      vertex 79.4142 8.08579 0
      vertex 79.1756 7.88197 0
    endloop
  endfacet
  facet normal -0.760407 0.649447 0
    outer loop
      vertex 79.618 8.32443 2
      vertex 79.618 8.32443 0
      vertex 79.4142 8.08579 2
    endloop
  endfacet
  facet normal -0.760407 0.649447 0
    outer loop
      vertex 79.4142 8.08579 2
      vertex 79.618 8.32443 0
      vertex 79.4142 8.08579 0
    endloop
  endfacet
  facet normal -0.852641 0.522498 0
    outer loop
      vertex 79.782 8.59202 2
      vertex 79.782 8.59202 0
      vertex 79.618 8.32443 2
    endloop
  endfacet
  facet normal -0.852641 0.522498 0
    outer loop
      vertex 79.618 8.32443 2
      vertex 79.782 8.59202 0
      vertex 79.618 8.32443 0
    endloop
  endfacet
  facet normal -0.92388 0.382683 0
    outer loop
      vertex 79.9021 8.88197 2
      vertex 79.9021 8.88197 0
      vertex 79.782 8.59202 2
    endloop
  endfacet
  facet normal -0.92388 0.382683 0
    outer loop
      vertex 79.782 8.59202 2
      vertex 79.9021 8.88197 0
      vertex 79.782 8.59202 0
    endloop
  endfacet
  facet normal -0.97237 0.233446 0
    outer loop
      vertex 79.9754 9.18713 2
      vertex 79.9754 9.18713 0
      vertex 79.9021 8.88197 2
    endloop
  endfacet
  facet normal -0.97237 0.233446 0
    outer loop
      vertex 79.9021 8.88197 2
      vertex 79.9754 9.18713 0
      vertex 79.9021 8.88197 0
    endloop
  endfacet
  facet normal -0.996917 0.0784581 0
    outer loop
      vertex 80 9.5 2
      vertex 80 9.5 0
      vertex 79.9754 9.18713 2
    endloop
  endfacet
  facet normal -0.996917 0.0784581 0
    outer loop
      vertex 79.9754 9.18713 2
      vertex 80 9.5 0
      vertex 79.9754 9.18713 0
    endloop
  endfacet
  facet normal -0.996917 -0.0784581 0
    outer loop
      vertex 80 9.5 2
      vertex 79.9754 9.81287 2
      vertex 80 9.5 0
    endloop
  endfacet
  facet normal -0.996917 -0.0784581 0
    outer loop
      vertex 80 9.5 0
      vertex 79.9754 9.81287 2
      vertex 79.9754 9.81287 0
    endloop
  endfacet
  facet normal -0.97237 -0.233446 0
    outer loop
      vertex 79.9754 9.81287 2
      vertex 79.9021 10.118 2
      vertex 79.9754 9.81287 0
    endloop
  endfacet
  facet normal -0.97237 -0.233446 0
    outer loop
      vertex 79.9754 9.81287 0
      vertex 79.9021 10.118 2
      vertex 79.9021 10.118 0
    endloop
  endfacet
  facet normal -0.92388 -0.382683 0
    outer loop
      vertex 79.9021 10.118 2
      vertex 79.782 10.408 2
      vertex 79.9021 10.118 0
    endloop
  endfacet
  facet normal -0.92388 -0.382683 0
    outer loop
      vertex 79.9021 10.118 0
      vertex 79.782 10.408 2
      vertex 79.782 10.408 0
    endloop
  endfacet
  facet normal -0.852641 -0.522498 0
    outer loop
      vertex 79.782 10.408 2
      vertex 79.618 10.6756 2
      vertex 79.782 10.408 0
    endloop
  endfacet
  facet normal -0.852641 -0.522498 0
    outer loop
      vertex 79.782 10.408 0
      vertex 79.618 10.6756 2
      vertex 79.618 10.6756 0
    endloop
  endfacet
  facet normal -0.760407 -0.649447 0
    outer loop
      vertex 79.618 10.6756 2
      vertex 79.4142 10.9142 2
      vertex 79.618 10.6756 0
    endloop
  endfacet
  facet normal -0.760407 -0.649447 0
    outer loop
      vertex 79.618 10.6756 0
      vertex 79.4142 10.9142 2
      vertex 79.4142 10.9142 0
    endloop
  endfacet
  facet normal -0.649447 -0.760407 -0
    outer loop
      vertex 79.4142 10.9142 0
      vertex 79.4142 10.9142 2
      vertex 79.1756 11.118 2
    endloop
  endfacet
  facet normal -0.649447 -0.760407 -0
    outer loop
      vertex 79.1756 11.118 0
      vertex 79.4142 10.9142 0
      vertex 79.1756 11.118 2
    endloop
  endfacet
  facet normal -0.522498 -0.852641 -0
    outer loop
      vertex 79.1756 11.118 0
      vertex 79.1756 11.118 2
      vertex 78.908 11.282 2
    endloop
  endfacet
  facet normal -0.522498 -0.852641 -0
    outer loop
      vertex 78.908 11.282 0
      vertex 79.1756 11.118 0
      vertex 78.908 11.282 2
    endloop
  endfacet
  facet normal -0.382683 -0.92388 -0
    outer loop
      vertex 78.908 11.282 0
      vertex 78.908 11.282 2
      vertex 78.618 11.4021 2
    endloop
  endfacet
  facet normal -0.382683 -0.92388 -0
    outer loop
      vertex 78.618 11.4021 0
      vertex 78.908 11.282 0
      vertex 78.618 11.4021 2
    endloop
  endfacet
  facet normal -0.233446 -0.97237 -0
    outer loop
      vertex 78.618 11.4021 0
      vertex 78.618 11.4021 2
      vertex 78.3129 11.4754 2
    endloop
  endfacet
  facet normal -0.233446 -0.97237 -0
    outer loop
      vertex 78.3129 11.4754 0
      vertex 78.618 11.4021 0
      vertex 78.3129 11.4754 2
    endloop
  endfacet
  facet normal -0.0784581 -0.996917 -0
    outer loop
      vertex 78.3129 11.4754 0
      vertex 78.3129 11.4754 2
      vertex 78 11.5 2
    endloop
  endfacet
  facet normal -0.0784581 -0.996917 -0
    outer loop
      vertex 78 11.5 0
      vertex 78.3129 11.4754 0
      vertex 78 11.5 2
    endloop
  endfacet
  facet normal 0.0784581 -0.996917 0
    outer loop
      vertex 78 11.5 0
      vertex 78 11.5 2
      vertex 77.6871 11.4754 2
    endloop
  endfacet
  facet normal 0.0784581 -0.996917 0
    outer loop
      vertex 77.6871 11.4754 0
      vertex 78 11.5 0
      vertex 77.6871 11.4754 2
    endloop
  endfacet
  facet normal 0.233446 -0.97237 0
    outer loop
      vertex 77.6871 11.4754 0
      vertex 77.6871 11.4754 2
      vertex 77.382 11.4021 2
    endloop
  endfacet
  facet normal 0.233446 -0.97237 0
    outer loop
      vertex 77.382 11.4021 0
      vertex 77.6871 11.4754 0
      vertex 77.382 11.4021 2
    endloop
  endfacet
  facet normal 0.382683 -0.92388 0
    outer loop
      vertex 77.382 11.4021 0
      vertex 77.382 11.4021 2
      vertex 77.092 11.282 2
    endloop
  endfacet
  facet normal 0.382683 -0.92388 0
    outer loop
      vertex 77.092 11.282 0
      vertex 77.382 11.4021 0
      vertex 77.092 11.282 2
    endloop
  endfacet
  facet normal 0.522498 -0.852641 0
    outer loop
      vertex 77.092 11.282 0
      vertex 77.092 11.282 2
      vertex 76.8244 11.118 2
    endloop
  endfacet
  facet normal 0.522498 -0.852641 0
    outer loop
      vertex 76.8244 11.118 0
      vertex 77.092 11.282 0
      vertex 76.8244 11.118 2
    endloop
  endfacet
  facet normal 0.649447 -0.760407 0
    outer loop
      vertex 76.8244 11.118 0
      vertex 76.8244 11.118 2
      vertex 76.5858 10.9142 2
    endloop
  endfacet
  facet normal 0.649447 -0.760407 0
    outer loop
      vertex 76.5858 10.9142 0
      vertex 76.8244 11.118 0
      vertex 76.5858 10.9142 2
    endloop
  endfacet
  facet normal 0.760407 -0.649447 0
    outer loop
      vertex 76.5858 10.9142 0
      vertex 76.5858 10.9142 2
      vertex 76.382 10.6756 2
    endloop
  endfacet
  facet normal 0.760407 -0.649447 0
    outer loop
      vertex 76.382 10.6756 0
      vertex 76.5858 10.9142 0
      vertex 76.382 10.6756 2
    endloop
  endfacet
  facet normal 0.852641 -0.522498 0
    outer loop
      vertex 76.382 10.6756 0
      vertex 76.382 10.6756 2
      vertex 76.218 10.408 2
    endloop
  endfacet
  facet normal 0.852641 -0.522498 0
    outer loop
      vertex 76.218 10.408 0
      vertex 76.382 10.6756 0
      vertex 76.218 10.408 2
    endloop
  endfacet
  facet normal 0.92388 -0.382683 0
    outer loop
      vertex 76.218 10.408 0
      vertex 76.218 10.408 2
      vertex 76.0979 10.118 2
    endloop
  endfacet
  facet normal 0.92388 -0.382683 0
    outer loop
      vertex 76.0979 10.118 0
      vertex 76.218 10.408 0
      vertex 76.0979 10.118 2
    endloop
  endfacet
  facet normal 0.97237 -0.233446 0
    outer loop
      vertex 76.0979 10.118 0
      vertex 76.0979 10.118 2
      vertex 76.0246 9.81287 2
    endloop
  endfacet
  facet normal 0.97237 -0.233446 0
    outer loop
      vertex 76.0246 9.81287 0
      vertex 76.0979 10.118 0
      vertex 76.0246 9.81287 2
    endloop
  endfacet
  facet normal 0.996917 -0.0784581 0
    outer loop
      vertex 76.0246 9.81287 0
      vertex 76.0246 9.81287 2
      vertex 76 9.5 2
    endloop
  endfacet
  facet normal 0.996917 -0.0784581 0
    outer loop
      vertex 76 9.5 0
      vertex 76.0246 9.81287 0
      vertex 76 9.5 2
    endloop
  endfacet
  facet normal 0.996917 0.0784581 0
    outer loop
      vertex 93.3333 9.5 2
      vertex 93.358 9.18713 2
      vertex 93.358 9.18713 0
    endloop
  endfacet
  facet normal 0.996917 0.0784581 0
    outer loop
      vertex 93.3333 9.5 0
      vertex 93.3333 9.5 2
      vertex 93.358 9.18713 0
    endloop
  endfacet
  facet normal 0.97237 0.233446 0
    outer loop
      vertex 93.358 9.18713 2
      vertex 93.4312 8.88197 2
      vertex 93.4312 8.88197 0
    endloop
  endfacet
  facet normal 0.97237 0.233446 0
    outer loop
      vertex 93.358 9.18713 0
      vertex 93.358 9.18713 2
      vertex 93.4312 8.88197 0
    endloop
  endfacet
  facet normal 0.92388 0.382683 0
    outer loop
      vertex 93.4312 8.88197 2
      vertex 93.5513 8.59202 2
      vertex 93.5513 8.59202 0
    endloop
  endfacet
  facet normal 0.92388 0.382683 0
    outer loop
      vertex 93.4312 8.88197 0
      vertex 93.4312 8.88197 2
      vertex 93.5513 8.59202 0
    endloop
  endfacet
  facet normal 0.852641 0.522498 0
    outer loop
      vertex 93.5513 8.59202 2
      vertex 93.7153 8.32443 2
      vertex 93.7153 8.32443 0
    endloop
  endfacet
  facet normal 0.852641 0.522498 0
    outer loop
      vertex 93.5513 8.59202 0
      vertex 93.5513 8.59202 2
      vertex 93.7153 8.32443 0
    endloop
  endfacet
  facet normal 0.760407 0.649447 0
    outer loop
      vertex 93.7153 8.32443 2
      vertex 93.9191 8.08579 2
      vertex 93.9191 8.08579 0
    endloop
  endfacet
  facet normal 0.760407 0.649447 0
    outer loop
      vertex 93.7153 8.32443 0
      vertex 93.7153 8.32443 2
      vertex 93.9191 8.08579 0
    endloop
  endfacet
  facet normal 0.649447 0.760407 -0
    outer loop
      vertex 94.1578 7.88197 2
      vertex 94.1578 7.88197 0
      vertex 93.9191 8.08579 2
    endloop
  endfacet
  facet normal 0.649447 0.760407 -0
    outer loop
      vertex 93.9191 8.08579 2
      vertex 94.1578 7.88197 0
      vertex 93.9191 8.08579 0
    endloop
  endfacet
  facet normal 0.522498 0.852641 -0
    outer loop
      vertex 94.4254 7.71799 2
      vertex 94.4254 7.71799 0
      vertex 94.1578 7.88197 2
    endloop
  endfacet
  facet normal 0.522498 0.852641 -0
    outer loop
      vertex 94.1578 7.88197 2
      vertex 94.4254 7.71799 0
      vertex 94.1578 7.88197 0
    endloop
  endfacet
  facet normal 0.382683 0.92388 -0
    outer loop
      vertex 94.7153 7.59789 2
      vertex 94.7153 7.59789 0
      vertex 94.4254 7.71799 2
    endloop
  endfacet
  facet normal 0.382683 0.92388 -0
    outer loop
      vertex 94.4254 7.71799 2
      vertex 94.7153 7.59789 0
      vertex 94.4254 7.71799 0
    endloop
  endfacet
  facet normal 0.233446 0.97237 -0
    outer loop
      vertex 95.0205 7.52462 2
      vertex 95.0205 7.52462 0
      vertex 94.7153 7.59789 2
    endloop
  endfacet
  facet normal 0.233446 0.97237 -0
    outer loop
      vertex 94.7153 7.59789 2
      vertex 95.0205 7.52462 0
      vertex 94.7153 7.59789 0
    endloop
  endfacet
  facet normal 0.0784581 0.996917 -0
    outer loop
      vertex 95.3333 7.5 2
      vertex 95.3333 7.5 0
      vertex 95.0205 7.52462 2
    endloop
  endfacet
  facet normal 0.0784581 0.996917 -0
    outer loop
      vertex 95.0205 7.52462 2
      vertex 95.3333 7.5 0
      vertex 95.0205 7.52462 0
    endloop
  endfacet
  facet normal -0.0784581 0.996917 0
    outer loop
      vertex 95.6462 7.52462 2
      vertex 95.6462 7.52462 0
      vertex 95.3333 7.5 2
    endloop
  endfacet
  facet normal -0.0784581 0.996917 0
    outer loop
      vertex 95.3333 7.5 2
      vertex 95.6462 7.52462 0
      vertex 95.3333 7.5 0
    endloop
  endfacet
  facet normal -0.233446 0.97237 0
    outer loop
      vertex 95.9514 7.59789 2
      vertex 95.9514 7.59789 0
      vertex 95.6462 7.52462 2
    endloop
  endfacet
  facet normal -0.233446 0.97237 0
    outer loop
      vertex 95.6462 7.52462 2
      vertex 95.9514 7.59789 0
      vertex 95.6462 7.52462 0
    endloop
  endfacet
  facet normal -0.382683 0.92388 0
    outer loop
      vertex 96.2413 7.71799 2
      vertex 96.2413 7.71799 0
      vertex 95.9514 7.59789 2
    endloop
  endfacet
  facet normal -0.382683 0.92388 0
    outer loop
      vertex 95.9514 7.59789 2
      vertex 96.2413 7.71799 0
      vertex 95.9514 7.59789 0
    endloop
  endfacet
  facet normal -0.522498 0.852641 0
    outer loop
      vertex 96.5089 7.88197 2
      vertex 96.5089 7.88197 0
      vertex 96.2413 7.71799 2
    endloop
  endfacet
  facet normal -0.522498 0.852641 0
    outer loop
      vertex 96.2413 7.71799 2
      vertex 96.5089 7.88197 0
      vertex 96.2413 7.71799 0
    endloop
  endfacet
  facet normal -0.649447 0.760407 0
    outer loop
      vertex 96.7475 8.08579 2
      vertex 96.7475 8.08579 0
      vertex 96.5089 7.88197 2
    endloop
  endfacet
  facet normal -0.649447 0.760407 0
    outer loop
      vertex 96.5089 7.88197 2
      vertex 96.7475 8.08579 0
      vertex 96.5089 7.88197 0
    endloop
  endfacet
  facet normal -0.760407 0.649447 0
    outer loop
      vertex 96.9514 8.32443 2
      vertex 96.9514 8.32443 0
      vertex 96.7475 8.08579 2
    endloop
  endfacet
  facet normal -0.760407 0.649447 0
    outer loop
      vertex 96.7475 8.08579 2
      vertex 96.9514 8.32443 0
      vertex 96.7475 8.08579 0
    endloop
  endfacet
  facet normal -0.852641 0.522498 0
    outer loop
      vertex 97.1153 8.59202 2
      vertex 97.1153 8.59202 0
      vertex 96.9514 8.32443 2
    endloop
  endfacet
  facet normal -0.852641 0.522498 0
    outer loop
      vertex 96.9514 8.32443 2
      vertex 97.1153 8.59202 0
      vertex 96.9514 8.32443 0
    endloop
  endfacet
  facet normal -0.92388 0.382683 0
    outer loop
      vertex 97.2354 8.88197 2
      vertex 97.2354 8.88197 0
      vertex 97.1153 8.59202 2
    endloop
  endfacet
  facet normal -0.92388 0.382683 0
    outer loop
      vertex 97.1153 8.59202 2
      vertex 97.2354 8.88197 0
      vertex 97.1153 8.59202 0
    endloop
  endfacet
  facet normal -0.97237 0.233446 0
    outer loop
      vertex 97.3087 9.18713 2
      vertex 97.3087 9.18713 0
      vertex 97.2354 8.88197 2
    endloop
  endfacet
  facet normal -0.97237 0.233446 0
    outer loop
      vertex 97.2354 8.88197 2
      vertex 97.3087 9.18713 0
      vertex 97.2354 8.88197 0
    endloop
  endfacet
  facet normal -0.996917 0.0784581 0
    outer loop
      vertex 97.3333 9.5 2
      vertex 97.3333 9.5 0
      vertex 97.3087 9.18713 2
    endloop
  endfacet
  facet normal -0.996917 0.0784581 0
    outer loop
      vertex 97.3087 9.18713 2
      vertex 97.3333 9.5 0
      vertex 97.3087 9.18713 0
    endloop
  endfacet
  facet normal -0.996917 -0.0784581 0
    outer loop
      vertex 97.3333 9.5 2
      vertex 97.3087 9.81287 2
      vertex 97.3333 9.5 0
    endloop
  endfacet
  facet normal -0.996917 -0.0784581 0
    outer loop
      vertex 97.3333 9.5 0
      vertex 97.3087 9.81287 2
      vertex 97.3087 9.81287 0
    endloop
  endfacet
  facet normal -0.97237 -0.233446 0
    outer loop
      vertex 97.3087 9.81287 2
      vertex 97.2354 10.118 2
      vertex 97.3087 9.81287 0
    endloop
  endfacet
  facet normal -0.97237 -0.233446 0
    outer loop
      vertex 97.3087 9.81287 0
      vertex 97.2354 10.118 2
      vertex 97.2354 10.118 0
    endloop
  endfacet
  facet normal -0.92388 -0.382683 0
    outer loop
      vertex 97.2354 10.118 2
      vertex 97.1153 10.408 2
      vertex 97.2354 10.118 0
    endloop
  endfacet
  facet normal -0.92388 -0.382683 0
    outer loop
      vertex 97.2354 10.118 0
      vertex 97.1153 10.408 2
      vertex 97.1153 10.408 0
    endloop
  endfacet
  facet normal -0.852641 -0.522498 0
    outer loop
      vertex 97.1153 10.408 2
      vertex 96.9514 10.6756 2
      vertex 97.1153 10.408 0
    endloop
  endfacet
  facet normal -0.852641 -0.522498 0
    outer loop
      vertex 97.1153 10.408 0
      vertex 96.9514 10.6756 2
      vertex 96.9514 10.6756 0
    endloop
  endfacet
  facet normal -0.760407 -0.649447 0
    outer loop
      vertex 96.9514 10.6756 2
      vertex 96.7475 10.9142 2
      vertex 96.9514 10.6756 0
    endloop
  endfacet
  facet normal -0.760407 -0.649447 0
    outer loop
      vertex 96.9514 10.6756 0
      vertex 96.7475 10.9142 2
      vertex 96.7475 10.9142 0
    endloop
  endfacet
  facet normal -0.649447 -0.760407 -0
    outer loop
      vertex 96.7475 10.9142 0
      vertex 96.7475 10.9142 2
      vertex 96.5089 11.118 2
    endloop
  endfacet
  facet normal -0.649447 -0.760407 -0
    outer loop
      vertex 96.5089 11.118 0
      vertex 96.7475 10.9142 0
      vertex 96.5089 11.118 2
    endloop
  endfacet
  facet normal -0.522498 -0.852641 -0
    outer loop
      vertex 96.5089 11.118 0
      vertex 96.5089 11.118 2
      vertex 96.2413 11.282 2
    endloop
  endfacet
  facet normal -0.522498 -0.852641 -0
    outer loop
      vertex 96.2413 11.282 0
      vertex 96.5089 11.118 0
      vertex 96.2413 11.282 2
    endloop
  endfacet
  facet normal -0.382683 -0.92388 -0
    outer loop
      vertex 96.2413 11.282 0
      vertex 96.2413 11.282 2
      vertex 95.9514 11.4021 2
    endloop
  endfacet
  facet normal -0.382683 -0.92388 -0
    outer loop
      vertex 95.9514 11.4021 0
      vertex 96.2413 11.282 0
      vertex 95.9514 11.4021 2
    endloop
  endfacet
  facet normal -0.233446 -0.97237 -0
    outer loop
      vertex 95.9514 11.4021 0
      vertex 95.9514 11.4021 2
      vertex 95.6462 11.4754 2
    endloop
  endfacet
  facet normal -0.233446 -0.97237 -0
    outer loop
      vertex 95.6462 11.4754 0
      vertex 95.9514 11.4021 0
      vertex 95.6462 11.4754 2
    endloop
  endfacet
  facet normal -0.0784581 -0.996917 -0
    outer loop
      vertex 95.6462 11.4754 0
      vertex 95.6462 11.4754 2
      vertex 95.3333 11.5 2
    endloop
  endfacet
  facet normal -0.0784581 -0.996917 -0
    outer loop
      vertex 95.3333 11.5 0
      vertex 95.6462 11.4754 0
      vertex 95.3333 11.5 2
    endloop
  endfacet
  facet normal 0.0784581 -0.996917 0
    outer loop
      vertex 95.3333 11.5 0
      vertex 95.3333 11.5 2
      vertex 95.0205 11.4754 2
    endloop
  endfacet
  facet normal 0.0784581 -0.996917 0
    outer loop
      vertex 95.0205 11.4754 0
      vertex 95.3333 11.5 0
      vertex 95.0205 11.4754 2
    endloop
  endfacet
  facet normal 0.233446 -0.97237 0
    outer loop
      vertex 95.0205 11.4754 0
      vertex 95.0205 11.4754 2
      vertex 94.7153 11.4021 2
    endloop
  endfacet
  facet normal 0.233446 -0.97237 0
    outer loop
      vertex 94.7153 11.4021 0
      vertex 95.0205 11.4754 0
      vertex 94.7153 11.4021 2
    endloop
  endfacet
  facet normal 0.382683 -0.92388 0
    outer loop
      vertex 94.7153 11.4021 0
      vertex 94.7153 11.4021 2
      vertex 94.4254 11.282 2
    endloop
  endfacet
  facet normal 0.382683 -0.92388 0
    outer loop
      vertex 94.4254 11.282 0
      vertex 94.7153 11.4021 0
      vertex 94.4254 11.282 2
    endloop
  endfacet
  facet normal 0.522498 -0.852641 0
    outer loop
      vertex 94.4254 11.282 0
      vertex 94.4254 11.282 2
      vertex 94.1578 11.118 2
    endloop
  endfacet
  facet normal 0.522498 -0.852641 0
    outer loop
      vertex 94.1578 11.118 0
      vertex 94.4254 11.282 0
      vertex 94.1578 11.118 2
    endloop
  endfacet
  facet normal 0.649447 -0.760407 0
    outer loop
      vertex 94.1578 11.118 0
      vertex 94.1578 11.118 2
      vertex 93.9191 10.9142 2
    endloop
  endfacet
  facet normal 0.649447 -0.760407 0
    outer loop
      vertex 93.9191 10.9142 0
      vertex 94.1578 11.118 0
      vertex 93.9191 10.9142 2
    endloop
  endfacet
  facet normal 0.760407 -0.649447 0
    outer loop
      vertex 93.9191 10.9142 0
      vertex 93.9191 10.9142 2
      vertex 93.7153 10.6756 2
    endloop
  endfacet
  facet normal 0.760407 -0.649447 0
    outer loop
      vertex 93.7153 10.6756 0
      vertex 93.9191 10.9142 0
      vertex 93.7153 10.6756 2
    endloop
  endfacet
  facet normal 0.852641 -0.522498 0
    outer loop
      vertex 93.7153 10.6756 0
      vertex 93.7153 10.6756 2
      vertex 93.5513 10.408 2
    endloop
  endfacet
  facet normal 0.852641 -0.522498 0
    outer loop
      vertex 93.5513 10.408 0
      vertex 93.7153 10.6756 0
      vertex 93.5513 10.408 2
    endloop
  endfacet
  facet normal 0.92388 -0.382683 0
    outer loop
      vertex 93.5513 10.408 0
      vertex 93.5513 10.408 2
      vertex 93.4312 10.118 2
    endloop
  endfacet
  facet normal 0.92388 -0.382683 0
    outer loop
      vertex 93.4312 10.118 0
      vertex 93.5513 10.408 0
      vertex 93.4312 10.118 2
    endloop
  endfacet
  facet normal 0.97237 -0.233446 0
    outer loop
      vertex 93.4312 10.118 0
      vertex 93.4312 10.118 2
      vertex 93.358 9.81287 2
    endloop
  endfacet
  facet normal 0.97237 -0.233446 0
    outer loop
      vertex 93.358 9.81287 0
      vertex 93.4312 10.118 0
      vertex 93.358 9.81287 2
    endloop
  endfacet
  facet normal 0.996917 -0.0784581 0
    outer loop
      vertex 93.358 9.81287 0
      vertex 93.358 9.81287 2
      vertex 93.3333 9.5 2
    endloop
  endfacet
  facet normal 0.996917 -0.0784581 0
    outer loop
      vertex 93.3333 9.5 0
      vertex 93.358 9.81287 0
      vertex 93.3333 9.5 2
    endloop
  endfacet
  facet normal 0.996918 0 -0.0784569
    outer loop
      vertex 76.5185 20.8 6.23465
      vertex 76.5185 18.8 6.23465
      vertex 76.5 18.8 6
    endloop
  endfacet
  facet normal 0.996918 0 -0.0784569
    outer loop
      vertex 76.5 20.8 6
      vertex 76.5185 20.8 6.23465
      vertex 76.5 18.8 6
    endloop
  endfacet
  facet normal 0.996918 0 0.0784569
    outer loop
      vertex 76.5 18.8 6
      vertex 76.5185 18.8 5.76535
      vertex 76.5185 20.8 5.76535
    endloop
  endfacet
  facet normal 0.996918 -0 0.0784569
    outer loop
      vertex 76.5 20.8 6
      vertex 76.5 18.8 6
      vertex 76.5185 20.8 5.76535
    endloop
  endfacet
  facet normal 0.972369 0 0.233447
    outer loop
      vertex 76.5185 18.8 5.76535
      vertex 76.5734 18.8 5.53648
      vertex 76.5734 20.8 5.53648
    endloop
  endfacet
  facet normal 0.972369 -0 0.233447
    outer loop
      vertex 76.5185 20.8 5.76535
      vertex 76.5185 18.8 5.76535
      vertex 76.5734 20.8 5.53648
    endloop
  endfacet
  facet normal 0.92388 0 0.382682
    outer loop
      vertex 76.5734 18.8 5.53648
      vertex 76.6635 18.8 5.31901
      vertex 76.6635 20.8 5.31901
    endloop
  endfacet
  facet normal 0.92388 -0 0.382682
    outer loop
      vertex 76.5734 20.8 5.53648
      vertex 76.5734 18.8 5.53648
      vertex 76.6635 20.8 5.31901
    endloop
  endfacet
  facet normal 0.852639 0 0.522501
    outer loop
      vertex 76.6635 18.8 5.31901
      vertex 76.7865 18.8 5.11832
      vertex 76.7865 20.8 5.11832
    endloop
  endfacet
  facet normal 0.852639 -0 0.522501
    outer loop
      vertex 76.6635 20.8 5.31901
      vertex 76.6635 18.8 5.31901
      vertex 76.7865 20.8 5.11832
    endloop
  endfacet
  facet normal 0.760406 0 0.649448
    outer loop
      vertex 76.7865 18.8 5.11832
      vertex 76.9393 18.8 4.93934
      vertex 76.9393 20.8 4.93934
    endloop
  endfacet
  facet normal 0.760406 -0 0.649448
    outer loop
      vertex 76.7865 20.8 5.11832
      vertex 76.7865 18.8 5.11832
      vertex 76.9393 20.8 4.93934
    endloop
  endfacet
  facet normal 0.649448 0 0.760406
    outer loop
      vertex 76.9393 18.8 4.93934
      vertex 77.1183 18.8 4.78648
      vertex 77.1183 20.8 4.78648
    endloop
  endfacet
  facet normal 0.649448 -0 0.760406
    outer loop
      vertex 76.9393 20.8 4.93934
      vertex 76.9393 18.8 4.93934
      vertex 77.1183 20.8 4.78648
    endloop
  endfacet
  facet normal 0.522501 0 0.852639
    outer loop
      vertex 77.1183 18.8 4.78648
      vertex 77.319 18.8 4.66349
      vertex 77.319 20.8 4.66349
    endloop
  endfacet
  facet normal 0.522501 -0 0.852639
    outer loop
      vertex 77.1183 20.8 4.78648
      vertex 77.1183 18.8 4.78648
      vertex 77.319 20.8 4.66349
    endloop
  endfacet
  facet normal 0.382682 0 0.92388
    outer loop
      vertex 77.319 18.8 4.66349
      vertex 77.5365 18.8 4.57342
      vertex 77.5365 20.8 4.57342
    endloop
  endfacet
  facet normal 0.382682 -0 0.92388
    outer loop
      vertex 77.319 20.8 4.66349
      vertex 77.319 18.8 4.66349
      vertex 77.5365 20.8 4.57342
    endloop
  endfacet
  facet normal 0.233447 0 0.972369
    outer loop
      vertex 77.5365 18.8 4.57342
      vertex 77.7653 18.8 4.51847
      vertex 77.7653 20.8 4.51847
    endloop
  endfacet
  facet normal 0.233447 -0 0.972369
    outer loop
      vertex 77.5365 20.8 4.57342
      vertex 77.5365 18.8 4.57342
      vertex 77.7653 20.8 4.51847
    endloop
  endfacet
  facet normal 0.0784569 0 0.996918
    outer loop
      vertex 77.7653 18.8 4.51847
      vertex 78 18.8 4.5
      vertex 78 20.8 4.5
    endloop
  endfacet
  facet normal 0.0784569 -0 0.996918
    outer loop
      vertex 77.7653 20.8 4.51847
      vertex 77.7653 18.8 4.51847
      vertex 78 20.8 4.5
    endloop
  endfacet
  facet normal -0.0784569 0 0.996918
    outer loop
      vertex 78 18.8 4.5
      vertex 78.2347 18.8 4.51847
      vertex 78.2347 20.8 4.51847
    endloop
  endfacet
  facet normal -0.0784569 0 0.996918
    outer loop
      vertex 78 20.8 4.5
      vertex 78 18.8 4.5
      vertex 78.2347 20.8 4.51847
    endloop
  endfacet
  facet normal -0.233447 0 0.972369
    outer loop
      vertex 78.2347 18.8 4.51847
      vertex 78.4635 18.8 4.57342
      vertex 78.4635 20.8 4.57342
    endloop
  endfacet
  facet normal -0.233447 0 0.972369
    outer loop
      vertex 78.2347 20.8 4.51847
      vertex 78.2347 18.8 4.51847
      vertex 78.4635 20.8 4.57342
    endloop
  endfacet
  facet normal -0.382682 0 0.92388
    outer loop
      vertex 78.4635 18.8 4.57342
      vertex 78.681 18.8 4.66349
      vertex 78.681 20.8 4.66349
    endloop
  endfacet
  facet normal -0.382682 0 0.92388
    outer loop
      vertex 78.4635 20.8 4.57342
      vertex 78.4635 18.8 4.57342
      vertex 78.681 20.8 4.66349
    endloop
  endfacet
  facet normal -0.522501 0 0.852639
    outer loop
      vertex 78.681 18.8 4.66349
      vertex 78.8817 18.8 4.78648
      vertex 78.8817 20.8 4.78648
    endloop
  endfacet
  facet normal -0.522501 0 0.852639
    outer loop
      vertex 78.681 20.8 4.66349
      vertex 78.681 18.8 4.66349
      vertex 78.8817 20.8 4.78648
    endloop
  endfacet
  facet normal -0.649448 0 0.760406
    outer loop
      vertex 78.8817 18.8 4.78648
      vertex 79.0607 18.8 4.93934
      vertex 79.0607 20.8 4.93934
    endloop
  endfacet
  facet normal -0.649448 0 0.760406
    outer loop
      vertex 78.8817 20.8 4.78648
      vertex 78.8817 18.8 4.78648
      vertex 79.0607 20.8 4.93934
    endloop
  endfacet
  facet normal -0.760406 0 0.649448
    outer loop
      vertex 79.2135 18.8 5.11832
      vertex 79.2135 20.8 5.11832
      vertex 79.0607 18.8 4.93934
    endloop
  endfacet
  facet normal -0.760406 0 0.649448
    outer loop
      vertex 79.0607 18.8 4.93934
      vertex 79.2135 20.8 5.11832
      vertex 79.0607 20.8 4.93934
    endloop
  endfacet
  facet normal -0.852639 0 0.522501
    outer loop
      vertex 79.3365 18.8 5.31901
      vertex 79.3365 20.8 5.31901
      vertex 79.2135 18.8 5.11832
    endloop
  endfacet
  facet normal -0.852639 0 0.522501
    outer loop
      vertex 79.2135 18.8 5.11832
      vertex 79.3365 20.8 5.31901
      vertex 79.2135 20.8 5.11832
    endloop
  endfacet
  facet normal -0.92388 0 0.382682
    outer loop
      vertex 79.4266 18.8 5.53648
      vertex 79.4266 20.8 5.53648
      vertex 79.3365 18.8 5.31901
    endloop
  endfacet
  facet normal -0.92388 0 0.382682
    outer loop
      vertex 79.3365 18.8 5.31901
      vertex 79.4266 20.8 5.53648
      vertex 79.3365 20.8 5.31901
    endloop
  endfacet
  facet normal -0.972369 0 0.233447
    outer loop
      vertex 79.4815 18.8 5.76535
      vertex 79.4815 20.8 5.76535
      vertex 79.4266 18.8 5.53648
    endloop
  endfacet
  facet normal -0.972369 0 0.233447
    outer loop
      vertex 79.4266 18.8 5.53648
      vertex 79.4815 20.8 5.76535
      vertex 79.4266 20.8 5.53648
    endloop
  endfacet
  facet normal -0.996918 0 0.0784569
    outer loop
      vertex 79.5 18.8 6
      vertex 79.5 20.8 6
      vertex 79.4815 18.8 5.76535
    endloop
  endfacet
  facet normal -0.996918 0 0.0784569
    outer loop
      vertex 79.4815 18.8 5.76535
      vertex 79.5 20.8 6
      vertex 79.4815 20.8 5.76535
    endloop
  endfacet
  facet normal -0.996918 -0 -0.0784569
    outer loop
      vertex 79.5 18.8 6
      vertex 79.4815 18.8 6.23465
      vertex 79.5 20.8 6
    endloop
  endfacet
  facet normal -0.996918 0 -0.0784569
    outer loop
      vertex 79.5 20.8 6
      vertex 79.4815 18.8 6.23465
      vertex 79.4815 20.8 6.23465
    endloop
  endfacet
  facet normal -0.972369 -0 -0.233447
    outer loop
      vertex 79.4815 18.8 6.23465
      vertex 79.4266 18.8 6.46353
      vertex 79.4815 20.8 6.23465
    endloop
  endfacet
  facet normal -0.972369 0 -0.233447
    outer loop
      vertex 79.4815 20.8 6.23465
      vertex 79.4266 18.8 6.46353
      vertex 79.4266 20.8 6.46353
    endloop
  endfacet
  facet normal -0.92388 -0 -0.382682
    outer loop
      vertex 79.4266 18.8 6.46353
      vertex 79.3365 18.8 6.68099
      vertex 79.4266 20.8 6.46353
    endloop
  endfacet
  facet normal -0.92388 0 -0.382682
    outer loop
      vertex 79.4266 20.8 6.46353
      vertex 79.3365 18.8 6.68099
      vertex 79.3365 20.8 6.68099
    endloop
  endfacet
  facet normal -0.852639 -0 -0.522501
    outer loop
      vertex 79.3365 18.8 6.68099
      vertex 79.2135 18.8 6.88168
      vertex 79.3365 20.8 6.68099
    endloop
  endfacet
  facet normal -0.852639 0 -0.522501
    outer loop
      vertex 79.3365 20.8 6.68099
      vertex 79.2135 18.8 6.88168
      vertex 79.2135 20.8 6.88168
    endloop
  endfacet
  facet normal -0.760406 -0 -0.649448
    outer loop
      vertex 79.2135 18.8 6.88168
      vertex 79.0607 18.8 7.06066
      vertex 79.2135 20.8 6.88168
    endloop
  endfacet
  facet normal -0.760406 0 -0.649448
    outer loop
      vertex 79.2135 20.8 6.88168
      vertex 79.0607 18.8 7.06066
      vertex 79.0607 20.8 7.06066
    endloop
  endfacet
  facet normal -0.649448 -0 -0.760406
    outer loop
      vertex 79.0607 18.8 7.06066
      vertex 78.8817 18.8 7.21353
      vertex 79.0607 20.8 7.06066
    endloop
  endfacet
  facet normal -0.649448 -4.61461e-015 -0.760406
    outer loop
      vertex 79.0607 20.8 7.06066
      vertex 78.8817 18.8 7.21353
      vertex 78.8817 20.8 7.21353
    endloop
  endfacet
  facet normal -0.522501 -3.71259e-015 -0.852639
    outer loop
      vertex 78.8817 18.8 7.21353
      vertex 78.681 18.8 7.33651
      vertex 78.8817 20.8 7.21353
    endloop
  endfacet
  facet normal -0.522501 0 -0.852639
    outer loop
      vertex 78.8817 20.8 7.21353
      vertex 78.681 18.8 7.33651
      vertex 78.681 20.8 7.33651
    endloop
  endfacet
  facet normal -0.382682 -0 -0.92388
    outer loop
      vertex 78.681 18.8 7.33651
      vertex 78.4635 18.8 7.42659
      vertex 78.681 20.8 7.33651
    endloop
  endfacet
  facet normal -0.382682 0 -0.92388
    outer loop
      vertex 78.681 20.8 7.33651
      vertex 78.4635 18.8 7.42659
      vertex 78.4635 20.8 7.42659
    endloop
  endfacet
  facet normal -0.233447 -0 -0.972369
    outer loop
      vertex 78.4635 18.8 7.42659
      vertex 78.2347 18.8 7.48153
      vertex 78.4635 20.8 7.42659
    endloop
  endfacet
  facet normal -0.233447 0 -0.972369
    outer loop
      vertex 78.4635 20.8 7.42659
      vertex 78.2347 18.8 7.48153
      vertex 78.2347 20.8 7.48153
    endloop
  endfacet
  facet normal -0.0784569 -0 -0.996918
    outer loop
      vertex 78.2347 18.8 7.48153
      vertex 78 18.8 7.5
      vertex 78.2347 20.8 7.48153
    endloop
  endfacet
  facet normal -0.0784569 0 -0.996918
    outer loop
      vertex 78.2347 20.8 7.48153
      vertex 78 18.8 7.5
      vertex 78 20.8 7.5
    endloop
  endfacet
  facet normal 0.0784569 0 -0.996918
    outer loop
      vertex 78 18.8 7.5
      vertex 77.7653 18.8 7.48153
      vertex 78 20.8 7.5
    endloop
  endfacet
  facet normal 0.0784569 0 -0.996918
    outer loop
      vertex 78 20.8 7.5
      vertex 77.7653 18.8 7.48153
      vertex 77.7653 20.8 7.48153
    endloop
  endfacet
  facet normal 0.233447 0 -0.972369
    outer loop
      vertex 77.7653 18.8 7.48153
      vertex 77.5365 18.8 7.42659
      vertex 77.7653 20.8 7.48153
    endloop
  endfacet
  facet normal 0.233447 0 -0.972369
    outer loop
      vertex 77.7653 20.8 7.48153
      vertex 77.5365 18.8 7.42659
      vertex 77.5365 20.8 7.42659
    endloop
  endfacet
  facet normal 0.382682 0 -0.92388
    outer loop
      vertex 77.5365 18.8 7.42659
      vertex 77.319 18.8 7.33651
      vertex 77.5365 20.8 7.42659
    endloop
  endfacet
  facet normal 0.382682 0 -0.92388
    outer loop
      vertex 77.5365 20.8 7.42659
      vertex 77.319 18.8 7.33651
      vertex 77.319 20.8 7.33651
    endloop
  endfacet
  facet normal 0.522501 0 -0.852639
    outer loop
      vertex 77.319 18.8 7.33651
      vertex 77.1183 18.8 7.21353
      vertex 77.319 20.8 7.33651
    endloop
  endfacet
  facet normal 0.522501 0 -0.852639
    outer loop
      vertex 77.319 20.8 7.33651
      vertex 77.1183 18.8 7.21353
      vertex 77.1183 20.8 7.21353
    endloop
  endfacet
  facet normal 0.649448 0 -0.760406
    outer loop
      vertex 77.1183 18.8 7.21353
      vertex 76.9393 18.8 7.06066
      vertex 77.1183 20.8 7.21353
    endloop
  endfacet
  facet normal 0.649448 0 -0.760406
    outer loop
      vertex 77.1183 20.8 7.21353
      vertex 76.9393 18.8 7.06066
      vertex 76.9393 20.8 7.06066
    endloop
  endfacet
  facet normal 0.760406 0 -0.649448
    outer loop
      vertex 76.9393 20.8 7.06066
      vertex 76.9393 18.8 7.06066
      vertex 76.7865 18.8 6.88168
    endloop
  endfacet
  facet normal 0.760406 0 -0.649448
    outer loop
      vertex 76.7865 20.8 6.88168
      vertex 76.9393 20.8 7.06066
      vertex 76.7865 18.8 6.88168
    endloop
  endfacet
  facet normal 0.852639 0 -0.522501
    outer loop
      vertex 76.7865 20.8 6.88168
      vertex 76.7865 18.8 6.88168
      vertex 76.6635 18.8 6.68099
    endloop
  endfacet
  facet normal 0.852639 0 -0.522501
    outer loop
      vertex 76.6635 20.8 6.68099
      vertex 76.7865 20.8 6.88168
      vertex 76.6635 18.8 6.68099
    endloop
  endfacet
  facet normal 0.92388 0 -0.382682
    outer loop
      vertex 76.6635 20.8 6.68099
      vertex 76.6635 18.8 6.68099
      vertex 76.5734 18.8 6.46353
    endloop
  endfacet
  facet normal 0.92388 0 -0.382682
    outer loop
      vertex 76.5734 20.8 6.46353
      vertex 76.6635 20.8 6.68099
      vertex 76.5734 18.8 6.46353
    endloop
  endfacet
  facet normal 0.972369 0 -0.233447
    outer loop
      vertex 76.5734 20.8 6.46353
      vertex 76.5734 18.8 6.46353
      vertex 76.5185 18.8 6.23465
    endloop
  endfacet
  facet normal 0.972369 0 -0.233447
    outer loop
      vertex 76.5185 20.8 6.23465
      vertex 76.5734 20.8 6.46353
      vertex 76.5185 18.8 6.23465
    endloop
  endfacet
  facet normal 0.97237 0.233446 0
    outer loop
      vertex 6.69129 9.18713 2
      vertex 6.76455 8.88197 2
      vertex 6.76455 8.88197 0
    endloop
  endfacet
  facet normal 0.97237 0.233446 0
    outer loop
      vertex 6.69129 9.18713 0
      vertex 6.69129 9.18713 2
      vertex 6.76455 8.88197 0
    endloop
  endfacet
  facet normal 0.996917 0.0784581 0
    outer loop
      vertex 6.66667 9.5 2
      vertex 6.69129 9.18713 2
      vertex 6.69129 9.18713 0
    endloop
  endfacet
  facet normal 0.996917 0.0784581 0
    outer loop
      vertex 6.66667 9.5 0
      vertex 6.66667 9.5 2
      vertex 6.69129 9.18713 0
    endloop
  endfacet
  facet normal 0.92388 0.382683 0
    outer loop
      vertex 6.76455 8.88197 2
      vertex 6.88465 8.59202 2
      vertex 6.88465 8.59202 0
    endloop
  endfacet
  facet normal 0.92388 0.382683 0
    outer loop
      vertex 6.76455 8.88197 0
      vertex 6.76455 8.88197 2
      vertex 6.88465 8.59202 0
    endloop
  endfacet
  facet normal 0.852641 0.522498 0
    outer loop
      vertex 6.88465 8.59202 2
      vertex 7.04863 8.32443 2
      vertex 7.04863 8.32443 0
    endloop
  endfacet
  facet normal 0.852641 0.522498 0
    outer loop
      vertex 6.88465 8.59202 0
      vertex 6.88465 8.59202 2
      vertex 7.04863 8.32443 0
    endloop
  endfacet
  facet normal 0.760407 0.649447 0
    outer loop
      vertex 7.04863 8.32443 2
      vertex 7.25245 8.08579 2
      vertex 7.25245 8.08579 0
    endloop
  endfacet
  facet normal 0.760407 0.649447 0
    outer loop
      vertex 7.04863 8.32443 0
      vertex 7.04863 8.32443 2
      vertex 7.25245 8.08579 0
    endloop
  endfacet
  facet normal 0.649447 0.760407 -0
    outer loop
      vertex 7.4911 7.88197 2
      vertex 7.4911 7.88197 0
      vertex 7.25245 8.08579 2
    endloop
  endfacet
  facet normal 0.649447 0.760407 -0
    outer loop
      vertex 7.25245 8.08579 2
      vertex 7.4911 7.88197 0
      vertex 7.25245 8.08579 0
    endloop
  endfacet
  facet normal 0.522498 0.852641 -0
    outer loop
      vertex 7.75869 7.71799 2
      vertex 7.75869 7.71799 0
      vertex 7.4911 7.88197 2
    endloop
  endfacet
  facet normal 0.522498 0.852641 -0
    outer loop
      vertex 7.4911 7.88197 2
      vertex 7.75869 7.71799 0
      vertex 7.4911 7.88197 0
    endloop
  endfacet
  facet normal 0.382683 0.92388 -0
    outer loop
      vertex 8.04863 7.59789 2
      vertex 8.04863 7.59789 0
      vertex 7.75869 7.71799 2
    endloop
  endfacet
  facet normal 0.382683 0.92388 -0
    outer loop
      vertex 7.75869 7.71799 2
      vertex 8.04863 7.59789 0
      vertex 7.75869 7.71799 0
    endloop
  endfacet
  facet normal 0.233446 0.97237 -0
    outer loop
      vertex 8.3538 7.52462 2
      vertex 8.3538 7.52462 0
      vertex 8.04863 7.59789 2
    endloop
  endfacet
  facet normal 0.233446 0.97237 -0
    outer loop
      vertex 8.04863 7.59789 2
      vertex 8.3538 7.52462 0
      vertex 8.04863 7.59789 0
    endloop
  endfacet
  facet normal 0.0784581 0.996917 -0
    outer loop
      vertex 8.66667 7.5 2
      vertex 8.66667 7.5 0
      vertex 8.3538 7.52462 2
    endloop
  endfacet
  facet normal 0.0784581 0.996917 -0
    outer loop
      vertex 8.3538 7.52462 2
      vertex 8.66667 7.5 0
      vertex 8.3538 7.52462 0
    endloop
  endfacet
  facet normal -0.0784581 0.996917 0
    outer loop
      vertex 8.97954 7.52462 2
      vertex 8.97954 7.52462 0
      vertex 8.66667 7.5 2
    endloop
  endfacet
  facet normal -0.0784581 0.996917 0
    outer loop
      vertex 8.66667 7.5 2
      vertex 8.97954 7.52462 0
      vertex 8.66667 7.5 0
    endloop
  endfacet
  facet normal -0.233446 0.97237 0
    outer loop
      vertex 9.2847 7.59789 2
      vertex 9.2847 7.59789 0
      vertex 8.97954 7.52462 2
    endloop
  endfacet
  facet normal -0.233446 0.97237 0
    outer loop
      vertex 8.97954 7.52462 2
      vertex 9.2847 7.59789 0
      vertex 8.97954 7.52462 0
    endloop
  endfacet
  facet normal -0.382683 0.92388 0
    outer loop
      vertex 9.57465 7.71799 2
      vertex 9.57465 7.71799 0
      vertex 9.2847 7.59789 2
    endloop
  endfacet
  facet normal -0.382683 0.92388 0
    outer loop
      vertex 9.2847 7.59789 2
      vertex 9.57465 7.71799 0
      vertex 9.2847 7.59789 0
    endloop
  endfacet
  facet normal -0.522498 0.852641 0
    outer loop
      vertex 9.84224 7.88197 2
      vertex 9.84224 7.88197 0
      vertex 9.57465 7.71799 2
    endloop
  endfacet
  facet normal -0.522498 0.852641 0
    outer loop
      vertex 9.57465 7.71799 2
      vertex 9.84224 7.88197 0
      vertex 9.57465 7.71799 0
    endloop
  endfacet
  facet normal -0.649447 0.760407 0
    outer loop
      vertex 10.0809 8.08579 2
      vertex 10.0809 8.08579 0
      vertex 9.84224 7.88197 2
    endloop
  endfacet
  facet normal -0.649447 0.760407 0
    outer loop
      vertex 9.84224 7.88197 2
      vertex 10.0809 8.08579 0
      vertex 9.84224 7.88197 0
    endloop
  endfacet
  facet normal -0.760407 0.649447 0
    outer loop
      vertex 10.2847 8.32443 2
      vertex 10.2847 8.32443 0
      vertex 10.0809 8.08579 2
    endloop
  endfacet
  facet normal -0.760407 0.649447 0
    outer loop
      vertex 10.0809 8.08579 2
      vertex 10.2847 8.32443 0
      vertex 10.0809 8.08579 0
    endloop
  endfacet
  facet normal -0.852641 0.522498 0
    outer loop
      vertex 10.4487 8.59202 2
      vertex 10.4487 8.59202 0
      vertex 10.2847 8.32443 2
    endloop
  endfacet
  facet normal -0.852641 0.522498 0
    outer loop
      vertex 10.2847 8.32443 2
      vertex 10.4487 8.59202 0
      vertex 10.2847 8.32443 0
    endloop
  endfacet
  facet normal -0.92388 0.382683 0
    outer loop
      vertex 10.5688 8.88197 2
      vertex 10.5688 8.88197 0
      vertex 10.4487 8.59202 2
    endloop
  endfacet
  facet normal -0.92388 0.382683 0
    outer loop
      vertex 10.4487 8.59202 2
      vertex 10.5688 8.88197 0
      vertex 10.4487 8.59202 0
    endloop
  endfacet
  facet normal -0.97237 0.233446 0
    outer loop
      vertex 10.642 9.18713 2
      vertex 10.642 9.18713 0
      vertex 10.5688 8.88197 2
    endloop
  endfacet
  facet normal -0.97237 0.233446 0
    outer loop
      vertex 10.5688 8.88197 2
      vertex 10.642 9.18713 0
      vertex 10.5688 8.88197 0
    endloop
  endfacet
  facet normal -0.996917 0.0784581 0
    outer loop
      vertex 10.6667 9.5 2
      vertex 10.6667 9.5 0
      vertex 10.642 9.18713 2
    endloop
  endfacet
  facet normal -0.996917 0.0784581 0
    outer loop
      vertex 10.642 9.18713 2
      vertex 10.6667 9.5 0
      vertex 10.642 9.18713 0
    endloop
  endfacet
  facet normal -0.996917 -0.0784581 0
    outer loop
      vertex 10.6667 9.5 2
      vertex 10.642 9.81287 2
      vertex 10.6667 9.5 0
    endloop
  endfacet
  facet normal -0.996917 -0.0784581 0
    outer loop
      vertex 10.6667 9.5 0
      vertex 10.642 9.81287 2
      vertex 10.642 9.81287 0
    endloop
  endfacet
  facet normal -0.97237 -0.233446 0
    outer loop
      vertex 10.642 9.81287 2
      vertex 10.5688 10.118 2
      vertex 10.642 9.81287 0
    endloop
  endfacet
  facet normal -0.97237 -0.233446 0
    outer loop
      vertex 10.642 9.81287 0
      vertex 10.5688 10.118 2
      vertex 10.5688 10.118 0
    endloop
  endfacet
  facet normal -0.92388 -0.382683 0
    outer loop
      vertex 10.5688 10.118 2
      vertex 10.4487 10.408 2
      vertex 10.5688 10.118 0
    endloop
  endfacet
  facet normal -0.92388 -0.382683 0
    outer loop
      vertex 10.5688 10.118 0
      vertex 10.4487 10.408 2
      vertex 10.4487 10.408 0
    endloop
  endfacet
  facet normal -0.852641 -0.522498 0
    outer loop
      vertex 10.4487 10.408 2
      vertex 10.2847 10.6756 2
      vertex 10.4487 10.408 0
    endloop
  endfacet
  facet normal -0.852641 -0.522498 0
    outer loop
      vertex 10.4487 10.408 0
      vertex 10.2847 10.6756 2
      vertex 10.2847 10.6756 0
    endloop
  endfacet
  facet normal -0.760407 -0.649447 0
    outer loop
      vertex 10.2847 10.6756 2
      vertex 10.0809 10.9142 2
      vertex 10.2847 10.6756 0
    endloop
  endfacet
  facet normal -0.760407 -0.649447 0
    outer loop
      vertex 10.2847 10.6756 0
      vertex 10.0809 10.9142 2
      vertex 10.0809 10.9142 0
    endloop
  endfacet
  facet normal -0.649447 -0.760407 -0
    outer loop
      vertex 10.0809 10.9142 0
      vertex 10.0809 10.9142 2
      vertex 9.84224 11.118 2
    endloop
  endfacet
  facet normal -0.649447 -0.760407 -0
    outer loop
      vertex 9.84224 11.118 0
      vertex 10.0809 10.9142 0
      vertex 9.84224 11.118 2
    endloop
  endfacet
  facet normal -0.522498 -0.852641 -0
    outer loop
      vertex 9.84224 11.118 0
      vertex 9.84224 11.118 2
      vertex 9.57465 11.282 2
    endloop
  endfacet
  facet normal -0.522498 -0.852641 -0
    outer loop
      vertex 9.57465 11.282 0
      vertex 9.84224 11.118 0
      vertex 9.57465 11.282 2
    endloop
  endfacet
  facet normal -0.382683 -0.92388 -0
    outer loop
      vertex 9.57465 11.282 0
      vertex 9.57465 11.282 2
      vertex 9.2847 11.4021 2
    endloop
  endfacet
  facet normal -0.382683 -0.92388 -0
    outer loop
      vertex 9.2847 11.4021 0
      vertex 9.57465 11.282 0
      vertex 9.2847 11.4021 2
    endloop
  endfacet
  facet normal -0.233446 -0.97237 -0
    outer loop
      vertex 9.2847 11.4021 0
      vertex 9.2847 11.4021 2
      vertex 8.97954 11.4754 2
    endloop
  endfacet
  facet normal -0.233446 -0.97237 -0
    outer loop
      vertex 8.97954 11.4754 0
      vertex 9.2847 11.4021 0
      vertex 8.97954 11.4754 2
    endloop
  endfacet
  facet normal -0.0784581 -0.996917 -0
    outer loop
      vertex 8.97954 11.4754 0
      vertex 8.97954 11.4754 2
      vertex 8.66667 11.5 2
    endloop
  endfacet
  facet normal -0.0784581 -0.996917 -0
    outer loop
      vertex 8.66667 11.5 0
      vertex 8.97954 11.4754 0
      vertex 8.66667 11.5 2
    endloop
  endfacet
  facet normal 0.0784581 -0.996917 0
    outer loop
      vertex 8.66667 11.5 0
      vertex 8.66667 11.5 2
      vertex 8.3538 11.4754 2
    endloop
  endfacet
  facet normal 0.0784581 -0.996917 0
    outer loop
      vertex 8.3538 11.4754 0
      vertex 8.66667 11.5 0
      vertex 8.3538 11.4754 2
    endloop
  endfacet
  facet normal 0.233446 -0.97237 0
    outer loop
      vertex 8.3538 11.4754 0
      vertex 8.3538 11.4754 2
      vertex 8.04863 11.4021 2
    endloop
  endfacet
  facet normal 0.233446 -0.97237 0
    outer loop
      vertex 8.04863 11.4021 0
      vertex 8.3538 11.4754 0
      vertex 8.04863 11.4021 2
    endloop
  endfacet
  facet normal 0.382683 -0.92388 0
    outer loop
      vertex 8.04863 11.4021 0
      vertex 8.04863 11.4021 2
      vertex 7.75869 11.282 2
    endloop
  endfacet
  facet normal 0.382683 -0.92388 0
    outer loop
      vertex 7.75869 11.282 0
      vertex 8.04863 11.4021 0
      vertex 7.75869 11.282 2
    endloop
  endfacet
  facet normal 0.522498 -0.852641 0
    outer loop
      vertex 7.75869 11.282 0
      vertex 7.75869 11.282 2
      vertex 7.4911 11.118 2
    endloop
  endfacet
  facet normal 0.522498 -0.852641 0
    outer loop
      vertex 7.4911 11.118 0
      vertex 7.75869 11.282 0
      vertex 7.4911 11.118 2
    endloop
  endfacet
  facet normal 0.649447 -0.760407 0
    outer loop
      vertex 7.4911 11.118 0
      vertex 7.4911 11.118 2
      vertex 7.25245 10.9142 2
    endloop
  endfacet
  facet normal 0.649447 -0.760407 0
    outer loop
      vertex 7.25245 10.9142 0
      vertex 7.4911 11.118 0
      vertex 7.25245 10.9142 2
    endloop
  endfacet
  facet normal 0.760407 -0.649447 0
    outer loop
      vertex 7.25245 10.9142 0
      vertex 7.25245 10.9142 2
      vertex 7.04863 10.6756 2
    endloop
  endfacet
  facet normal 0.760407 -0.649447 0
    outer loop
      vertex 7.04863 10.6756 0
      vertex 7.25245 10.9142 0
      vertex 7.04863 10.6756 2
    endloop
  endfacet
  facet normal 0.852641 -0.522498 0
    outer loop
      vertex 7.04863 10.6756 0
      vertex 7.04863 10.6756 2
      vertex 6.88465 10.408 2
    endloop
  endfacet
  facet normal 0.852641 -0.522498 0
    outer loop
      vertex 6.88465 10.408 0
      vertex 7.04863 10.6756 0
      vertex 6.88465 10.408 2
    endloop
  endfacet
  facet normal 0.92388 -0.382683 0
    outer loop
      vertex 6.88465 10.408 0
      vertex 6.88465 10.408 2
      vertex 6.76455 10.118 2
    endloop
  endfacet
  facet normal 0.92388 -0.382683 0
    outer loop
      vertex 6.76455 10.118 0
      vertex 6.88465 10.408 0
      vertex 6.76455 10.118 2
    endloop
  endfacet
  facet normal 0.97237 -0.233446 0
    outer loop
      vertex 6.76455 10.118 0
      vertex 6.76455 10.118 2
      vertex 6.69129 9.81287 2
    endloop
  endfacet
  facet normal 0.97237 -0.233446 0
    outer loop
      vertex 6.69129 9.81287 0
      vertex 6.76455 10.118 0
      vertex 6.69129 9.81287 2
    endloop
  endfacet
  facet normal 0.996917 -0.0784581 0
    outer loop
      vertex 6.69129 9.81287 0
      vertex 6.69129 9.81287 2
      vertex 6.66667 9.5 2
    endloop
  endfacet
  facet normal 0.996917 -0.0784581 0
    outer loop
      vertex 6.66667 9.5 0
      vertex 6.69129 9.81287 0
      vertex 6.66667 9.5 2
    endloop
  endfacet
  facet normal 0.996917 0.0784581 0
    outer loop
      vertex 24 9.5 2
      vertex 24.0246 9.18713 2
      vertex 24.0246 9.18713 0
    endloop
  endfacet
  facet normal 0.996917 0.0784581 0
    outer loop
      vertex 24 9.5 0
      vertex 24 9.5 2
      vertex 24.0246 9.18713 0
    endloop
  endfacet
  facet normal 0.97237 0.233446 0
    outer loop
      vertex 24.0246 9.18713 2
      vertex 24.0979 8.88197 2
      vertex 24.0979 8.88197 0
    endloop
  endfacet
  facet normal 0.97237 0.233446 0
    outer loop
      vertex 24.0246 9.18713 0
      vertex 24.0246 9.18713 2
      vertex 24.0979 8.88197 0
    endloop
  endfacet
  facet normal 0.92388 0.382683 0
    outer loop
      vertex 24.0979 8.88197 2
      vertex 24.218 8.59202 2
      vertex 24.218 8.59202 0
    endloop
  endfacet
  facet normal 0.92388 0.382683 0
    outer loop
      vertex 24.0979 8.88197 0
      vertex 24.0979 8.88197 2
      vertex 24.218 8.59202 0
    endloop
  endfacet
  facet normal 0.852641 0.522498 0
    outer loop
      vertex 24.218 8.59202 2
      vertex 24.382 8.32443 2
      vertex 24.382 8.32443 0
    endloop
  endfacet
  facet normal 0.852641 0.522498 0
    outer loop
      vertex 24.218 8.59202 0
      vertex 24.218 8.59202 2
      vertex 24.382 8.32443 0
    endloop
  endfacet
  facet normal 0.760407 0.649447 0
    outer loop
      vertex 24.382 8.32443 2
      vertex 24.5858 8.08579 2
      vertex 24.5858 8.08579 0
    endloop
  endfacet
  facet normal 0.760407 0.649447 0
    outer loop
      vertex 24.382 8.32443 0
      vertex 24.382 8.32443 2
      vertex 24.5858 8.08579 0
    endloop
  endfacet
  facet normal 0.649447 0.760407 -0
    outer loop
      vertex 24.8244 7.88197 2
      vertex 24.8244 7.88197 0
      vertex 24.5858 8.08579 2
    endloop
  endfacet
  facet normal 0.649447 0.760407 -0
    outer loop
      vertex 24.5858 8.08579 2
      vertex 24.8244 7.88197 0
      vertex 24.5858 8.08579 0
    endloop
  endfacet
  facet normal 0.522498 0.852641 -0
    outer loop
      vertex 25.092 7.71799 2
      vertex 25.092 7.71799 0
      vertex 24.8244 7.88197 2
    endloop
  endfacet
  facet normal 0.522498 0.852641 -0
    outer loop
      vertex 24.8244 7.88197 2
      vertex 25.092 7.71799 0
      vertex 24.8244 7.88197 0
    endloop
  endfacet
  facet normal 0.382683 0.92388 -0
    outer loop
      vertex 25.382 7.59789 2
      vertex 25.382 7.59789 0
      vertex 25.092 7.71799 2
    endloop
  endfacet
  facet normal 0.382683 0.92388 -0
    outer loop
      vertex 25.092 7.71799 2
      vertex 25.382 7.59789 0
      vertex 25.092 7.71799 0
    endloop
  endfacet
  facet normal 0.233446 0.97237 -0
    outer loop
      vertex 25.6871 7.52462 2
      vertex 25.6871 7.52462 0
      vertex 25.382 7.59789 2
    endloop
  endfacet
  facet normal 0.233446 0.97237 -0
    outer loop
      vertex 25.382 7.59789 2
      vertex 25.6871 7.52462 0
      vertex 25.382 7.59789 0
    endloop
  endfacet
  facet normal 0.0784581 0.996917 -0
    outer loop
      vertex 26 7.5 2
      vertex 26 7.5 0
      vertex 25.6871 7.52462 2
    endloop
  endfacet
  facet normal 0.0784581 0.996917 -0
    outer loop
      vertex 25.6871 7.52462 2
      vertex 26 7.5 0
      vertex 25.6871 7.52462 0
    endloop
  endfacet
  facet normal -0.0784581 0.996917 0
    outer loop
      vertex 26.3129 7.52462 2
      vertex 26.3129 7.52462 0
      vertex 26 7.5 2
    endloop
  endfacet
  facet normal -0.0784581 0.996917 0
    outer loop
      vertex 26 7.5 2
      vertex 26.3129 7.52462 0
      vertex 26 7.5 0
    endloop
  endfacet
  facet normal -0.233446 0.97237 0
    outer loop
      vertex 26.618 7.59789 2
      vertex 26.618 7.59789 0
      vertex 26.3129 7.52462 2
    endloop
  endfacet
  facet normal -0.233446 0.97237 0
    outer loop
      vertex 26.3129 7.52462 2
      vertex 26.618 7.59789 0
      vertex 26.3129 7.52462 0
    endloop
  endfacet
  facet normal -0.382683 0.92388 0
    outer loop
      vertex 26.908 7.71799 2
      vertex 26.908 7.71799 0
      vertex 26.618 7.59789 2
    endloop
  endfacet
  facet normal -0.382683 0.92388 0
    outer loop
      vertex 26.618 7.59789 2
      vertex 26.908 7.71799 0
      vertex 26.618 7.59789 0
    endloop
  endfacet
  facet normal -0.522498 0.852641 0
    outer loop
      vertex 27.1756 7.88197 2
      vertex 27.1756 7.88197 0
      vertex 26.908 7.71799 2
    endloop
  endfacet
  facet normal -0.522498 0.852641 0
    outer loop
      vertex 26.908 7.71799 2
      vertex 27.1756 7.88197 0
      vertex 26.908 7.71799 0
    endloop
  endfacet
  facet normal -0.649447 0.760407 0
    outer loop
      vertex 27.4142 8.08579 2
      vertex 27.4142 8.08579 0
      vertex 27.1756 7.88197 2
    endloop
  endfacet
  facet normal -0.649447 0.760407 0
    outer loop
      vertex 27.1756 7.88197 2
      vertex 27.4142 8.08579 0
      vertex 27.1756 7.88197 0
    endloop
  endfacet
  facet normal -0.760407 0.649447 0
    outer loop
      vertex 27.618 8.32443 2
      vertex 27.618 8.32443 0
      vertex 27.4142 8.08579 2
    endloop
  endfacet
  facet normal -0.760407 0.649447 0
    outer loop
      vertex 27.4142 8.08579 2
      vertex 27.618 8.32443 0
      vertex 27.4142 8.08579 0
    endloop
  endfacet
  facet normal -0.852641 0.522498 0
    outer loop
      vertex 27.782 8.59202 2
      vertex 27.782 8.59202 0
      vertex 27.618 8.32443 2
    endloop
  endfacet
  facet normal -0.852641 0.522498 0
    outer loop
      vertex 27.618 8.32443 2
      vertex 27.782 8.59202 0
      vertex 27.618 8.32443 0
    endloop
  endfacet
  facet normal -0.92388 0.382683 0
    outer loop
      vertex 27.9021 8.88197 2
      vertex 27.9021 8.88197 0
      vertex 27.782 8.59202 2
    endloop
  endfacet
  facet normal -0.92388 0.382683 0
    outer loop
      vertex 27.782 8.59202 2
      vertex 27.9021 8.88197 0
      vertex 27.782 8.59202 0
    endloop
  endfacet
  facet normal -0.97237 0.233446 0
    outer loop
      vertex 27.9754 9.18713 2
      vertex 27.9754 9.18713 0
      vertex 27.9021 8.88197 2
    endloop
  endfacet
  facet normal -0.97237 0.233446 0
    outer loop
      vertex 27.9021 8.88197 2
      vertex 27.9754 9.18713 0
      vertex 27.9021 8.88197 0
    endloop
  endfacet
  facet normal -0.996917 0.0784581 0
    outer loop
      vertex 28 9.5 2
      vertex 28 9.5 0
      vertex 27.9754 9.18713 2
    endloop
  endfacet
  facet normal -0.996917 0.0784581 0
    outer loop
      vertex 27.9754 9.18713 2
      vertex 28 9.5 0
      vertex 27.9754 9.18713 0
    endloop
  endfacet
  facet normal -0.996917 -0.0784581 0
    outer loop
      vertex 28 9.5 2
      vertex 27.9754 9.81287 2
      vertex 28 9.5 0
    endloop
  endfacet
  facet normal -0.996917 -0.0784581 0
    outer loop
      vertex 28 9.5 0
      vertex 27.9754 9.81287 2
      vertex 27.9754 9.81287 0
    endloop
  endfacet
  facet normal -0.97237 -0.233446 0
    outer loop
      vertex 27.9754 9.81287 2
      vertex 27.9021 10.118 2
      vertex 27.9754 9.81287 0
    endloop
  endfacet
  facet normal -0.97237 -0.233446 0
    outer loop
      vertex 27.9754 9.81287 0
      vertex 27.9021 10.118 2
      vertex 27.9021 10.118 0
    endloop
  endfacet
  facet normal -0.92388 -0.382683 0
    outer loop
      vertex 27.9021 10.118 2
      vertex 27.782 10.408 2
      vertex 27.9021 10.118 0
    endloop
  endfacet
  facet normal -0.92388 -0.382683 0
    outer loop
      vertex 27.9021 10.118 0
      vertex 27.782 10.408 2
      vertex 27.782 10.408 0
    endloop
  endfacet
  facet normal -0.852641 -0.522498 0
    outer loop
      vertex 27.782 10.408 2
      vertex 27.618 10.6756 2
      vertex 27.782 10.408 0
    endloop
  endfacet
  facet normal -0.852641 -0.522498 0
    outer loop
      vertex 27.782 10.408 0
      vertex 27.618 10.6756 2
      vertex 27.618 10.6756 0
    endloop
  endfacet
  facet normal -0.760407 -0.649447 0
    outer loop
      vertex 27.618 10.6756 2
      vertex 27.4142 10.9142 2
      vertex 27.618 10.6756 0
    endloop
  endfacet
  facet normal -0.760407 -0.649447 0
    outer loop
      vertex 27.618 10.6756 0
      vertex 27.4142 10.9142 2
      vertex 27.4142 10.9142 0
    endloop
  endfacet
  facet normal -0.649447 -0.760407 -0
    outer loop
      vertex 27.4142 10.9142 0
      vertex 27.4142 10.9142 2
      vertex 27.1756 11.118 2
    endloop
  endfacet
  facet normal -0.649447 -0.760407 -0
    outer loop
      vertex 27.1756 11.118 0
      vertex 27.4142 10.9142 0
      vertex 27.1756 11.118 2
    endloop
  endfacet
  facet normal -0.522498 -0.852641 -0
    outer loop
      vertex 27.1756 11.118 0
      vertex 27.1756 11.118 2
      vertex 26.908 11.282 2
    endloop
  endfacet
  facet normal -0.522498 -0.852641 -0
    outer loop
      vertex 26.908 11.282 0
      vertex 27.1756 11.118 0
      vertex 26.908 11.282 2
    endloop
  endfacet
  facet normal -0.382683 -0.92388 -0
    outer loop
      vertex 26.908 11.282 0
      vertex 26.908 11.282 2
      vertex 26.618 11.4021 2
    endloop
  endfacet
  facet normal -0.382683 -0.92388 -0
    outer loop
      vertex 26.618 11.4021 0
      vertex 26.908 11.282 0
      vertex 26.618 11.4021 2
    endloop
  endfacet
  facet normal -0.233446 -0.97237 -0
    outer loop
      vertex 26.618 11.4021 0
      vertex 26.618 11.4021 2
      vertex 26.3129 11.4754 2
    endloop
  endfacet
  facet normal -0.233446 -0.97237 -0
    outer loop
      vertex 26.3129 11.4754 0
      vertex 26.618 11.4021 0
      vertex 26.3129 11.4754 2
    endloop
  endfacet
  facet normal -0.0784581 -0.996917 -0
    outer loop
      vertex 26.3129 11.4754 0
      vertex 26.3129 11.4754 2
      vertex 26 11.5 2
    endloop
  endfacet
  facet normal -0.0784581 -0.996917 -0
    outer loop
      vertex 26 11.5 0
      vertex 26.3129 11.4754 0
      vertex 26 11.5 2
    endloop
  endfacet
  facet normal 0.0784581 -0.996917 0
    outer loop
      vertex 26 11.5 0
      vertex 26 11.5 2
      vertex 25.6871 11.4754 2
    endloop
  endfacet
  facet normal 0.0784581 -0.996917 0
    outer loop
      vertex 25.6871 11.4754 0
      vertex 26 11.5 0
      vertex 25.6871 11.4754 2
    endloop
  endfacet
  facet normal 0.233446 -0.97237 0
    outer loop
      vertex 25.6871 11.4754 0
      vertex 25.6871 11.4754 2
      vertex 25.382 11.4021 2
    endloop
  endfacet
  facet normal 0.233446 -0.97237 0
    outer loop
      vertex 25.382 11.4021 0
      vertex 25.6871 11.4754 0
      vertex 25.382 11.4021 2
    endloop
  endfacet
  facet normal 0.382683 -0.92388 0
    outer loop
      vertex 25.382 11.4021 0
      vertex 25.382 11.4021 2
      vertex 25.092 11.282 2
    endloop
  endfacet
  facet normal 0.382683 -0.92388 0
    outer loop
      vertex 25.092 11.282 0
      vertex 25.382 11.4021 0
      vertex 25.092 11.282 2
    endloop
  endfacet
  facet normal 0.522498 -0.852641 0
    outer loop
      vertex 25.092 11.282 0
      vertex 25.092 11.282 2
      vertex 24.8244 11.118 2
    endloop
  endfacet
  facet normal 0.522498 -0.852641 0
    outer loop
      vertex 24.8244 11.118 0
      vertex 25.092 11.282 0
      vertex 24.8244 11.118 2
    endloop
  endfacet
  facet normal 0.649447 -0.760407 0
    outer loop
      vertex 24.8244 11.118 0
      vertex 24.8244 11.118 2
      vertex 24.5858 10.9142 2
    endloop
  endfacet
  facet normal 0.649447 -0.760407 0
    outer loop
      vertex 24.5858 10.9142 0
      vertex 24.8244 11.118 0
      vertex 24.5858 10.9142 2
    endloop
  endfacet
  facet normal 0.760407 -0.649447 0
    outer loop
      vertex 24.5858 10.9142 0
      vertex 24.5858 10.9142 2
      vertex 24.382 10.6756 2
    endloop
  endfacet
  facet normal 0.760407 -0.649447 0
    outer loop
      vertex 24.382 10.6756 0
      vertex 24.5858 10.9142 0
      vertex 24.382 10.6756 2
    endloop
  endfacet
  facet normal 0.852641 -0.522498 0
    outer loop
      vertex 24.382 10.6756 0
      vertex 24.382 10.6756 2
      vertex 24.218 10.408 2
    endloop
  endfacet
  facet normal 0.852641 -0.522498 0
    outer loop
      vertex 24.218 10.408 0
      vertex 24.382 10.6756 0
      vertex 24.218 10.408 2
    endloop
  endfacet
  facet normal 0.92388 -0.382683 0
    outer loop
      vertex 24.218 10.408 0
      vertex 24.218 10.408 2
      vertex 24.0979 10.118 2
    endloop
  endfacet
  facet normal 0.92388 -0.382683 0
    outer loop
      vertex 24.0979 10.118 0
      vertex 24.218 10.408 0
      vertex 24.0979 10.118 2
    endloop
  endfacet
  facet normal 0.97237 -0.233446 0
    outer loop
      vertex 24.0979 10.118 0
      vertex 24.0979 10.118 2
      vertex 24.0246 9.81287 2
    endloop
  endfacet
  facet normal 0.97237 -0.233446 0
    outer loop
      vertex 24.0246 9.81287 0
      vertex 24.0979 10.118 0
      vertex 24.0246 9.81287 2
    endloop
  endfacet
  facet normal 0.996917 -0.0784581 0
    outer loop
      vertex 24.0246 9.81287 0
      vertex 24.0246 9.81287 2
      vertex 24 9.5 2
    endloop
  endfacet
  facet normal 0.996917 -0.0784581 0
    outer loop
      vertex 24 9.5 0
      vertex 24.0246 9.81287 0
      vertex 24 9.5 2
    endloop
  endfacet
  facet normal 0.996917 0.0784581 0
    outer loop
      vertex 41.3333 9.5 2
      vertex 41.358 9.18713 2
      vertex 41.358 9.18713 0
    endloop
  endfacet
  facet normal 0.996917 0.0784581 0
    outer loop
      vertex 41.3333 9.5 0
      vertex 41.3333 9.5 2
      vertex 41.358 9.18713 0
    endloop
  endfacet
  facet normal 0.97237 0.233446 0
    outer loop
      vertex 41.358 9.18713 2
      vertex 41.4312 8.88197 2
      vertex 41.4312 8.88197 0
    endloop
  endfacet
  facet normal 0.97237 0.233446 0
    outer loop
      vertex 41.358 9.18713 0
      vertex 41.358 9.18713 2
      vertex 41.4312 8.88197 0
    endloop
  endfacet
  facet normal 0.92388 0.382683 0
    outer loop
      vertex 41.4312 8.88197 2
      vertex 41.5513 8.59202 2
      vertex 41.5513 8.59202 0
    endloop
  endfacet
  facet normal 0.92388 0.382683 0
    outer loop
      vertex 41.4312 8.88197 0
      vertex 41.4312 8.88197 2
      vertex 41.5513 8.59202 0
    endloop
  endfacet
  facet normal 0.852641 0.522498 0
    outer loop
      vertex 41.5513 8.59202 2
      vertex 41.7153 8.32443 2
      vertex 41.7153 8.32443 0
    endloop
  endfacet
  facet normal 0.852641 0.522498 0
    outer loop
      vertex 41.5513 8.59202 0
      vertex 41.5513 8.59202 2
      vertex 41.7153 8.32443 0
    endloop
  endfacet
  facet normal 0.760407 0.649447 0
    outer loop
      vertex 41.7153 8.32443 2
      vertex 41.9191 8.08579 2
      vertex 41.9191 8.08579 0
    endloop
  endfacet
  facet normal 0.760407 0.649447 0
    outer loop
      vertex 41.7153 8.32443 0
      vertex 41.7153 8.32443 2
      vertex 41.9191 8.08579 0
    endloop
  endfacet
  facet normal 0.649447 0.760407 -0
    outer loop
      vertex 42.1578 7.88197 2
      vertex 42.1578 7.88197 0
      vertex 41.9191 8.08579 2
    endloop
  endfacet
  facet normal 0.649447 0.760407 -0
    outer loop
      vertex 41.9191 8.08579 2
      vertex 42.1578 7.88197 0
      vertex 41.9191 8.08579 0
    endloop
  endfacet
  facet normal 0.522498 0.852641 -0
    outer loop
      vertex 42.4254 7.71799 2
      vertex 42.4254 7.71799 0
      vertex 42.1578 7.88197 2
    endloop
  endfacet
  facet normal 0.522498 0.852641 -0
    outer loop
      vertex 42.1578 7.88197 2
      vertex 42.4254 7.71799 0
      vertex 42.1578 7.88197 0
    endloop
  endfacet
  facet normal 0.382683 0.92388 -0
    outer loop
      vertex 42.7153 7.59789 2
      vertex 42.7153 7.59789 0
      vertex 42.4254 7.71799 2
    endloop
  endfacet
  facet normal 0.382683 0.92388 -0
    outer loop
      vertex 42.4254 7.71799 2
      vertex 42.7153 7.59789 0
      vertex 42.4254 7.71799 0
    endloop
  endfacet
  facet normal 0.233446 0.97237 -0
    outer loop
      vertex 43.0205 7.52462 2
      vertex 43.0205 7.52462 0
      vertex 42.7153 7.59789 2
    endloop
  endfacet
  facet normal 0.233446 0.97237 -0
    outer loop
      vertex 42.7153 7.59789 2
      vertex 43.0205 7.52462 0
      vertex 42.7153 7.59789 0
    endloop
  endfacet
  facet normal 0.0784581 0.996917 -0
    outer loop
      vertex 43.3333 7.5 2
      vertex 43.3333 7.5 0
      vertex 43.0205 7.52462 2
    endloop
  endfacet
  facet normal 0.0784581 0.996917 -0
    outer loop
      vertex 43.0205 7.52462 2
      vertex 43.3333 7.5 0
      vertex 43.0205 7.52462 0
    endloop
  endfacet
  facet normal -0.0784581 0.996917 0
    outer loop
      vertex 43.6462 7.52462 2
      vertex 43.6462 7.52462 0
      vertex 43.3333 7.5 2
    endloop
  endfacet
  facet normal -0.0784581 0.996917 0
    outer loop
      vertex 43.3333 7.5 2
      vertex 43.6462 7.52462 0
      vertex 43.3333 7.5 0
    endloop
  endfacet
  facet normal -0.233446 0.97237 0
    outer loop
      vertex 43.9514 7.59789 2
      vertex 43.9514 7.59789 0
      vertex 43.6462 7.52462 2
    endloop
  endfacet
  facet normal -0.233446 0.97237 0
    outer loop
      vertex 43.6462 7.52462 2
      vertex 43.9514 7.59789 0
      vertex 43.6462 7.52462 0
    endloop
  endfacet
  facet normal -0.382683 0.92388 0
    outer loop
      vertex 44.2413 7.71799 2
      vertex 44.2413 7.71799 0
      vertex 43.9514 7.59789 2
    endloop
  endfacet
  facet normal -0.382683 0.92388 0
    outer loop
      vertex 43.9514 7.59789 2
      vertex 44.2413 7.71799 0
      vertex 43.9514 7.59789 0
    endloop
  endfacet
  facet normal -0.522498 0.852641 0
    outer loop
      vertex 44.5089 7.88197 2
      vertex 44.5089 7.88197 0
      vertex 44.2413 7.71799 2
    endloop
  endfacet
  facet normal -0.522498 0.852641 0
    outer loop
      vertex 44.2413 7.71799 2
      vertex 44.5089 7.88197 0
      vertex 44.2413 7.71799 0
    endloop
  endfacet
  facet normal -0.649447 0.760407 0
    outer loop
      vertex 44.7475 8.08579 2
      vertex 44.7475 8.08579 0
      vertex 44.5089 7.88197 2
    endloop
  endfacet
  facet normal -0.649447 0.760407 0
    outer loop
      vertex 44.5089 7.88197 2
      vertex 44.7475 8.08579 0
      vertex 44.5089 7.88197 0
    endloop
  endfacet
  facet normal -0.760407 0.649447 0
    outer loop
      vertex 44.9514 8.32443 2
      vertex 44.9514 8.32443 0
      vertex 44.7475 8.08579 2
    endloop
  endfacet
  facet normal -0.760407 0.649447 0
    outer loop
      vertex 44.7475 8.08579 2
      vertex 44.9514 8.32443 0
      vertex 44.7475 8.08579 0
    endloop
  endfacet
  facet normal -0.852641 0.522498 0
    outer loop
      vertex 45.1153 8.59202 2
      vertex 45.1153 8.59202 0
      vertex 44.9514 8.32443 2
    endloop
  endfacet
  facet normal -0.852641 0.522498 0
    outer loop
      vertex 44.9514 8.32443 2
      vertex 45.1153 8.59202 0
      vertex 44.9514 8.32443 0
    endloop
  endfacet
  facet normal -0.92388 0.382683 0
    outer loop
      vertex 45.2354 8.88197 2
      vertex 45.2354 8.88197 0
      vertex 45.1153 8.59202 2
    endloop
  endfacet
  facet normal -0.92388 0.382683 0
    outer loop
      vertex 45.1153 8.59202 2
      vertex 45.2354 8.88197 0
      vertex 45.1153 8.59202 0
    endloop
  endfacet
  facet normal -0.97237 0.233446 0
    outer loop
      vertex 45.3087 9.18713 2
      vertex 45.3087 9.18713 0
      vertex 45.2354 8.88197 2
    endloop
  endfacet
  facet normal -0.97237 0.233446 0
    outer loop
      vertex 45.2354 8.88197 2
      vertex 45.3087 9.18713 0
      vertex 45.2354 8.88197 0
    endloop
  endfacet
  facet normal -0.996917 0.0784581 0
    outer loop
      vertex 45.3333 9.5 2
      vertex 45.3333 9.5 0
      vertex 45.3087 9.18713 2
    endloop
  endfacet
  facet normal -0.996917 0.0784581 0
    outer loop
      vertex 45.3087 9.18713 2
      vertex 45.3333 9.5 0
      vertex 45.3087 9.18713 0
    endloop
  endfacet
  facet normal -0.996917 -0.0784581 0
    outer loop
      vertex 45.3333 9.5 2
      vertex 45.3087 9.81287 2
      vertex 45.3333 9.5 0
    endloop
  endfacet
  facet normal -0.996917 -0.0784581 0
    outer loop
      vertex 45.3333 9.5 0
      vertex 45.3087 9.81287 2
      vertex 45.3087 9.81287 0
    endloop
  endfacet
  facet normal -0.97237 -0.233446 0
    outer loop
      vertex 45.3087 9.81287 2
      vertex 45.2354 10.118 2
      vertex 45.3087 9.81287 0
    endloop
  endfacet
  facet normal -0.97237 -0.233446 0
    outer loop
      vertex 45.3087 9.81287 0
      vertex 45.2354 10.118 2
      vertex 45.2354 10.118 0
    endloop
  endfacet
  facet normal -0.92388 -0.382683 0
    outer loop
      vertex 45.2354 10.118 2
      vertex 45.1153 10.408 2
      vertex 45.2354 10.118 0
    endloop
  endfacet
  facet normal -0.92388 -0.382683 0
    outer loop
      vertex 45.2354 10.118 0
      vertex 45.1153 10.408 2
      vertex 45.1153 10.408 0
    endloop
  endfacet
  facet normal -0.852641 -0.522498 0
    outer loop
      vertex 45.1153 10.408 2
      vertex 44.9514 10.6756 2
      vertex 45.1153 10.408 0
    endloop
  endfacet
  facet normal -0.852641 -0.522498 0
    outer loop
      vertex 45.1153 10.408 0
      vertex 44.9514 10.6756 2
      vertex 44.9514 10.6756 0
    endloop
  endfacet
  facet normal -0.760407 -0.649447 0
    outer loop
      vertex 44.9514 10.6756 2
      vertex 44.7475 10.9142 2
      vertex 44.9514 10.6756 0
    endloop
  endfacet
  facet normal -0.760407 -0.649447 0
    outer loop
      vertex 44.9514 10.6756 0
      vertex 44.7475 10.9142 2
      vertex 44.7475 10.9142 0
    endloop
  endfacet
  facet normal -0.649447 -0.760407 -0
    outer loop
      vertex 44.7475 10.9142 0
      vertex 44.7475 10.9142 2
      vertex 44.5089 11.118 2
    endloop
  endfacet
  facet normal -0.649447 -0.760407 -0
    outer loop
      vertex 44.5089 11.118 0
      vertex 44.7475 10.9142 0
      vertex 44.5089 11.118 2
    endloop
  endfacet
  facet normal -0.522498 -0.852641 -0
    outer loop
      vertex 44.5089 11.118 0
      vertex 44.5089 11.118 2
      vertex 44.2413 11.282 2
    endloop
  endfacet
  facet normal -0.522498 -0.852641 -0
    outer loop
      vertex 44.2413 11.282 0
      vertex 44.5089 11.118 0
      vertex 44.2413 11.282 2
    endloop
  endfacet
  facet normal -0.382683 -0.92388 -0
    outer loop
      vertex 44.2413 11.282 0
      vertex 44.2413 11.282 2
      vertex 43.9514 11.4021 2
    endloop
  endfacet
  facet normal -0.382683 -0.92388 -0
    outer loop
      vertex 43.9514 11.4021 0
      vertex 44.2413 11.282 0
      vertex 43.9514 11.4021 2
    endloop
  endfacet
  facet normal -0.233446 -0.97237 -0
    outer loop
      vertex 43.9514 11.4021 0
      vertex 43.9514 11.4021 2
      vertex 43.6462 11.4754 2
    endloop
  endfacet
  facet normal -0.233446 -0.97237 -0
    outer loop
      vertex 43.6462 11.4754 0
      vertex 43.9514 11.4021 0
      vertex 43.6462 11.4754 2
    endloop
  endfacet
  facet normal -0.0784581 -0.996917 -0
    outer loop
      vertex 43.6462 11.4754 0
      vertex 43.6462 11.4754 2
      vertex 43.3333 11.5 2
    endloop
  endfacet
  facet normal -0.0784581 -0.996917 -0
    outer loop
      vertex 43.3333 11.5 0
      vertex 43.6462 11.4754 0
      vertex 43.3333 11.5 2
    endloop
  endfacet
  facet normal 0.0784581 -0.996917 0
    outer loop
      vertex 43.3333 11.5 0
      vertex 43.3333 11.5 2
      vertex 43.0205 11.4754 2
    endloop
  endfacet
  facet normal 0.0784581 -0.996917 0
    outer loop
      vertex 43.0205 11.4754 0
      vertex 43.3333 11.5 0
      vertex 43.0205 11.4754 2
    endloop
  endfacet
  facet normal 0.233446 -0.97237 0
    outer loop
      vertex 43.0205 11.4754 0
      vertex 43.0205 11.4754 2
      vertex 42.7153 11.4021 2
    endloop
  endfacet
  facet normal 0.233446 -0.97237 0
    outer loop
      vertex 42.7153 11.4021 0
      vertex 43.0205 11.4754 0
      vertex 42.7153 11.4021 2
    endloop
  endfacet
  facet normal 0.382683 -0.92388 0
    outer loop
      vertex 42.7153 11.4021 0
      vertex 42.7153 11.4021 2
      vertex 42.4254 11.282 2
    endloop
  endfacet
  facet normal 0.382683 -0.92388 0
    outer loop
      vertex 42.4254 11.282 0
      vertex 42.7153 11.4021 0
      vertex 42.4254 11.282 2
    endloop
  endfacet
  facet normal 0.522498 -0.852641 0
    outer loop
      vertex 42.4254 11.282 0
      vertex 42.4254 11.282 2
      vertex 42.1578 11.118 2
    endloop
  endfacet
  facet normal 0.522498 -0.852641 0
    outer loop
      vertex 42.1578 11.118 0
      vertex 42.4254 11.282 0
      vertex 42.1578 11.118 2
    endloop
  endfacet
  facet normal 0.649447 -0.760407 0
    outer loop
      vertex 42.1578 11.118 0
      vertex 42.1578 11.118 2
      vertex 41.9191 10.9142 2
    endloop
  endfacet
  facet normal 0.649447 -0.760407 0
    outer loop
      vertex 41.9191 10.9142 0
      vertex 42.1578 11.118 0
      vertex 41.9191 10.9142 2
    endloop
  endfacet
  facet normal 0.760407 -0.649447 0
    outer loop
      vertex 41.9191 10.9142 0
      vertex 41.9191 10.9142 2
      vertex 41.7153 10.6756 2
    endloop
  endfacet
  facet normal 0.760407 -0.649447 0
    outer loop
      vertex 41.7153 10.6756 0
      vertex 41.9191 10.9142 0
      vertex 41.7153 10.6756 2
    endloop
  endfacet
  facet normal 0.852641 -0.522498 0
    outer loop
      vertex 41.7153 10.6756 0
      vertex 41.7153 10.6756 2
      vertex 41.5513 10.408 2
    endloop
  endfacet
  facet normal 0.852641 -0.522498 0
    outer loop
      vertex 41.5513 10.408 0
      vertex 41.7153 10.6756 0
      vertex 41.5513 10.408 2
    endloop
  endfacet
  facet normal 0.92388 -0.382683 0
    outer loop
      vertex 41.5513 10.408 0
      vertex 41.5513 10.408 2
      vertex 41.4312 10.118 2
    endloop
  endfacet
  facet normal 0.92388 -0.382683 0
    outer loop
      vertex 41.4312 10.118 0
      vertex 41.5513 10.408 0
      vertex 41.4312 10.118 2
    endloop
  endfacet
  facet normal 0.97237 -0.233446 0
    outer loop
      vertex 41.4312 10.118 0
      vertex 41.4312 10.118 2
      vertex 41.358 9.81287 2
    endloop
  endfacet
  facet normal 0.97237 -0.233446 0
    outer loop
      vertex 41.358 9.81287 0
      vertex 41.4312 10.118 0
      vertex 41.358 9.81287 2
    endloop
  endfacet
  facet normal 0.996917 -0.0784581 0
    outer loop
      vertex 41.358 9.81287 0
      vertex 41.358 9.81287 2
      vertex 41.3333 9.5 2
    endloop
  endfacet
  facet normal 0.996917 -0.0784581 0
    outer loop
      vertex 41.3333 9.5 0
      vertex 41.358 9.81287 0
      vertex 41.3333 9.5 2
    endloop
  endfacet
  facet normal 0.996918 1.77088e-015 -0.0784569
    outer loop
      vertex 24.5185 20.8 6.23465
      vertex 24.5185 18.8 6.23465
      vertex 24.5 18.8 6
    endloop
  endfacet
  facet normal 0.996918 0 -0.0784569
    outer loop
      vertex 24.5 20.8 6
      vertex 24.5185 20.8 6.23465
      vertex 24.5 18.8 6
    endloop
  endfacet
  facet normal 0.996918 0 0.0784569
    outer loop
      vertex 24.5 18.8 6
      vertex 24.5185 18.8 5.76535
      vertex 24.5185 20.8 5.76535
    endloop
  endfacet
  facet normal 0.996918 -0 0.0784569
    outer loop
      vertex 24.5 20.8 6
      vertex 24.5 18.8 6
      vertex 24.5185 20.8 5.76535
    endloop
  endfacet
  facet normal 0.972369 0 0.233447
    outer loop
      vertex 24.5185 18.8 5.76535
      vertex 24.5734 18.8 5.53648
      vertex 24.5734 20.8 5.53648
    endloop
  endfacet
  facet normal 0.972369 -0 0.233447
    outer loop
      vertex 24.5185 20.8 5.76535
      vertex 24.5185 18.8 5.76535
      vertex 24.5734 20.8 5.53648
    endloop
  endfacet
  facet normal 0.92388 0 0.382682
    outer loop
      vertex 24.5734 18.8 5.53648
      vertex 24.6635 18.8 5.31901
      vertex 24.6635 20.8 5.31901
    endloop
  endfacet
  facet normal 0.92388 -0 0.382682
    outer loop
      vertex 24.5734 20.8 5.53648
      vertex 24.5734 18.8 5.53648
      vertex 24.6635 20.8 5.31901
    endloop
  endfacet
  facet normal 0.852639 0 0.522501
    outer loop
      vertex 24.6635 18.8 5.31901
      vertex 24.7865 18.8 5.11832
      vertex 24.7865 20.8 5.11832
    endloop
  endfacet
  facet normal 0.852639 -0 0.522501
    outer loop
      vertex 24.6635 20.8 5.31901
      vertex 24.6635 18.8 5.31901
      vertex 24.7865 20.8 5.11832
    endloop
  endfacet
  facet normal 0.760406 0 0.649448
    outer loop
      vertex 24.7865 18.8 5.11832
      vertex 24.9393 18.8 4.93934
      vertex 24.9393 20.8 4.93934
    endloop
  endfacet
  facet normal 0.760406 -0 0.649448
    outer loop
      vertex 24.7865 20.8 5.11832
      vertex 24.7865 18.8 5.11832
      vertex 24.9393 20.8 4.93934
    endloop
  endfacet
  facet normal 0.649448 0 0.760406
    outer loop
      vertex 24.9393 18.8 4.93934
      vertex 25.1183 18.8 4.78648
      vertex 25.1183 20.8 4.78648
    endloop
  endfacet
  facet normal 0.649448 -0 0.760406
    outer loop
      vertex 24.9393 20.8 4.93934
      vertex 24.9393 18.8 4.93934
      vertex 25.1183 20.8 4.78648
    endloop
  endfacet
  facet normal 0.522501 0 0.852639
    outer loop
      vertex 25.1183 18.8 4.78648
      vertex 25.319 18.8 4.66349
      vertex 25.319 20.8 4.66349
    endloop
  endfacet
  facet normal 0.522501 -0 0.852639
    outer loop
      vertex 25.1183 20.8 4.78648
      vertex 25.1183 18.8 4.78648
      vertex 25.319 20.8 4.66349
    endloop
  endfacet
  facet normal 0.382682 0 0.92388
    outer loop
      vertex 25.319 18.8 4.66349
      vertex 25.5365 18.8 4.57342
      vertex 25.5365 20.8 4.57342
    endloop
  endfacet
  facet normal 0.382682 -0 0.92388
    outer loop
      vertex 25.319 20.8 4.66349
      vertex 25.319 18.8 4.66349
      vertex 25.5365 20.8 4.57342
    endloop
  endfacet
  facet normal 0.233447 0 0.972369
    outer loop
      vertex 25.5365 18.8 4.57342
      vertex 25.7653 18.8 4.51847
      vertex 25.7653 20.8 4.51847
    endloop
  endfacet
  facet normal 0.233447 -0 0.972369
    outer loop
      vertex 25.5365 20.8 4.57342
      vertex 25.5365 18.8 4.57342
      vertex 25.7653 20.8 4.51847
    endloop
  endfacet
  facet normal 0.0784569 0 0.996918
    outer loop
      vertex 25.7653 18.8 4.51847
      vertex 26 18.8 4.5
      vertex 26 20.8 4.5
    endloop
  endfacet
  facet normal 0.0784569 -0 0.996918
    outer loop
      vertex 25.7653 20.8 4.51847
      vertex 25.7653 18.8 4.51847
      vertex 26 20.8 4.5
    endloop
  endfacet
  facet normal -0.0784569 0 0.996918
    outer loop
      vertex 26 18.8 4.5
      vertex 26.2347 18.8 4.51847
      vertex 26.2347 20.8 4.51847
    endloop
  endfacet
  facet normal -0.0784569 0 0.996918
    outer loop
      vertex 26 20.8 4.5
      vertex 26 18.8 4.5
      vertex 26.2347 20.8 4.51847
    endloop
  endfacet
  facet normal -0.233447 0 0.972369
    outer loop
      vertex 26.2347 18.8 4.51847
      vertex 26.4635 18.8 4.57342
      vertex 26.4635 20.8 4.57342
    endloop
  endfacet
  facet normal -0.233447 0 0.972369
    outer loop
      vertex 26.2347 20.8 4.51847
      vertex 26.2347 18.8 4.51847
      vertex 26.4635 20.8 4.57342
    endloop
  endfacet
  facet normal -0.382682 0 0.92388
    outer loop
      vertex 26.4635 18.8 4.57342
      vertex 26.681 18.8 4.66349
      vertex 26.681 20.8 4.66349
    endloop
  endfacet
  facet normal -0.382682 0 0.92388
    outer loop
      vertex 26.4635 20.8 4.57342
      vertex 26.4635 18.8 4.57342
      vertex 26.681 20.8 4.66349
    endloop
  endfacet
  facet normal -0.522501 0 0.852639
    outer loop
      vertex 26.681 18.8 4.66349
      vertex 26.8817 18.8 4.78648
      vertex 26.8817 20.8 4.78648
    endloop
  endfacet
  facet normal -0.522501 0 0.852639
    outer loop
      vertex 26.681 20.8 4.66349
      vertex 26.681 18.8 4.66349
      vertex 26.8817 20.8 4.78648
    endloop
  endfacet
  facet normal -0.649448 0 0.760406
    outer loop
      vertex 26.8817 18.8 4.78648
      vertex 27.0607 18.8 4.93934
      vertex 27.0607 20.8 4.93934
    endloop
  endfacet
  facet normal -0.649448 0 0.760406
    outer loop
      vertex 26.8817 20.8 4.78648
      vertex 26.8817 18.8 4.78648
      vertex 27.0607 20.8 4.93934
    endloop
  endfacet
  facet normal -0.760406 0 0.649448
    outer loop
      vertex 27.2135 18.8 5.11832
      vertex 27.2135 20.8 5.11832
      vertex 27.0607 18.8 4.93934
    endloop
  endfacet
  facet normal -0.760406 0 0.649448
    outer loop
      vertex 27.0607 18.8 4.93934
      vertex 27.2135 20.8 5.11832
      vertex 27.0607 20.8 4.93934
    endloop
  endfacet
  facet normal -0.852639 0 0.522501
    outer loop
      vertex 27.3365 18.8 5.31901
      vertex 27.3365 20.8 5.31901
      vertex 27.2135 18.8 5.11832
    endloop
  endfacet
  facet normal -0.852639 0 0.522501
    outer loop
      vertex 27.2135 18.8 5.11832
      vertex 27.3365 20.8 5.31901
      vertex 27.2135 20.8 5.11832
    endloop
  endfacet
  facet normal -0.92388 0 0.382682
    outer loop
      vertex 27.4266 18.8 5.53648
      vertex 27.4266 20.8 5.53648
      vertex 27.3365 18.8 5.31901
    endloop
  endfacet
  facet normal -0.92388 0 0.382682
    outer loop
      vertex 27.3365 18.8 5.31901
      vertex 27.4266 20.8 5.53648
      vertex 27.3365 20.8 5.31901
    endloop
  endfacet
  facet normal -0.972369 0 0.233447
    outer loop
      vertex 27.4815 18.8 5.76535
      vertex 27.4815 20.8 5.76535
      vertex 27.4266 18.8 5.53648
    endloop
  endfacet
  facet normal -0.972369 0 0.233447
    outer loop
      vertex 27.4266 18.8 5.53648
      vertex 27.4815 20.8 5.76535
      vertex 27.4266 20.8 5.53648
    endloop
  endfacet
  facet normal -0.996918 0 0.0784569
    outer loop
      vertex 27.5 18.8 6
      vertex 27.5 20.8 6
      vertex 27.4815 18.8 5.76535
    endloop
  endfacet
  facet normal -0.996918 0 0.0784569
    outer loop
      vertex 27.4815 18.8 5.76535
      vertex 27.5 20.8 6
      vertex 27.4815 20.8 5.76535
    endloop
  endfacet
  facet normal -0.996918 -0 -0.0784569
    outer loop
      vertex 27.5 18.8 6
      vertex 27.4815 18.8 6.23465
      vertex 27.5 20.8 6
    endloop
  endfacet
  facet normal -0.996918 0 -0.0784569
    outer loop
      vertex 27.5 20.8 6
      vertex 27.4815 18.8 6.23465
      vertex 27.4815 20.8 6.23465
    endloop
  endfacet
  facet normal -0.972369 -0 -0.233447
    outer loop
      vertex 27.4815 18.8 6.23465
      vertex 27.4266 18.8 6.46353
      vertex 27.4815 20.8 6.23465
    endloop
  endfacet
  facet normal -0.972369 0 -0.233447
    outer loop
      vertex 27.4815 20.8 6.23465
      vertex 27.4266 18.8 6.46353
      vertex 27.4266 20.8 6.46353
    endloop
  endfacet
  facet normal -0.92388 -0 -0.382682
    outer loop
      vertex 27.4266 18.8 6.46353
      vertex 27.3365 18.8 6.68099
      vertex 27.4266 20.8 6.46353
    endloop
  endfacet
  facet normal -0.92388 0 -0.382682
    outer loop
      vertex 27.4266 20.8 6.46353
      vertex 27.3365 18.8 6.68099
      vertex 27.3365 20.8 6.68099
    endloop
  endfacet
  facet normal -0.852639 -0 -0.522501
    outer loop
      vertex 27.3365 18.8 6.68099
      vertex 27.2135 18.8 6.88168
      vertex 27.3365 20.8 6.68099
    endloop
  endfacet
  facet normal -0.852639 0 -0.522501
    outer loop
      vertex 27.3365 20.8 6.68099
      vertex 27.2135 18.8 6.88168
      vertex 27.2135 20.8 6.88168
    endloop
  endfacet
  facet normal -0.760406 -0 -0.649448
    outer loop
      vertex 27.2135 18.8 6.88168
      vertex 27.0607 18.8 7.06066
      vertex 27.2135 20.8 6.88168
    endloop
  endfacet
  facet normal -0.760406 0 -0.649448
    outer loop
      vertex 27.2135 20.8 6.88168
      vertex 27.0607 18.8 7.06066
      vertex 27.0607 20.8 7.06066
    endloop
  endfacet
  facet normal -0.649448 -0 -0.760406
    outer loop
      vertex 27.0607 18.8 7.06066
      vertex 26.8817 18.8 7.21353
      vertex 27.0607 20.8 7.06066
    endloop
  endfacet
  facet normal -0.649448 -1.15365e-015 -0.760406
    outer loop
      vertex 27.0607 20.8 7.06066
      vertex 26.8817 18.8 7.21353
      vertex 26.8817 20.8 7.21353
    endloop
  endfacet
  facet normal -0.522501 -9.28148e-016 -0.852639
    outer loop
      vertex 26.8817 18.8 7.21353
      vertex 26.681 18.8 7.33651
      vertex 26.8817 20.8 7.21353
    endloop
  endfacet
  facet normal -0.522501 0 -0.852639
    outer loop
      vertex 26.8817 20.8 7.21353
      vertex 26.681 18.8 7.33651
      vertex 26.681 20.8 7.33651
    endloop
  endfacet
  facet normal -0.382682 -0 -0.92388
    outer loop
      vertex 26.681 18.8 7.33651
      vertex 26.4635 18.8 7.42659
      vertex 26.681 20.8 7.33651
    endloop
  endfacet
  facet normal -0.382682 0 -0.92388
    outer loop
      vertex 26.681 20.8 7.33651
      vertex 26.4635 18.8 7.42659
      vertex 26.4635 20.8 7.42659
    endloop
  endfacet
  facet normal -0.233447 -0 -0.972369
    outer loop
      vertex 26.4635 18.8 7.42659
      vertex 26.2347 18.8 7.48153
      vertex 26.4635 20.8 7.42659
    endloop
  endfacet
  facet normal -0.233447 0 -0.972369
    outer loop
      vertex 26.4635 20.8 7.42659
      vertex 26.2347 18.8 7.48153
      vertex 26.2347 20.8 7.48153
    endloop
  endfacet
  facet normal -0.0784569 -0 -0.996918
    outer loop
      vertex 26.2347 18.8 7.48153
      vertex 26 18.8 7.5
      vertex 26.2347 20.8 7.48153
    endloop
  endfacet
  facet normal -0.0784569 0 -0.996918
    outer loop
      vertex 26.2347 20.8 7.48153
      vertex 26 18.8 7.5
      vertex 26 20.8 7.5
    endloop
  endfacet
  facet normal 0.0784569 0 -0.996918
    outer loop
      vertex 26 18.8 7.5
      vertex 25.7653 18.8 7.48153
      vertex 26 20.8 7.5
    endloop
  endfacet
  facet normal 0.0784569 0 -0.996918
    outer loop
      vertex 26 20.8 7.5
      vertex 25.7653 18.8 7.48153
      vertex 25.7653 20.8 7.48153
    endloop
  endfacet
  facet normal 0.233447 0 -0.972369
    outer loop
      vertex 25.7653 18.8 7.48153
      vertex 25.5365 18.8 7.42659
      vertex 25.7653 20.8 7.48153
    endloop
  endfacet
  facet normal 0.233447 0 -0.972369
    outer loop
      vertex 25.7653 20.8 7.48153
      vertex 25.5365 18.8 7.42659
      vertex 25.5365 20.8 7.42659
    endloop
  endfacet
  facet normal 0.382682 0 -0.92388
    outer loop
      vertex 25.5365 18.8 7.42659
      vertex 25.319 18.8 7.33651
      vertex 25.5365 20.8 7.42659
    endloop
  endfacet
  facet normal 0.382682 0 -0.92388
    outer loop
      vertex 25.5365 20.8 7.42659
      vertex 25.319 18.8 7.33651
      vertex 25.319 20.8 7.33651
    endloop
  endfacet
  facet normal 0.522501 0 -0.852639
    outer loop
      vertex 25.319 18.8 7.33651
      vertex 25.1183 18.8 7.21353
      vertex 25.319 20.8 7.33651
    endloop
  endfacet
  facet normal 0.522501 0 -0.852639
    outer loop
      vertex 25.319 20.8 7.33651
      vertex 25.1183 18.8 7.21353
      vertex 25.1183 20.8 7.21353
    endloop
  endfacet
  facet normal 0.649448 0 -0.760406
    outer loop
      vertex 25.1183 18.8 7.21353
      vertex 24.9393 18.8 7.06066
      vertex 25.1183 20.8 7.21353
    endloop
  endfacet
  facet normal 0.649448 1.15365e-015 -0.760406
    outer loop
      vertex 25.1183 20.8 7.21353
      vertex 24.9393 18.8 7.06066
      vertex 24.9393 20.8 7.06066
    endloop
  endfacet
  facet normal 0.760406 1.35075e-015 -0.649448
    outer loop
      vertex 24.9393 20.8 7.06066
      vertex 24.9393 18.8 7.06066
      vertex 24.7865 18.8 6.88168
    endloop
  endfacet
  facet normal 0.760406 0 -0.649448
    outer loop
      vertex 24.7865 20.8 6.88168
      vertex 24.9393 20.8 7.06066
      vertex 24.7865 18.8 6.88168
    endloop
  endfacet
  facet normal 0.852639 0 -0.522501
    outer loop
      vertex 24.7865 20.8 6.88168
      vertex 24.7865 18.8 6.88168
      vertex 24.6635 18.8 6.68099
    endloop
  endfacet
  facet normal 0.852639 0 -0.522501
    outer loop
      vertex 24.6635 20.8 6.68099
      vertex 24.7865 20.8 6.88168
      vertex 24.6635 18.8 6.68099
    endloop
  endfacet
  facet normal 0.92388 0 -0.382682
    outer loop
      vertex 24.6635 20.8 6.68099
      vertex 24.6635 18.8 6.68099
      vertex 24.5734 18.8 6.46353
    endloop
  endfacet
  facet normal 0.92388 0 -0.382682
    outer loop
      vertex 24.5734 20.8 6.46353
      vertex 24.6635 20.8 6.68099
      vertex 24.5734 18.8 6.46353
    endloop
  endfacet
  facet normal 0.972369 0 -0.233447
    outer loop
      vertex 24.5734 20.8 6.46353
      vertex 24.5734 18.8 6.46353
      vertex 24.5185 18.8 6.23465
    endloop
  endfacet
  facet normal 0.972369 1.72728e-015 -0.233447
    outer loop
      vertex 24.5185 20.8 6.23465
      vertex 24.5734 20.8 6.46353
      vertex 24.5185 18.8 6.23465
    endloop
  endfacet
  facet normal 0 7.25915e-018 0
    outer loop
      vertex 2 19.1 3.77476e-016
      vertex 54 19.1 3.77476e-016
      vertex 2 19.1 0
    endloop
  endfacet
  facet normal 0 7.25915e-018 0
    outer loop
      vertex 2 19.1 0
      vertex 54 19.1 3.77476e-016
      vertex 54 19.1 0
    endloop
  endfacet
  facet normal -4.19418e-016 0 0
    outer loop
      vertex 54 19.1 3.77476e-016
      vertex 54 20 1.77636e-016
      vertex 54 19.1 0
    endloop
  endfacet
  facet normal -6.90805e-016 1.55824e-030 -7.89492e-015
    outer loop
      vertex 54 19.1 0
      vertex 54 20 1.77636e-016
      vertex 54 20 -4.44089e-016
    endloop
  endfacet
  facet normal -3.35061e-017 0 -5.36097e-016
    outer loop
      vertex 54 19.1 0
      vertex 54 20 -4.44089e-016
      vertex 54 5 -4.44089e-016
    endloop
  endfacet
  facet normal -3.14957e-017 0 -5.03931e-016
    outer loop
      vertex 54 19.1 0
      vertex 54 5 -4.44089e-016
      vertex 54 5 0
    endloop
  endfacet
  facet normal 0 3.10862e-016 0
    outer loop
      vertex 54 20 1.77636e-016
      vertex 56 20 1.77636e-016
      vertex 54 20 -4.44089e-016
    endloop
  endfacet
  facet normal 0 8.88178e-017 0
    outer loop
      vertex 54 20 -4.44089e-016
      vertex 56 20 1.77636e-016
      vertex 56 20 0
    endloop
  endfacet
  facet normal 4.19418e-016 1.75302e-030 7.89492e-015
    outer loop
      vertex 56 20 1.77636e-016
      vertex 56 19.1 3.77476e-016
      vertex 56 19.1 0
    endloop
  endfacet
  facet normal 1.97373e-016 -0 7.89492e-015
    outer loop
      vertex 56 20 0
      vertex 56 20 1.77636e-016
      vertex 56 19.1 0
    endloop
  endfacet
  facet normal 0 8.206e-018 0
    outer loop
      vertex 56 19.1 3.77476e-016
      vertex 102 19.1 3.77476e-016
      vertex 56 19.1 0
    endloop
  endfacet
  facet normal 0 8.206e-018 0
    outer loop
      vertex 56 19.1 0
      vertex 102 19.1 3.77476e-016
      vertex 102 19.1 0
    endloop
  endfacet
  facet normal -4.19418e-016 0 0
    outer loop
      vertex 102 19.1 3.77476e-016
      vertex 102 20 1.77636e-016
      vertex 102 19.1 0
    endloop
  endfacet
  facet normal -6.90805e-016 3.11649e-030 -1.57898e-014
    outer loop
      vertex 102 19.1 0
      vertex 102 20 1.77636e-016
      vertex 102 20 -4.44089e-016
    endloop
  endfacet
  facet normal -3.35061e-017 0 -1.07219e-015
    outer loop
      vertex 102 19.1 0
      vertex 102 20 -4.44089e-016
      vertex 102 5 -4.44089e-016
    endloop
  endfacet
  facet normal -3.14957e-017 0 -1.00786e-015
    outer loop
      vertex 102 19.1 0
      vertex 102 5 -4.44089e-016
      vertex 102 5 0
    endloop
  endfacet
  facet normal 0 3.10862e-016 0
    outer loop
      vertex 102 20 1.77636e-016
      vertex 104 20 1.77636e-016
      vertex 102 20 -4.44089e-016
    endloop
  endfacet
  facet normal 0 8.88178e-017 0
    outer loop
      vertex 102 20 -4.44089e-016
      vertex 104 20 1.77636e-016
      vertex 104 20 0
    endloop
  endfacet
  facet normal 2.22045e-016 0 -1
    outer loop
      vertex 54 5 -4.44089e-016
      vertex 54 20 -4.44089e-016
      vertex 56 5 0
    endloop
  endfacet
  facet normal 2.22045e-016 0 -1
    outer loop
      vertex 56 19.1 0
      vertex 54 20 -4.44089e-016
      vertex 56 20 0
    endloop
  endfacet
  facet normal 2.22045e-016 0 -1
    outer loop
      vertex 56 5 0
      vertex 54 20 -4.44089e-016
      vertex 56 19.1 0
    endloop
  endfacet
  facet normal 0 -2.22045e-016 0
    outer loop
      vertex 56 5 0
      vertex 54 5 0
      vertex 54 5 -4.44089e-016
    endloop
  endfacet
endsolid OpenSCAD_Model
