solid OpenSCAD_Model
  facet normal 0 -0 2.73436e-015
    outer loop
      vertex -2.73436e-015 45 20
      vertex -2.73436e-015 44 20
      vertex 0 44 20
    endloop
  endfacet
  facet normal 0 0 2.73436e-015
    outer loop
      vertex 0 45 20
      vertex -2.73436e-015 45 20
      vertex 0 44 20
    endloop
  endfacet
  facet normal 0 -0.419058 0.907959
    outer loop
      vertex 0 5 2
      vertex 2 5 2
      vertex 2 43.8 19.9077
    endloop
  endfacet
  facet normal 0 -3.25261e-018 7.04731e-018
    outer loop
      vertex -2.73436e-016 5 2
      vertex 0 5 2
      vertex 2 43.8 19.9077
    endloop
  endfacet
  facet normal 0 -0.419058 0.907959
    outer loop
      vertex 129 43.8 19.9077
      vertex 254 44 20
      vertex 2 43.8 19.9077
    endloop
  endfacet
  facet normal -1.00261e-015 -0.419058 0.907959
    outer loop
      vertex 0 44 20
      vertex -2.73436e-016 5 2
      vertex 2 43.8 19.9077
    endloop
  endfacet
  facet normal 0 -0.419058 0.907959
    outer loop
      vertex 131 43.8 19.9077
      vertex 254 44 20
      vertex 129 43.8 19.9077
    endloop
  endfacet
  facet normal 0 -0.419058 0.907959
    outer loop
      vertex 129 5 2
      vertex 131 5 2
      vertex 129 43.8 19.9077
    endloop
  endfacet
  facet normal 0 -0.419058 0.907959
    outer loop
      vertex 131 5 2
      vertex 131 43.8 19.9077
      vertex 129 43.8 19.9077
    endloop
  endfacet
  facet normal 0 -0.419058 0.907959
    outer loop
      vertex 252 43.8 19.9077
      vertex 254 44 20
      vertex 131 43.8 19.9077
    endloop
  endfacet
  facet normal 0 -0.419058 0.907959
    outer loop
      vertex 254 43.8 19.9077
      vertex 254 44 20
      vertex 252 43.8 19.9077
    endloop
  endfacet
  facet normal 0 -0.419058 0.907959
    outer loop
      vertex 252 5 2
      vertex 254 5 2
      vertex 252 43.8 19.9077
    endloop
  endfacet
  facet normal 0 -0.419058 0.907959
    outer loop
      vertex 254 5 2
      vertex 254 43.8 19.9077
      vertex 252 43.8 19.9077
    endloop
  endfacet
  facet normal 0 -0.419058 0.907959
    outer loop
      vertex 254 44 20
      vertex 0 44 20
      vertex 2 43.8 19.9077
    endloop
  endfacet
  facet normal 0 -3.23593e-017 7.01117e-017
    outer loop
      vertex 0 44 20
      vertex -2.73436e-015 44 20
      vertex -2.73436e-016 5 2
    endloop
  endfacet
  facet normal -1 -0 -1.36718e-016
    outer loop
      vertex -2.73436e-015 44 20
      vertex -2.73436e-015 45 20
      vertex -2.73436e-016 5 2
    endloop
  endfacet
  facet normal -1 -1.94511e-033 -1.36718e-016
    outer loop
      vertex -2.73436e-016 5 2
      vertex -2.73436e-015 45 20
      vertex 0 45 -4.44089e-016
    endloop
  endfacet
  facet normal -1 0 -1.36718e-016
    outer loop
      vertex -2.73436e-016 5 2
      vertex 0 45 -4.44089e-016
      vertex 0 5 -4.44089e-016
    endloop
  endfacet
  facet normal 0 0 0
    outer loop
      vertex -2.73436e-015 45 20
      vertex 0 45 1.77636e-016
      vertex 0 45 -4.44089e-016
    endloop
  endfacet
  facet normal 0 1.36718e-016 0
    outer loop
      vertex -2.73436e-015 45 20
      vertex 0 45 20
      vertex 0 45 1.77636e-016
    endloop
  endfacet
  facet normal 0 3.10862e-016 -0
    outer loop
      vertex 0 45 1.77636e-016
      vertex 2 45 1.77636e-016
      vertex 0 45 -4.44089e-016
    endloop
  endfacet
  facet normal 0 8.88178e-017 -0
    outer loop
      vertex 2 45 1.77636e-016
      vertex 2 45 0
      vertex 0 45 -4.44089e-016
    endloop
  endfacet
  facet normal -6.39488e-015 0 -0
    outer loop
      vertex 0 45 20
      vertex 0 44 20
      vertex 0 45.8 20
    endloop
  endfacet
  facet normal -1 -0 0
    outer loop
      vertex 0 45 20
      vertex 0 45.8 20
      vertex 0 45.8 0
    endloop
  endfacet
  facet normal -1 0 0
    outer loop
      vertex 0 45 20
      vertex 0 45.8 0
      vertex 0 45 1.77636e-016
    endloop
  endfacet
  facet normal 0 -3.03575e-032 0
    outer loop
      vertex 0 5 0
      vertex -2.73436e-016 5 2
      vertex 0 5 -4.44089e-016
    endloop
  endfacet
  facet normal 0 -1.36718e-016 0
    outer loop
      vertex 0 5 0
      vertex 0 5 2
      vertex -2.73436e-016 5 2
    endloop
  endfacet
  facet normal 0 -2.22045e-016 0
    outer loop
      vertex 2 5 0
      vertex 0 5 0
      vertex 0 5 -4.44089e-016
    endloop
  endfacet
  facet normal 0 -0 1
    outer loop
      vertex 0 45.8 20
      vertex 0 44 20
      vertex 254 44 20
    endloop
  endfacet
  facet normal 0 0 1
    outer loop
      vertex 254 45.8 20
      vertex 0 45.8 20
      vertex 254 44 20
    endloop
  endfacet
  facet normal 1 0 -0
    outer loop
      vertex 254 5 2
      vertex 254 5 0
      vertex 254 44.1 0
    endloop
  endfacet
  facet normal 1 0 0
    outer loop
      vertex 254 45.8 0
      vertex 254 5 2
      vertex 254 44.1 3.77476e-016
    endloop
  endfacet
  facet normal 9.65411e-018 -0 0
    outer loop
      vertex 254 44.1 3.77476e-016
      vertex 254 5 2
      vertex 254 44.1 0
    endloop
  endfacet
  facet normal 1 0 -0
    outer loop
      vertex 254 43.8 2
      vertex 254 5 2
      vertex 254 45.8 0
    endloop
  endfacet
  facet normal 1 0 -0
    outer loop
      vertex 254 44 20
      vertex 254 43.8 19.9077
      vertex 254 45.8 20
    endloop
  endfacet
  facet normal 1 0 0
    outer loop
      vertex 254 45.8 20
      vertex 254 43.8 2
      vertex 254 45.8 0
    endloop
  endfacet
  facet normal 1 0 -0
    outer loop
      vertex 254 43.8 19.9077
      vertex 254 43.8 2
      vertex 254 45.8 20
    endloop
  endfacet
  facet normal 1 -0 0
    outer loop
      vertex 254 43.8 2
      vertex 254 43.8 19.9077
      vertex 254 5 2
    endloop
  endfacet
  facet normal 0 0 1
    outer loop
      vertex 2 5 2
      vertex 0 5 2
      vertex 0.061558 4.21783 2
    endloop
  endfacet
  facet normal 0 0 1
    outer loop
      vertex 0.544967 2.73005 2
      vertex 2 5 2
      vertex 0.244717 3.45492 2
    endloop
  endfacet
  facet normal 0 0 1
    outer loop
      vertex 0.244717 3.45492 2
      vertex 2 5 2
      vertex 0.061558 4.21783 2
    endloop
  endfacet
  facet normal 0 0 1
    outer loop
      vertex 0.954915 2.06107 2
      vertex 2 5 2
      vertex 0.544967 2.73005 2
    endloop
  endfacet
  facet normal 0 0 1
    outer loop
      vertex 1.46447 1.46447 2
      vertex 2 5 2
      vertex 0.954915 2.06107 2
    endloop
  endfacet
  facet normal 0 0 1
    outer loop
      vertex 2.06107 0.954915 2
      vertex 2 5 2
      vertex 1.46447 1.46447 2
    endloop
  endfacet
  facet normal 0 0 1
    outer loop
      vertex 2.73005 0.544967 2
      vertex 2 5 2
      vertex 2.06107 0.954915 2
    endloop
  endfacet
  facet normal 0 0 1
    outer loop
      vertex 3.45492 0.244717 2
      vertex 2 5 2
      vertex 2.73005 0.544967 2
    endloop
  endfacet
  facet normal 0 0 1
    outer loop
      vertex 4.21783 0.061558 2
      vertex 2 5 2
      vertex 3.45492 0.244717 2
    endloop
  endfacet
  facet normal 0 0 1
    outer loop
      vertex 5 0 2
      vertex 2 5 2
      vertex 4.21783 0.061558 2
    endloop
  endfacet
  facet normal -0 0 1
    outer loop
      vertex 249 0 2
      vertex 2 5 2
      vertex 5 0 2
    endloop
  endfacet
  facet normal -0 0 1
    outer loop
      vertex 249.782 0.061558 2
      vertex 2 5 2
      vertex 249 0 2
    endloop
  endfacet
  facet normal -0 0 1
    outer loop
      vertex 250.545 0.244717 2
      vertex 2 5 2
      vertex 249.782 0.061558 2
    endloop
  endfacet
  facet normal -0 0 1
    outer loop
      vertex 251.27 0.544967 2
      vertex 2 5 2
      vertex 250.545 0.244717 2
    endloop
  endfacet
  facet normal -0 0 1
    outer loop
      vertex 251.939 0.954915 2
      vertex 2 5 2
      vertex 251.27 0.544967 2
    endloop
  endfacet
  facet normal -0 0 1
    outer loop
      vertex 252.536 1.46447 2
      vertex 2 5 2
      vertex 251.939 0.954915 2
    endloop
  endfacet
  facet normal -0 0 1
    outer loop
      vertex 253.045 2.06107 2
      vertex 2 5 2
      vertex 252.536 1.46447 2
    endloop
  endfacet
  facet normal -0 0 1
    outer loop
      vertex 253.455 2.73005 2
      vertex 2 5 2
      vertex 253.045 2.06107 2
    endloop
  endfacet
  facet normal -0 0 1
    outer loop
      vertex 253.755 3.45492 2
      vertex 2 5 2
      vertex 253.455 2.73005 2
    endloop
  endfacet
  facet normal -0 0 1
    outer loop
      vertex 253.938 4.21783 2
      vertex 2 5 2
      vertex 253.755 3.45492 2
    endloop
  endfacet
  facet normal 0 -0 1
    outer loop
      vertex 129 5 2
      vertex 2 5 2
      vertex 253.938 4.21783 2
    endloop
  endfacet
  facet normal 0 0 1
    outer loop
      vertex 254 5 2
      vertex 252 5 2
      vertex 253.938 4.21783 2
    endloop
  endfacet
  facet normal 0 -0 1
    outer loop
      vertex 252 5 2
      vertex 131 5 2
      vertex 253.938 4.21783 2
    endloop
  endfacet
  facet normal 0 -0 1
    outer loop
      vertex 131 5 2
      vertex 129 5 2
      vertex 253.938 4.21783 2
    endloop
  endfacet
  facet normal 0 -0 1
    outer loop
      vertex 151.345 15.763 2
      vertex 131 5 2
      vertex 252 5 2
    endloop
  endfacet
  facet normal 0 0 1
    outer loop
      vertex 151.345 15.763 2
      vertex 150.33 15.3426 2
      vertex 131 5 2
    endloop
  endfacet
  facet normal 0 -0 1
    outer loop
      vertex 131 43.8 2
      vertex 131 5 2
      vertex 141.253 20.905 2
    endloop
  endfacet
  facet normal 0 -0 1
    outer loop
      vertex 154.824 19.8369 2
      vertex 154.404 18.8221 2
      vertex 252 5 2
    endloop
  endfacet
  facet normal 0 0 1
    outer loop
      vertex 131 43.8 2
      vertex 141.253 20.905 2
      vertex 141.167 22 2
    endloop
  endfacet
  facet normal 0 0 1
    outer loop
      vertex 131 43.8 2
      vertex 141.167 22 2
      vertex 141.253 23.095 2
    endloop
  endfacet
  facet normal 0 0 1
    outer loop
      vertex 187.322 15.763 2
      vertex 155.167 22 2
      vertex 155.08 20.905 2
    endloop
  endfacet
  facet normal 0 0 1
    outer loop
      vertex 131 43.8 2
      vertex 141.253 23.095 2
      vertex 141.509 24.1631 2
    endloop
  endfacet
  facet normal 0 0 1
    outer loop
      vertex 185.55 17.0503 2
      vertex 184.837 17.8855 2
      vertex 155.08 23.095 2
    endloop
  endfacet
  facet normal 0 0 1
    outer loop
      vertex 131 43.8 2
      vertex 141.509 24.1631 2
      vertex 141.93 25.1779 2
    endloop
  endfacet
  facet normal 0 0 1
    outer loop
      vertex 184.837 17.8855 2
      vertex 154.404 25.1779 2
      vertex 154.824 24.1631 2
    endloop
  endfacet
  facet normal 0 0 1
    outer loop
      vertex 131 43.8 2
      vertex 141.93 25.1779 2
      vertex 142.504 26.1145 2
    endloop
  endfacet
  facet normal 0 0 1
    outer loop
      vertex 154.824 24.1631 2
      vertex 155.08 23.095 2
      vertex 184.837 17.8855 2
    endloop
  endfacet
  facet normal 0 0 1
    outer loop
      vertex 131 43.8 2
      vertex 142.504 26.1145 2
      vertex 143.217 26.9497 2
    endloop
  endfacet
  facet normal 0 0 1
    outer loop
      vertex 131 43.8 2
      vertex 143.217 26.9497 2
      vertex 144.052 27.6631 2
    endloop
  endfacet
  facet normal 0 0 1
    outer loop
      vertex 131 43.8 2
      vertex 144.052 27.6631 2
      vertex 144.989 28.237 2
    endloop
  endfacet
  facet normal 0 0 1
    outer loop
      vertex 131 43.8 2
      vertex 144.989 28.237 2
      vertex 146.004 28.6574 2
    endloop
  endfacet
  facet normal 0 0 1
    outer loop
      vertex 131 43.8 2
      vertex 146.004 28.6574 2
      vertex 147.072 28.9138 2
    endloop
  endfacet
  facet normal 0 -0 1
    outer loop
      vertex 194.614 16.3369 2
      vertex 193.678 15.763 2
      vertex 252 5 2
    endloop
  endfacet
  facet normal 0 0 1
    outer loop
      vertex 131 43.8 2
      vertex 147.072 28.9138 2
      vertex 148.167 29 2
    endloop
  endfacet
  facet normal 0 -0 1
    outer loop
      vertex 197.5 22 2
      vertex 197.414 20.905 2
      vertex 252 5 2
    endloop
  endfacet
  facet normal 0 0 1
    outer loop
      vertex 131 43.8 2
      vertex 148.167 29 2
      vertex 149.262 28.9138 2
    endloop
  endfacet
  facet normal 0 0 1
    outer loop
      vertex 184.837 26.1145 2
      vertex 185.55 26.9497 2
      vertex 131 43.8 2
    endloop
  endfacet
  facet normal 0 -0 1
    outer loop
      vertex 192.663 15.3426 2
      vertex 191.595 15.0862 2
      vertex 252 5 2
    endloop
  endfacet
  facet normal 0 0 1
    outer loop
      vertex 188.337 15.3426 2
      vertex 187.322 15.763 2
      vertex 155.08 20.905 2
    endloop
  endfacet
  facet normal 0 -0 1
    outer loop
      vertex 154.404 18.8221 2
      vertex 153.83 17.8855 2
      vertex 252 5 2
    endloop
  endfacet
  facet normal 0 -0 1
    outer loop
      vertex 153.83 17.8855 2
      vertex 153.116 17.0503 2
      vertex 252 5 2
    endloop
  endfacet
  facet normal 0 -0 1
    outer loop
      vertex 153.116 17.0503 2
      vertex 152.281 16.3369 2
      vertex 252 5 2
    endloop
  endfacet
  facet normal 0 -0 1
    outer loop
      vertex 152.281 16.3369 2
      vertex 151.345 15.763 2
      vertex 252 5 2
    endloop
  endfacet
  facet normal 0 0 1
    outer loop
      vertex 150.33 15.3426 2
      vertex 149.262 15.0862 2
      vertex 131 5 2
    endloop
  endfacet
  facet normal 0 0 1
    outer loop
      vertex 149.262 15.0862 2
      vertex 148.167 15 2
      vertex 131 5 2
    endloop
  endfacet
  facet normal -0 0 1
    outer loop
      vertex 148.167 15 2
      vertex 147.072 15.0862 2
      vertex 131 5 2
    endloop
  endfacet
  facet normal 0 -0 1
    outer loop
      vertex 195.45 17.0503 2
      vertex 194.614 16.3369 2
      vertex 252 5 2
    endloop
  endfacet
  facet normal 0 -0 1
    outer loop
      vertex 146.004 15.3426 2
      vertex 131 5 2
      vertex 147.072 15.0862 2
    endloop
  endfacet
  facet normal 0 -0 1
    outer loop
      vertex 144.989 15.763 2
      vertex 131 5 2
      vertex 146.004 15.3426 2
    endloop
  endfacet
  facet normal 0 -0 1
    outer loop
      vertex 144.052 16.3369 2
      vertex 131 5 2
      vertex 144.989 15.763 2
    endloop
  endfacet
  facet normal 0 -0 1
    outer loop
      vertex 143.217 17.0503 2
      vertex 131 5 2
      vertex 144.052 16.3369 2
    endloop
  endfacet
  facet normal 0 -0 1
    outer loop
      vertex 142.504 17.8855 2
      vertex 131 5 2
      vertex 143.217 17.0503 2
    endloop
  endfacet
  facet normal 0 -0 1
    outer loop
      vertex 141.93 18.8221 2
      vertex 131 5 2
      vertex 142.504 17.8855 2
    endloop
  endfacet
  facet normal 0 -0 1
    outer loop
      vertex 141.509 19.8369 2
      vertex 131 5 2
      vertex 141.93 18.8221 2
    endloop
  endfacet
  facet normal 0 -0 1
    outer loop
      vertex 141.253 20.905 2
      vertex 131 5 2
      vertex 141.509 19.8369 2
    endloop
  endfacet
  facet normal 0 0 1
    outer loop
      vertex 189.405 28.9138 2
      vertex 190.5 29 2
      vertex 252 43.8 2
    endloop
  endfacet
  facet normal 0 0 1
    outer loop
      vertex 183.586 20.905 2
      vertex 183.5 22 2
      vertex 149.262 28.9138 2
    endloop
  endfacet
  facet normal 0 -0 1
    outer loop
      vertex 196.163 17.8855 2
      vertex 195.45 17.0503 2
      vertex 252 5 2
    endloop
  endfacet
  facet normal 0 0 1
    outer loop
      vertex 131 43.8 2
      vertex 149.262 28.9138 2
      vertex 183.5 22 2
    endloop
  endfacet
  facet normal 0 0 1
    outer loop
      vertex 131 43.8 2
      vertex 183.5 22 2
      vertex 183.586 23.095 2
    endloop
  endfacet
  facet normal 0 -0 1
    outer loop
      vertex 197.157 19.8369 2
      vertex 196.737 18.8221 2
      vertex 252 5 2
    endloop
  endfacet
  facet normal 0 0 1
    outer loop
      vertex 131 43.8 2
      vertex 183.586 23.095 2
      vertex 183.843 24.1631 2
    endloop
  endfacet
  facet normal 0 -0 1
    outer loop
      vertex 197.414 20.905 2
      vertex 197.157 19.8369 2
      vertex 252 5 2
    endloop
  endfacet
  facet normal 0 0 1
    outer loop
      vertex 131 43.8 2
      vertex 183.843 24.1631 2
      vertex 184.263 25.1779 2
    endloop
  endfacet
  facet normal 0 0 1
    outer loop
      vertex 131 43.8 2
      vertex 184.263 25.1779 2
      vertex 184.837 26.1145 2
    endloop
  endfacet
  facet normal 0 -0 1
    outer loop
      vertex 196.737 18.8221 2
      vertex 196.163 17.8855 2
      vertex 252 5 2
    endloop
  endfacet
  facet normal -0 0 1
    outer loop
      vertex 186.386 27.6631 2
      vertex 131 43.8 2
      vertex 185.55 26.9497 2
    endloop
  endfacet
  facet normal -0 0 1
    outer loop
      vertex 187.322 28.237 2
      vertex 131 43.8 2
      vertex 186.386 27.6631 2
    endloop
  endfacet
  facet normal -0 0 1
    outer loop
      vertex 188.337 28.6574 2
      vertex 131 43.8 2
      vertex 187.322 28.237 2
    endloop
  endfacet
  facet normal 0 0 1
    outer loop
      vertex 190.5 29 2
      vertex 191.595 28.9138 2
      vertex 252 43.8 2
    endloop
  endfacet
  facet normal -0 0 1
    outer loop
      vertex 189.405 28.9138 2
      vertex 131 43.8 2
      vertex 188.337 28.6574 2
    endloop
  endfacet
  facet normal 0 0 1
    outer loop
      vertex 197.414 23.095 2
      vertex 197.5 22 2
      vertex 252 5 2
    endloop
  endfacet
  facet normal 0 0 1
    outer loop
      vertex 252 43.8 2
      vertex 131 43.8 2
      vertex 189.405 28.9138 2
    endloop
  endfacet
  facet normal 0 0 1
    outer loop
      vertex 191.595 28.9138 2
      vertex 192.663 28.6574 2
      vertex 252 43.8 2
    endloop
  endfacet
  facet normal -0 -0 1
    outer loop
      vertex 230.67 15.3426 2
      vertex 192.663 28.6574 2
      vertex 252 5 2
    endloop
  endfacet
  facet normal 0 0 1
    outer loop
      vertex 192.663 28.6574 2
      vertex 193.678 28.237 2
      vertex 252 5 2
    endloop
  endfacet
  facet normal 0 0 1
    outer loop
      vertex 193.678 28.237 2
      vertex 194.614 27.6631 2
      vertex 252 5 2
    endloop
  endfacet
  facet normal 0 0 1
    outer loop
      vertex 194.614 27.6631 2
      vertex 195.45 26.9497 2
      vertex 252 5 2
    endloop
  endfacet
  facet normal 0 0 1
    outer loop
      vertex 195.45 26.9497 2
      vertex 196.163 26.1145 2
      vertex 252 5 2
    endloop
  endfacet
  facet normal 0 0 1
    outer loop
      vertex 196.163 26.1145 2
      vertex 196.737 25.1779 2
      vertex 252 5 2
    endloop
  endfacet
  facet normal 0 0 1
    outer loop
      vertex 196.737 25.1779 2
      vertex 197.157 24.1631 2
      vertex 252 5 2
    endloop
  endfacet
  facet normal 0 0 1
    outer loop
      vertex 197.157 24.1631 2
      vertex 197.414 23.095 2
      vertex 252 5 2
    endloop
  endfacet
  facet normal 0 0 1
    outer loop
      vertex 183.586 20.905 2
      vertex 149.262 28.9138 2
      vertex 150.33 28.6574 2
    endloop
  endfacet
  facet normal 0 0 1
    outer loop
      vertex 153.116 26.9497 2
      vertex 153.83 26.1145 2
      vertex 183.843 19.8369 2
    endloop
  endfacet
  facet normal 0 0 1
    outer loop
      vertex 230.67 28.6574 2
      vertex 231.738 28.9138 2
      vertex 252 43.8 2
    endloop
  endfacet
  facet normal 0 -0 1
    outer loop
      vertex 193.678 15.763 2
      vertex 192.663 15.3426 2
      vertex 252 5 2
    endloop
  endfacet
  facet normal 0 0 1
    outer loop
      vertex 183.843 19.8369 2
      vertex 152.281 27.6631 2
      vertex 153.116 26.9497 2
    endloop
  endfacet
  facet normal -0 -0 1
    outer loop
      vertex 190.5 15 2
      vertex 189.405 15.0862 2
      vertex 252 5 2
    endloop
  endfacet
  facet normal 0 0 1
    outer loop
      vertex 183.843 19.8369 2
      vertex 183.586 20.905 2
      vertex 151.345 28.237 2
    endloop
  endfacet
  facet normal 0 0 1
    outer loop
      vertex 183.843 19.8369 2
      vertex 151.345 28.237 2
      vertex 152.281 27.6631 2
    endloop
  endfacet
  facet normal 0 0 1
    outer loop
      vertex 187.322 15.763 2
      vertex 186.386 16.3369 2
      vertex 155.167 22 2
    endloop
  endfacet
  facet normal 0 0 1
    outer loop
      vertex 184.837 17.8855 2
      vertex 184.263 18.8221 2
      vertex 154.404 25.1779 2
    endloop
  endfacet
  facet normal 0 -0 1
    outer loop
      vertex 191.595 15.0862 2
      vertex 190.5 15 2
      vertex 252 5 2
    endloop
  endfacet
  facet normal 0 0 1
    outer loop
      vertex 184.263 18.8221 2
      vertex 183.843 19.8369 2
      vertex 153.83 26.1145 2
    endloop
  endfacet
  facet normal 0 0 1
    outer loop
      vertex 155.08 23.095 2
      vertex 155.167 22 2
      vertex 185.55 17.0503 2
    endloop
  endfacet
  facet normal 0 0 1
    outer loop
      vertex 229.655 28.237 2
      vertex 230.67 28.6574 2
      vertex 252 43.8 2
    endloop
  endfacet
  facet normal 0 0 1
    outer loop
      vertex 229.655 15.763 2
      vertex 228.719 16.3369 2
      vertex 192.663 28.6574 2
    endloop
  endfacet
  facet normal -0 -0 1
    outer loop
      vertex 225.833 22 2
      vertex 192.663 28.6574 2
      vertex 225.92 20.905 2
    endloop
  endfacet
  facet normal 0 0 1
    outer loop
      vertex 239.07 25.1779 2
      vertex 239.491 24.1631 2
      vertex 252 5 2
    endloop
  endfacet
  facet normal -0 0 1
    outer loop
      vertex 225.92 23.095 2
      vertex 192.663 28.6574 2
      vertex 225.833 22 2
    endloop
  endfacet
  facet normal -0 0 1
    outer loop
      vertex 226.176 24.1631 2
      vertex 192.663 28.6574 2
      vertex 225.92 23.095 2
    endloop
  endfacet
  facet normal -0 0 1
    outer loop
      vertex 226.596 25.1779 2
      vertex 192.663 28.6574 2
      vertex 226.176 24.1631 2
    endloop
  endfacet
  facet normal -0 0 1
    outer loop
      vertex 227.17 26.1145 2
      vertex 192.663 28.6574 2
      vertex 226.596 25.1779 2
    endloop
  endfacet
  facet normal 0 0 1
    outer loop
      vertex 231.738 28.9138 2
      vertex 232.833 29 2
      vertex 252 43.8 2
    endloop
  endfacet
  facet normal -0 0 1
    outer loop
      vertex 227.884 26.9497 2
      vertex 192.663 28.6574 2
      vertex 227.17 26.1145 2
    endloop
  endfacet
  facet normal -0 0 1
    outer loop
      vertex 228.719 27.6631 2
      vertex 192.663 28.6574 2
      vertex 227.884 26.9497 2
    endloop
  endfacet
  facet normal 0 0 1
    outer loop
      vertex 252 43.8 2
      vertex 192.663 28.6574 2
      vertex 228.719 27.6631 2
    endloop
  endfacet
  facet normal 0 0 1
    outer loop
      vertex 252 43.8 2
      vertex 228.719 27.6631 2
      vertex 229.655 28.237 2
    endloop
  endfacet
  facet normal 0 0 1
    outer loop
      vertex 233.928 28.9138 2
      vertex 234.996 28.6574 2
      vertex 252 43.8 2
    endloop
  endfacet
  facet normal 0 0 1
    outer loop
      vertex 232.833 29 2
      vertex 233.928 28.9138 2
      vertex 252 43.8 2
    endloop
  endfacet
  facet normal 0 0 1
    outer loop
      vertex 227.884 17.0503 2
      vertex 227.17 17.8855 2
      vertex 192.663 28.6574 2
    endloop
  endfacet
  facet normal 0 -0 1
    outer loop
      vertex 236.011 15.763 2
      vertex 234.996 15.3426 2
      vertex 252 5 2
    endloop
  endfacet
  facet normal 0 -0 1
    outer loop
      vertex 239.833 22 2
      vertex 239.747 20.905 2
      vertex 252 5 2
    endloop
  endfacet
  facet normal 0 0 1
    outer loop
      vertex 252 43.8 2
      vertex 234.996 28.6574 2
      vertex 236.011 28.237 2
    endloop
  endfacet
  facet normal 0 0 1
    outer loop
      vertex 239.747 23.095 2
      vertex 239.833 22 2
      vertex 252 5 2
    endloop
  endfacet
  facet normal 0 0 1
    outer loop
      vertex 252 43.8 2
      vertex 236.011 28.237 2
      vertex 236.948 27.6631 2
    endloop
  endfacet
  facet normal 0 0 1
    outer loop
      vertex 239.491 24.1631 2
      vertex 239.747 23.095 2
      vertex 252 5 2
    endloop
  endfacet
  facet normal 0 0 1
    outer loop
      vertex 252 43.8 2
      vertex 236.948 27.6631 2
      vertex 237.783 26.9497 2
    endloop
  endfacet
  facet normal 0 0 1
    outer loop
      vertex 252 43.8 2
      vertex 238.496 26.1145 2
      vertex 252 5 2
    endloop
  endfacet
  facet normal 0 0 1
    outer loop
      vertex 252 43.8 2
      vertex 237.783 26.9497 2
      vertex 238.496 26.1145 2
    endloop
  endfacet
  facet normal 0 0 1
    outer loop
      vertex 238.496 26.1145 2
      vertex 239.07 25.1779 2
      vertex 252 5 2
    endloop
  endfacet
  facet normal 0 -0 1
    outer loop
      vertex 239.747 20.905 2
      vertex 239.491 19.8369 2
      vertex 252 5 2
    endloop
  endfacet
  facet normal 0 -0 1
    outer loop
      vertex 239.491 19.8369 2
      vertex 239.07 18.8221 2
      vertex 252 5 2
    endloop
  endfacet
  facet normal 0 -0 1
    outer loop
      vertex 239.07 18.8221 2
      vertex 238.496 17.8855 2
      vertex 252 5 2
    endloop
  endfacet
  facet normal 0 -0 1
    outer loop
      vertex 238.496 17.8855 2
      vertex 237.783 17.0503 2
      vertex 252 5 2
    endloop
  endfacet
  facet normal 0 -0 1
    outer loop
      vertex 237.783 17.0503 2
      vertex 236.948 16.3369 2
      vertex 252 5 2
    endloop
  endfacet
  facet normal 0 -0 1
    outer loop
      vertex 236.948 16.3369 2
      vertex 236.011 15.763 2
      vertex 252 5 2
    endloop
  endfacet
  facet normal 0 -0 1
    outer loop
      vertex 234.996 15.3426 2
      vertex 233.928 15.0862 2
      vertex 252 5 2
    endloop
  endfacet
  facet normal 0 -0 1
    outer loop
      vertex 233.928 15.0862 2
      vertex 232.833 15 2
      vertex 252 5 2
    endloop
  endfacet
  facet normal -0 -0 1
    outer loop
      vertex 232.833 15 2
      vertex 231.738 15.0862 2
      vertex 252 5 2
    endloop
  endfacet
  facet normal -0 -0 1
    outer loop
      vertex 231.738 15.0862 2
      vertex 230.67 15.3426 2
      vertex 252 5 2
    endloop
  endfacet
  facet normal -0 -0 1
    outer loop
      vertex 229.655 15.763 2
      vertex 192.663 28.6574 2
      vertex 230.67 15.3426 2
    endloop
  endfacet
  facet normal 0 0 1
    outer loop
      vertex 228.719 16.3369 2
      vertex 227.884 17.0503 2
      vertex 192.663 28.6574 2
    endloop
  endfacet
  facet normal -0 -0 1
    outer loop
      vertex 226.596 18.8221 2
      vertex 192.663 28.6574 2
      vertex 227.17 17.8855 2
    endloop
  endfacet
  facet normal -0 -0 1
    outer loop
      vertex 226.176 19.8369 2
      vertex 192.663 28.6574 2
      vertex 226.596 18.8221 2
    endloop
  endfacet
  facet normal -0 -0 1
    outer loop
      vertex 225.92 20.905 2
      vertex 192.663 28.6574 2
      vertex 226.176 19.8369 2
    endloop
  endfacet
  facet normal 0 0 1
    outer loop
      vertex 150.33 28.6574 2
      vertex 151.345 28.237 2
      vertex 183.586 20.905 2
    endloop
  endfacet
  facet normal 0 0 1
    outer loop
      vertex 184.263 18.8221 2
      vertex 153.83 26.1145 2
      vertex 154.404 25.1779 2
    endloop
  endfacet
  facet normal 0 0 1
    outer loop
      vertex 186.386 16.3369 2
      vertex 185.55 17.0503 2
      vertex 155.167 22 2
    endloop
  endfacet
  facet normal 0 0 1
    outer loop
      vertex 155.08 20.905 2
      vertex 189.405 15.0862 2
      vertex 188.337 15.3426 2
    endloop
  endfacet
  facet normal -0 -0 1
    outer loop
      vertex 189.405 15.0862 2
      vertex 154.824 19.8369 2
      vertex 252 5 2
    endloop
  endfacet
  facet normal 0 -0 1
    outer loop
      vertex 155.08 20.905 2
      vertex 154.824 19.8369 2
      vertex 189.405 15.0862 2
    endloop
  endfacet
  facet normal -1 -0 0
    outer loop
      vertex 252 5 2
      vertex 252 43.8 19.9077
      vertex 252 43.8 2
    endloop
  endfacet
  facet normal 0 -1 0
    outer loop
      vertex 157.25 43.8 10
      vertex 131 43.8 19.9077
      vertex 131 43.8 2
    endloop
  endfacet
  facet normal 0 -1 -0
    outer loop
      vertex 221.786 43.8 11.4266
      vertex 252 43.8 19.9077
      vertex 131 43.8 2
    endloop
  endfacet
  facet normal 0 -1 0
    outer loop
      vertex 157.268 43.8 9.76535
      vertex 157.25 43.8 10
      vertex 131 43.8 2
    endloop
  endfacet
  facet normal 0 -1 0
    outer loop
      vertex 157.268 43.8 10.2347
      vertex 131 43.8 19.9077
      vertex 157.25 43.8 10
    endloop
  endfacet
  facet normal 0 -1 0
    outer loop
      vertex 157.323 43.8 10.4635
      vertex 131 43.8 19.9077
      vertex 157.268 43.8 10.2347
    endloop
  endfacet
  facet normal 0 -1 0
    outer loop
      vertex 157.413 43.8 10.681
      vertex 131 43.8 19.9077
      vertex 157.323 43.8 10.4635
    endloop
  endfacet
  facet normal 0 -1 0
    outer loop
      vertex 157.536 43.8 10.8817
      vertex 131 43.8 19.9077
      vertex 157.413 43.8 10.681
    endloop
  endfacet
  facet normal 0 -1 0
    outer loop
      vertex 157.689 43.8 11.0607
      vertex 131 43.8 19.9077
      vertex 157.536 43.8 10.8817
    endloop
  endfacet
  facet normal 0 -1 0
    outer loop
      vertex 157.868 43.8 11.2135
      vertex 131 43.8 19.9077
      vertex 157.689 43.8 11.0607
    endloop
  endfacet
  facet normal 0 -1 0
    outer loop
      vertex 158.069 43.8 11.3365
      vertex 131 43.8 19.9077
      vertex 157.868 43.8 11.2135
    endloop
  endfacet
  facet normal 0 -1 0
    outer loop
      vertex 158.286 43.8 11.4266
      vertex 131 43.8 19.9077
      vertex 158.069 43.8 11.3365
    endloop
  endfacet
  facet normal 0 -1 0
    outer loop
      vertex 158.515 43.8 11.4815
      vertex 131 43.8 19.9077
      vertex 158.286 43.8 11.4266
    endloop
  endfacet
  facet normal 0 -1 0
    outer loop
      vertex 252 43.8 19.9077
      vertex 131 43.8 19.9077
      vertex 158.515 43.8 11.4815
    endloop
  endfacet
  facet normal -0 -1 0
    outer loop
      vertex 158.985 43.8 11.4815
      vertex 159.214 43.8 11.4266
      vertex 252 43.8 19.9077
    endloop
  endfacet
  facet normal 0 -1 0
    outer loop
      vertex 252 43.8 19.9077
      vertex 158.515 43.8 11.4815
      vertex 158.75 43.8 11.5
    endloop
  endfacet
  facet normal -0 -1 0
    outer loop
      vertex 159.214 43.8 11.4266
      vertex 159.431 43.8 11.3365
      vertex 252 43.8 19.9077
    endloop
  endfacet
  facet normal -0 -1 0
    outer loop
      vertex 159.431 43.8 11.3365
      vertex 159.632 43.8 11.2135
      vertex 252 43.8 19.9077
    endloop
  endfacet
  facet normal -0 -1 0
    outer loop
      vertex 159.632 43.8 11.2135
      vertex 159.811 43.8 11.0607
      vertex 252 43.8 19.9077
    endloop
  endfacet
  facet normal -0 -1 0
    outer loop
      vertex 159.811 43.8 11.0607
      vertex 159.964 43.8 10.8817
      vertex 252 43.8 19.9077
    endloop
  endfacet
  facet normal -0 -1 0
    outer loop
      vertex 159.964 43.8 10.8817
      vertex 160.087 43.8 10.681
      vertex 252 43.8 19.9077
    endloop
  endfacet
  facet normal -0 -1 0
    outer loop
      vertex 160.087 43.8 10.681
      vertex 160.177 43.8 10.4635
      vertex 252 43.8 19.9077
    endloop
  endfacet
  facet normal -0 -1 0
    outer loop
      vertex 160.177 43.8 10.4635
      vertex 160.232 43.8 10.2347
      vertex 252 43.8 19.9077
    endloop
  endfacet
  facet normal 0 -1 0
    outer loop
      vertex 158.985 43.8 8.51847
      vertex 158.75 43.8 8.5
      vertex 131 43.8 2
    endloop
  endfacet
  facet normal 0 -1 0
    outer loop
      vertex 222.015 43.8 11.4815
      vertex 222.25 43.8 11.5
      vertex 252 43.8 19.9077
    endloop
  endfacet
  facet normal 0 -1 0
    outer loop
      vertex 157.413 43.8 9.31901
      vertex 157.323 43.8 9.53648
      vertex 131 43.8 2
    endloop
  endfacet
  facet normal 0 -1 0
    outer loop
      vertex 252 43.8 19.9077
      vertex 160.232 43.8 10.2347
      vertex 160.25 43.8 10
    endloop
  endfacet
  facet normal 0 -1 0
    outer loop
      vertex 157.536 43.8 9.11832
      vertex 157.413 43.8 9.31901
      vertex 131 43.8 2
    endloop
  endfacet
  facet normal 0 -1 0
    outer loop
      vertex 252 43.8 19.9077
      vertex 160.25 43.8 10
      vertex 160.232 43.8 9.76535
    endloop
  endfacet
  facet normal 0 -1 0
    outer loop
      vertex 157.689 43.8 8.93934
      vertex 157.536 43.8 9.11832
      vertex 131 43.8 2
    endloop
  endfacet
  facet normal 0 -1 0
    outer loop
      vertex 252 43.8 19.9077
      vertex 160.232 43.8 9.76535
      vertex 160.177 43.8 9.53648
    endloop
  endfacet
  facet normal 0 -1 0
    outer loop
      vertex 157.868 43.8 8.78648
      vertex 157.689 43.8 8.93934
      vertex 131 43.8 2
    endloop
  endfacet
  facet normal 0 -1 0
    outer loop
      vertex 252 43.8 19.9077
      vertex 160.177 43.8 9.53648
      vertex 160.087 43.8 9.31901
    endloop
  endfacet
  facet normal 0 -1 0
    outer loop
      vertex 158.069 43.8 8.66349
      vertex 157.868 43.8 8.78648
      vertex 131 43.8 2
    endloop
  endfacet
  facet normal 0 -1 0
    outer loop
      vertex 252 43.8 19.9077
      vertex 160.087 43.8 9.31901
      vertex 159.964 43.8 9.11832
    endloop
  endfacet
  facet normal 0 -1 0
    outer loop
      vertex 158.286 43.8 8.57342
      vertex 158.069 43.8 8.66349
      vertex 131 43.8 2
    endloop
  endfacet
  facet normal 0 -1 0
    outer loop
      vertex 252 43.8 19.9077
      vertex 159.964 43.8 9.11832
      vertex 159.811 43.8 8.93934
    endloop
  endfacet
  facet normal 0 -1 0
    outer loop
      vertex 252 43.8 19.9077
      vertex 159.811 43.8 8.93934
      vertex 159.632 43.8 8.78648
    endloop
  endfacet
  facet normal 0 -1 0
    outer loop
      vertex 252 43.8 19.9077
      vertex 159.632 43.8 8.78648
      vertex 159.431 43.8 8.66349
    endloop
  endfacet
  facet normal 0 -1 0
    outer loop
      vertex 158.75 43.8 8.5
      vertex 158.515 43.8 8.51847
      vertex 131 43.8 2
    endloop
  endfacet
  facet normal 0 -1 0
    outer loop
      vertex 252 43.8 19.9077
      vertex 159.431 43.8 8.66349
      vertex 159.214 43.8 8.57342
    endloop
  endfacet
  facet normal 0 -1 0
    outer loop
      vertex 252 43.8 19.9077
      vertex 158.985 43.8 8.51847
      vertex 131 43.8 2
    endloop
  endfacet
  facet normal 0 -1 0
    outer loop
      vertex 252 43.8 19.9077
      vertex 159.214 43.8 8.57342
      vertex 158.985 43.8 8.51847
    endloop
  endfacet
  facet normal 0 -1 0
    outer loop
      vertex 157.323 43.8 9.53648
      vertex 157.268 43.8 9.76535
      vertex 131 43.8 2
    endloop
  endfacet
  facet normal 0 -1 0
    outer loop
      vertex 220.768 43.8 9.76535
      vertex 220.75 43.8 10
      vertex 131 43.8 2
    endloop
  endfacet
  facet normal 0 -1 -0
    outer loop
      vertex 220.75 43.8 10
      vertex 220.768 43.8 10.2347
      vertex 131 43.8 2
    endloop
  endfacet
  facet normal 0 -1 -0
    outer loop
      vertex 220.768 43.8 10.2347
      vertex 220.823 43.8 10.4635
      vertex 131 43.8 2
    endloop
  endfacet
  facet normal 0 -1 -0
    outer loop
      vertex 220.823 43.8 10.4635
      vertex 220.913 43.8 10.681
      vertex 131 43.8 2
    endloop
  endfacet
  facet normal 0 -1 -0
    outer loop
      vertex 220.913 43.8 10.681
      vertex 221.036 43.8 10.8817
      vertex 131 43.8 2
    endloop
  endfacet
  facet normal 0 -1 -0
    outer loop
      vertex 221.036 43.8 10.8817
      vertex 221.189 43.8 11.0607
      vertex 131 43.8 2
    endloop
  endfacet
  facet normal 0 -1 -0
    outer loop
      vertex 221.189 43.8 11.0607
      vertex 221.368 43.8 11.2135
      vertex 131 43.8 2
    endloop
  endfacet
  facet normal 0 -1 -0
    outer loop
      vertex 221.368 43.8 11.2135
      vertex 221.569 43.8 11.3365
      vertex 131 43.8 2
    endloop
  endfacet
  facet normal 0 -1 -0
    outer loop
      vertex 221.569 43.8 11.3365
      vertex 221.786 43.8 11.4266
      vertex 131 43.8 2
    endloop
  endfacet
  facet normal 0 -1 -0
    outer loop
      vertex 222.015 43.8 11.4815
      vertex 252 43.8 19.9077
      vertex 221.786 43.8 11.4266
    endloop
  endfacet
  facet normal -0 -1 0
    outer loop
      vertex 222.25 43.8 11.5
      vertex 222.485 43.8 11.4815
      vertex 252 43.8 19.9077
    endloop
  endfacet
  facet normal -0 -1 0
    outer loop
      vertex 222.485 43.8 11.4815
      vertex 222.714 43.8 11.4266
      vertex 252 43.8 19.9077
    endloop
  endfacet
  facet normal -0 -1 0
    outer loop
      vertex 222.714 43.8 11.4266
      vertex 222.931 43.8 11.3365
      vertex 252 43.8 19.9077
    endloop
  endfacet
  facet normal -0 -1 0
    outer loop
      vertex 222.931 43.8 11.3365
      vertex 223.132 43.8 11.2135
      vertex 252 43.8 19.9077
    endloop
  endfacet
  facet normal -0 -1 0
    outer loop
      vertex 223.132 43.8 11.2135
      vertex 223.311 43.8 11.0607
      vertex 252 43.8 19.9077
    endloop
  endfacet
  facet normal -0 -1 0
    outer loop
      vertex 223.311 43.8 11.0607
      vertex 223.464 43.8 10.8817
      vertex 252 43.8 19.9077
    endloop
  endfacet
  facet normal -0 -1 0
    outer loop
      vertex 223.464 43.8 10.8817
      vertex 223.587 43.8 10.681
      vertex 252 43.8 19.9077
    endloop
  endfacet
  facet normal 0 -1 0
    outer loop
      vertex 223.587 43.8 9.31901
      vertex 223.464 43.8 9.11832
      vertex 252 43.8 2
    endloop
  endfacet
  facet normal 0 -1 0
    outer loop
      vertex 252 43.8 2
      vertex 252 43.8 19.9077
      vertex 223.587 43.8 10.681
    endloop
  endfacet
  facet normal 0 -1 0
    outer loop
      vertex 252 43.8 2
      vertex 223.587 43.8 10.681
      vertex 223.677 43.8 10.4635
    endloop
  endfacet
  facet normal 0 -1 0
    outer loop
      vertex 252 43.8 2
      vertex 223.677 43.8 10.4635
      vertex 223.732 43.8 10.2347
    endloop
  endfacet
  facet normal 0 -1 0
    outer loop
      vertex 252 43.8 2
      vertex 223.732 43.8 10.2347
      vertex 223.75 43.8 10
    endloop
  endfacet
  facet normal 0 -1 0
    outer loop
      vertex 252 43.8 2
      vertex 223.75 43.8 10
      vertex 223.732 43.8 9.76535
    endloop
  endfacet
  facet normal 0 -1 0
    outer loop
      vertex 252 43.8 2
      vertex 223.732 43.8 9.76535
      vertex 223.677 43.8 9.53648
    endloop
  endfacet
  facet normal 0 -1 0
    outer loop
      vertex 222.25 43.8 8.5
      vertex 222.015 43.8 8.51847
      vertex 131 43.8 2
    endloop
  endfacet
  facet normal 0 -1 0
    outer loop
      vertex 252 43.8 2
      vertex 223.677 43.8 9.53648
      vertex 223.587 43.8 9.31901
    endloop
  endfacet
  facet normal 0 -1 0
    outer loop
      vertex 221.189 43.8 8.93934
      vertex 221.036 43.8 9.11832
      vertex 131 43.8 2
    endloop
  endfacet
  facet normal 0 -1 0
    outer loop
      vertex 252 43.8 2
      vertex 223.464 43.8 9.11832
      vertex 223.311 43.8 8.93934
    endloop
  endfacet
  facet normal 0 -1 0
    outer loop
      vertex 221.368 43.8 8.78648
      vertex 221.189 43.8 8.93934
      vertex 131 43.8 2
    endloop
  endfacet
  facet normal 0 -1 0
    outer loop
      vertex 252 43.8 2
      vertex 223.311 43.8 8.93934
      vertex 223.132 43.8 8.78648
    endloop
  endfacet
  facet normal 0 -1 0
    outer loop
      vertex 221.569 43.8 8.66349
      vertex 221.368 43.8 8.78648
      vertex 131 43.8 2
    endloop
  endfacet
  facet normal 0 -1 0
    outer loop
      vertex 252 43.8 2
      vertex 223.132 43.8 8.78648
      vertex 222.931 43.8 8.66349
    endloop
  endfacet
  facet normal 0 -1 0
    outer loop
      vertex 221.786 43.8 8.57342
      vertex 221.569 43.8 8.66349
      vertex 131 43.8 2
    endloop
  endfacet
  facet normal 0 -1 0
    outer loop
      vertex 252 43.8 2
      vertex 222.931 43.8 8.66349
      vertex 222.714 43.8 8.57342
    endloop
  endfacet
  facet normal 0 -1 0
    outer loop
      vertex 222.015 43.8 8.51847
      vertex 221.786 43.8 8.57342
      vertex 131 43.8 2
    endloop
  endfacet
  facet normal 0 -1 0
    outer loop
      vertex 252 43.8 2
      vertex 222.714 43.8 8.57342
      vertex 222.485 43.8 8.51847
    endloop
  endfacet
  facet normal 0 -1 0
    outer loop
      vertex 252 43.8 2
      vertex 222.25 43.8 8.5
      vertex 131 43.8 2
    endloop
  endfacet
  facet normal 0 -1 0
    outer loop
      vertex 252 43.8 2
      vertex 222.485 43.8 8.51847
      vertex 222.25 43.8 8.5
    endloop
  endfacet
  facet normal 0 -1 0
    outer loop
      vertex 221.036 43.8 9.11832
      vertex 220.913 43.8 9.31901
      vertex 131 43.8 2
    endloop
  endfacet
  facet normal 0 -1 0
    outer loop
      vertex 220.913 43.8 9.31901
      vertex 220.823 43.8 9.53648
      vertex 131 43.8 2
    endloop
  endfacet
  facet normal 0 -1 0
    outer loop
      vertex 220.823 43.8 9.53648
      vertex 220.768 43.8 9.76535
      vertex 131 43.8 2
    endloop
  endfacet
  facet normal -0 -1 0
    outer loop
      vertex 158.75 43.8 11.5
      vertex 158.985 43.8 11.4815
      vertex 252 43.8 19.9077
    endloop
  endfacet
  facet normal 0 -1 0
    outer loop
      vertex 158.515 43.8 8.51847
      vertex 158.286 43.8 8.57342
      vertex 131 43.8 2
    endloop
  endfacet
  facet normal 1 -0 0
    outer loop
      vertex 131 43.8 2
      vertex 131 43.8 19.9077
      vertex 131 5 2
    endloop
  endfacet
  facet normal 0 -0 1
    outer loop
      vertex 24.3446 15.763 2
      vertex 2 5 2
      vertex 129 5 2
    endloop
  endfacet
  facet normal 0 0 1
    outer loop
      vertex 62.405 28.9138 2
      vertex 63.5 29 2
      vertex 129 43.8 2
    endloop
  endfacet
  facet normal 0 0 1
    outer loop
      vertex 23.3298 15.3426 2
      vertex 22.2617 15.0862 2
      vertex 2 5 2
    endloop
  endfacet
  facet normal 0 -0 1
    outer loop
      vertex 2 43.8 2
      vertex 2 5 2
      vertex 14.2528 20.905 2
    endloop
  endfacet
  facet normal 0 -0 1
    outer loop
      vertex 27.8241 19.8369 2
      vertex 27.4037 18.8221 2
      vertex 129 5 2
    endloop
  endfacet
  facet normal 0 0 1
    outer loop
      vertex 2 43.8 2
      vertex 14.2528 20.905 2
      vertex 14.1667 22 2
    endloop
  endfacet
  facet normal 0 0 1
    outer loop
      vertex 2 43.8 2
      vertex 14.1667 22 2
      vertex 14.2528 23.095 2
    endloop
  endfacet
  facet normal 0 -0 1
    outer loop
      vertex 28.0805 20.905 2
      vertex 27.8241 19.8369 2
      vertex 62.405 15.0862 2
    endloop
  endfacet
  facet normal 0 0 1
    outer loop
      vertex 2 43.8 2
      vertex 14.2528 23.095 2
      vertex 14.5093 24.1631 2
    endloop
  endfacet
  facet normal 0 0 1
    outer loop
      vertex 2 43.8 2
      vertex 14.5093 24.1631 2
      vertex 14.9296 25.1779 2
    endloop
  endfacet
  facet normal 0 0 1
    outer loop
      vertex 57.8369 17.8855 2
      vertex 27.8241 24.1631 2
      vertex 28.0805 23.095 2
    endloop
  endfacet
  facet normal 0 0 1
    outer loop
      vertex 2 43.8 2
      vertex 14.9296 25.1779 2
      vertex 15.5035 26.1145 2
    endloop
  endfacet
  facet normal 0 0 1
    outer loop
      vertex 57.263 18.8221 2
      vertex 26.8298 26.1145 2
      vertex 27.4037 25.1779 2
    endloop
  endfacet
  facet normal 0 0 1
    outer loop
      vertex 2 43.8 2
      vertex 15.5035 26.1145 2
      vertex 16.2169 26.9497 2
    endloop
  endfacet
  facet normal 0 0 1
    outer loop
      vertex 27.4037 25.1779 2
      vertex 27.8241 24.1631 2
      vertex 57.263 18.8221 2
    endloop
  endfacet
  facet normal 0 0 1
    outer loop
      vertex 2 43.8 2
      vertex 16.2169 26.9497 2
      vertex 17.0522 27.6631 2
    endloop
  endfacet
  facet normal 0 0 1
    outer loop
      vertex 2 43.8 2
      vertex 17.0522 27.6631 2
      vertex 17.9887 28.237 2
    endloop
  endfacet
  facet normal 0 0 1
    outer loop
      vertex 56.5862 20.905 2
      vertex 56.5 22 2
      vertex 22.2617 28.9138 2
    endloop
  endfacet
  facet normal 0 0 1
    outer loop
      vertex 2 43.8 2
      vertex 17.9887 28.237 2
      vertex 19.0035 28.6574 2
    endloop
  endfacet
  facet normal 0 0 1
    outer loop
      vertex 56.5862 20.905 2
      vertex 22.2617 28.9138 2
      vertex 23.3298 28.6574 2
    endloop
  endfacet
  facet normal 0 0 1
    outer loop
      vertex 2 43.8 2
      vertex 19.0035 28.6574 2
      vertex 20.0716 28.9138 2
    endloop
  endfacet
  facet normal 0 -0 1
    outer loop
      vertex 69.1631 17.8855 2
      vertex 68.4497 17.0503 2
      vertex 129 5 2
    endloop
  endfacet
  facet normal 0 0 1
    outer loop
      vertex 2 43.8 2
      vertex 20.0716 28.9138 2
      vertex 21.1667 29 2
    endloop
  endfacet
  facet normal 0 0 1
    outer loop
      vertex 2 43.8 2
      vertex 21.1667 29 2
      vertex 22.2617 28.9138 2
    endloop
  endfacet
  facet normal 0 0 1
    outer loop
      vertex 57.8369 26.1145 2
      vertex 58.5503 26.9497 2
      vertex 2 43.8 2
    endloop
  endfacet
  facet normal 0 -0 1
    outer loop
      vertex 27.4037 18.8221 2
      vertex 26.8298 17.8855 2
      vertex 129 5 2
    endloop
  endfacet
  facet normal 0 -0 1
    outer loop
      vertex 26.8298 17.8855 2
      vertex 26.1164 17.0503 2
      vertex 129 5 2
    endloop
  endfacet
  facet normal -0 0 1
    outer loop
      vertex 21.1667 15 2
      vertex 20.0716 15.0862 2
      vertex 2 5 2
    endloop
  endfacet
  facet normal 0 -0 1
    outer loop
      vertex 26.1164 17.0503 2
      vertex 25.2812 16.3369 2
      vertex 129 5 2
    endloop
  endfacet
  facet normal 0 -0 1
    outer loop
      vertex 25.2812 16.3369 2
      vertex 24.3446 15.763 2
      vertex 129 5 2
    endloop
  endfacet
  facet normal 0 -0 1
    outer loop
      vertex 23.3298 15.3426 2
      vertex 2 5 2
      vertex 24.3446 15.763 2
    endloop
  endfacet
  facet normal 0 0 1
    outer loop
      vertex 103.67 28.6574 2
      vertex 104.738 28.9138 2
      vertex 129 43.8 2
    endloop
  endfacet
  facet normal 0 -0 1
    outer loop
      vertex 19.0035 15.3426 2
      vertex 2 5 2
      vertex 20.0716 15.0862 2
    endloop
  endfacet
  facet normal 0 -0 1
    outer loop
      vertex 17.9887 15.763 2
      vertex 2 5 2
      vertex 19.0035 15.3426 2
    endloop
  endfacet
  facet normal 0 -0 1
    outer loop
      vertex 17.0522 16.3369 2
      vertex 2 5 2
      vertex 17.9887 15.763 2
    endloop
  endfacet
  facet normal 0 -0 1
    outer loop
      vertex 16.2169 17.0503 2
      vertex 2 5 2
      vertex 17.0522 16.3369 2
    endloop
  endfacet
  facet normal 0 -0 1
    outer loop
      vertex 15.5035 17.8855 2
      vertex 2 5 2
      vertex 16.2169 17.0503 2
    endloop
  endfacet
  facet normal 0 -0 1
    outer loop
      vertex 14.9296 18.8221 2
      vertex 2 5 2
      vertex 15.5035 17.8855 2
    endloop
  endfacet
  facet normal 0 -0 1
    outer loop
      vertex 14.5093 19.8369 2
      vertex 2 5 2
      vertex 14.9296 18.8221 2
    endloop
  endfacet
  facet normal 0 -0 1
    outer loop
      vertex 14.2528 20.905 2
      vertex 2 5 2
      vertex 14.5093 19.8369 2
    endloop
  endfacet
  facet normal 0 0 1
    outer loop
      vertex 56.5862 20.905 2
      vertex 23.3298 28.6574 2
      vertex 24.3446 28.237 2
    endloop
  endfacet
  facet normal 0 -0 1
    outer loop
      vertex 69.737 18.8221 2
      vertex 69.1631 17.8855 2
      vertex 129 5 2
    endloop
  endfacet
  facet normal 0 0 1
    outer loop
      vertex 2 43.8 2
      vertex 22.2617 28.9138 2
      vertex 56.5 22 2
    endloop
  endfacet
  facet normal 0 0 1
    outer loop
      vertex 2 43.8 2
      vertex 56.5 22 2
      vertex 56.5862 23.095 2
    endloop
  endfacet
  facet normal 0 0 1
    outer loop
      vertex 2 43.8 2
      vertex 56.5862 23.095 2
      vertex 56.8426 24.1631 2
    endloop
  endfacet
  facet normal 0 -0 1
    outer loop
      vertex 70.4138 20.905 2
      vertex 70.1574 19.8369 2
      vertex 129 5 2
    endloop
  endfacet
  facet normal 0 0 1
    outer loop
      vertex 2 43.8 2
      vertex 56.8426 24.1631 2
      vertex 57.263 25.1779 2
    endloop
  endfacet
  facet normal 0 -0 1
    outer loop
      vertex 70.1574 19.8369 2
      vertex 69.737 18.8221 2
      vertex 129 5 2
    endloop
  endfacet
  facet normal 0 0 1
    outer loop
      vertex 2 43.8 2
      vertex 57.263 25.1779 2
      vertex 57.8369 26.1145 2
    endloop
  endfacet
  facet normal 0 0 1
    outer loop
      vertex 70.4138 23.095 2
      vertex 70.5 22 2
      vertex 129 5 2
    endloop
  endfacet
  facet normal -0 0 1
    outer loop
      vertex 59.3855 27.6631 2
      vertex 2 43.8 2
      vertex 58.5503 26.9497 2
    endloop
  endfacet
  facet normal -0 0 1
    outer loop
      vertex 60.3221 28.237 2
      vertex 2 43.8 2
      vertex 59.3855 27.6631 2
    endloop
  endfacet
  facet normal -0 0 1
    outer loop
      vertex 61.3369 28.6574 2
      vertex 2 43.8 2
      vertex 60.3221 28.237 2
    endloop
  endfacet
  facet normal -0 0 1
    outer loop
      vertex 62.405 28.9138 2
      vertex 2 43.8 2
      vertex 61.3369 28.6574 2
    endloop
  endfacet
  facet normal 0 0 1
    outer loop
      vertex 63.5 29 2
      vertex 64.595 28.9138 2
      vertex 129 43.8 2
    endloop
  endfacet
  facet normal 0 0 1
    outer loop
      vertex 129 43.8 2
      vertex 2 43.8 2
      vertex 62.405 28.9138 2
    endloop
  endfacet
  facet normal 0 0 1
    outer loop
      vertex 64.595 28.9138 2
      vertex 65.6631 28.6574 2
      vertex 129 43.8 2
    endloop
  endfacet
  facet normal 0 0 1
    outer loop
      vertex 65.6631 28.6574 2
      vertex 66.6779 28.237 2
      vertex 129 43.8 2
    endloop
  endfacet
  facet normal 0 0 1
    outer loop
      vertex 70.1574 24.1631 2
      vertex 70.4138 23.095 2
      vertex 129 5 2
    endloop
  endfacet
  facet normal -0 -0 1
    outer loop
      vertex 103.67 15.3426 2
      vertex 66.6779 28.237 2
      vertex 129 5 2
    endloop
  endfacet
  facet normal 0 0 1
    outer loop
      vertex 66.6779 28.237 2
      vertex 67.6145 27.6631 2
      vertex 129 5 2
    endloop
  endfacet
  facet normal 0 0 1
    outer loop
      vertex 67.6145 27.6631 2
      vertex 68.4497 26.9497 2
      vertex 129 5 2
    endloop
  endfacet
  facet normal 0 0 1
    outer loop
      vertex 68.4497 26.9497 2
      vertex 69.1631 26.1145 2
      vertex 129 5 2
    endloop
  endfacet
  facet normal 0 0 1
    outer loop
      vertex 69.1631 26.1145 2
      vertex 69.737 25.1779 2
      vertex 129 5 2
    endloop
  endfacet
  facet normal 0 0 1
    outer loop
      vertex 69.737 25.1779 2
      vertex 70.1574 24.1631 2
      vertex 129 5 2
    endloop
  endfacet
  facet normal 0 -0 1
    outer loop
      vertex 70.5 22 2
      vertex 70.4138 20.905 2
      vertex 129 5 2
    endloop
  endfacet
  facet normal 0 -0 1
    outer loop
      vertex 67.6145 16.3369 2
      vertex 66.6779 15.763 2
      vertex 129 5 2
    endloop
  endfacet
  facet normal -0 -0 1
    outer loop
      vertex 62.405 15.0862 2
      vertex 27.8241 19.8369 2
      vertex 129 5 2
    endloop
  endfacet
  facet normal 0 0 1
    outer loop
      vertex 28.0805 20.905 2
      vertex 61.3369 15.3426 2
      vertex 60.3221 15.763 2
    endloop
  endfacet
  facet normal 0 0 1
    outer loop
      vertex 56.8426 19.8369 2
      vertex 56.5862 20.905 2
      vertex 25.2812 27.6631 2
    endloop
  endfacet
  facet normal 0 -0 1
    outer loop
      vertex 64.595 15.0862 2
      vertex 63.5 15 2
      vertex 129 5 2
    endloop
  endfacet
  facet normal 0 0 1
    outer loop
      vertex 56.8426 19.8369 2
      vertex 26.1164 26.9497 2
      vertex 26.8298 26.1145 2
    endloop
  endfacet
  facet normal -0 -0 1
    outer loop
      vertex 63.5 15 2
      vertex 62.405 15.0862 2
      vertex 129 5 2
    endloop
  endfacet
  facet normal 0 0 1
    outer loop
      vertex 22.2617 15.0862 2
      vertex 21.1667 15 2
      vertex 2 5 2
    endloop
  endfacet
  facet normal 0 0 1
    outer loop
      vertex 56.8426 19.8369 2
      vertex 25.2812 27.6631 2
      vertex 26.1164 26.9497 2
    endloop
  endfacet
  facet normal 0 0 1
    outer loop
      vertex 59.3855 16.3369 2
      vertex 58.5503 17.0503 2
      vertex 28.1667 22 2
    endloop
  endfacet
  facet normal 0 0 1
    outer loop
      vertex 28.0805 20.905 2
      vertex 62.405 15.0862 2
      vertex 61.3369 15.3426 2
    endloop
  endfacet
  facet normal 0 -0 1
    outer loop
      vertex 65.6631 15.3426 2
      vertex 64.595 15.0862 2
      vertex 129 5 2
    endloop
  endfacet
  facet normal 0 0 1
    outer loop
      vertex 57.8369 17.8855 2
      vertex 57.263 18.8221 2
      vertex 27.8241 24.1631 2
    endloop
  endfacet
  facet normal 0 -0 1
    outer loop
      vertex 66.6779 15.763 2
      vertex 65.6631 15.3426 2
      vertex 129 5 2
    endloop
  endfacet
  facet normal 0 0 1
    outer loop
      vertex 57.263 18.8221 2
      vertex 56.8426 19.8369 2
      vertex 26.8298 26.1145 2
    endloop
  endfacet
  facet normal 0 0 1
    outer loop
      vertex 58.5503 17.0503 2
      vertex 28.0805 23.095 2
      vertex 28.1667 22 2
    endloop
  endfacet
  facet normal 0 0 1
    outer loop
      vertex 102.655 15.763 2
      vertex 101.719 16.3369 2
      vertex 66.6779 28.237 2
    endloop
  endfacet
  facet normal -0 -0 1
    outer loop
      vertex 98.8333 22 2
      vertex 66.6779 28.237 2
      vertex 98.9195 20.905 2
    endloop
  endfacet
  facet normal 0 0 1
    outer loop
      vertex 111.496 26.1145 2
      vertex 112.07 25.1779 2
      vertex 129 5 2
    endloop
  endfacet
  facet normal -0 0 1
    outer loop
      vertex 98.9195 23.095 2
      vertex 66.6779 28.237 2
      vertex 98.8333 22 2
    endloop
  endfacet
  facet normal -0 0 1
    outer loop
      vertex 99.1759 24.1631 2
      vertex 66.6779 28.237 2
      vertex 98.9195 23.095 2
    endloop
  endfacet
  facet normal -0 0 1
    outer loop
      vertex 99.5963 25.1779 2
      vertex 66.6779 28.237 2
      vertex 99.1759 24.1631 2
    endloop
  endfacet
  facet normal -0 0 1
    outer loop
      vertex 100.17 26.1145 2
      vertex 66.6779 28.237 2
      vertex 99.5963 25.1779 2
    endloop
  endfacet
  facet normal -0 0 1
    outer loop
      vertex 100.884 26.9497 2
      vertex 66.6779 28.237 2
      vertex 100.17 26.1145 2
    endloop
  endfacet
  facet normal 0 0 1
    outer loop
      vertex 104.738 28.9138 2
      vertex 105.833 29 2
      vertex 129 43.8 2
    endloop
  endfacet
  facet normal -0 0 1
    outer loop
      vertex 101.719 27.6631 2
      vertex 66.6779 28.237 2
      vertex 100.884 26.9497 2
    endloop
  endfacet
  facet normal 0 0 1
    outer loop
      vertex 102.655 28.237 2
      vertex 66.6779 28.237 2
      vertex 101.719 27.6631 2
    endloop
  endfacet
  facet normal 0 0 1
    outer loop
      vertex 129 43.8 2
      vertex 66.6779 28.237 2
      vertex 102.655 28.237 2
    endloop
  endfacet
  facet normal 0 0 1
    outer loop
      vertex 107.996 28.6574 2
      vertex 109.011 28.237 2
      vertex 129 43.8 2
    endloop
  endfacet
  facet normal 0 0 1
    outer loop
      vertex 105.833 29 2
      vertex 106.928 28.9138 2
      vertex 129 43.8 2
    endloop
  endfacet
  facet normal 0 0 1
    outer loop
      vertex 106.928 28.9138 2
      vertex 107.996 28.6574 2
      vertex 129 43.8 2
    endloop
  endfacet
  facet normal 0 0 1
    outer loop
      vertex 112.07 25.1779 2
      vertex 112.491 24.1631 2
      vertex 129 5 2
    endloop
  endfacet
  facet normal 0 -0 1
    outer loop
      vertex 109.011 15.763 2
      vertex 107.996 15.3426 2
      vertex 129 5 2
    endloop
  endfacet
  facet normal 0 0 1
    outer loop
      vertex 100.884 17.0503 2
      vertex 100.17 17.8855 2
      vertex 66.6779 28.237 2
    endloop
  endfacet
  facet normal 0 0 1
    outer loop
      vertex 129 43.8 2
      vertex 109.011 28.237 2
      vertex 109.948 27.6631 2
    endloop
  endfacet
  facet normal 0 0 1
    outer loop
      vertex 129 43.8 2
      vertex 109.948 27.6631 2
      vertex 110.783 26.9497 2
    endloop
  endfacet
  facet normal 0 0 1
    outer loop
      vertex 129 43.8 2
      vertex 111.496 26.1145 2
      vertex 129 5 2
    endloop
  endfacet
  facet normal 0 0 1
    outer loop
      vertex 129 43.8 2
      vertex 110.783 26.9497 2
      vertex 111.496 26.1145 2
    endloop
  endfacet
  facet normal 0 0 1
    outer loop
      vertex 112.491 24.1631 2
      vertex 112.747 23.095 2
      vertex 129 5 2
    endloop
  endfacet
  facet normal 0 0 1
    outer loop
      vertex 112.747 23.095 2
      vertex 112.833 22 2
      vertex 129 5 2
    endloop
  endfacet
  facet normal 0 -0 1
    outer loop
      vertex 112.833 22 2
      vertex 112.747 20.905 2
      vertex 129 5 2
    endloop
  endfacet
  facet normal 0 -0 1
    outer loop
      vertex 112.747 20.905 2
      vertex 112.491 19.8369 2
      vertex 129 5 2
    endloop
  endfacet
  facet normal 0 -0 1
    outer loop
      vertex 112.491 19.8369 2
      vertex 112.07 18.8221 2
      vertex 129 5 2
    endloop
  endfacet
  facet normal 0 -0 1
    outer loop
      vertex 112.07 18.8221 2
      vertex 111.496 17.8855 2
      vertex 129 5 2
    endloop
  endfacet
  facet normal 0 -0 1
    outer loop
      vertex 111.496 17.8855 2
      vertex 110.783 17.0503 2
      vertex 129 5 2
    endloop
  endfacet
  facet normal 0 -0 1
    outer loop
      vertex 110.783 17.0503 2
      vertex 109.948 16.3369 2
      vertex 129 5 2
    endloop
  endfacet
  facet normal 0 -0 1
    outer loop
      vertex 109.948 16.3369 2
      vertex 109.011 15.763 2
      vertex 129 5 2
    endloop
  endfacet
  facet normal 0 -0 1
    outer loop
      vertex 107.996 15.3426 2
      vertex 106.928 15.0862 2
      vertex 129 5 2
    endloop
  endfacet
  facet normal 0 -0 1
    outer loop
      vertex 106.928 15.0862 2
      vertex 105.833 15 2
      vertex 129 5 2
    endloop
  endfacet
  facet normal -0 -0 1
    outer loop
      vertex 105.833 15 2
      vertex 104.738 15.0862 2
      vertex 129 5 2
    endloop
  endfacet
  facet normal -0 -0 1
    outer loop
      vertex 104.738 15.0862 2
      vertex 103.67 15.3426 2
      vertex 129 5 2
    endloop
  endfacet
  facet normal -0 -0 1
    outer loop
      vertex 102.655 15.763 2
      vertex 66.6779 28.237 2
      vertex 103.67 15.3426 2
    endloop
  endfacet
  facet normal 0 0 1
    outer loop
      vertex 101.719 16.3369 2
      vertex 100.884 17.0503 2
      vertex 66.6779 28.237 2
    endloop
  endfacet
  facet normal -0 -0 1
    outer loop
      vertex 99.5963 18.8221 2
      vertex 66.6779 28.237 2
      vertex 100.17 17.8855 2
    endloop
  endfacet
  facet normal -0 -0 1
    outer loop
      vertex 99.1759 19.8369 2
      vertex 66.6779 28.237 2
      vertex 99.5963 18.8221 2
    endloop
  endfacet
  facet normal -0 -0 1
    outer loop
      vertex 98.9195 20.905 2
      vertex 66.6779 28.237 2
      vertex 99.1759 19.8369 2
    endloop
  endfacet
  facet normal 0 -0 1
    outer loop
      vertex 68.4497 17.0503 2
      vertex 67.6145 16.3369 2
      vertex 129 5 2
    endloop
  endfacet
  facet normal 0 0 1
    outer loop
      vertex 24.3446 28.237 2
      vertex 25.2812 27.6631 2
      vertex 56.5862 20.905 2
    endloop
  endfacet
  facet normal 0 0 1
    outer loop
      vertex 102.655 28.237 2
      vertex 103.67 28.6574 2
      vertex 129 43.8 2
    endloop
  endfacet
  facet normal 0 0 1
    outer loop
      vertex 58.5503 17.0503 2
      vertex 57.8369 17.8855 2
      vertex 28.0805 23.095 2
    endloop
  endfacet
  facet normal 0 0 1
    outer loop
      vertex 60.3221 15.763 2
      vertex 59.3855 16.3369 2
      vertex 28.0805 20.905 2
    endloop
  endfacet
  facet normal 0 -0 1
    outer loop
      vertex 28.1667 22 2
      vertex 28.0805 20.905 2
      vertex 59.3855 16.3369 2
    endloop
  endfacet
  facet normal -1 -0 0
    outer loop
      vertex 129 5 2
      vertex 129 43.8 19.9077
      vertex 129 43.8 2
    endloop
  endfacet
  facet normal 0 -1 0
    outer loop
      vertex 30.25 43.8 10
      vertex 2 43.8 19.9077
      vertex 2 43.8 2
    endloop
  endfacet
  facet normal 0 -1 -0
    outer loop
      vertex 94.7865 43.8 11.4266
      vertex 129 43.8 19.9077
      vertex 2 43.8 2
    endloop
  endfacet
  facet normal 0 -1 0
    outer loop
      vertex 30.2685 43.8 9.76535
      vertex 30.25 43.8 10
      vertex 2 43.8 2
    endloop
  endfacet
  facet normal 0 -1 0
    outer loop
      vertex 30.2685 43.8 10.2347
      vertex 2 43.8 19.9077
      vertex 30.25 43.8 10
    endloop
  endfacet
  facet normal 0 -1 0
    outer loop
      vertex 30.3234 43.8 10.4635
      vertex 2 43.8 19.9077
      vertex 30.2685 43.8 10.2347
    endloop
  endfacet
  facet normal 0 -1 0
    outer loop
      vertex 30.4135 43.8 10.681
      vertex 2 43.8 19.9077
      vertex 30.3234 43.8 10.4635
    endloop
  endfacet
  facet normal 0 -1 0
    outer loop
      vertex 30.5365 43.8 10.8817
      vertex 2 43.8 19.9077
      vertex 30.4135 43.8 10.681
    endloop
  endfacet
  facet normal 0 -1 0
    outer loop
      vertex 30.6893 43.8 11.0607
      vertex 2 43.8 19.9077
      vertex 30.5365 43.8 10.8817
    endloop
  endfacet
  facet normal 0 -1 0
    outer loop
      vertex 30.8683 43.8 11.2135
      vertex 2 43.8 19.9077
      vertex 30.6893 43.8 11.0607
    endloop
  endfacet
  facet normal 0 -1 0
    outer loop
      vertex 31.069 43.8 11.3365
      vertex 2 43.8 19.9077
      vertex 30.8683 43.8 11.2135
    endloop
  endfacet
  facet normal 0 -1 0
    outer loop
      vertex 31.2865 43.8 11.4266
      vertex 2 43.8 19.9077
      vertex 31.069 43.8 11.3365
    endloop
  endfacet
  facet normal 0 -1 0
    outer loop
      vertex 31.5153 43.8 11.4815
      vertex 2 43.8 19.9077
      vertex 31.2865 43.8 11.4266
    endloop
  endfacet
  facet normal 0 -1 0
    outer loop
      vertex 129 43.8 19.9077
      vertex 2 43.8 19.9077
      vertex 31.5153 43.8 11.4815
    endloop
  endfacet
  facet normal -0 -1 0
    outer loop
      vertex 31.9847 43.8 11.4815
      vertex 32.2135 43.8 11.4266
      vertex 129 43.8 19.9077
    endloop
  endfacet
  facet normal 0 -1 0
    outer loop
      vertex 129 43.8 19.9077
      vertex 31.5153 43.8 11.4815
      vertex 31.75 43.8 11.5
    endloop
  endfacet
  facet normal -0 -1 0
    outer loop
      vertex 32.2135 43.8 11.4266
      vertex 32.431 43.8 11.3365
      vertex 129 43.8 19.9077
    endloop
  endfacet
  facet normal -0 -1 0
    outer loop
      vertex 32.431 43.8 11.3365
      vertex 32.6317 43.8 11.2135
      vertex 129 43.8 19.9077
    endloop
  endfacet
  facet normal -0 -1 0
    outer loop
      vertex 32.6317 43.8 11.2135
      vertex 32.8107 43.8 11.0607
      vertex 129 43.8 19.9077
    endloop
  endfacet
  facet normal -0 -1 0
    outer loop
      vertex 32.8107 43.8 11.0607
      vertex 32.9635 43.8 10.8817
      vertex 129 43.8 19.9077
    endloop
  endfacet
  facet normal -0 -1 0
    outer loop
      vertex 32.9635 43.8 10.8817
      vertex 33.0865 43.8 10.681
      vertex 129 43.8 19.9077
    endloop
  endfacet
  facet normal -0 -1 0
    outer loop
      vertex 33.0865 43.8 10.681
      vertex 33.1766 43.8 10.4635
      vertex 129 43.8 19.9077
    endloop
  endfacet
  facet normal -0 -1 0
    outer loop
      vertex 33.1766 43.8 10.4635
      vertex 33.2315 43.8 10.2347
      vertex 129 43.8 19.9077
    endloop
  endfacet
  facet normal 0 -1 0
    outer loop
      vertex 31.9847 43.8 8.51847
      vertex 31.75 43.8 8.5
      vertex 2 43.8 2
    endloop
  endfacet
  facet normal 0 -1 0
    outer loop
      vertex 95.0153 43.8 11.4815
      vertex 95.25 43.8 11.5
      vertex 129 43.8 19.9077
    endloop
  endfacet
  facet normal 0 -1 0
    outer loop
      vertex 30.4135 43.8 9.31901
      vertex 30.3234 43.8 9.53648
      vertex 2 43.8 2
    endloop
  endfacet
  facet normal 0 -1 0
    outer loop
      vertex 129 43.8 19.9077
      vertex 33.2315 43.8 10.2347
      vertex 33.25 43.8 10
    endloop
  endfacet
  facet normal 0 -1 0
    outer loop
      vertex 30.5365 43.8 9.11832
      vertex 30.4135 43.8 9.31901
      vertex 2 43.8 2
    endloop
  endfacet
  facet normal 0 -1 0
    outer loop
      vertex 129 43.8 19.9077
      vertex 33.25 43.8 10
      vertex 33.2315 43.8 9.76535
    endloop
  endfacet
  facet normal 0 -1 0
    outer loop
      vertex 30.6893 43.8 8.93934
      vertex 30.5365 43.8 9.11832
      vertex 2 43.8 2
    endloop
  endfacet
  facet normal 0 -1 0
    outer loop
      vertex 129 43.8 19.9077
      vertex 33.2315 43.8 9.76535
      vertex 33.1766 43.8 9.53648
    endloop
  endfacet
  facet normal 0 -1 0
    outer loop
      vertex 129 43.8 19.9077
      vertex 33.1766 43.8 9.53648
      vertex 33.0865 43.8 9.31901
    endloop
  endfacet
  facet normal 0 -1 0
    outer loop
      vertex 129 43.8 19.9077
      vertex 33.0865 43.8 9.31901
      vertex 32.9635 43.8 9.11832
    endloop
  endfacet
  facet normal 0 -1 0
    outer loop
      vertex 31.069 43.8 8.66349
      vertex 30.8683 43.8 8.78648
      vertex 2 43.8 2
    endloop
  endfacet
  facet normal 0 -1 0
    outer loop
      vertex 129 43.8 19.9077
      vertex 32.9635 43.8 9.11832
      vertex 32.8107 43.8 8.93934
    endloop
  endfacet
  facet normal 0 -1 0
    outer loop
      vertex 31.2865 43.8 8.57342
      vertex 31.069 43.8 8.66349
      vertex 2 43.8 2
    endloop
  endfacet
  facet normal 0 -1 0
    outer loop
      vertex 129 43.8 19.9077
      vertex 32.8107 43.8 8.93934
      vertex 32.6317 43.8 8.78648
    endloop
  endfacet
  facet normal 0 -1 0
    outer loop
      vertex 31.5153 43.8 8.51847
      vertex 31.2865 43.8 8.57342
      vertex 2 43.8 2
    endloop
  endfacet
  facet normal 0 -1 0
    outer loop
      vertex 129 43.8 19.9077
      vertex 32.6317 43.8 8.78648
      vertex 32.431 43.8 8.66349
    endloop
  endfacet
  facet normal 0 -1 0
    outer loop
      vertex 31.75 43.8 8.5
      vertex 31.5153 43.8 8.51847
      vertex 2 43.8 2
    endloop
  endfacet
  facet normal 0 -1 0
    outer loop
      vertex 129 43.8 19.9077
      vertex 32.431 43.8 8.66349
      vertex 32.2135 43.8 8.57342
    endloop
  endfacet
  facet normal 0 -1 0
    outer loop
      vertex 129 43.8 19.9077
      vertex 31.9847 43.8 8.51847
      vertex 2 43.8 2
    endloop
  endfacet
  facet normal 0 -1 0
    outer loop
      vertex 129 43.8 19.9077
      vertex 32.2135 43.8 8.57342
      vertex 31.9847 43.8 8.51847
    endloop
  endfacet
  facet normal 0 -1 0
    outer loop
      vertex 30.3234 43.8 9.53648
      vertex 30.2685 43.8 9.76535
      vertex 2 43.8 2
    endloop
  endfacet
  facet normal 0 -1 0
    outer loop
      vertex 93.7685 43.8 9.76535
      vertex 93.75 43.8 10
      vertex 2 43.8 2
    endloop
  endfacet
  facet normal 0 -1 -0
    outer loop
      vertex 93.75 43.8 10
      vertex 93.7685 43.8 10.2347
      vertex 2 43.8 2
    endloop
  endfacet
  facet normal 0 -1 -0
    outer loop
      vertex 93.7685 43.8 10.2347
      vertex 93.8234 43.8 10.4635
      vertex 2 43.8 2
    endloop
  endfacet
  facet normal 0 -1 -0
    outer loop
      vertex 93.8234 43.8 10.4635
      vertex 93.9135 43.8 10.681
      vertex 2 43.8 2
    endloop
  endfacet
  facet normal 0 -1 -0
    outer loop
      vertex 93.9135 43.8 10.681
      vertex 94.0365 43.8 10.8817
      vertex 2 43.8 2
    endloop
  endfacet
  facet normal 0 -1 -0
    outer loop
      vertex 94.0365 43.8 10.8817
      vertex 94.1893 43.8 11.0607
      vertex 2 43.8 2
    endloop
  endfacet
  facet normal 0 -1 -0
    outer loop
      vertex 94.1893 43.8 11.0607
      vertex 94.3683 43.8 11.2135
      vertex 2 43.8 2
    endloop
  endfacet
  facet normal 0 -1 -0
    outer loop
      vertex 94.3683 43.8 11.2135
      vertex 94.569 43.8 11.3365
      vertex 2 43.8 2
    endloop
  endfacet
  facet normal 0 -1 -0
    outer loop
      vertex 94.569 43.8 11.3365
      vertex 94.7865 43.8 11.4266
      vertex 2 43.8 2
    endloop
  endfacet
  facet normal 0 -1 -0
    outer loop
      vertex 95.0153 43.8 11.4815
      vertex 129 43.8 19.9077
      vertex 94.7865 43.8 11.4266
    endloop
  endfacet
  facet normal -0 -1 0
    outer loop
      vertex 95.25 43.8 11.5
      vertex 95.4847 43.8 11.4815
      vertex 129 43.8 19.9077
    endloop
  endfacet
  facet normal -0 -1 0
    outer loop
      vertex 95.4847 43.8 11.4815
      vertex 95.7135 43.8 11.4266
      vertex 129 43.8 19.9077
    endloop
  endfacet
  facet normal -0 -1 0
    outer loop
      vertex 95.7135 43.8 11.4266
      vertex 95.931 43.8 11.3365
      vertex 129 43.8 19.9077
    endloop
  endfacet
  facet normal -0 -1 0
    outer loop
      vertex 95.931 43.8 11.3365
      vertex 96.1317 43.8 11.2135
      vertex 129 43.8 19.9077
    endloop
  endfacet
  facet normal -0 -1 0
    outer loop
      vertex 96.1317 43.8 11.2135
      vertex 96.3107 43.8 11.0607
      vertex 129 43.8 19.9077
    endloop
  endfacet
  facet normal -0 -1 0
    outer loop
      vertex 96.3107 43.8 11.0607
      vertex 96.4635 43.8 10.8817
      vertex 129 43.8 19.9077
    endloop
  endfacet
  facet normal -0 -1 0
    outer loop
      vertex 96.4635 43.8 10.8817
      vertex 96.5865 43.8 10.681
      vertex 129 43.8 19.9077
    endloop
  endfacet
  facet normal 0 -1 0
    outer loop
      vertex 96.6766 43.8 9.53648
      vertex 96.5865 43.8 9.31901
      vertex 129 43.8 2
    endloop
  endfacet
  facet normal 0 -1 0
    outer loop
      vertex 129 43.8 2
      vertex 129 43.8 19.9077
      vertex 96.5865 43.8 10.681
    endloop
  endfacet
  facet normal 0 -1 0
    outer loop
      vertex 129 43.8 2
      vertex 96.5865 43.8 10.681
      vertex 96.6766 43.8 10.4635
    endloop
  endfacet
  facet normal 0 -1 0
    outer loop
      vertex 129 43.8 2
      vertex 96.6766 43.8 10.4635
      vertex 96.7315 43.8 10.2347
    endloop
  endfacet
  facet normal 0 -1 0
    outer loop
      vertex 129 43.8 2
      vertex 96.7315 43.8 10.2347
      vertex 96.75 43.8 10
    endloop
  endfacet
  facet normal 0 -1 0
    outer loop
      vertex 129 43.8 2
      vertex 96.75 43.8 10
      vertex 96.7315 43.8 9.76535
    endloop
  endfacet
  facet normal 0 -1 0
    outer loop
      vertex 95.25 43.8 8.5
      vertex 95.0153 43.8 8.51847
      vertex 2 43.8 2
    endloop
  endfacet
  facet normal 0 -1 0
    outer loop
      vertex 129 43.8 2
      vertex 96.7315 43.8 9.76535
      vertex 96.6766 43.8 9.53648
    endloop
  endfacet
  facet normal 0 -1 0
    outer loop
      vertex 94.0365 43.8 9.11832
      vertex 93.9135 43.8 9.31901
      vertex 2 43.8 2
    endloop
  endfacet
  facet normal 0 -1 0
    outer loop
      vertex 129 43.8 2
      vertex 96.5865 43.8 9.31901
      vertex 96.4635 43.8 9.11832
    endloop
  endfacet
  facet normal 0 -1 0
    outer loop
      vertex 94.1893 43.8 8.93934
      vertex 94.0365 43.8 9.11832
      vertex 2 43.8 2
    endloop
  endfacet
  facet normal 0 -1 0
    outer loop
      vertex 129 43.8 2
      vertex 96.4635 43.8 9.11832
      vertex 96.3107 43.8 8.93934
    endloop
  endfacet
  facet normal 0 -1 0
    outer loop
      vertex 94.3683 43.8 8.78648
      vertex 94.1893 43.8 8.93934
      vertex 2 43.8 2
    endloop
  endfacet
  facet normal 0 -1 0
    outer loop
      vertex 129 43.8 2
      vertex 96.3107 43.8 8.93934
      vertex 96.1317 43.8 8.78648
    endloop
  endfacet
  facet normal 0 -1 0
    outer loop
      vertex 94.569 43.8 8.66349
      vertex 94.3683 43.8 8.78648
      vertex 2 43.8 2
    endloop
  endfacet
  facet normal 0 -1 0
    outer loop
      vertex 129 43.8 2
      vertex 96.1317 43.8 8.78648
      vertex 95.931 43.8 8.66349
    endloop
  endfacet
  facet normal 0 -1 0
    outer loop
      vertex 94.7865 43.8 8.57342
      vertex 94.569 43.8 8.66349
      vertex 2 43.8 2
    endloop
  endfacet
  facet normal 0 -1 0
    outer loop
      vertex 129 43.8 2
      vertex 95.931 43.8 8.66349
      vertex 95.7135 43.8 8.57342
    endloop
  endfacet
  facet normal 0 -1 0
    outer loop
      vertex 95.0153 43.8 8.51847
      vertex 94.7865 43.8 8.57342
      vertex 2 43.8 2
    endloop
  endfacet
  facet normal 0 -1 0
    outer loop
      vertex 129 43.8 2
      vertex 95.7135 43.8 8.57342
      vertex 95.4847 43.8 8.51847
    endloop
  endfacet
  facet normal 0 -1 0
    outer loop
      vertex 129 43.8 2
      vertex 95.25 43.8 8.5
      vertex 2 43.8 2
    endloop
  endfacet
  facet normal 0 -1 0
    outer loop
      vertex 129 43.8 2
      vertex 95.4847 43.8 8.51847
      vertex 95.25 43.8 8.5
    endloop
  endfacet
  facet normal 0 -1 0
    outer loop
      vertex 93.9135 43.8 9.31901
      vertex 93.8234 43.8 9.53648
      vertex 2 43.8 2
    endloop
  endfacet
  facet normal 0 -1 0
    outer loop
      vertex 93.8234 43.8 9.53648
      vertex 93.7685 43.8 9.76535
      vertex 2 43.8 2
    endloop
  endfacet
  facet normal -0 -1 0
    outer loop
      vertex 31.75 43.8 11.5
      vertex 31.9847 43.8 11.4815
      vertex 129 43.8 19.9077
    endloop
  endfacet
  facet normal 0 -1 0
    outer loop
      vertex 30.8683 43.8 8.78648
      vertex 30.6893 43.8 8.93934
      vertex 2 43.8 2
    endloop
  endfacet
  facet normal 1 -0 1.36393e-016
    outer loop
      vertex 2 43.8 2
      vertex 2 43.8 19.9077
      vertex 2 5 2
    endloop
  endfacet
  facet normal -0.996917 -0.0784588 -0
    outer loop
      vertex 0 5 0
      vertex 0.061558 4.21783 0
      vertex 0 5 2
    endloop
  endfacet
  facet normal -0.996917 -0.0784588 0
    outer loop
      vertex 0 5 2
      vertex 0.061558 4.21783 0
      vertex 0.061558 4.21783 2
    endloop
  endfacet
  facet normal 2.22045e-016 0 -1
    outer loop
      vertex 0 5 -4.44089e-016
      vertex 0 45 -4.44089e-016
      vertex 2 5 0
    endloop
  endfacet
  facet normal 2.22045e-016 0 -1
    outer loop
      vertex 2 44.1 0
      vertex 0 45 -4.44089e-016
      vertex 2 45 0
    endloop
  endfacet
  facet normal 2.22045e-016 0 -1
    outer loop
      vertex 2 5 0
      vertex 0 45 -4.44089e-016
      vertex 2 44.1 0
    endloop
  endfacet
  facet normal 4.19418e-016 5.4782e-032 2.46716e-016
    outer loop
      vertex 2 45 1.77636e-016
      vertex 2 44.1 3.77476e-016
      vertex 2 44.1 0
    endloop
  endfacet
  facet normal 1.97373e-016 -0 2.46716e-016
    outer loop
      vertex 2 45 0
      vertex 2 45 1.77636e-016
      vertex 2 44.1 0
    endloop
  endfacet
  facet normal -0 -2.22045e-016 -1
    outer loop
      vertex 0 45 1.77636e-016
      vertex 0 45.8 0
      vertex 2 45 1.77636e-016
    endloop
  endfacet
  facet normal 4.52892e-035 -2.22045e-016 -1
    outer loop
      vertex 2 45 1.77636e-016
      vertex 0 45.8 0
      vertex 254 45.8 0
    endloop
  endfacet
  facet normal 0 -1.32451e-029 -5.96505e-014
    outer loop
      vertex 254 45 1.77636e-016
      vertex 254 45.8 0
      vertex 254 44.1 3.77476e-016
    endloop
  endfacet
  facet normal -0 -2.22045e-016 -1
    outer loop
      vertex 2 45 1.77636e-016
      vertex 254 45.8 0
      vertex 129 45 1.77636e-016
    endloop
  endfacet
  facet normal -4.31077e-033 -2.22045e-016 -1
    outer loop
      vertex 254 45.8 0
      vertex 254 45 1.77636e-016
      vertex 252 45 1.77636e-016
    endloop
  endfacet
  facet normal 2.4985e-035 -2.22045e-016 -1
    outer loop
      vertex 129 44.1 3.77476e-016
      vertex 2 45 1.77636e-016
      vertex 129 45 1.77636e-016
    endloop
  endfacet
  facet normal -6.13164e-035 -2.22045e-016 -1
    outer loop
      vertex 254 45.8 0
      vertex 252 45 1.77636e-016
      vertex 131 45 1.77636e-016
    endloop
  endfacet
  facet normal 3.07188e-035 -2.22045e-016 -1
    outer loop
      vertex 252 44.1 3.77476e-016
      vertex 131 45 1.77636e-016
      vertex 252 45 1.77636e-016
    endloop
  endfacet
  facet normal -6.20607e-033 -2.22045e-016 -1
    outer loop
      vertex 254 45.8 0
      vertex 131 45 1.77636e-016
      vertex 129 45 1.77636e-016
    endloop
  endfacet
  facet normal 3.07188e-035 -2.22045e-016 -1
    outer loop
      vertex 131 45 1.77636e-016
      vertex 252 44.1 3.77476e-016
      vertex 131 44.1 3.77476e-016
    endloop
  endfacet
  facet normal 2.4985e-035 -2.22045e-016 -1
    outer loop
      vertex 2 45 1.77636e-016
      vertex 129 44.1 3.77476e-016
      vertex 2 44.1 3.77476e-016
    endloop
  endfacet
  facet normal 0 1 0
    outer loop
      vertex 95.4847 45.8 11.4815
      vertex 0 45.8 20
      vertex 254 45.8 0
    endloop
  endfacet
  facet normal 0 1 0
    outer loop
      vertex 158.75 45.8 11.5
      vertex 0 45.8 20
      vertex 254 45.8 20
    endloop
  endfacet
  facet normal 0 1 0
    outer loop
      vertex 0 45.8 0
      vertex 0 45.8 20
      vertex 30.2685 45.8 10.2347
    endloop
  endfacet
  facet normal 0 1 0
    outer loop
      vertex 0 45.8 0
      vertex 30.2685 45.8 10.2347
      vertex 30.25 45.8 10
    endloop
  endfacet
  facet normal 0 1 0
    outer loop
      vertex 0 45.8 0
      vertex 30.25 45.8 10
      vertex 30.2685 45.8 9.76535
    endloop
  endfacet
  facet normal 0 1 0
    outer loop
      vertex 0 45.8 0
      vertex 30.2685 45.8 9.76535
      vertex 30.3234 45.8 9.53648
    endloop
  endfacet
  facet normal 0 1 0
    outer loop
      vertex 0 45.8 0
      vertex 30.3234 45.8 9.53648
      vertex 30.4135 45.8 9.31901
    endloop
  endfacet
  facet normal 0 1 0
    outer loop
      vertex 0 45.8 0
      vertex 30.4135 45.8 9.31901
      vertex 30.5365 45.8 9.11832
    endloop
  endfacet
  facet normal 0 1 0
    outer loop
      vertex 0 45.8 0
      vertex 30.5365 45.8 9.11832
      vertex 30.6893 45.8 8.93934
    endloop
  endfacet
  facet normal 0 1 0
    outer loop
      vertex 0 45.8 0
      vertex 30.6893 45.8 8.93934
      vertex 30.8683 45.8 8.78648
    endloop
  endfacet
  facet normal 0 1 0
    outer loop
      vertex 0 45.8 0
      vertex 30.8683 45.8 8.78648
      vertex 31.069 45.8 8.66349
    endloop
  endfacet
  facet normal 0 1 0
    outer loop
      vertex 0 45.8 0
      vertex 31.069 45.8 8.66349
      vertex 31.2865 45.8 8.57342
    endloop
  endfacet
  facet normal 0 1 0
    outer loop
      vertex 0 45.8 0
      vertex 31.2865 45.8 8.57342
      vertex 31.5153 45.8 8.51847
    endloop
  endfacet
  facet normal 0 1 0
    outer loop
      vertex 0 45.8 0
      vertex 31.5153 45.8 8.51847
      vertex 31.75 45.8 8.5
    endloop
  endfacet
  facet normal 0 1 0
    outer loop
      vertex 0 45.8 0
      vertex 31.75 45.8 8.5
      vertex 254 45.8 0
    endloop
  endfacet
  facet normal 0 1 -0
    outer loop
      vertex 32.2135 45.8 8.57342
      vertex 254 45.8 0
      vertex 31.9847 45.8 8.51847
    endloop
  endfacet
  facet normal 0 1 -0
    outer loop
      vertex 32.431 45.8 8.66349
      vertex 254 45.8 0
      vertex 32.2135 45.8 8.57342
    endloop
  endfacet
  facet normal 0 1 -0
    outer loop
      vertex 32.6317 45.8 8.78648
      vertex 254 45.8 0
      vertex 32.431 45.8 8.66349
    endloop
  endfacet
  facet normal 0 1 -0
    outer loop
      vertex 32.8107 45.8 8.93934
      vertex 254 45.8 0
      vertex 32.6317 45.8 8.78648
    endloop
  endfacet
  facet normal 0 1 -0
    outer loop
      vertex 32.9635 45.8 9.11832
      vertex 254 45.8 0
      vertex 32.8107 45.8 8.93934
    endloop
  endfacet
  facet normal 0 1 -0
    outer loop
      vertex 33.0865 45.8 9.31901
      vertex 254 45.8 0
      vertex 32.9635 45.8 9.11832
    endloop
  endfacet
  facet normal 0 1 -0
    outer loop
      vertex 33.1766 45.8 9.53648
      vertex 254 45.8 0
      vertex 33.0865 45.8 9.31901
    endloop
  endfacet
  facet normal 0 1 -0
    outer loop
      vertex 33.2315 45.8 9.76535
      vertex 254 45.8 0
      vertex 33.1766 45.8 9.53648
    endloop
  endfacet
  facet normal 0 1 -0
    outer loop
      vertex 33.25 45.8 10
      vertex 254 45.8 0
      vertex 33.2315 45.8 9.76535
    endloop
  endfacet
  facet normal 0 1 0
    outer loop
      vertex 33.2315 45.8 10.2347
      vertex 254 45.8 0
      vertex 33.25 45.8 10
    endloop
  endfacet
  facet normal 0 1 -0
    outer loop
      vertex 95.4847 45.8 8.51847
      vertex 254 45.8 0
      vertex 95.25 45.8 8.5
    endloop
  endfacet
  facet normal 0 1 0
    outer loop
      vertex 31.75 45.8 11.5
      vertex 0 45.8 20
      vertex 31.9847 45.8 11.4815
    endloop
  endfacet
  facet normal 0 1 0
    outer loop
      vertex 30.5365 45.8 10.8817
      vertex 0 45.8 20
      vertex 30.6893 45.8 11.0607
    endloop
  endfacet
  facet normal 0 1 0
    outer loop
      vertex 33.2315 45.8 10.2347
      vertex 33.1766 45.8 10.4635
      vertex 254 45.8 0
    endloop
  endfacet
  facet normal 0 1 0
    outer loop
      vertex 30.6893 45.8 11.0607
      vertex 0 45.8 20
      vertex 30.8683 45.8 11.2135
    endloop
  endfacet
  facet normal 0 1 0
    outer loop
      vertex 33.1766 45.8 10.4635
      vertex 33.0865 45.8 10.681
      vertex 254 45.8 0
    endloop
  endfacet
  facet normal 0 1 0
    outer loop
      vertex 30.8683 45.8 11.2135
      vertex 0 45.8 20
      vertex 31.069 45.8 11.3365
    endloop
  endfacet
  facet normal 0 1 0
    outer loop
      vertex 33.0865 45.8 10.681
      vertex 32.9635 45.8 10.8817
      vertex 254 45.8 0
    endloop
  endfacet
  facet normal 0 1 0
    outer loop
      vertex 31.069 45.8 11.3365
      vertex 0 45.8 20
      vertex 31.2865 45.8 11.4266
    endloop
  endfacet
  facet normal 0 1 0
    outer loop
      vertex 32.9635 45.8 10.8817
      vertex 32.8107 45.8 11.0607
      vertex 254 45.8 0
    endloop
  endfacet
  facet normal 0 1 0
    outer loop
      vertex 31.2865 45.8 11.4266
      vertex 0 45.8 20
      vertex 31.5153 45.8 11.4815
    endloop
  endfacet
  facet normal 0 1 0
    outer loop
      vertex 32.8107 45.8 11.0607
      vertex 32.6317 45.8 11.2135
      vertex 254 45.8 0
    endloop
  endfacet
  facet normal 0 1 0
    outer loop
      vertex 31.5153 45.8 11.4815
      vertex 0 45.8 20
      vertex 31.75 45.8 11.5
    endloop
  endfacet
  facet normal 0 1 0
    outer loop
      vertex 32.6317 45.8 11.2135
      vertex 32.431 45.8 11.3365
      vertex 254 45.8 0
    endloop
  endfacet
  facet normal 0 1 0
    outer loop
      vertex 31.9847 45.8 11.4815
      vertex 0 45.8 20
      vertex 32.2135 45.8 11.4266
    endloop
  endfacet
  facet normal 0 1 0
    outer loop
      vertex 32.431 45.8 11.3365
      vertex 32.2135 45.8 11.4266
      vertex 254 45.8 0
    endloop
  endfacet
  facet normal 0 1 0
    outer loop
      vertex 30.4135 45.8 10.681
      vertex 0 45.8 20
      vertex 30.5365 45.8 10.8817
    endloop
  endfacet
  facet normal 0 1 0
    outer loop
      vertex 30.3234 45.8 10.4635
      vertex 0 45.8 20
      vertex 30.4135 45.8 10.681
    endloop
  endfacet
  facet normal 0 1 0
    outer loop
      vertex 30.2685 45.8 10.2347
      vertex 0 45.8 20
      vertex 30.3234 45.8 10.4635
    endloop
  endfacet
  facet normal 0 1 0
    outer loop
      vertex 32.2135 45.8 11.4266
      vertex 0 45.8 20
      vertex 93.7685 45.8 10.2347
    endloop
  endfacet
  facet normal 0 1 0
    outer loop
      vertex 32.2135 45.8 11.4266
      vertex 93.7685 45.8 10.2347
      vertex 93.75 45.8 10
    endloop
  endfacet
  facet normal 0 1 0
    outer loop
      vertex 32.2135 45.8 11.4266
      vertex 93.75 45.8 10
      vertex 93.7685 45.8 9.76535
    endloop
  endfacet
  facet normal 0 1 0
    outer loop
      vertex 32.2135 45.8 11.4266
      vertex 93.7685 45.8 9.76535
      vertex 93.8234 45.8 9.53648
    endloop
  endfacet
  facet normal 0 1 0
    outer loop
      vertex 32.2135 45.8 11.4266
      vertex 93.8234 45.8 9.53648
      vertex 93.9135 45.8 9.31901
    endloop
  endfacet
  facet normal 0 1 0
    outer loop
      vertex 32.2135 45.8 11.4266
      vertex 93.9135 45.8 9.31901
      vertex 94.0365 45.8 9.11832
    endloop
  endfacet
  facet normal 0 1 0
    outer loop
      vertex 32.2135 45.8 11.4266
      vertex 94.0365 45.8 9.11832
      vertex 94.1893 45.8 8.93934
    endloop
  endfacet
  facet normal 0 1 0
    outer loop
      vertex 32.2135 45.8 11.4266
      vertex 94.1893 45.8 8.93934
      vertex 94.3683 45.8 8.78648
    endloop
  endfacet
  facet normal 0 1 0
    outer loop
      vertex 32.2135 45.8 11.4266
      vertex 94.3683 45.8 8.78648
      vertex 94.569 45.8 8.66349
    endloop
  endfacet
  facet normal 0 1 0
    outer loop
      vertex 32.2135 45.8 11.4266
      vertex 94.569 45.8 8.66349
      vertex 94.7865 45.8 8.57342
    endloop
  endfacet
  facet normal 0 1 0
    outer loop
      vertex 32.2135 45.8 11.4266
      vertex 94.7865 45.8 8.57342
      vertex 95.0153 45.8 8.51847
    endloop
  endfacet
  facet normal 0 1 0
    outer loop
      vertex 32.2135 45.8 11.4266
      vertex 95.0153 45.8 8.51847
      vertex 95.25 45.8 8.5
    endloop
  endfacet
  facet normal 0 1 0
    outer loop
      vertex 32.2135 45.8 11.4266
      vertex 95.25 45.8 8.5
      vertex 254 45.8 0
    endloop
  endfacet
  facet normal 0 1 -0
    outer loop
      vertex 95.7135 45.8 8.57342
      vertex 254 45.8 0
      vertex 95.4847 45.8 8.51847
    endloop
  endfacet
  facet normal 0 1 -0
    outer loop
      vertex 95.931 45.8 8.66349
      vertex 254 45.8 0
      vertex 95.7135 45.8 8.57342
    endloop
  endfacet
  facet normal 0 1 -0
    outer loop
      vertex 96.1317 45.8 8.78648
      vertex 254 45.8 0
      vertex 95.931 45.8 8.66349
    endloop
  endfacet
  facet normal 0 1 -0
    outer loop
      vertex 96.3107 45.8 8.93934
      vertex 254 45.8 0
      vertex 96.1317 45.8 8.78648
    endloop
  endfacet
  facet normal 0 1 -0
    outer loop
      vertex 96.4635 45.8 9.11832
      vertex 254 45.8 0
      vertex 96.3107 45.8 8.93934
    endloop
  endfacet
  facet normal 0 1 -0
    outer loop
      vertex 96.5865 45.8 9.31901
      vertex 254 45.8 0
      vertex 96.4635 45.8 9.11832
    endloop
  endfacet
  facet normal 0 1 -0
    outer loop
      vertex 96.6766 45.8 9.53648
      vertex 254 45.8 0
      vertex 96.5865 45.8 9.31901
    endloop
  endfacet
  facet normal 0 1 -0
    outer loop
      vertex 96.7315 45.8 9.76535
      vertex 254 45.8 0
      vertex 96.6766 45.8 9.53648
    endloop
  endfacet
  facet normal 0 1 -0
    outer loop
      vertex 96.75 45.8 10
      vertex 254 45.8 0
      vertex 96.7315 45.8 9.76535
    endloop
  endfacet
  facet normal 0 1 0
    outer loop
      vertex 96.7315 45.8 10.2347
      vertex 254 45.8 0
      vertex 96.75 45.8 10
    endloop
  endfacet
  facet normal 0 1 -0
    outer loop
      vertex 158.985 45.8 8.51847
      vertex 254 45.8 0
      vertex 158.75 45.8 8.5
    endloop
  endfacet
  facet normal 0 1 0
    outer loop
      vertex 95.0153 45.8 11.4815
      vertex 0 45.8 20
      vertex 95.25 45.8 11.5
    endloop
  endfacet
  facet normal 0 1 0
    outer loop
      vertex 93.8234 45.8 10.4635
      vertex 0 45.8 20
      vertex 93.9135 45.8 10.681
    endloop
  endfacet
  facet normal 0 1 0
    outer loop
      vertex 96.7315 45.8 10.2347
      vertex 96.6766 45.8 10.4635
      vertex 254 45.8 0
    endloop
  endfacet
  facet normal 0 1 0
    outer loop
      vertex 93.9135 45.8 10.681
      vertex 0 45.8 20
      vertex 94.0365 45.8 10.8817
    endloop
  endfacet
  facet normal 0 1 0
    outer loop
      vertex 96.6766 45.8 10.4635
      vertex 96.5865 45.8 10.681
      vertex 254 45.8 0
    endloop
  endfacet
  facet normal 0 1 0
    outer loop
      vertex 94.0365 45.8 10.8817
      vertex 0 45.8 20
      vertex 94.1893 45.8 11.0607
    endloop
  endfacet
  facet normal 0 1 0
    outer loop
      vertex 96.5865 45.8 10.681
      vertex 96.4635 45.8 10.8817
      vertex 254 45.8 0
    endloop
  endfacet
  facet normal 0 1 0
    outer loop
      vertex 94.1893 45.8 11.0607
      vertex 0 45.8 20
      vertex 94.3683 45.8 11.2135
    endloop
  endfacet
  facet normal 0 1 0
    outer loop
      vertex 96.4635 45.8 10.8817
      vertex 96.3107 45.8 11.0607
      vertex 254 45.8 0
    endloop
  endfacet
  facet normal 0 1 0
    outer loop
      vertex 94.3683 45.8 11.2135
      vertex 0 45.8 20
      vertex 94.569 45.8 11.3365
    endloop
  endfacet
  facet normal 0 1 0
    outer loop
      vertex 96.3107 45.8 11.0607
      vertex 96.1317 45.8 11.2135
      vertex 254 45.8 0
    endloop
  endfacet
  facet normal 0 1 0
    outer loop
      vertex 94.569 45.8 11.3365
      vertex 0 45.8 20
      vertex 94.7865 45.8 11.4266
    endloop
  endfacet
  facet normal 0 1 0
    outer loop
      vertex 96.1317 45.8 11.2135
      vertex 95.931 45.8 11.3365
      vertex 254 45.8 0
    endloop
  endfacet
  facet normal 0 1 0
    outer loop
      vertex 94.7865 45.8 11.4266
      vertex 0 45.8 20
      vertex 95.0153 45.8 11.4815
    endloop
  endfacet
  facet normal 0 1 0
    outer loop
      vertex 95.931 45.8 11.3365
      vertex 95.7135 45.8 11.4266
      vertex 254 45.8 0
    endloop
  endfacet
  facet normal 0 1 0
    outer loop
      vertex 95.25 45.8 11.5
      vertex 0 45.8 20
      vertex 95.4847 45.8 11.4815
    endloop
  endfacet
  facet normal 0 1 0
    outer loop
      vertex 95.7135 45.8 11.4266
      vertex 95.4847 45.8 11.4815
      vertex 254 45.8 0
    endloop
  endfacet
  facet normal 0 1 0
    outer loop
      vertex 93.7685 45.8 10.2347
      vertex 0 45.8 20
      vertex 93.8234 45.8 10.4635
    endloop
  endfacet
  facet normal 0 1 0
    outer loop
      vertex 157.25 45.8 10
      vertex 0 45.8 20
      vertex 157.268 45.8 10.2347
    endloop
  endfacet
  facet normal 0 1 0
    outer loop
      vertex 157.268 45.8 9.76535
      vertex 0 45.8 20
      vertex 157.25 45.8 10
    endloop
  endfacet
  facet normal 0 1 0
    outer loop
      vertex 157.323 45.8 9.53648
      vertex 0 45.8 20
      vertex 157.268 45.8 9.76535
    endloop
  endfacet
  facet normal 0 1 0
    outer loop
      vertex 157.413 45.8 9.31901
      vertex 0 45.8 20
      vertex 157.323 45.8 9.53648
    endloop
  endfacet
  facet normal 0 1 0
    outer loop
      vertex 157.536 45.8 9.11832
      vertex 0 45.8 20
      vertex 157.413 45.8 9.31901
    endloop
  endfacet
  facet normal 0 1 0
    outer loop
      vertex 157.689 45.8 8.93934
      vertex 0 45.8 20
      vertex 157.536 45.8 9.11832
    endloop
  endfacet
  facet normal 0 1 0
    outer loop
      vertex 157.868 45.8 8.78648
      vertex 0 45.8 20
      vertex 157.689 45.8 8.93934
    endloop
  endfacet
  facet normal 0 1 0
    outer loop
      vertex 158.069 45.8 8.66349
      vertex 0 45.8 20
      vertex 157.868 45.8 8.78648
    endloop
  endfacet
  facet normal 0 1 0
    outer loop
      vertex 158.286 45.8 8.57342
      vertex 0 45.8 20
      vertex 158.069 45.8 8.66349
    endloop
  endfacet
  facet normal 0 1 0
    outer loop
      vertex 158.515 45.8 8.51847
      vertex 0 45.8 20
      vertex 158.286 45.8 8.57342
    endloop
  endfacet
  facet normal 0 1 0
    outer loop
      vertex 254 45.8 0
      vertex 0 45.8 20
      vertex 158.515 45.8 8.51847
    endloop
  endfacet
  facet normal 0 1 0
    outer loop
      vertex 254 45.8 0
      vertex 158.515 45.8 8.51847
      vertex 158.75 45.8 8.5
    endloop
  endfacet
  facet normal 0 1 -0
    outer loop
      vertex 159.214 45.8 8.57342
      vertex 254 45.8 0
      vertex 158.985 45.8 8.51847
    endloop
  endfacet
  facet normal 0 1 -0
    outer loop
      vertex 159.431 45.8 8.66349
      vertex 254 45.8 0
      vertex 159.214 45.8 8.57342
    endloop
  endfacet
  facet normal 0 1 -0
    outer loop
      vertex 159.632 45.8 8.78648
      vertex 254 45.8 0
      vertex 159.431 45.8 8.66349
    endloop
  endfacet
  facet normal 0 1 -0
    outer loop
      vertex 159.811 45.8 8.93934
      vertex 254 45.8 0
      vertex 159.632 45.8 8.78648
    endloop
  endfacet
  facet normal 0 1 -0
    outer loop
      vertex 159.964 45.8 9.11832
      vertex 254 45.8 0
      vertex 159.811 45.8 8.93934
    endloop
  endfacet
  facet normal 0 1 -0
    outer loop
      vertex 160.087 45.8 9.31901
      vertex 254 45.8 0
      vertex 159.964 45.8 9.11832
    endloop
  endfacet
  facet normal 0 1 -0
    outer loop
      vertex 160.177 45.8 9.53648
      vertex 254 45.8 0
      vertex 160.087 45.8 9.31901
    endloop
  endfacet
  facet normal 0 1 -0
    outer loop
      vertex 160.232 45.8 9.76535
      vertex 254 45.8 0
      vertex 160.177 45.8 9.53648
    endloop
  endfacet
  facet normal 0 1 -0
    outer loop
      vertex 160.25 45.8 10
      vertex 254 45.8 0
      vertex 160.232 45.8 9.76535
    endloop
  endfacet
  facet normal 0 1 0
    outer loop
      vertex 160.087 45.8 10.681
      vertex 254 45.8 20
      vertex 160.177 45.8 10.4635
    endloop
  endfacet
  facet normal -0 1 0
    outer loop
      vertex 222.25 45.8 11.5
      vertex 160.25 45.8 10
      vertex 254 45.8 20
    endloop
  endfacet
  facet normal 0 1 0
    outer loop
      vertex 160.25 45.8 10
      vertex 160.232 45.8 10.2347
      vertex 254 45.8 20
    endloop
  endfacet
  facet normal 0 1 0
    outer loop
      vertex 160.232 45.8 10.2347
      vertex 160.177 45.8 10.4635
      vertex 254 45.8 20
    endloop
  endfacet
  facet normal -0 1 -0
    outer loop
      vertex 222.25 45.8 8.5
      vertex 254 45.8 0
      vertex 222.015 45.8 8.51847
    endloop
  endfacet
  facet normal 0 1 0
    outer loop
      vertex 158.515 45.8 11.4815
      vertex 0 45.8 20
      vertex 158.75 45.8 11.5
    endloop
  endfacet
  facet normal 0 1 0
    outer loop
      vertex 157.413 45.8 10.681
      vertex 0 45.8 20
      vertex 157.536 45.8 10.8817
    endloop
  endfacet
  facet normal 0 1 0
    outer loop
      vertex 160.087 45.8 10.681
      vertex 159.964 45.8 10.8817
      vertex 254 45.8 20
    endloop
  endfacet
  facet normal 0 1 0
    outer loop
      vertex 157.536 45.8 10.8817
      vertex 0 45.8 20
      vertex 157.689 45.8 11.0607
    endloop
  endfacet
  facet normal 0 1 0
    outer loop
      vertex 159.964 45.8 10.8817
      vertex 159.811 45.8 11.0607
      vertex 254 45.8 20
    endloop
  endfacet
  facet normal 0 1 0
    outer loop
      vertex 157.689 45.8 11.0607
      vertex 0 45.8 20
      vertex 157.868 45.8 11.2135
    endloop
  endfacet
  facet normal 0 1 0
    outer loop
      vertex 159.811 45.8 11.0607
      vertex 159.632 45.8 11.2135
      vertex 254 45.8 20
    endloop
  endfacet
  facet normal 0 1 0
    outer loop
      vertex 157.868 45.8 11.2135
      vertex 0 45.8 20
      vertex 158.069 45.8 11.3365
    endloop
  endfacet
  facet normal 0 1 0
    outer loop
      vertex 159.632 45.8 11.2135
      vertex 159.431 45.8 11.3365
      vertex 254 45.8 20
    endloop
  endfacet
  facet normal 0 1 0
    outer loop
      vertex 158.069 45.8 11.3365
      vertex 0 45.8 20
      vertex 158.286 45.8 11.4266
    endloop
  endfacet
  facet normal 0 1 0
    outer loop
      vertex 159.431 45.8 11.3365
      vertex 159.214 45.8 11.4266
      vertex 254 45.8 20
    endloop
  endfacet
  facet normal 0 1 0
    outer loop
      vertex 158.286 45.8 11.4266
      vertex 0 45.8 20
      vertex 158.515 45.8 11.4815
    endloop
  endfacet
  facet normal 0 1 0
    outer loop
      vertex 159.214 45.8 11.4266
      vertex 158.985 45.8 11.4815
      vertex 254 45.8 20
    endloop
  endfacet
  facet normal 0 1 0
    outer loop
      vertex 158.985 45.8 11.4815
      vertex 158.75 45.8 11.5
      vertex 254 45.8 20
    endloop
  endfacet
  facet normal 0 1 0
    outer loop
      vertex 157.323 45.8 10.4635
      vertex 0 45.8 20
      vertex 157.413 45.8 10.681
    endloop
  endfacet
  facet normal 0 1 0
    outer loop
      vertex 157.268 45.8 10.2347
      vertex 0 45.8 20
      vertex 157.323 45.8 10.4635
    endloop
  endfacet
  facet normal -0 1 0
    outer loop
      vertex 220.75 45.8 10
      vertex 160.25 45.8 10
      vertex 220.768 45.8 10.2347
    endloop
  endfacet
  facet normal 0 1 0
    outer loop
      vertex 220.768 45.8 9.76535
      vertex 160.25 45.8 10
      vertex 220.75 45.8 10
    endloop
  endfacet
  facet normal 0 1 0
    outer loop
      vertex 220.823 45.8 9.53648
      vertex 160.25 45.8 10
      vertex 220.768 45.8 9.76535
    endloop
  endfacet
  facet normal 0 1 0
    outer loop
      vertex 220.913 45.8 9.31901
      vertex 160.25 45.8 10
      vertex 220.823 45.8 9.53648
    endloop
  endfacet
  facet normal 0 1 0
    outer loop
      vertex 221.036 45.8 9.11832
      vertex 160.25 45.8 10
      vertex 220.913 45.8 9.31901
    endloop
  endfacet
  facet normal 0 1 0
    outer loop
      vertex 221.189 45.8 8.93934
      vertex 160.25 45.8 10
      vertex 221.036 45.8 9.11832
    endloop
  endfacet
  facet normal 0 1 0
    outer loop
      vertex 221.368 45.8 8.78648
      vertex 160.25 45.8 10
      vertex 221.189 45.8 8.93934
    endloop
  endfacet
  facet normal 0 1 0
    outer loop
      vertex 221.569 45.8 8.66349
      vertex 160.25 45.8 10
      vertex 221.368 45.8 8.78648
    endloop
  endfacet
  facet normal 0 1 0
    outer loop
      vertex 221.786 45.8 8.57342
      vertex 160.25 45.8 10
      vertex 221.569 45.8 8.66349
    endloop
  endfacet
  facet normal 0 1 0
    outer loop
      vertex 254 45.8 0
      vertex 160.25 45.8 10
      vertex 221.786 45.8 8.57342
    endloop
  endfacet
  facet normal 0 1 0
    outer loop
      vertex 254 45.8 0
      vertex 221.786 45.8 8.57342
      vertex 222.015 45.8 8.51847
    endloop
  endfacet
  facet normal 0 1 -0
    outer loop
      vertex 222.485 45.8 8.51847
      vertex 254 45.8 0
      vertex 222.25 45.8 8.5
    endloop
  endfacet
  facet normal 0 1 -0
    outer loop
      vertex 222.714 45.8 8.57342
      vertex 254 45.8 0
      vertex 222.485 45.8 8.51847
    endloop
  endfacet
  facet normal 0 1 -0
    outer loop
      vertex 222.931 45.8 8.66349
      vertex 254 45.8 0
      vertex 222.714 45.8 8.57342
    endloop
  endfacet
  facet normal 0 1 -0
    outer loop
      vertex 223.132 45.8 8.78648
      vertex 254 45.8 0
      vertex 222.931 45.8 8.66349
    endloop
  endfacet
  facet normal 0 1 -0
    outer loop
      vertex 223.311 45.8 8.93934
      vertex 254 45.8 0
      vertex 223.132 45.8 8.78648
    endloop
  endfacet
  facet normal 0 1 -0
    outer loop
      vertex 223.464 45.8 9.11832
      vertex 254 45.8 0
      vertex 223.311 45.8 8.93934
    endloop
  endfacet
  facet normal 0 1 -0
    outer loop
      vertex 223.587 45.8 9.31901
      vertex 254 45.8 0
      vertex 223.464 45.8 9.11832
    endloop
  endfacet
  facet normal 0 1 -0
    outer loop
      vertex 223.677 45.8 9.53648
      vertex 254 45.8 0
      vertex 223.587 45.8 9.31901
    endloop
  endfacet
  facet normal 0 1 0
    outer loop
      vertex 223.311 45.8 11.0607
      vertex 254 45.8 20
      vertex 223.464 45.8 10.8817
    endloop
  endfacet
  facet normal 0 1 0
    outer loop
      vertex 254 45.8 0
      vertex 223.677 45.8 9.53648
      vertex 254 45.8 20
    endloop
  endfacet
  facet normal 0 1 0
    outer loop
      vertex 223.677 45.8 9.53648
      vertex 223.732 45.8 9.76535
      vertex 254 45.8 20
    endloop
  endfacet
  facet normal 0 1 0
    outer loop
      vertex 223.732 45.8 9.76535
      vertex 223.75 45.8 10
      vertex 254 45.8 20
    endloop
  endfacet
  facet normal 0 1 0
    outer loop
      vertex 223.75 45.8 10
      vertex 223.732 45.8 10.2347
      vertex 254 45.8 20
    endloop
  endfacet
  facet normal 0 1 0
    outer loop
      vertex 223.732 45.8 10.2347
      vertex 223.677 45.8 10.4635
      vertex 254 45.8 20
    endloop
  endfacet
  facet normal 0 1 0
    outer loop
      vertex 223.677 45.8 10.4635
      vertex 223.587 45.8 10.681
      vertex 254 45.8 20
    endloop
  endfacet
  facet normal 0 1 0
    outer loop
      vertex 223.587 45.8 10.681
      vertex 223.464 45.8 10.8817
      vertex 254 45.8 20
    endloop
  endfacet
  facet normal -0 1 0
    outer loop
      vertex 221.786 45.8 11.4266
      vertex 160.25 45.8 10
      vertex 222.015 45.8 11.4815
    endloop
  endfacet
  facet normal -0 1 0
    outer loop
      vertex 221.036 45.8 10.8817
      vertex 160.25 45.8 10
      vertex 221.189 45.8 11.0607
    endloop
  endfacet
  facet normal 0 1 0
    outer loop
      vertex 223.311 45.8 11.0607
      vertex 223.132 45.8 11.2135
      vertex 254 45.8 20
    endloop
  endfacet
  facet normal -0 1 0
    outer loop
      vertex 221.189 45.8 11.0607
      vertex 160.25 45.8 10
      vertex 221.368 45.8 11.2135
    endloop
  endfacet
  facet normal 0 1 0
    outer loop
      vertex 223.132 45.8 11.2135
      vertex 222.931 45.8 11.3365
      vertex 254 45.8 20
    endloop
  endfacet
  facet normal -0 1 0
    outer loop
      vertex 221.368 45.8 11.2135
      vertex 160.25 45.8 10
      vertex 221.569 45.8 11.3365
    endloop
  endfacet
  facet normal 0 1 0
    outer loop
      vertex 222.931 45.8 11.3365
      vertex 222.714 45.8 11.4266
      vertex 254 45.8 20
    endloop
  endfacet
  facet normal -0 1 0
    outer loop
      vertex 221.569 45.8 11.3365
      vertex 160.25 45.8 10
      vertex 221.786 45.8 11.4266
    endloop
  endfacet
  facet normal 0 1 0
    outer loop
      vertex 222.714 45.8 11.4266
      vertex 222.485 45.8 11.4815
      vertex 254 45.8 20
    endloop
  endfacet
  facet normal -0 1 0
    outer loop
      vertex 222.015 45.8 11.4815
      vertex 160.25 45.8 10
      vertex 222.25 45.8 11.5
    endloop
  endfacet
  facet normal 0 1 0
    outer loop
      vertex 222.485 45.8 11.4815
      vertex 222.25 45.8 11.5
      vertex 254 45.8 20
    endloop
  endfacet
  facet normal -0 1 0
    outer loop
      vertex 220.913 45.8 10.681
      vertex 160.25 45.8 10
      vertex 221.036 45.8 10.8817
    endloop
  endfacet
  facet normal -0 1 0
    outer loop
      vertex 220.823 45.8 10.4635
      vertex 160.25 45.8 10
      vertex 220.913 45.8 10.681
    endloop
  endfacet
  facet normal -0 1 0
    outer loop
      vertex 220.768 45.8 10.2347
      vertex 160.25 45.8 10
      vertex 220.823 45.8 10.4635
    endloop
  endfacet
  facet normal 0 1 -0
    outer loop
      vertex 31.9847 45.8 8.51847
      vertex 254 45.8 0
      vertex 31.75 45.8 8.5
    endloop
  endfacet
  facet normal 0 0 -1
    outer loop
      vertex 0 5 0
      vertex 2 5 0
      vertex 0.061558 4.21783 0
    endloop
  endfacet
  facet normal 0 0 -1
    outer loop
      vertex 14.1667 22 0
      vertex 2 5 0
      vertex 2 44.1 0
    endloop
  endfacet
  facet normal -0 0 -1
    outer loop
      vertex 111.496 17.8855 0
      vertex 129 44.1 0
      vertex 129 5 0
    endloop
  endfacet
  facet normal 0 0 -1
    outer loop
      vertex 0.061558 4.21783 0
      vertex 129 5 0
      vertex 131 5 0
    endloop
  endfacet
  facet normal 0 -0 -1
    outer loop
      vertex 152.281 27.6631 0
      vertex 131 44.1 0
      vertex 252 44.1 0
    endloop
  endfacet
  facet normal -0 0 -1
    outer loop
      vertex 239.07 18.8221 0
      vertex 252 44.1 0
      vertex 252 5 0
    endloop
  endfacet
  facet normal 0 0 -1
    outer loop
      vertex 131 5 0
      vertex 252 5 0
      vertex 0.061558 4.21783 0
    endloop
  endfacet
  facet normal 0 0 -1
    outer loop
      vertex 252 5 0
      vertex 254 5 0
      vertex 0.061558 4.21783 0
    endloop
  endfacet
  facet normal -0 0 -1
    outer loop
      vertex 0.061558 4.21783 0
      vertex 254 5 0
      vertex 253.938 4.21783 0
    endloop
  endfacet
  facet normal 0 0 -1
    outer loop
      vertex 0.061558 4.21783 0
      vertex 253.938 4.21783 0
      vertex 253.755 3.45492 0
    endloop
  endfacet
  facet normal 0 0 -1
    outer loop
      vertex 0.061558 4.21783 0
      vertex 253.755 3.45492 0
      vertex 253.455 2.73005 0
    endloop
  endfacet
  facet normal 0 0 -1
    outer loop
      vertex 0.061558 4.21783 0
      vertex 253.455 2.73005 0
      vertex 253.045 2.06107 0
    endloop
  endfacet
  facet normal 0 0 -1
    outer loop
      vertex 0.061558 4.21783 0
      vertex 253.045 2.06107 0
      vertex 252.536 1.46447 0
    endloop
  endfacet
  facet normal 0 0 -1
    outer loop
      vertex 0.061558 4.21783 0
      vertex 252.536 1.46447 0
      vertex 251.939 0.954915 0
    endloop
  endfacet
  facet normal 0 0 -1
    outer loop
      vertex 0.061558 4.21783 0
      vertex 251.939 0.954915 0
      vertex 251.27 0.544967 0
    endloop
  endfacet
  facet normal 0 0 -1
    outer loop
      vertex 0.061558 4.21783 0
      vertex 251.27 0.544967 0
      vertex 250.545 0.244717 0
    endloop
  endfacet
  facet normal 0 0 -1
    outer loop
      vertex 0.061558 4.21783 0
      vertex 250.545 0.244717 0
      vertex 249.782 0.061558 0
    endloop
  endfacet
  facet normal 0 0 -1
    outer loop
      vertex 0.061558 4.21783 0
      vertex 249.782 0.061558 0
      vertex 249 0 0
    endloop
  endfacet
  facet normal 0 0 -1
    outer loop
      vertex 0.061558 4.21783 0
      vertex 249 0 0
      vertex 5 0 0
    endloop
  endfacet
  facet normal 0 0 -1
    outer loop
      vertex 0.061558 4.21783 0
      vertex 5 0 0
      vertex 4.21783 0.061558 0
    endloop
  endfacet
  facet normal 0 0 -1
    outer loop
      vertex 0.061558 4.21783 0
      vertex 4.21783 0.061558 0
      vertex 3.45492 0.244717 0
    endloop
  endfacet
  facet normal 0 0 -1
    outer loop
      vertex 0.061558 4.21783 0
      vertex 3.45492 0.244717 0
      vertex 2.73005 0.544967 0
    endloop
  endfacet
  facet normal 0 0 -1
    outer loop
      vertex 0.061558 4.21783 0
      vertex 2.73005 0.544967 0
      vertex 2.06107 0.954915 0
    endloop
  endfacet
  facet normal 0 0 -1
    outer loop
      vertex 0.061558 4.21783 0
      vertex 2.06107 0.954915 0
      vertex 1.46447 1.46447 0
    endloop
  endfacet
  facet normal 0 0 -1
    outer loop
      vertex 0.061558 4.21783 0
      vertex 1.46447 1.46447 0
      vertex 0.954915 2.06107 0
    endloop
  endfacet
  facet normal 0 0 -1
    outer loop
      vertex 0.061558 4.21783 0
      vertex 0.954915 2.06107 0
      vertex 0.544967 2.73005 0
    endloop
  endfacet
  facet normal 0 0 -1
    outer loop
      vertex 0.061558 4.21783 0
      vertex 0.544967 2.73005 0
      vertex 0.244717 3.45492 0
    endloop
  endfacet
  facet normal 0 0 -1
    outer loop
      vertex 14.2528 20.905 0
      vertex 2 5 0
      vertex 14.1667 22 0
    endloop
  endfacet
  facet normal 0 0 -1
    outer loop
      vertex 14.2528 23.095 0
      vertex 14.1667 22 0
      vertex 2 44.1 0
    endloop
  endfacet
  facet normal 0 0 -1
    outer loop
      vertex 14.5093 19.8369 0
      vertex 2 5 0
      vertex 14.2528 20.905 0
    endloop
  endfacet
  facet normal 0 0 -1
    outer loop
      vertex 14.9296 18.8221 0
      vertex 2 5 0
      vertex 14.5093 19.8369 0
    endloop
  endfacet
  facet normal 0 0 -1
    outer loop
      vertex 15.5035 17.8855 0
      vertex 2 5 0
      vertex 14.9296 18.8221 0
    endloop
  endfacet
  facet normal 0 0 -1
    outer loop
      vertex 16.2169 17.0503 0
      vertex 2 5 0
      vertex 15.5035 17.8855 0
    endloop
  endfacet
  facet normal 0 0 -1
    outer loop
      vertex 17.0522 16.3369 0
      vertex 2 5 0
      vertex 16.2169 17.0503 0
    endloop
  endfacet
  facet normal 0 0 -1
    outer loop
      vertex 17.9887 15.763 0
      vertex 2 5 0
      vertex 17.0522 16.3369 0
    endloop
  endfacet
  facet normal 0 -0 -1
    outer loop
      vertex 58.5503 26.9497 0
      vertex 27.8241 19.8369 0
      vertex 59.3855 27.6631 0
    endloop
  endfacet
  facet normal 0 0 -1
    outer loop
      vertex 19.0035 15.3426 0
      vertex 2 5 0
      vertex 17.9887 15.763 0
    endloop
  endfacet
  facet normal 0 0 -1
    outer loop
      vertex 20.0716 15.0862 0
      vertex 2 5 0
      vertex 19.0035 15.3426 0
    endloop
  endfacet
  facet normal 0 0 -1
    outer loop
      vertex 21.1667 15 0
      vertex 2 5 0
      vertex 20.0716 15.0862 0
    endloop
  endfacet
  facet normal 0 0 -1
    outer loop
      vertex 22.2617 15.0862 0
      vertex 2 5 0
      vertex 21.1667 15 0
    endloop
  endfacet
  facet normal 0 0 -1
    outer loop
      vertex 23.3298 15.3426 0
      vertex 2 5 0
      vertex 22.2617 15.0862 0
    endloop
  endfacet
  facet normal 0 0 -1
    outer loop
      vertex 56.5 22 0
      vertex 2 5 0
      vertex 23.3298 15.3426 0
    endloop
  endfacet
  facet normal -0 0 -1
    outer loop
      vertex 66.6779 28.237 0
      vertex 129 44.1 0
      vertex 67.6145 27.6631 0
    endloop
  endfacet
  facet normal -0 0 -1
    outer loop
      vertex 27.4037 18.8221 0
      vertex 57.8369 26.1145 0
      vertex 26.8298 17.8855 0
    endloop
  endfacet
  facet normal -0 0 -1
    outer loop
      vertex 65.6631 28.6574 0
      vertex 129 44.1 0
      vertex 66.6779 28.237 0
    endloop
  endfacet
  facet normal -0 0 -1
    outer loop
      vertex 155.08 20.905 0
      vertex 187.322 28.237 0
      vertex 154.824 19.8369 0
    endloop
  endfacet
  facet normal 0 0 -1
    outer loop
      vertex 62.405 28.9138 0
      vertex 129 44.1 0
      vertex 63.5 29 0
    endloop
  endfacet
  facet normal 0 0 -1
    outer loop
      vertex 28.1667 22 0
      vertex 129 44.1 0
      vertex 62.405 28.9138 0
    endloop
  endfacet
  facet normal -0 0 -1
    outer loop
      vertex 28.0805 23.095 0
      vertex 129 44.1 0
      vertex 28.1667 22 0
    endloop
  endfacet
  facet normal -0 0 -1
    outer loop
      vertex 27.8241 24.1631 0
      vertex 129 44.1 0
      vertex 28.0805 23.095 0
    endloop
  endfacet
  facet normal -0 0 -1
    outer loop
      vertex 27.4037 25.1779 0
      vertex 129 44.1 0
      vertex 27.8241 24.1631 0
    endloop
  endfacet
  facet normal -0 -0 -1
    outer loop
      vertex 23.3298 28.6574 0
      vertex 2 44.1 0
      vertex 24.3446 28.237 0
    endloop
  endfacet
  facet normal 0 0 -1
    outer loop
      vertex 56.5862 20.905 0
      vertex 2 5 0
      vertex 56.5 22 0
    endloop
  endfacet
  facet normal 0 0 -1
    outer loop
      vertex 129 44.1 0
      vertex 27.4037 25.1779 0
      vertex 26.8298 26.1145 0
    endloop
  endfacet
  facet normal 0 0 -1
    outer loop
      vertex 56.8426 24.1631 0
      vertex 23.3298 15.3426 0
      vertex 24.3446 15.763 0
    endloop
  endfacet
  facet normal 0 0 -1
    outer loop
      vertex 129 44.1 0
      vertex 26.8298 26.1145 0
      vertex 26.1164 26.9497 0
    endloop
  endfacet
  facet normal 0 0 -1
    outer loop
      vertex 129 44.1 0
      vertex 26.1164 26.9497 0
      vertex 25.2812 27.6631 0
    endloop
  endfacet
  facet normal 0 0 -1
    outer loop
      vertex 129 44.1 0
      vertex 25.2812 27.6631 0
      vertex 2 44.1 0
    endloop
  endfacet
  facet normal 0 0 -1
    outer loop
      vertex 25.2812 27.6631 0
      vertex 24.3446 28.237 0
      vertex 2 44.1 0
    endloop
  endfacet
  facet normal -0 -0 -1
    outer loop
      vertex 22.2617 28.9138 0
      vertex 2 44.1 0
      vertex 23.3298 28.6574 0
    endloop
  endfacet
  facet normal 0 0 -1
    outer loop
      vertex 56.5862 20.905 0
      vertex 0.061558 4.21783 0
      vertex 2 5 0
    endloop
  endfacet
  facet normal 0 0 -1
    outer loop
      vertex 22.2617 28.9138 0
      vertex 21.1667 29 0
      vertex 2 44.1 0
    endloop
  endfacet
  facet normal 0 0 -1
    outer loop
      vertex 21.1667 29 0
      vertex 20.0716 28.9138 0
      vertex 2 44.1 0
    endloop
  endfacet
  facet normal 0 0 -1
    outer loop
      vertex 20.0716 28.9138 0
      vertex 19.0035 28.6574 0
      vertex 2 44.1 0
    endloop
  endfacet
  facet normal 0 0 -1
    outer loop
      vertex 19.0035 28.6574 0
      vertex 17.9887 28.237 0
      vertex 2 44.1 0
    endloop
  endfacet
  facet normal 0 0 -1
    outer loop
      vertex 17.9887 28.237 0
      vertex 17.0522 27.6631 0
      vertex 2 44.1 0
    endloop
  endfacet
  facet normal 0 0 -1
    outer loop
      vertex 17.0522 27.6631 0
      vertex 16.2169 26.9497 0
      vertex 2 44.1 0
    endloop
  endfacet
  facet normal 0 0 -1
    outer loop
      vertex 16.2169 26.9497 0
      vertex 15.5035 26.1145 0
      vertex 2 44.1 0
    endloop
  endfacet
  facet normal 0 0 -1
    outer loop
      vertex 15.5035 26.1145 0
      vertex 14.9296 25.1779 0
      vertex 2 44.1 0
    endloop
  endfacet
  facet normal 0 0 -1
    outer loop
      vertex 14.9296 25.1779 0
      vertex 14.5093 24.1631 0
      vertex 2 44.1 0
    endloop
  endfacet
  facet normal 0 0 -1
    outer loop
      vertex 14.5093 24.1631 0
      vertex 14.2528 23.095 0
      vertex 2 44.1 0
    endloop
  endfacet
  facet normal 0 0 -1
    outer loop
      vertex 56.5862 23.095 0
      vertex 56.5 22 0
      vertex 23.3298 15.3426 0
    endloop
  endfacet
  facet normal -0 0 -1
    outer loop
      vertex 69.1631 26.1145 0
      vertex 129 44.1 0
      vertex 69.737 25.1779 0
    endloop
  endfacet
  facet normal 0 0 -1
    outer loop
      vertex 0.061558 4.21783 0
      vertex 56.5862 20.905 0
      vertex 56.8426 19.8369 0
    endloop
  endfacet
  facet normal 0 0 -1
    outer loop
      vertex 0.061558 4.21783 0
      vertex 56.8426 19.8369 0
      vertex 57.263 18.8221 0
    endloop
  endfacet
  facet normal 0 0 -1
    outer loop
      vertex 0.061558 4.21783 0
      vertex 57.263 18.8221 0
      vertex 57.8369 17.8855 0
    endloop
  endfacet
  facet normal 0 0 -1
    outer loop
      vertex 0.061558 4.21783 0
      vertex 57.8369 17.8855 0
      vertex 58.5503 17.0503 0
    endloop
  endfacet
  facet normal 0 0 -1
    outer loop
      vertex 0.061558 4.21783 0
      vertex 58.5503 17.0503 0
      vertex 59.3855 16.3369 0
    endloop
  endfacet
  facet normal 0 0 -1
    outer loop
      vertex 0.061558 4.21783 0
      vertex 59.3855 16.3369 0
      vertex 60.3221 15.763 0
    endloop
  endfacet
  facet normal 0 -0 -1
    outer loop
      vertex 56.5862 23.095 0
      vertex 23.3298 15.3426 0
      vertex 56.8426 24.1631 0
    endloop
  endfacet
  facet normal 0 0 -1
    outer loop
      vertex 0.061558 4.21783 0
      vertex 60.3221 15.763 0
      vertex 61.3369 15.3426 0
    endloop
  endfacet
  facet normal 0 0 -1
    outer loop
      vertex 0.061558 4.21783 0
      vertex 61.3369 15.3426 0
      vertex 62.405 15.0862 0
    endloop
  endfacet
  facet normal 0 0 -1
    outer loop
      vertex 0.061558 4.21783 0
      vertex 62.405 15.0862 0
      vertex 129 5 0
    endloop
  endfacet
  facet normal 0 0 -1
    outer loop
      vertex 62.405 15.0862 0
      vertex 63.5 15 0
      vertex 129 5 0
    endloop
  endfacet
  facet normal 0 0 -1
    outer loop
      vertex 65.6631 15.3426 0
      vertex 129 5 0
      vertex 64.595 15.0862 0
    endloop
  endfacet
  facet normal 0 0 -1
    outer loop
      vertex 66.6779 15.763 0
      vertex 129 5 0
      vertex 65.6631 15.3426 0
    endloop
  endfacet
  facet normal 0 0 -1
    outer loop
      vertex 67.6145 16.3369 0
      vertex 129 5 0
      vertex 66.6779 15.763 0
    endloop
  endfacet
  facet normal 0 0 -1
    outer loop
      vertex 68.4497 17.0503 0
      vertex 129 5 0
      vertex 67.6145 16.3369 0
    endloop
  endfacet
  facet normal 0 0 -1
    outer loop
      vertex 69.1631 17.8855 0
      vertex 129 5 0
      vertex 68.4497 17.0503 0
    endloop
  endfacet
  facet normal 0 0 -1
    outer loop
      vertex 69.737 18.8221 0
      vertex 129 5 0
      vertex 69.1631 17.8855 0
    endloop
  endfacet
  facet normal -0 0 -1
    outer loop
      vertex 70.1574 19.8369 0
      vertex 129 44.1 0
      vertex 69.737 18.8221 0
    endloop
  endfacet
  facet normal -0 0 -1
    outer loop
      vertex 69.737 25.1779 0
      vertex 129 44.1 0
      vertex 70.1574 24.1631 0
    endloop
  endfacet
  facet normal -0 0 -1
    outer loop
      vertex 70.4138 20.905 0
      vertex 129 44.1 0
      vertex 70.1574 19.8369 0
    endloop
  endfacet
  facet normal -0 0 -1
    outer loop
      vertex 70.5 22 0
      vertex 129 44.1 0
      vertex 70.4138 20.905 0
    endloop
  endfacet
  facet normal -0 0 -1
    outer loop
      vertex 70.4138 23.095 0
      vertex 129 44.1 0
      vertex 70.5 22 0
    endloop
  endfacet
  facet normal -0 0 -1
    outer loop
      vertex 70.1574 24.1631 0
      vertex 129 44.1 0
      vertex 70.4138 23.095 0
    endloop
  endfacet
  facet normal 0 0 -1
    outer loop
      vertex 64.595 15.0862 0
      vertex 129 5 0
      vertex 63.5 15 0
    endloop
  endfacet
  facet normal -0 0 -1
    outer loop
      vertex 67.6145 27.6631 0
      vertex 129 44.1 0
      vertex 68.4497 26.9497 0
    endloop
  endfacet
  facet normal 0 0 -1
    outer loop
      vertex 129 44.1 0
      vertex 69.1631 26.1145 0
      vertex 68.4497 26.9497 0
    endloop
  endfacet
  facet normal -0 0 -1
    outer loop
      vertex 26.1164 17.0503 0
      vertex 57.263 25.1779 0
      vertex 25.2812 16.3369 0
    endloop
  endfacet
  facet normal 0 -0 -1
    outer loop
      vertex 187.322 28.237 0
      vertex 155.08 20.905 0
      vertex 188.337 28.6574 0
    endloop
  endfacet
  facet normal -0 0 -1
    outer loop
      vertex 64.595 28.9138 0
      vertex 129 44.1 0
      vertex 65.6631 28.6574 0
    endloop
  endfacet
  facet normal 0 -0 -1
    outer loop
      vertex 59.3855 27.6631 0
      vertex 28.0805 20.905 0
      vertex 60.3221 28.237 0
    endloop
  endfacet
  facet normal -0 0 -1
    outer loop
      vertex 63.5 29 0
      vertex 129 44.1 0
      vertex 64.595 28.9138 0
    endloop
  endfacet
  facet normal -0 0 -1
    outer loop
      vertex 28.1667 22 0
      vertex 62.405 28.9138 0
      vertex 28.0805 20.905 0
    endloop
  endfacet
  facet normal 0 -0 -1
    outer loop
      vertex 61.3369 28.6574 0
      vertex 28.0805 20.905 0
      vertex 62.405 28.9138 0
    endloop
  endfacet
  facet normal 0 -0 -1
    outer loop
      vertex 60.3221 28.237 0
      vertex 28.0805 20.905 0
      vertex 61.3369 28.6574 0
    endloop
  endfacet
  facet normal 0 -0 -1
    outer loop
      vertex 56.8426 24.1631 0
      vertex 25.2812 16.3369 0
      vertex 57.263 25.1779 0
    endloop
  endfacet
  facet normal -0 0 -1
    outer loop
      vertex 28.0805 20.905 0
      vertex 59.3855 27.6631 0
      vertex 27.8241 19.8369 0
    endloop
  endfacet
  facet normal 0 -0 -1
    outer loop
      vertex 57.8369 26.1145 0
      vertex 27.4037 18.8221 0
      vertex 58.5503 26.9497 0
    endloop
  endfacet
  facet normal 0 -0 -1
    outer loop
      vertex 57.263 25.1779 0
      vertex 26.8298 17.8855 0
      vertex 57.8369 26.1145 0
    endloop
  endfacet
  facet normal 0 0 -1
    outer loop
      vertex 56.8426 24.1631 0
      vertex 24.3446 15.763 0
      vertex 25.2812 16.3369 0
    endloop
  endfacet
  facet normal 0 0 -1
    outer loop
      vertex 57.263 25.1779 0
      vertex 26.1164 17.0503 0
      vertex 26.8298 17.8855 0
    endloop
  endfacet
  facet normal 0 0 -1
    outer loop
      vertex 104.738 15.0862 0
      vertex 129 5 0
      vertex 103.67 15.3426 0
    endloop
  endfacet
  facet normal 0 -0 -1
    outer loop
      vertex 102.655 28.237 0
      vertex 69.737 18.8221 0
      vertex 103.67 28.6574 0
    endloop
  endfacet
  facet normal 0 0 -1
    outer loop
      vertex 69.737 18.8221 0
      vertex 98.8333 22 0
      vertex 98.9195 20.905 0
    endloop
  endfacet
  facet normal 0 0 -1
    outer loop
      vertex 69.737 18.8221 0
      vertex 98.9195 20.905 0
      vertex 99.1759 19.8369 0
    endloop
  endfacet
  facet normal -0 0 -1
    outer loop
      vertex 69.737 18.8221 0
      vertex 99.1759 19.8369 0
      vertex 99.5963 18.8221 0
    endloop
  endfacet
  facet normal 0 0 -1
    outer loop
      vertex 69.737 18.8221 0
      vertex 99.5963 18.8221 0
      vertex 100.17 17.8855 0
    endloop
  endfacet
  facet normal 0 0 -1
    outer loop
      vertex 69.737 18.8221 0
      vertex 100.17 17.8855 0
      vertex 100.884 17.0503 0
    endloop
  endfacet
  facet normal 0 0 -1
    outer loop
      vertex 69.737 18.8221 0
      vertex 100.884 17.0503 0
      vertex 101.719 16.3369 0
    endloop
  endfacet
  facet normal 0 0 -1
    outer loop
      vertex 69.737 18.8221 0
      vertex 101.719 16.3369 0
      vertex 102.655 15.763 0
    endloop
  endfacet
  facet normal 0 0 -1
    outer loop
      vertex 69.737 18.8221 0
      vertex 102.655 15.763 0
      vertex 103.67 15.3426 0
    endloop
  endfacet
  facet normal 0 0 -1
    outer loop
      vertex 69.737 18.8221 0
      vertex 103.67 15.3426 0
      vertex 129 5 0
    endloop
  endfacet
  facet normal 0 0 -1
    outer loop
      vertex 105.833 15 0
      vertex 129 5 0
      vertex 104.738 15.0862 0
    endloop
  endfacet
  facet normal 0 0 -1
    outer loop
      vertex 106.928 15.0862 0
      vertex 129 5 0
      vertex 105.833 15 0
    endloop
  endfacet
  facet normal 0 0 -1
    outer loop
      vertex 107.996 15.3426 0
      vertex 129 5 0
      vertex 106.928 15.0862 0
    endloop
  endfacet
  facet normal 0 0 -1
    outer loop
      vertex 109.011 15.763 0
      vertex 129 5 0
      vertex 107.996 15.3426 0
    endloop
  endfacet
  facet normal 0 0 -1
    outer loop
      vertex 109.948 16.3369 0
      vertex 129 5 0
      vertex 109.011 15.763 0
    endloop
  endfacet
  facet normal -0 0 -1
    outer loop
      vertex 106.928 28.9138 0
      vertex 129 44.1 0
      vertex 107.996 28.6574 0
    endloop
  endfacet
  facet normal -0 0 -1
    outer loop
      vertex 112.491 19.8369 0
      vertex 129 44.1 0
      vertex 112.07 18.8221 0
    endloop
  endfacet
  facet normal -0 0 -1
    outer loop
      vertex 112.747 20.905 0
      vertex 129 44.1 0
      vertex 112.491 19.8369 0
    endloop
  endfacet
  facet normal -0 0 -1
    outer loop
      vertex 109.948 16.3369 0
      vertex 110.783 17.0503 0
      vertex 129 5 0
    endloop
  endfacet
  facet normal -0 0 -1
    outer loop
      vertex 112.07 18.8221 0
      vertex 129 44.1 0
      vertex 111.496 17.8855 0
    endloop
  endfacet
  facet normal -0 0 -1
    outer loop
      vertex 110.783 17.0503 0
      vertex 111.496 17.8855 0
      vertex 129 5 0
    endloop
  endfacet
  facet normal -0 0 -1
    outer loop
      vertex 112.833 22 0
      vertex 129 44.1 0
      vertex 112.747 20.905 0
    endloop
  endfacet
  facet normal -0 0 -1
    outer loop
      vertex 112.747 23.095 0
      vertex 129 44.1 0
      vertex 112.833 22 0
    endloop
  endfacet
  facet normal -0 0 -1
    outer loop
      vertex 112.491 24.1631 0
      vertex 129 44.1 0
      vertex 112.747 23.095 0
    endloop
  endfacet
  facet normal -0 0 -1
    outer loop
      vertex 112.07 25.1779 0
      vertex 129 44.1 0
      vertex 112.491 24.1631 0
    endloop
  endfacet
  facet normal -0 0 -1
    outer loop
      vertex 111.496 26.1145 0
      vertex 129 44.1 0
      vertex 112.07 25.1779 0
    endloop
  endfacet
  facet normal -0 0 -1
    outer loop
      vertex 110.783 26.9497 0
      vertex 129 44.1 0
      vertex 111.496 26.1145 0
    endloop
  endfacet
  facet normal -0 0 -1
    outer loop
      vertex 109.948 27.6631 0
      vertex 129 44.1 0
      vertex 110.783 26.9497 0
    endloop
  endfacet
  facet normal -0 0 -1
    outer loop
      vertex 109.011 28.237 0
      vertex 129 44.1 0
      vertex 109.948 27.6631 0
    endloop
  endfacet
  facet normal -0 0 -1
    outer loop
      vertex 107.996 28.6574 0
      vertex 129 44.1 0
      vertex 109.011 28.237 0
    endloop
  endfacet
  facet normal -0 0 -1
    outer loop
      vertex 105.833 29 0
      vertex 129 44.1 0
      vertex 106.928 28.9138 0
    endloop
  endfacet
  facet normal 0 0 -1
    outer loop
      vertex 104.738 28.9138 0
      vertex 129 44.1 0
      vertex 105.833 29 0
    endloop
  endfacet
  facet normal 0 0 -1
    outer loop
      vertex 103.67 28.6574 0
      vertex 129 44.1 0
      vertex 104.738 28.9138 0
    endloop
  endfacet
  facet normal 0 0 -1
    outer loop
      vertex 69.737 18.8221 0
      vertex 129 44.1 0
      vertex 103.67 28.6574 0
    endloop
  endfacet
  facet normal 0 -0 -1
    outer loop
      vertex 101.719 27.6631 0
      vertex 69.737 18.8221 0
      vertex 102.655 28.237 0
    endloop
  endfacet
  facet normal 0 -0 -1
    outer loop
      vertex 100.884 26.9497 0
      vertex 69.737 18.8221 0
      vertex 101.719 27.6631 0
    endloop
  endfacet
  facet normal 0 0 -1
    outer loop
      vertex 69.737 18.8221 0
      vertex 100.884 26.9497 0
      vertex 100.17 26.1145 0
    endloop
  endfacet
  facet normal 0 0 -1
    outer loop
      vertex 69.737 18.8221 0
      vertex 100.17 26.1145 0
      vertex 99.5963 25.1779 0
    endloop
  endfacet
  facet normal 0 0 -1
    outer loop
      vertex 69.737 18.8221 0
      vertex 99.5963 25.1779 0
      vertex 99.1759 24.1631 0
    endloop
  endfacet
  facet normal 0 0 -1
    outer loop
      vertex 69.737 18.8221 0
      vertex 99.1759 24.1631 0
      vertex 98.9195 23.095 0
    endloop
  endfacet
  facet normal 0 0 -1
    outer loop
      vertex 69.737 18.8221 0
      vertex 98.9195 23.095 0
      vertex 98.8333 22 0
    endloop
  endfacet
  facet normal 0 -0 -1
    outer loop
      vertex 131 5 0
      vertex 131 44.1 0
      vertex 141.167 22 0
    endloop
  endfacet
  facet normal 0 0 -1
    outer loop
      vertex 131 5 0
      vertex 141.167 22 0
      vertex 141.253 20.905 0
    endloop
  endfacet
  facet normal 0 0 -1
    outer loop
      vertex 131 5 0
      vertex 141.253 20.905 0
      vertex 141.509 19.8369 0
    endloop
  endfacet
  facet normal 0 0 -1
    outer loop
      vertex 131 5 0
      vertex 141.509 19.8369 0
      vertex 141.93 18.8221 0
    endloop
  endfacet
  facet normal 0 0 -1
    outer loop
      vertex 131 5 0
      vertex 141.93 18.8221 0
      vertex 142.504 17.8855 0
    endloop
  endfacet
  facet normal 0 0 -1
    outer loop
      vertex 131 5 0
      vertex 142.504 17.8855 0
      vertex 143.217 17.0503 0
    endloop
  endfacet
  facet normal 0 0 -1
    outer loop
      vertex 131 5 0
      vertex 143.217 17.0503 0
      vertex 144.052 16.3369 0
    endloop
  endfacet
  facet normal 0 0 -1
    outer loop
      vertex 131 5 0
      vertex 144.052 16.3369 0
      vertex 144.989 15.763 0
    endloop
  endfacet
  facet normal -0 0 -1
    outer loop
      vertex 154.824 19.8369 0
      vertex 185.55 26.9497 0
      vertex 154.404 18.8221 0
    endloop
  endfacet
  facet normal 0 0 -1
    outer loop
      vertex 131 5 0
      vertex 144.989 15.763 0
      vertex 146.004 15.3426 0
    endloop
  endfacet
  facet normal 0 0 -1
    outer loop
      vertex 131 5 0
      vertex 146.004 15.3426 0
      vertex 147.072 15.0862 0
    endloop
  endfacet
  facet normal 0 0 -1
    outer loop
      vertex 131 5 0
      vertex 147.072 15.0862 0
      vertex 148.167 15 0
    endloop
  endfacet
  facet normal 0 -0 -1
    outer loop
      vertex 183.843 24.1631 0
      vertex 151.345 15.763 0
      vertex 184.263 25.1779 0
    endloop
  endfacet
  facet normal 0 0 -1
    outer loop
      vertex 131 5 0
      vertex 148.167 15 0
      vertex 149.262 15.0862 0
    endloop
  endfacet
  facet normal -0 0 -1
    outer loop
      vertex 152.281 16.3369 0
      vertex 184.263 25.1779 0
      vertex 151.345 15.763 0
    endloop
  endfacet
  facet normal 0 0 -1
    outer loop
      vertex 131 5 0
      vertex 149.262 15.0862 0
      vertex 150.33 15.3426 0
    endloop
  endfacet
  facet normal -0 0 -1
    outer loop
      vertex 155.167 22 0
      vertex 252 44.1 0
      vertex 155.08 20.905 0
    endloop
  endfacet
  facet normal -0 0 -1
    outer loop
      vertex 155.08 23.095 0
      vertex 252 44.1 0
      vertex 155.167 22 0
    endloop
  endfacet
  facet normal -0 0 -1
    outer loop
      vertex 154.824 24.1631 0
      vertex 252 44.1 0
      vertex 155.08 23.095 0
    endloop
  endfacet
  facet normal -0 0 -1
    outer loop
      vertex 154.404 25.1779 0
      vertex 252 44.1 0
      vertex 154.824 24.1631 0
    endloop
  endfacet
  facet normal 0 0 -1
    outer loop
      vertex 183.586 20.905 0
      vertex 131 5 0
      vertex 183.5 22 0
    endloop
  endfacet
  facet normal -0 -0 -1
    outer loop
      vertex 151.345 28.237 0
      vertex 131 44.1 0
      vertex 152.281 27.6631 0
    endloop
  endfacet
  facet normal -0 -0 -1
    outer loop
      vertex 149.262 28.9138 0
      vertex 131 44.1 0
      vertex 150.33 28.6574 0
    endloop
  endfacet
  facet normal 0 -0 -1
    outer loop
      vertex 154.404 25.1779 0
      vertex 153.83 26.1145 0
      vertex 252 44.1 0
    endloop
  endfacet
  facet normal -0 -0 -1
    outer loop
      vertex 150.33 28.6574 0
      vertex 131 44.1 0
      vertex 151.345 28.237 0
    endloop
  endfacet
  facet normal 0 -0 -1
    outer loop
      vertex 153.83 26.1145 0
      vertex 153.116 26.9497 0
      vertex 252 44.1 0
    endloop
  endfacet
  facet normal 0 -0 -1
    outer loop
      vertex 153.116 26.9497 0
      vertex 152.281 27.6631 0
      vertex 252 44.1 0
    endloop
  endfacet
  facet normal -0 -0 -1
    outer loop
      vertex 148.167 29 0
      vertex 131 44.1 0
      vertex 149.262 28.9138 0
    endloop
  endfacet
  facet normal 0 -0 -1
    outer loop
      vertex 147.072 28.9138 0
      vertex 131 44.1 0
      vertex 148.167 29 0
    endloop
  endfacet
  facet normal 0 -0 -1
    outer loop
      vertex 146.004 28.6574 0
      vertex 131 44.1 0
      vertex 147.072 28.9138 0
    endloop
  endfacet
  facet normal 0 -0 -1
    outer loop
      vertex 144.989 28.237 0
      vertex 131 44.1 0
      vertex 146.004 28.6574 0
    endloop
  endfacet
  facet normal 0 -0 -1
    outer loop
      vertex 144.052 27.6631 0
      vertex 131 44.1 0
      vertex 144.989 28.237 0
    endloop
  endfacet
  facet normal 0 -0 -1
    outer loop
      vertex 143.217 26.9497 0
      vertex 131 44.1 0
      vertex 144.052 27.6631 0
    endloop
  endfacet
  facet normal 0 -0 -1
    outer loop
      vertex 142.504 26.1145 0
      vertex 131 44.1 0
      vertex 143.217 26.9497 0
    endloop
  endfacet
  facet normal 0 -0 -1
    outer loop
      vertex 141.93 25.1779 0
      vertex 131 44.1 0
      vertex 142.504 26.1145 0
    endloop
  endfacet
  facet normal 0 -0 -1
    outer loop
      vertex 141.509 24.1631 0
      vertex 131 44.1 0
      vertex 141.93 25.1779 0
    endloop
  endfacet
  facet normal 0 -0 -1
    outer loop
      vertex 141.253 23.095 0
      vertex 131 44.1 0
      vertex 141.509 24.1631 0
    endloop
  endfacet
  facet normal 0 -0 -1
    outer loop
      vertex 141.167 22 0
      vertex 131 44.1 0
      vertex 141.253 23.095 0
    endloop
  endfacet
  facet normal 0 0 -1
    outer loop
      vertex 131 5 0
      vertex 150.33 15.3426 0
      vertex 183.5 22 0
    endloop
  endfacet
  facet normal 0 0 -1
    outer loop
      vertex 190.5 15 0
      vertex 252 5 0
      vertex 189.405 15.0862 0
    endloop
  endfacet
  facet normal 0 0 -1
    outer loop
      vertex 131 5 0
      vertex 183.586 20.905 0
      vertex 183.843 19.8369 0
    endloop
  endfacet
  facet normal 0 0 -1
    outer loop
      vertex 131 5 0
      vertex 183.843 19.8369 0
      vertex 184.263 18.8221 0
    endloop
  endfacet
  facet normal 0 0 -1
    outer loop
      vertex 131 5 0
      vertex 184.263 18.8221 0
      vertex 184.837 17.8855 0
    endloop
  endfacet
  facet normal 0 0 -1
    outer loop
      vertex 131 5 0
      vertex 184.837 17.8855 0
      vertex 185.55 17.0503 0
    endloop
  endfacet
  facet normal 0 0 -1
    outer loop
      vertex 131 5 0
      vertex 185.55 17.0503 0
      vertex 186.386 16.3369 0
    endloop
  endfacet
  facet normal 0 0 -1
    outer loop
      vertex 131 5 0
      vertex 186.386 16.3369 0
      vertex 187.322 15.763 0
    endloop
  endfacet
  facet normal 0 0 -1
    outer loop
      vertex 131 5 0
      vertex 187.322 15.763 0
      vertex 188.337 15.3426 0
    endloop
  endfacet
  facet normal 0 0 -1
    outer loop
      vertex 131 5 0
      vertex 188.337 15.3426 0
      vertex 189.405 15.0862 0
    endloop
  endfacet
  facet normal -0 0 -1
    outer loop
      vertex 131 5 0
      vertex 189.405 15.0862 0
      vertex 252 5 0
    endloop
  endfacet
  facet normal 0 0 -1
    outer loop
      vertex 191.595 15.0862 0
      vertex 252 5 0
      vertex 190.5 15 0
    endloop
  endfacet
  facet normal 0 0 -1
    outer loop
      vertex 192.663 15.3426 0
      vertex 252 5 0
      vertex 191.595 15.0862 0
    endloop
  endfacet
  facet normal 0 0 -1
    outer loop
      vertex 193.678 15.763 0
      vertex 252 5 0
      vertex 192.663 15.3426 0
    endloop
  endfacet
  facet normal 0 0 -1
    outer loop
      vertex 194.614 16.3369 0
      vertex 252 5 0
      vertex 193.678 15.763 0
    endloop
  endfacet
  facet normal 0 0 -1
    outer loop
      vertex 195.45 17.0503 0
      vertex 252 5 0
      vertex 194.614 16.3369 0
    endloop
  endfacet
  facet normal 0 0 -1
    outer loop
      vertex 196.163 17.8855 0
      vertex 252 5 0
      vertex 195.45 17.0503 0
    endloop
  endfacet
  facet normal 0 0 -1
    outer loop
      vertex 196.737 18.8221 0
      vertex 252 5 0
      vertex 196.163 17.8855 0
    endloop
  endfacet
  facet normal -0 0 -1
    outer loop
      vertex 197.157 19.8369 0
      vertex 252 44.1 0
      vertex 196.737 18.8221 0
    endloop
  endfacet
  facet normal -0 0 -1
    outer loop
      vertex 196.163 26.1145 0
      vertex 252 44.1 0
      vertex 196.737 25.1779 0
    endloop
  endfacet
  facet normal -0 0 -1
    outer loop
      vertex 197.414 20.905 0
      vertex 252 44.1 0
      vertex 197.157 19.8369 0
    endloop
  endfacet
  facet normal -0 0 -1
    outer loop
      vertex 197.5 22 0
      vertex 252 44.1 0
      vertex 197.414 20.905 0
    endloop
  endfacet
  facet normal -0 0 -1
    outer loop
      vertex 197.414 23.095 0
      vertex 252 44.1 0
      vertex 197.5 22 0
    endloop
  endfacet
  facet normal -0 0 -1
    outer loop
      vertex 197.157 24.1631 0
      vertex 252 44.1 0
      vertex 197.414 23.095 0
    endloop
  endfacet
  facet normal -0 0 -1
    outer loop
      vertex 196.737 25.1779 0
      vertex 252 44.1 0
      vertex 197.157 24.1631 0
    endloop
  endfacet
  facet normal 0 0 -1
    outer loop
      vertex 231.738 15.0862 0
      vertex 252 5 0
      vertex 230.67 15.3426 0
    endloop
  endfacet
  facet normal -0 0 -1
    outer loop
      vertex 193.678 28.237 0
      vertex 252 44.1 0
      vertex 194.614 27.6631 0
    endloop
  endfacet
  facet normal 0 -0 -1
    outer loop
      vertex 196.163 26.1145 0
      vertex 195.45 26.9497 0
      vertex 252 44.1 0
    endloop
  endfacet
  facet normal 0 -0 -1
    outer loop
      vertex 183.586 23.095 0
      vertex 150.33 15.3426 0
      vertex 183.843 24.1631 0
    endloop
  endfacet
  facet normal 0 -0 -1
    outer loop
      vertex 195.45 26.9497 0
      vertex 194.614 27.6631 0
      vertex 252 44.1 0
    endloop
  endfacet
  facet normal -0 0 -1
    outer loop
      vertex 192.663 28.6574 0
      vertex 252 44.1 0
      vertex 193.678 28.237 0
    endloop
  endfacet
  facet normal -0 0 -1
    outer loop
      vertex 190.5 29 0
      vertex 252 44.1 0
      vertex 191.595 28.9138 0
    endloop
  endfacet
  facet normal 0 0 -1
    outer loop
      vertex 184.837 26.1145 0
      vertex 153.83 17.8855 0
      vertex 154.404 18.8221 0
    endloop
  endfacet
  facet normal 0 0 -1
    outer loop
      vertex 155.08 20.905 0
      vertex 252 44.1 0
      vertex 189.405 28.9138 0
    endloop
  endfacet
  facet normal 0 0 -1
    outer loop
      vertex 155.08 20.905 0
      vertex 189.405 28.9138 0
      vertex 188.337 28.6574 0
    endloop
  endfacet
  facet normal 0 0 -1
    outer loop
      vertex 183.843 24.1631 0
      vertex 150.33 15.3426 0
      vertex 151.345 15.763 0
    endloop
  endfacet
  facet normal 0 -0 -1
    outer loop
      vertex 190.5 29 0
      vertex 189.405 28.9138 0
      vertex 252 44.1 0
    endloop
  endfacet
  facet normal 0 0 -1
    outer loop
      vertex 184.263 25.1779 0
      vertex 152.281 16.3369 0
      vertex 153.116 17.0503 0
    endloop
  endfacet
  facet normal 0 -0 -1
    outer loop
      vertex 184.837 26.1145 0
      vertex 154.404 18.8221 0
      vertex 185.55 26.9497 0
    endloop
  endfacet
  facet normal 0 -0 -1
    outer loop
      vertex 186.386 27.6631 0
      vertex 154.824 19.8369 0
      vertex 187.322 28.237 0
    endloop
  endfacet
  facet normal 0 -0 -1
    outer loop
      vertex 185.55 26.9497 0
      vertex 154.824 19.8369 0
      vertex 186.386 27.6631 0
    endloop
  endfacet
  facet normal -0 0 -1
    outer loop
      vertex 191.595 28.9138 0
      vertex 252 44.1 0
      vertex 192.663 28.6574 0
    endloop
  endfacet
  facet normal 0 -0 -1
    outer loop
      vertex 184.263 25.1779 0
      vertex 153.83 17.8855 0
      vertex 184.837 26.1145 0
    endloop
  endfacet
  facet normal 0 0 -1
    outer loop
      vertex 184.263 25.1779 0
      vertex 153.116 17.0503 0
      vertex 153.83 17.8855 0
    endloop
  endfacet
  facet normal 0 -0 -1
    outer loop
      vertex 183.5 22 0
      vertex 150.33 15.3426 0
      vertex 183.586 23.095 0
    endloop
  endfacet
  facet normal 0 -0 -1
    outer loop
      vertex 229.655 28.237 0
      vertex 196.737 18.8221 0
      vertex 230.67 28.6574 0
    endloop
  endfacet
  facet normal 0 0 -1
    outer loop
      vertex 196.737 18.8221 0
      vertex 225.833 22 0
      vertex 225.92 20.905 0
    endloop
  endfacet
  facet normal 0 0 -1
    outer loop
      vertex 196.737 18.8221 0
      vertex 225.92 20.905 0
      vertex 226.176 19.8369 0
    endloop
  endfacet
  facet normal -0 0 -1
    outer loop
      vertex 196.737 18.8221 0
      vertex 226.176 19.8369 0
      vertex 226.596 18.8221 0
    endloop
  endfacet
  facet normal 0 0 -1
    outer loop
      vertex 196.737 18.8221 0
      vertex 226.596 18.8221 0
      vertex 227.17 17.8855 0
    endloop
  endfacet
  facet normal 0 0 -1
    outer loop
      vertex 196.737 18.8221 0
      vertex 227.17 17.8855 0
      vertex 227.884 17.0503 0
    endloop
  endfacet
  facet normal 0 0 -1
    outer loop
      vertex 196.737 18.8221 0
      vertex 227.884 17.0503 0
      vertex 228.719 16.3369 0
    endloop
  endfacet
  facet normal 0 0 -1
    outer loop
      vertex 196.737 18.8221 0
      vertex 228.719 16.3369 0
      vertex 229.655 15.763 0
    endloop
  endfacet
  facet normal 0 0 -1
    outer loop
      vertex 196.737 18.8221 0
      vertex 229.655 15.763 0
      vertex 252 5 0
    endloop
  endfacet
  facet normal 0 0 -1
    outer loop
      vertex 229.655 15.763 0
      vertex 230.67 15.3426 0
      vertex 252 5 0
    endloop
  endfacet
  facet normal 0 0 -1
    outer loop
      vertex 232.833 15 0
      vertex 252 5 0
      vertex 231.738 15.0862 0
    endloop
  endfacet
  facet normal 0 0 -1
    outer loop
      vertex 233.928 15.0862 0
      vertex 252 5 0
      vertex 232.833 15 0
    endloop
  endfacet
  facet normal 0 0 -1
    outer loop
      vertex 234.996 15.3426 0
      vertex 252 5 0
      vertex 233.928 15.0862 0
    endloop
  endfacet
  facet normal 0 0 -1
    outer loop
      vertex 236.011 15.763 0
      vertex 252 5 0
      vertex 234.996 15.3426 0
    endloop
  endfacet
  facet normal -0 0 -1
    outer loop
      vertex 233.928 28.9138 0
      vertex 252 44.1 0
      vertex 234.996 28.6574 0
    endloop
  endfacet
  facet normal -0 0 -1
    outer loop
      vertex 239.491 19.8369 0
      vertex 252 44.1 0
      vertex 239.07 18.8221 0
    endloop
  endfacet
  facet normal -0 0 -1
    outer loop
      vertex 239.747 23.095 0
      vertex 252 44.1 0
      vertex 239.833 22 0
    endloop
  endfacet
  facet normal -0 0 -1
    outer loop
      vertex 236.011 15.763 0
      vertex 236.948 16.3369 0
      vertex 252 5 0
    endloop
  endfacet
  facet normal -0 0 -1
    outer loop
      vertex 239.833 22 0
      vertex 252 44.1 0
      vertex 239.747 20.905 0
    endloop
  endfacet
  facet normal -0 0 -1
    outer loop
      vertex 236.948 16.3369 0
      vertex 237.783 17.0503 0
      vertex 252 5 0
    endloop
  endfacet
  facet normal -0 0 -1
    outer loop
      vertex 239.747 20.905 0
      vertex 252 44.1 0
      vertex 239.491 19.8369 0
    endloop
  endfacet
  facet normal -0 0 -1
    outer loop
      vertex 237.783 17.0503 0
      vertex 238.496 17.8855 0
      vertex 252 5 0
    endloop
  endfacet
  facet normal -0 0 -1
    outer loop
      vertex 238.496 17.8855 0
      vertex 239.07 18.8221 0
      vertex 252 5 0
    endloop
  endfacet
  facet normal -0 0 -1
    outer loop
      vertex 239.491 24.1631 0
      vertex 252 44.1 0
      vertex 239.747 23.095 0
    endloop
  endfacet
  facet normal -0 0 -1
    outer loop
      vertex 239.07 25.1779 0
      vertex 252 44.1 0
      vertex 239.491 24.1631 0
    endloop
  endfacet
  facet normal -0 0 -1
    outer loop
      vertex 238.496 26.1145 0
      vertex 252 44.1 0
      vertex 239.07 25.1779 0
    endloop
  endfacet
  facet normal -0 0 -1
    outer loop
      vertex 237.783 26.9497 0
      vertex 252 44.1 0
      vertex 238.496 26.1145 0
    endloop
  endfacet
  facet normal -0 0 -1
    outer loop
      vertex 236.948 27.6631 0
      vertex 252 44.1 0
      vertex 237.783 26.9497 0
    endloop
  endfacet
  facet normal -0 0 -1
    outer loop
      vertex 236.011 28.237 0
      vertex 252 44.1 0
      vertex 236.948 27.6631 0
    endloop
  endfacet
  facet normal -0 0 -1
    outer loop
      vertex 234.996 28.6574 0
      vertex 252 44.1 0
      vertex 236.011 28.237 0
    endloop
  endfacet
  facet normal -0 0 -1
    outer loop
      vertex 232.833 29 0
      vertex 252 44.1 0
      vertex 233.928 28.9138 0
    endloop
  endfacet
  facet normal 0 0 -1
    outer loop
      vertex 231.738 28.9138 0
      vertex 252 44.1 0
      vertex 232.833 29 0
    endloop
  endfacet
  facet normal 0 0 -1
    outer loop
      vertex 230.67 28.6574 0
      vertex 252 44.1 0
      vertex 231.738 28.9138 0
    endloop
  endfacet
  facet normal 0 0 -1
    outer loop
      vertex 196.737 18.8221 0
      vertex 252 44.1 0
      vertex 230.67 28.6574 0
    endloop
  endfacet
  facet normal 0 -0 -1
    outer loop
      vertex 228.719 27.6631 0
      vertex 196.737 18.8221 0
      vertex 229.655 28.237 0
    endloop
  endfacet
  facet normal 0 -0 -1
    outer loop
      vertex 227.884 26.9497 0
      vertex 196.737 18.8221 0
      vertex 228.719 27.6631 0
    endloop
  endfacet
  facet normal 0 0 -1
    outer loop
      vertex 196.737 18.8221 0
      vertex 227.884 26.9497 0
      vertex 227.17 26.1145 0
    endloop
  endfacet
  facet normal 0 0 -1
    outer loop
      vertex 196.737 18.8221 0
      vertex 227.17 26.1145 0
      vertex 226.596 25.1779 0
    endloop
  endfacet
  facet normal 0 0 -1
    outer loop
      vertex 196.737 18.8221 0
      vertex 226.596 25.1779 0
      vertex 226.176 24.1631 0
    endloop
  endfacet
  facet normal 0 0 -1
    outer loop
      vertex 196.737 18.8221 0
      vertex 226.176 24.1631 0
      vertex 225.92 23.095 0
    endloop
  endfacet
  facet normal 0 0 -1
    outer loop
      vertex 196.737 18.8221 0
      vertex 225.92 23.095 0
      vertex 225.833 22 0
    endloop
  endfacet
  facet normal -0 0 -1
    outer loop
      vertex 27.8241 19.8369 0
      vertex 58.5503 26.9497 0
      vertex 27.4037 18.8221 0
    endloop
  endfacet
  facet normal 0.996917 -0.0784588 0
    outer loop
      vertex 253.938 4.21783 2
      vertex 253.938 4.21783 0
      vertex 254 5 0
    endloop
  endfacet
  facet normal 0.996917 -0.0784588 0
    outer loop
      vertex 254 5 2
      vertex 253.938 4.21783 2
      vertex 254 5 0
    endloop
  endfacet
  facet normal 4.19418e-016 7.0121e-030 3.15797e-014
    outer loop
      vertex 254 45 1.77636e-016
      vertex 254 44.1 3.77476e-016
      vertex 254 44.1 0
    endloop
  endfacet
  facet normal 1.97373e-016 -0 3.15797e-014
    outer loop
      vertex 254 45 0
      vertex 254 45 1.77636e-016
      vertex 254 44.1 0
    endloop
  endfacet
  facet normal 2.22045e-016 0 -1
    outer loop
      vertex 252 5 -4.44089e-016
      vertex 252 45 -4.44089e-016
      vertex 254 5 0
    endloop
  endfacet
  facet normal 2.22045e-016 0 -1
    outer loop
      vertex 254 44.1 0
      vertex 252 45 -4.44089e-016
      vertex 254 45 0
    endloop
  endfacet
  facet normal 2.22045e-016 0 -1
    outer loop
      vertex 254 5 0
      vertex 252 45 -4.44089e-016
      vertex 254 44.1 0
    endloop
  endfacet
  facet normal 0 -2.22045e-016 0
    outer loop
      vertex 254 5 0
      vertex 252 5 0
      vertex 252 5 -4.44089e-016
    endloop
  endfacet
  facet normal 0.97237 -0.233445 0
    outer loop
      vertex 253.755 3.45492 2
      vertex 253.755 3.45492 0
      vertex 253.938 4.21783 0
    endloop
  endfacet
  facet normal 0.97237 -0.233445 0
    outer loop
      vertex 253.938 4.21783 2
      vertex 253.755 3.45492 2
      vertex 253.938 4.21783 0
    endloop
  endfacet
  facet normal 0.923879 -0.382684 0
    outer loop
      vertex 253.455 2.73005 2
      vertex 253.455 2.73005 0
      vertex 253.755 3.45492 0
    endloop
  endfacet
  facet normal 0.923879 -0.382684 0
    outer loop
      vertex 253.755 3.45492 2
      vertex 253.455 2.73005 2
      vertex 253.755 3.45492 0
    endloop
  endfacet
  facet normal 0.85264 -0.522499 0
    outer loop
      vertex 253.045 2.06107 2
      vertex 253.045 2.06107 0
      vertex 253.455 2.73005 0
    endloop
  endfacet
  facet normal 0.85264 -0.522499 0
    outer loop
      vertex 253.455 2.73005 2
      vertex 253.045 2.06107 2
      vertex 253.455 2.73005 0
    endloop
  endfacet
  facet normal 0.760406 -0.649448 0
    outer loop
      vertex 252.536 1.46447 2
      vertex 252.536 1.46447 0
      vertex 253.045 2.06107 0
    endloop
  endfacet
  facet normal 0.760406 -0.649448 0
    outer loop
      vertex 253.045 2.06107 2
      vertex 252.536 1.46447 2
      vertex 253.045 2.06107 0
    endloop
  endfacet
  facet normal 0.649448 -0.760406 0
    outer loop
      vertex 251.939 0.954915 2
      vertex 251.939 0.954915 0
      vertex 252.536 1.46447 0
    endloop
  endfacet
  facet normal 0.649448 -0.760406 0
    outer loop
      vertex 252.536 1.46447 2
      vertex 251.939 0.954915 2
      vertex 252.536 1.46447 0
    endloop
  endfacet
  facet normal 0.522499 -0.85264 0
    outer loop
      vertex 251.27 0.544967 2
      vertex 251.27 0.544967 0
      vertex 251.939 0.954915 0
    endloop
  endfacet
  facet normal 0.522499 -0.85264 0
    outer loop
      vertex 251.939 0.954915 2
      vertex 251.27 0.544967 2
      vertex 251.939 0.954915 0
    endloop
  endfacet
  facet normal 0.382684 -0.923879 0
    outer loop
      vertex 250.545 0.244717 2
      vertex 250.545 0.244717 0
      vertex 251.27 0.544967 0
    endloop
  endfacet
  facet normal 0.382684 -0.923879 0
    outer loop
      vertex 251.27 0.544967 2
      vertex 250.545 0.244717 2
      vertex 251.27 0.544967 0
    endloop
  endfacet
  facet normal 0.233445 -0.97237 0
    outer loop
      vertex 249.782 0.061558 2
      vertex 249.782 0.061558 0
      vertex 250.545 0.244717 0
    endloop
  endfacet
  facet normal 0.233445 -0.97237 0
    outer loop
      vertex 250.545 0.244717 2
      vertex 249.782 0.061558 2
      vertex 250.545 0.244717 0
    endloop
  endfacet
  facet normal 0.0784588 -0.996917 0
    outer loop
      vertex 249 0 2
      vertex 249 0 0
      vertex 249.782 0.061558 0
    endloop
  endfacet
  facet normal 0.0784588 -0.996917 0
    outer loop
      vertex 249.782 0.061558 2
      vertex 249 0 2
      vertex 249.782 0.061558 0
    endloop
  endfacet
  facet normal 0 -1 0
    outer loop
      vertex 5 0 2
      vertex 5 0 0
      vertex 249 0 0
    endloop
  endfacet
  facet normal 0 -1 0
    outer loop
      vertex 249 0 2
      vertex 5 0 2
      vertex 249 0 0
    endloop
  endfacet
  facet normal -0.0784588 -0.996917 0
    outer loop
      vertex 4.21783 0.061558 2
      vertex 4.21783 0.061558 0
      vertex 5 0 0
    endloop
  endfacet
  facet normal -0.0784588 -0.996917 0
    outer loop
      vertex 5 0 2
      vertex 4.21783 0.061558 2
      vertex 5 0 0
    endloop
  endfacet
  facet normal -0.233445 -0.97237 0
    outer loop
      vertex 3.45492 0.244717 2
      vertex 3.45492 0.244717 0
      vertex 4.21783 0.061558 0
    endloop
  endfacet
  facet normal -0.233445 -0.97237 0
    outer loop
      vertex 4.21783 0.061558 2
      vertex 3.45492 0.244717 2
      vertex 4.21783 0.061558 0
    endloop
  endfacet
  facet normal -0.382684 -0.923879 0
    outer loop
      vertex 2.73005 0.544967 2
      vertex 2.73005 0.544967 0
      vertex 3.45492 0.244717 0
    endloop
  endfacet
  facet normal -0.382684 -0.923879 0
    outer loop
      vertex 3.45492 0.244717 2
      vertex 2.73005 0.544967 2
      vertex 3.45492 0.244717 0
    endloop
  endfacet
  facet normal -0.522499 -0.85264 0
    outer loop
      vertex 2.06107 0.954915 2
      vertex 2.06107 0.954915 0
      vertex 2.73005 0.544967 0
    endloop
  endfacet
  facet normal -0.522499 -0.85264 0
    outer loop
      vertex 2.73005 0.544967 2
      vertex 2.06107 0.954915 2
      vertex 2.73005 0.544967 0
    endloop
  endfacet
  facet normal -0.649448 -0.760406 0
    outer loop
      vertex 1.46447 1.46447 2
      vertex 1.46447 1.46447 0
      vertex 2.06107 0.954915 0
    endloop
  endfacet
  facet normal -0.649448 -0.760406 0
    outer loop
      vertex 2.06107 0.954915 2
      vertex 1.46447 1.46447 2
      vertex 2.06107 0.954915 0
    endloop
  endfacet
  facet normal -0.760406 -0.649448 -0
    outer loop
      vertex 0.954915 2.06107 0
      vertex 1.46447 1.46447 0
      vertex 0.954915 2.06107 2
    endloop
  endfacet
  facet normal -0.760406 -0.649448 0
    outer loop
      vertex 0.954915 2.06107 2
      vertex 1.46447 1.46447 0
      vertex 1.46447 1.46447 2
    endloop
  endfacet
  facet normal -0.85264 -0.522499 -0
    outer loop
      vertex 0.544967 2.73005 0
      vertex 0.954915 2.06107 0
      vertex 0.544967 2.73005 2
    endloop
  endfacet
  facet normal -0.85264 -0.522499 0
    outer loop
      vertex 0.544967 2.73005 2
      vertex 0.954915 2.06107 0
      vertex 0.954915 2.06107 2
    endloop
  endfacet
  facet normal -0.923879 -0.382684 -0
    outer loop
      vertex 0.244717 3.45492 0
      vertex 0.544967 2.73005 0
      vertex 0.244717 3.45492 2
    endloop
  endfacet
  facet normal -0.923879 -0.382684 0
    outer loop
      vertex 0.244717 3.45492 2
      vertex 0.544967 2.73005 0
      vertex 0.544967 2.73005 2
    endloop
  endfacet
  facet normal -0.97237 -0.233445 -0
    outer loop
      vertex 0.061558 4.21783 0
      vertex 0.244717 3.45492 0
      vertex 0.061558 4.21783 2
    endloop
  endfacet
  facet normal -0.97237 -0.233445 0
    outer loop
      vertex 0.061558 4.21783 2
      vertex 0.244717 3.45492 0
      vertex 0.244717 3.45492 2
    endloop
  endfacet
  facet normal 0.996917 0.0784595 0
    outer loop
      vertex 141.167 22 2
      vertex 141.253 20.905 2
      vertex 141.253 20.905 0
    endloop
  endfacet
  facet normal 0.996917 0.0784595 0
    outer loop
      vertex 141.167 22 0
      vertex 141.167 22 2
      vertex 141.253 20.905 0
    endloop
  endfacet
  facet normal 0.97237 0.233445 0
    outer loop
      vertex 141.253 20.905 2
      vertex 141.509 19.8369 2
      vertex 141.509 19.8369 0
    endloop
  endfacet
  facet normal 0.97237 0.233445 0
    outer loop
      vertex 141.253 20.905 0
      vertex 141.253 20.905 2
      vertex 141.509 19.8369 0
    endloop
  endfacet
  facet normal 0.923879 0.382684 0
    outer loop
      vertex 141.509 19.8369 2
      vertex 141.93 18.8221 2
      vertex 141.93 18.8221 0
    endloop
  endfacet
  facet normal 0.923879 0.382684 0
    outer loop
      vertex 141.509 19.8369 0
      vertex 141.509 19.8369 2
      vertex 141.93 18.8221 0
    endloop
  endfacet
  facet normal 0.85264 0.522498 0
    outer loop
      vertex 141.93 18.8221 2
      vertex 142.504 17.8855 2
      vertex 142.504 17.8855 0
    endloop
  endfacet
  facet normal 0.85264 0.522498 0
    outer loop
      vertex 141.93 18.8221 0
      vertex 141.93 18.8221 2
      vertex 142.504 17.8855 0
    endloop
  endfacet
  facet normal 0.760405 0.649449 0
    outer loop
      vertex 142.504 17.8855 2
      vertex 143.217 17.0503 2
      vertex 143.217 17.0503 0
    endloop
  endfacet
  facet normal 0.760405 0.649449 0
    outer loop
      vertex 142.504 17.8855 0
      vertex 142.504 17.8855 2
      vertex 143.217 17.0503 0
    endloop
  endfacet
  facet normal 0.649449 0.760405 -0
    outer loop
      vertex 144.052 16.3369 2
      vertex 144.052 16.3369 0
      vertex 143.217 17.0503 2
    endloop
  endfacet
  facet normal 0.649449 0.760405 -0
    outer loop
      vertex 143.217 17.0503 2
      vertex 144.052 16.3369 0
      vertex 143.217 17.0503 0
    endloop
  endfacet
  facet normal 0.522498 0.85264 -0
    outer loop
      vertex 144.989 15.763 2
      vertex 144.989 15.763 0
      vertex 144.052 16.3369 2
    endloop
  endfacet
  facet normal 0.522498 0.85264 -0
    outer loop
      vertex 144.052 16.3369 2
      vertex 144.989 15.763 0
      vertex 144.052 16.3369 0
    endloop
  endfacet
  facet normal 0.382684 0.923879 -0
    outer loop
      vertex 146.004 15.3426 2
      vertex 146.004 15.3426 0
      vertex 144.989 15.763 2
    endloop
  endfacet
  facet normal 0.382684 0.923879 -0
    outer loop
      vertex 144.989 15.763 2
      vertex 146.004 15.3426 0
      vertex 144.989 15.763 0
    endloop
  endfacet
  facet normal 0.233445 0.97237 -0
    outer loop
      vertex 147.072 15.0862 2
      vertex 147.072 15.0862 0
      vertex 146.004 15.3426 2
    endloop
  endfacet
  facet normal 0.233445 0.97237 -0
    outer loop
      vertex 146.004 15.3426 2
      vertex 147.072 15.0862 0
      vertex 146.004 15.3426 0
    endloop
  endfacet
  facet normal 0.0784595 0.996917 -0
    outer loop
      vertex 148.167 15 2
      vertex 148.167 15 0
      vertex 147.072 15.0862 2
    endloop
  endfacet
  facet normal 0.0784595 0.996917 -0
    outer loop
      vertex 147.072 15.0862 2
      vertex 148.167 15 0
      vertex 147.072 15.0862 0
    endloop
  endfacet
  facet normal -0.0784595 0.996917 0
    outer loop
      vertex 149.262 15.0862 2
      vertex 149.262 15.0862 0
      vertex 148.167 15 2
    endloop
  endfacet
  facet normal -0.0784595 0.996917 0
    outer loop
      vertex 148.167 15 2
      vertex 149.262 15.0862 0
      vertex 148.167 15 0
    endloop
  endfacet
  facet normal -0.233445 0.97237 0
    outer loop
      vertex 150.33 15.3426 2
      vertex 150.33 15.3426 0
      vertex 149.262 15.0862 2
    endloop
  endfacet
  facet normal -0.233445 0.97237 0
    outer loop
      vertex 149.262 15.0862 2
      vertex 150.33 15.3426 0
      vertex 149.262 15.0862 0
    endloop
  endfacet
  facet normal -0.382684 0.923879 0
    outer loop
      vertex 151.345 15.763 2
      vertex 151.345 15.763 0
      vertex 150.33 15.3426 2
    endloop
  endfacet
  facet normal -0.382684 0.923879 0
    outer loop
      vertex 150.33 15.3426 2
      vertex 151.345 15.763 0
      vertex 150.33 15.3426 0
    endloop
  endfacet
  facet normal -0.522498 0.85264 0
    outer loop
      vertex 152.281 16.3369 2
      vertex 152.281 16.3369 0
      vertex 151.345 15.763 2
    endloop
  endfacet
  facet normal -0.522498 0.85264 0
    outer loop
      vertex 151.345 15.763 2
      vertex 152.281 16.3369 0
      vertex 151.345 15.763 0
    endloop
  endfacet
  facet normal -0.649449 0.760405 0
    outer loop
      vertex 153.116 17.0503 2
      vertex 153.116 17.0503 0
      vertex 152.281 16.3369 2
    endloop
  endfacet
  facet normal -0.649449 0.760405 0
    outer loop
      vertex 152.281 16.3369 2
      vertex 153.116 17.0503 0
      vertex 152.281 16.3369 0
    endloop
  endfacet
  facet normal -0.760405 0.649449 0
    outer loop
      vertex 153.83 17.8855 2
      vertex 153.83 17.8855 0
      vertex 153.116 17.0503 2
    endloop
  endfacet
  facet normal -0.760405 0.649449 0
    outer loop
      vertex 153.116 17.0503 2
      vertex 153.83 17.8855 0
      vertex 153.116 17.0503 0
    endloop
  endfacet
  facet normal -0.85264 0.522498 0
    outer loop
      vertex 154.404 18.8221 2
      vertex 154.404 18.8221 0
      vertex 153.83 17.8855 2
    endloop
  endfacet
  facet normal -0.85264 0.522498 0
    outer loop
      vertex 153.83 17.8855 2
      vertex 154.404 18.8221 0
      vertex 153.83 17.8855 0
    endloop
  endfacet
  facet normal -0.923879 0.382684 0
    outer loop
      vertex 154.824 19.8369 2
      vertex 154.824 19.8369 0
      vertex 154.404 18.8221 2
    endloop
  endfacet
  facet normal -0.923879 0.382684 0
    outer loop
      vertex 154.404 18.8221 2
      vertex 154.824 19.8369 0
      vertex 154.404 18.8221 0
    endloop
  endfacet
  facet normal -0.97237 0.233445 0
    outer loop
      vertex 155.08 20.905 2
      vertex 155.08 20.905 0
      vertex 154.824 19.8369 2
    endloop
  endfacet
  facet normal -0.97237 0.233445 0
    outer loop
      vertex 154.824 19.8369 2
      vertex 155.08 20.905 0
      vertex 154.824 19.8369 0
    endloop
  endfacet
  facet normal -0.996917 0.0784595 0
    outer loop
      vertex 155.167 22 2
      vertex 155.167 22 0
      vertex 155.08 20.905 2
    endloop
  endfacet
  facet normal -0.996917 0.0784595 0
    outer loop
      vertex 155.08 20.905 2
      vertex 155.167 22 0
      vertex 155.08 20.905 0
    endloop
  endfacet
  facet normal -0.996917 -0.0784595 0
    outer loop
      vertex 155.167 22 2
      vertex 155.08 23.095 2
      vertex 155.167 22 0
    endloop
  endfacet
  facet normal -0.996917 -0.0784595 0
    outer loop
      vertex 155.167 22 0
      vertex 155.08 23.095 2
      vertex 155.08 23.095 0
    endloop
  endfacet
  facet normal -0.97237 -0.233445 0
    outer loop
      vertex 155.08 23.095 2
      vertex 154.824 24.1631 2
      vertex 155.08 23.095 0
    endloop
  endfacet
  facet normal -0.97237 -0.233445 0
    outer loop
      vertex 155.08 23.095 0
      vertex 154.824 24.1631 2
      vertex 154.824 24.1631 0
    endloop
  endfacet
  facet normal -0.923879 -0.382684 0
    outer loop
      vertex 154.824 24.1631 2
      vertex 154.404 25.1779 2
      vertex 154.824 24.1631 0
    endloop
  endfacet
  facet normal -0.923879 -0.382684 0
    outer loop
      vertex 154.824 24.1631 0
      vertex 154.404 25.1779 2
      vertex 154.404 25.1779 0
    endloop
  endfacet
  facet normal -0.85264 -0.522498 0
    outer loop
      vertex 154.404 25.1779 2
      vertex 153.83 26.1145 2
      vertex 154.404 25.1779 0
    endloop
  endfacet
  facet normal -0.85264 -0.522498 0
    outer loop
      vertex 154.404 25.1779 0
      vertex 153.83 26.1145 2
      vertex 153.83 26.1145 0
    endloop
  endfacet
  facet normal -0.760405 -0.649449 0
    outer loop
      vertex 153.83 26.1145 2
      vertex 153.116 26.9497 2
      vertex 153.83 26.1145 0
    endloop
  endfacet
  facet normal -0.760405 -0.649449 0
    outer loop
      vertex 153.83 26.1145 0
      vertex 153.116 26.9497 2
      vertex 153.116 26.9497 0
    endloop
  endfacet
  facet normal -0.649449 -0.760405 -0
    outer loop
      vertex 153.116 26.9497 0
      vertex 153.116 26.9497 2
      vertex 152.281 27.6631 2
    endloop
  endfacet
  facet normal -0.649449 -0.760405 -0
    outer loop
      vertex 152.281 27.6631 0
      vertex 153.116 26.9497 0
      vertex 152.281 27.6631 2
    endloop
  endfacet
  facet normal -0.522498 -0.85264 -0
    outer loop
      vertex 152.281 27.6631 0
      vertex 152.281 27.6631 2
      vertex 151.345 28.237 2
    endloop
  endfacet
  facet normal -0.522498 -0.85264 -0
    outer loop
      vertex 151.345 28.237 0
      vertex 152.281 27.6631 0
      vertex 151.345 28.237 2
    endloop
  endfacet
  facet normal -0.382684 -0.923879 -0
    outer loop
      vertex 151.345 28.237 0
      vertex 151.345 28.237 2
      vertex 150.33 28.6574 2
    endloop
  endfacet
  facet normal -0.382684 -0.923879 -0
    outer loop
      vertex 150.33 28.6574 0
      vertex 151.345 28.237 0
      vertex 150.33 28.6574 2
    endloop
  endfacet
  facet normal -0.233445 -0.97237 -0
    outer loop
      vertex 150.33 28.6574 0
      vertex 150.33 28.6574 2
      vertex 149.262 28.9138 2
    endloop
  endfacet
  facet normal -0.233445 -0.97237 -0
    outer loop
      vertex 149.262 28.9138 0
      vertex 150.33 28.6574 0
      vertex 149.262 28.9138 2
    endloop
  endfacet
  facet normal -0.0784595 -0.996917 -0
    outer loop
      vertex 149.262 28.9138 0
      vertex 149.262 28.9138 2
      vertex 148.167 29 2
    endloop
  endfacet
  facet normal -0.0784595 -0.996917 -0
    outer loop
      vertex 148.167 29 0
      vertex 149.262 28.9138 0
      vertex 148.167 29 2
    endloop
  endfacet
  facet normal 0.0784595 -0.996917 0
    outer loop
      vertex 148.167 29 0
      vertex 148.167 29 2
      vertex 147.072 28.9138 2
    endloop
  endfacet
  facet normal 0.0784595 -0.996917 0
    outer loop
      vertex 147.072 28.9138 0
      vertex 148.167 29 0
      vertex 147.072 28.9138 2
    endloop
  endfacet
  facet normal 0.233445 -0.97237 0
    outer loop
      vertex 147.072 28.9138 0
      vertex 147.072 28.9138 2
      vertex 146.004 28.6574 2
    endloop
  endfacet
  facet normal 0.233445 -0.97237 0
    outer loop
      vertex 146.004 28.6574 0
      vertex 147.072 28.9138 0
      vertex 146.004 28.6574 2
    endloop
  endfacet
  facet normal 0.382684 -0.923879 0
    outer loop
      vertex 146.004 28.6574 0
      vertex 146.004 28.6574 2
      vertex 144.989 28.237 2
    endloop
  endfacet
  facet normal 0.382684 -0.923879 0
    outer loop
      vertex 144.989 28.237 0
      vertex 146.004 28.6574 0
      vertex 144.989 28.237 2
    endloop
  endfacet
  facet normal 0.522498 -0.85264 0
    outer loop
      vertex 144.989 28.237 0
      vertex 144.989 28.237 2
      vertex 144.052 27.6631 2
    endloop
  endfacet
  facet normal 0.522498 -0.85264 0
    outer loop
      vertex 144.052 27.6631 0
      vertex 144.989 28.237 0
      vertex 144.052 27.6631 2
    endloop
  endfacet
  facet normal 0.649449 -0.760405 0
    outer loop
      vertex 144.052 27.6631 0
      vertex 144.052 27.6631 2
      vertex 143.217 26.9497 2
    endloop
  endfacet
  facet normal 0.649449 -0.760405 0
    outer loop
      vertex 143.217 26.9497 0
      vertex 144.052 27.6631 0
      vertex 143.217 26.9497 2
    endloop
  endfacet
  facet normal 0.760405 -0.649449 0
    outer loop
      vertex 143.217 26.9497 0
      vertex 143.217 26.9497 2
      vertex 142.504 26.1145 2
    endloop
  endfacet
  facet normal 0.760405 -0.649449 0
    outer loop
      vertex 142.504 26.1145 0
      vertex 143.217 26.9497 0
      vertex 142.504 26.1145 2
    endloop
  endfacet
  facet normal 0.85264 -0.522498 0
    outer loop
      vertex 142.504 26.1145 0
      vertex 142.504 26.1145 2
      vertex 141.93 25.1779 2
    endloop
  endfacet
  facet normal 0.85264 -0.522498 0
    outer loop
      vertex 141.93 25.1779 0
      vertex 142.504 26.1145 0
      vertex 141.93 25.1779 2
    endloop
  endfacet
  facet normal 0.923879 -0.382684 0
    outer loop
      vertex 141.93 25.1779 0
      vertex 141.93 25.1779 2
      vertex 141.509 24.1631 2
    endloop
  endfacet
  facet normal 0.923879 -0.382684 0
    outer loop
      vertex 141.509 24.1631 0
      vertex 141.93 25.1779 0
      vertex 141.509 24.1631 2
    endloop
  endfacet
  facet normal 0.97237 -0.233445 0
    outer loop
      vertex 141.509 24.1631 0
      vertex 141.509 24.1631 2
      vertex 141.253 23.095 2
    endloop
  endfacet
  facet normal 0.97237 -0.233445 0
    outer loop
      vertex 141.253 23.095 0
      vertex 141.509 24.1631 0
      vertex 141.253 23.095 2
    endloop
  endfacet
  facet normal 0.996917 -0.0784595 0
    outer loop
      vertex 141.253 23.095 0
      vertex 141.253 23.095 2
      vertex 141.167 22 2
    endloop
  endfacet
  facet normal 0.996917 -0.0784595 0
    outer loop
      vertex 141.167 22 0
      vertex 141.253 23.095 0
      vertex 141.167 22 2
    endloop
  endfacet
  facet normal 0.97237 0.233445 0
    outer loop
      vertex 183.586 20.905 2
      vertex 183.843 19.8369 2
      vertex 183.843 19.8369 0
    endloop
  endfacet
  facet normal 0.97237 0.233445 0
    outer loop
      vertex 183.586 20.905 0
      vertex 183.586 20.905 2
      vertex 183.843 19.8369 0
    endloop
  endfacet
  facet normal 0.996917 0.0784595 0
    outer loop
      vertex 183.5 22 2
      vertex 183.586 20.905 2
      vertex 183.586 20.905 0
    endloop
  endfacet
  facet normal 0.996917 0.0784595 0
    outer loop
      vertex 183.5 22 0
      vertex 183.5 22 2
      vertex 183.586 20.905 0
    endloop
  endfacet
  facet normal 0.923879 0.382684 0
    outer loop
      vertex 183.843 19.8369 2
      vertex 184.263 18.8221 2
      vertex 184.263 18.8221 0
    endloop
  endfacet
  facet normal 0.923879 0.382684 0
    outer loop
      vertex 183.843 19.8369 0
      vertex 183.843 19.8369 2
      vertex 184.263 18.8221 0
    endloop
  endfacet
  facet normal 0.85264 0.522498 0
    outer loop
      vertex 184.263 18.8221 2
      vertex 184.837 17.8855 2
      vertex 184.837 17.8855 0
    endloop
  endfacet
  facet normal 0.85264 0.522498 0
    outer loop
      vertex 184.263 18.8221 0
      vertex 184.263 18.8221 2
      vertex 184.837 17.8855 0
    endloop
  endfacet
  facet normal 0.760405 0.649449 0
    outer loop
      vertex 184.837 17.8855 2
      vertex 185.55 17.0503 2
      vertex 185.55 17.0503 0
    endloop
  endfacet
  facet normal 0.760405 0.649449 0
    outer loop
      vertex 184.837 17.8855 0
      vertex 184.837 17.8855 2
      vertex 185.55 17.0503 0
    endloop
  endfacet
  facet normal 0.649449 0.760405 -0
    outer loop
      vertex 186.386 16.3369 2
      vertex 186.386 16.3369 0
      vertex 185.55 17.0503 2
    endloop
  endfacet
  facet normal 0.649449 0.760405 -0
    outer loop
      vertex 185.55 17.0503 2
      vertex 186.386 16.3369 0
      vertex 185.55 17.0503 0
    endloop
  endfacet
  facet normal 0.522498 0.85264 -0
    outer loop
      vertex 187.322 15.763 2
      vertex 187.322 15.763 0
      vertex 186.386 16.3369 2
    endloop
  endfacet
  facet normal 0.522498 0.85264 -0
    outer loop
      vertex 186.386 16.3369 2
      vertex 187.322 15.763 0
      vertex 186.386 16.3369 0
    endloop
  endfacet
  facet normal 0.382684 0.923879 -0
    outer loop
      vertex 188.337 15.3426 2
      vertex 188.337 15.3426 0
      vertex 187.322 15.763 2
    endloop
  endfacet
  facet normal 0.382684 0.923879 -0
    outer loop
      vertex 187.322 15.763 2
      vertex 188.337 15.3426 0
      vertex 187.322 15.763 0
    endloop
  endfacet
  facet normal 0.233445 0.97237 -0
    outer loop
      vertex 189.405 15.0862 2
      vertex 189.405 15.0862 0
      vertex 188.337 15.3426 2
    endloop
  endfacet
  facet normal 0.233445 0.97237 -0
    outer loop
      vertex 188.337 15.3426 2
      vertex 189.405 15.0862 0
      vertex 188.337 15.3426 0
    endloop
  endfacet
  facet normal 0.0784595 0.996917 -0
    outer loop
      vertex 190.5 15 2
      vertex 190.5 15 0
      vertex 189.405 15.0862 2
    endloop
  endfacet
  facet normal 0.0784595 0.996917 -0
    outer loop
      vertex 189.405 15.0862 2
      vertex 190.5 15 0
      vertex 189.405 15.0862 0
    endloop
  endfacet
  facet normal -0.0784595 0.996917 0
    outer loop
      vertex 191.595 15.0862 2
      vertex 191.595 15.0862 0
      vertex 190.5 15 2
    endloop
  endfacet
  facet normal -0.0784595 0.996917 0
    outer loop
      vertex 190.5 15 2
      vertex 191.595 15.0862 0
      vertex 190.5 15 0
    endloop
  endfacet
  facet normal -0.233445 0.97237 0
    outer loop
      vertex 192.663 15.3426 2
      vertex 192.663 15.3426 0
      vertex 191.595 15.0862 2
    endloop
  endfacet
  facet normal -0.233445 0.97237 0
    outer loop
      vertex 191.595 15.0862 2
      vertex 192.663 15.3426 0
      vertex 191.595 15.0862 0
    endloop
  endfacet
  facet normal -0.382684 0.923879 0
    outer loop
      vertex 193.678 15.763 2
      vertex 193.678 15.763 0
      vertex 192.663 15.3426 2
    endloop
  endfacet
  facet normal -0.382684 0.923879 0
    outer loop
      vertex 192.663 15.3426 2
      vertex 193.678 15.763 0
      vertex 192.663 15.3426 0
    endloop
  endfacet
  facet normal -0.522498 0.85264 0
    outer loop
      vertex 194.614 16.3369 2
      vertex 194.614 16.3369 0
      vertex 193.678 15.763 2
    endloop
  endfacet
  facet normal -0.522498 0.85264 0
    outer loop
      vertex 193.678 15.763 2
      vertex 194.614 16.3369 0
      vertex 193.678 15.763 0
    endloop
  endfacet
  facet normal -0.649449 0.760405 0
    outer loop
      vertex 195.45 17.0503 2
      vertex 195.45 17.0503 0
      vertex 194.614 16.3369 2
    endloop
  endfacet
  facet normal -0.649449 0.760405 0
    outer loop
      vertex 194.614 16.3369 2
      vertex 195.45 17.0503 0
      vertex 194.614 16.3369 0
    endloop
  endfacet
  facet normal -0.760405 0.649449 0
    outer loop
      vertex 196.163 17.8855 2
      vertex 196.163 17.8855 0
      vertex 195.45 17.0503 2
    endloop
  endfacet
  facet normal -0.760405 0.649449 0
    outer loop
      vertex 195.45 17.0503 2
      vertex 196.163 17.8855 0
      vertex 195.45 17.0503 0
    endloop
  endfacet
  facet normal -0.85264 0.522498 0
    outer loop
      vertex 196.737 18.8221 2
      vertex 196.737 18.8221 0
      vertex 196.163 17.8855 2
    endloop
  endfacet
  facet normal -0.85264 0.522498 0
    outer loop
      vertex 196.163 17.8855 2
      vertex 196.737 18.8221 0
      vertex 196.163 17.8855 0
    endloop
  endfacet
  facet normal -0.923879 0.382684 0
    outer loop
      vertex 197.157 19.8369 2
      vertex 197.157 19.8369 0
      vertex 196.737 18.8221 2
    endloop
  endfacet
  facet normal -0.923879 0.382684 0
    outer loop
      vertex 196.737 18.8221 2
      vertex 197.157 19.8369 0
      vertex 196.737 18.8221 0
    endloop
  endfacet
  facet normal -0.97237 0.233445 0
    outer loop
      vertex 197.414 20.905 2
      vertex 197.414 20.905 0
      vertex 197.157 19.8369 2
    endloop
  endfacet
  facet normal -0.97237 0.233445 0
    outer loop
      vertex 197.157 19.8369 2
      vertex 197.414 20.905 0
      vertex 197.157 19.8369 0
    endloop
  endfacet
  facet normal -0.996917 0.0784595 0
    outer loop
      vertex 197.5 22 2
      vertex 197.5 22 0
      vertex 197.414 20.905 2
    endloop
  endfacet
  facet normal -0.996917 0.0784595 0
    outer loop
      vertex 197.414 20.905 2
      vertex 197.5 22 0
      vertex 197.414 20.905 0
    endloop
  endfacet
  facet normal -0.996917 -0.0784595 0
    outer loop
      vertex 197.5 22 2
      vertex 197.414 23.095 2
      vertex 197.5 22 0
    endloop
  endfacet
  facet normal -0.996917 -0.0784595 0
    outer loop
      vertex 197.5 22 0
      vertex 197.414 23.095 2
      vertex 197.414 23.095 0
    endloop
  endfacet
  facet normal -0.97237 -0.233445 0
    outer loop
      vertex 197.414 23.095 2
      vertex 197.157 24.1631 2
      vertex 197.414 23.095 0
    endloop
  endfacet
  facet normal -0.97237 -0.233445 0
    outer loop
      vertex 197.414 23.095 0
      vertex 197.157 24.1631 2
      vertex 197.157 24.1631 0
    endloop
  endfacet
  facet normal -0.923879 -0.382684 0
    outer loop
      vertex 197.157 24.1631 2
      vertex 196.737 25.1779 2
      vertex 197.157 24.1631 0
    endloop
  endfacet
  facet normal -0.923879 -0.382684 0
    outer loop
      vertex 197.157 24.1631 0
      vertex 196.737 25.1779 2
      vertex 196.737 25.1779 0
    endloop
  endfacet
  facet normal -0.85264 -0.522498 0
    outer loop
      vertex 196.737 25.1779 2
      vertex 196.163 26.1145 2
      vertex 196.737 25.1779 0
    endloop
  endfacet
  facet normal -0.85264 -0.522498 0
    outer loop
      vertex 196.737 25.1779 0
      vertex 196.163 26.1145 2
      vertex 196.163 26.1145 0
    endloop
  endfacet
  facet normal -0.760405 -0.649449 0
    outer loop
      vertex 196.163 26.1145 2
      vertex 195.45 26.9497 2
      vertex 196.163 26.1145 0
    endloop
  endfacet
  facet normal -0.760405 -0.649449 0
    outer loop
      vertex 196.163 26.1145 0
      vertex 195.45 26.9497 2
      vertex 195.45 26.9497 0
    endloop
  endfacet
  facet normal -0.649449 -0.760405 -0
    outer loop
      vertex 195.45 26.9497 0
      vertex 195.45 26.9497 2
      vertex 194.614 27.6631 2
    endloop
  endfacet
  facet normal -0.649449 -0.760405 -0
    outer loop
      vertex 194.614 27.6631 0
      vertex 195.45 26.9497 0
      vertex 194.614 27.6631 2
    endloop
  endfacet
  facet normal -0.522498 -0.85264 -0
    outer loop
      vertex 194.614 27.6631 0
      vertex 194.614 27.6631 2
      vertex 193.678 28.237 2
    endloop
  endfacet
  facet normal -0.522498 -0.85264 -0
    outer loop
      vertex 193.678 28.237 0
      vertex 194.614 27.6631 0
      vertex 193.678 28.237 2
    endloop
  endfacet
  facet normal -0.382684 -0.923879 -0
    outer loop
      vertex 193.678 28.237 0
      vertex 193.678 28.237 2
      vertex 192.663 28.6574 2
    endloop
  endfacet
  facet normal -0.382684 -0.923879 -0
    outer loop
      vertex 192.663 28.6574 0
      vertex 193.678 28.237 0
      vertex 192.663 28.6574 2
    endloop
  endfacet
  facet normal -0.233445 -0.97237 -0
    outer loop
      vertex 192.663 28.6574 0
      vertex 192.663 28.6574 2
      vertex 191.595 28.9138 2
    endloop
  endfacet
  facet normal -0.233445 -0.97237 -0
    outer loop
      vertex 191.595 28.9138 0
      vertex 192.663 28.6574 0
      vertex 191.595 28.9138 2
    endloop
  endfacet
  facet normal -0.0784595 -0.996917 -0
    outer loop
      vertex 191.595 28.9138 0
      vertex 191.595 28.9138 2
      vertex 190.5 29 2
    endloop
  endfacet
  facet normal -0.0784595 -0.996917 -0
    outer loop
      vertex 190.5 29 0
      vertex 191.595 28.9138 0
      vertex 190.5 29 2
    endloop
  endfacet
  facet normal 0.0784595 -0.996917 0
    outer loop
      vertex 190.5 29 0
      vertex 190.5 29 2
      vertex 189.405 28.9138 2
    endloop
  endfacet
  facet normal 0.0784595 -0.996917 0
    outer loop
      vertex 189.405 28.9138 0
      vertex 190.5 29 0
      vertex 189.405 28.9138 2
    endloop
  endfacet
  facet normal 0.233445 -0.97237 0
    outer loop
      vertex 189.405 28.9138 0
      vertex 189.405 28.9138 2
      vertex 188.337 28.6574 2
    endloop
  endfacet
  facet normal 0.233445 -0.97237 0
    outer loop
      vertex 188.337 28.6574 0
      vertex 189.405 28.9138 0
      vertex 188.337 28.6574 2
    endloop
  endfacet
  facet normal 0.382684 -0.923879 0
    outer loop
      vertex 188.337 28.6574 0
      vertex 188.337 28.6574 2
      vertex 187.322 28.237 2
    endloop
  endfacet
  facet normal 0.382684 -0.923879 0
    outer loop
      vertex 187.322 28.237 0
      vertex 188.337 28.6574 0
      vertex 187.322 28.237 2
    endloop
  endfacet
  facet normal 0.522498 -0.85264 0
    outer loop
      vertex 187.322 28.237 0
      vertex 187.322 28.237 2
      vertex 186.386 27.6631 2
    endloop
  endfacet
  facet normal 0.522498 -0.85264 0
    outer loop
      vertex 186.386 27.6631 0
      vertex 187.322 28.237 0
      vertex 186.386 27.6631 2
    endloop
  endfacet
  facet normal 0.649449 -0.760405 0
    outer loop
      vertex 186.386 27.6631 0
      vertex 186.386 27.6631 2
      vertex 185.55 26.9497 2
    endloop
  endfacet
  facet normal 0.649449 -0.760405 0
    outer loop
      vertex 185.55 26.9497 0
      vertex 186.386 27.6631 0
      vertex 185.55 26.9497 2
    endloop
  endfacet
  facet normal 0.760405 -0.649449 0
    outer loop
      vertex 185.55 26.9497 0
      vertex 185.55 26.9497 2
      vertex 184.837 26.1145 2
    endloop
  endfacet
  facet normal 0.760405 -0.649449 0
    outer loop
      vertex 184.837 26.1145 0
      vertex 185.55 26.9497 0
      vertex 184.837 26.1145 2
    endloop
  endfacet
  facet normal 0.85264 -0.522498 0
    outer loop
      vertex 184.837 26.1145 0
      vertex 184.837 26.1145 2
      vertex 184.263 25.1779 2
    endloop
  endfacet
  facet normal 0.85264 -0.522498 0
    outer loop
      vertex 184.263 25.1779 0
      vertex 184.837 26.1145 0
      vertex 184.263 25.1779 2
    endloop
  endfacet
  facet normal 0.923879 -0.382684 0
    outer loop
      vertex 184.263 25.1779 0
      vertex 184.263 25.1779 2
      vertex 183.843 24.1631 2
    endloop
  endfacet
  facet normal 0.923879 -0.382684 0
    outer loop
      vertex 183.843 24.1631 0
      vertex 184.263 25.1779 0
      vertex 183.843 24.1631 2
    endloop
  endfacet
  facet normal 0.97237 -0.233445 0
    outer loop
      vertex 183.843 24.1631 0
      vertex 183.843 24.1631 2
      vertex 183.586 23.095 2
    endloop
  endfacet
  facet normal 0.97237 -0.233445 0
    outer loop
      vertex 183.586 23.095 0
      vertex 183.843 24.1631 0
      vertex 183.586 23.095 2
    endloop
  endfacet
  facet normal 0.996917 -0.0784595 0
    outer loop
      vertex 183.586 23.095 0
      vertex 183.586 23.095 2
      vertex 183.5 22 2
    endloop
  endfacet
  facet normal 0.996917 -0.0784595 0
    outer loop
      vertex 183.5 22 0
      vertex 183.586 23.095 0
      vertex 183.5 22 2
    endloop
  endfacet
  facet normal 0.97237 0.233445 0
    outer loop
      vertex 225.92 20.905 2
      vertex 226.176 19.8369 2
      vertex 226.176 19.8369 0
    endloop
  endfacet
  facet normal 0.97237 0.233445 0
    outer loop
      vertex 225.92 20.905 0
      vertex 225.92 20.905 2
      vertex 226.176 19.8369 0
    endloop
  endfacet
  facet normal 0.996917 0.0784595 0
    outer loop
      vertex 225.833 22 2
      vertex 225.92 20.905 2
      vertex 225.92 20.905 0
    endloop
  endfacet
  facet normal 0.996917 0.0784595 0
    outer loop
      vertex 225.833 22 0
      vertex 225.833 22 2
      vertex 225.92 20.905 0
    endloop
  endfacet
  facet normal 0.923879 0.382684 0
    outer loop
      vertex 226.176 19.8369 2
      vertex 226.596 18.8221 2
      vertex 226.596 18.8221 0
    endloop
  endfacet
  facet normal 0.923879 0.382684 0
    outer loop
      vertex 226.176 19.8369 0
      vertex 226.176 19.8369 2
      vertex 226.596 18.8221 0
    endloop
  endfacet
  facet normal 0.85264 0.522498 0
    outer loop
      vertex 226.596 18.8221 2
      vertex 227.17 17.8855 2
      vertex 227.17 17.8855 0
    endloop
  endfacet
  facet normal 0.85264 0.522498 0
    outer loop
      vertex 226.596 18.8221 0
      vertex 226.596 18.8221 2
      vertex 227.17 17.8855 0
    endloop
  endfacet
  facet normal 0.760405 0.649449 0
    outer loop
      vertex 227.17 17.8855 2
      vertex 227.884 17.0503 2
      vertex 227.884 17.0503 0
    endloop
  endfacet
  facet normal 0.760405 0.649449 0
    outer loop
      vertex 227.17 17.8855 0
      vertex 227.17 17.8855 2
      vertex 227.884 17.0503 0
    endloop
  endfacet
  facet normal 0.649449 0.760405 -0
    outer loop
      vertex 228.719 16.3369 2
      vertex 228.719 16.3369 0
      vertex 227.884 17.0503 2
    endloop
  endfacet
  facet normal 0.649449 0.760405 -0
    outer loop
      vertex 227.884 17.0503 2
      vertex 228.719 16.3369 0
      vertex 227.884 17.0503 0
    endloop
  endfacet
  facet normal 0.522498 0.85264 -0
    outer loop
      vertex 229.655 15.763 2
      vertex 229.655 15.763 0
      vertex 228.719 16.3369 2
    endloop
  endfacet
  facet normal 0.522498 0.85264 -0
    outer loop
      vertex 228.719 16.3369 2
      vertex 229.655 15.763 0
      vertex 228.719 16.3369 0
    endloop
  endfacet
  facet normal 0.382684 0.923879 -0
    outer loop
      vertex 230.67 15.3426 2
      vertex 230.67 15.3426 0
      vertex 229.655 15.763 2
    endloop
  endfacet
  facet normal 0.382684 0.923879 -0
    outer loop
      vertex 229.655 15.763 2
      vertex 230.67 15.3426 0
      vertex 229.655 15.763 0
    endloop
  endfacet
  facet normal 0.233445 0.97237 -0
    outer loop
      vertex 231.738 15.0862 2
      vertex 231.738 15.0862 0
      vertex 230.67 15.3426 2
    endloop
  endfacet
  facet normal 0.233445 0.97237 -0
    outer loop
      vertex 230.67 15.3426 2
      vertex 231.738 15.0862 0
      vertex 230.67 15.3426 0
    endloop
  endfacet
  facet normal 0.0784595 0.996917 -0
    outer loop
      vertex 232.833 15 2
      vertex 232.833 15 0
      vertex 231.738 15.0862 2
    endloop
  endfacet
  facet normal 0.0784595 0.996917 -0
    outer loop
      vertex 231.738 15.0862 2
      vertex 232.833 15 0
      vertex 231.738 15.0862 0
    endloop
  endfacet
  facet normal -0.0784595 0.996917 0
    outer loop
      vertex 233.928 15.0862 2
      vertex 233.928 15.0862 0
      vertex 232.833 15 2
    endloop
  endfacet
  facet normal -0.0784595 0.996917 0
    outer loop
      vertex 232.833 15 2
      vertex 233.928 15.0862 0
      vertex 232.833 15 0
    endloop
  endfacet
  facet normal -0.233445 0.97237 0
    outer loop
      vertex 234.996 15.3426 2
      vertex 234.996 15.3426 0
      vertex 233.928 15.0862 2
    endloop
  endfacet
  facet normal -0.233445 0.97237 0
    outer loop
      vertex 233.928 15.0862 2
      vertex 234.996 15.3426 0
      vertex 233.928 15.0862 0
    endloop
  endfacet
  facet normal -0.382684 0.923879 0
    outer loop
      vertex 236.011 15.763 2
      vertex 236.011 15.763 0
      vertex 234.996 15.3426 2
    endloop
  endfacet
  facet normal -0.382684 0.923879 0
    outer loop
      vertex 234.996 15.3426 2
      vertex 236.011 15.763 0
      vertex 234.996 15.3426 0
    endloop
  endfacet
  facet normal -0.522498 0.85264 0
    outer loop
      vertex 236.948 16.3369 2
      vertex 236.948 16.3369 0
      vertex 236.011 15.763 2
    endloop
  endfacet
  facet normal -0.522498 0.85264 0
    outer loop
      vertex 236.011 15.763 2
      vertex 236.948 16.3369 0
      vertex 236.011 15.763 0
    endloop
  endfacet
  facet normal -0.649449 0.760405 0
    outer loop
      vertex 237.783 17.0503 2
      vertex 237.783 17.0503 0
      vertex 236.948 16.3369 2
    endloop
  endfacet
  facet normal -0.649449 0.760405 0
    outer loop
      vertex 236.948 16.3369 2
      vertex 237.783 17.0503 0
      vertex 236.948 16.3369 0
    endloop
  endfacet
  facet normal -0.760405 0.649449 0
    outer loop
      vertex 238.496 17.8855 2
      vertex 238.496 17.8855 0
      vertex 237.783 17.0503 2
    endloop
  endfacet
  facet normal -0.760405 0.649449 0
    outer loop
      vertex 237.783 17.0503 2
      vertex 238.496 17.8855 0
      vertex 237.783 17.0503 0
    endloop
  endfacet
  facet normal -0.85264 0.522498 0
    outer loop
      vertex 239.07 18.8221 2
      vertex 239.07 18.8221 0
      vertex 238.496 17.8855 2
    endloop
  endfacet
  facet normal -0.85264 0.522498 0
    outer loop
      vertex 238.496 17.8855 2
      vertex 239.07 18.8221 0
      vertex 238.496 17.8855 0
    endloop
  endfacet
  facet normal -0.923879 0.382684 0
    outer loop
      vertex 239.491 19.8369 2
      vertex 239.491 19.8369 0
      vertex 239.07 18.8221 2
    endloop
  endfacet
  facet normal -0.923879 0.382684 0
    outer loop
      vertex 239.07 18.8221 2
      vertex 239.491 19.8369 0
      vertex 239.07 18.8221 0
    endloop
  endfacet
  facet normal -0.97237 0.233445 0
    outer loop
      vertex 239.747 20.905 2
      vertex 239.747 20.905 0
      vertex 239.491 19.8369 2
    endloop
  endfacet
  facet normal -0.97237 0.233445 0
    outer loop
      vertex 239.491 19.8369 2
      vertex 239.747 20.905 0
      vertex 239.491 19.8369 0
    endloop
  endfacet
  facet normal -0.996917 0.0784595 0
    outer loop
      vertex 239.833 22 2
      vertex 239.833 22 0
      vertex 239.747 20.905 2
    endloop
  endfacet
  facet normal -0.996917 0.0784595 0
    outer loop
      vertex 239.747 20.905 2
      vertex 239.833 22 0
      vertex 239.747 20.905 0
    endloop
  endfacet
  facet normal -0.996917 -0.0784595 0
    outer loop
      vertex 239.833 22 2
      vertex 239.747 23.095 2
      vertex 239.833 22 0
    endloop
  endfacet
  facet normal -0.996917 -0.0784595 0
    outer loop
      vertex 239.833 22 0
      vertex 239.747 23.095 2
      vertex 239.747 23.095 0
    endloop
  endfacet
  facet normal -0.97237 -0.233445 0
    outer loop
      vertex 239.747 23.095 2
      vertex 239.491 24.1631 2
      vertex 239.747 23.095 0
    endloop
  endfacet
  facet normal -0.97237 -0.233445 0
    outer loop
      vertex 239.747 23.095 0
      vertex 239.491 24.1631 2
      vertex 239.491 24.1631 0
    endloop
  endfacet
  facet normal -0.923879 -0.382684 0
    outer loop
      vertex 239.491 24.1631 2
      vertex 239.07 25.1779 2
      vertex 239.491 24.1631 0
    endloop
  endfacet
  facet normal -0.923879 -0.382684 0
    outer loop
      vertex 239.491 24.1631 0
      vertex 239.07 25.1779 2
      vertex 239.07 25.1779 0
    endloop
  endfacet
  facet normal -0.85264 -0.522498 0
    outer loop
      vertex 239.07 25.1779 2
      vertex 238.496 26.1145 2
      vertex 239.07 25.1779 0
    endloop
  endfacet
  facet normal -0.85264 -0.522498 0
    outer loop
      vertex 239.07 25.1779 0
      vertex 238.496 26.1145 2
      vertex 238.496 26.1145 0
    endloop
  endfacet
  facet normal -0.760405 -0.649449 0
    outer loop
      vertex 238.496 26.1145 2
      vertex 237.783 26.9497 2
      vertex 238.496 26.1145 0
    endloop
  endfacet
  facet normal -0.760405 -0.649449 0
    outer loop
      vertex 238.496 26.1145 0
      vertex 237.783 26.9497 2
      vertex 237.783 26.9497 0
    endloop
  endfacet
  facet normal -0.649449 -0.760405 -0
    outer loop
      vertex 237.783 26.9497 0
      vertex 237.783 26.9497 2
      vertex 236.948 27.6631 2
    endloop
  endfacet
  facet normal -0.649449 -0.760405 -0
    outer loop
      vertex 236.948 27.6631 0
      vertex 237.783 26.9497 0
      vertex 236.948 27.6631 2
    endloop
  endfacet
  facet normal -0.522498 -0.85264 -0
    outer loop
      vertex 236.948 27.6631 0
      vertex 236.948 27.6631 2
      vertex 236.011 28.237 2
    endloop
  endfacet
  facet normal -0.522498 -0.85264 -0
    outer loop
      vertex 236.011 28.237 0
      vertex 236.948 27.6631 0
      vertex 236.011 28.237 2
    endloop
  endfacet
  facet normal -0.382684 -0.923879 -0
    outer loop
      vertex 236.011 28.237 0
      vertex 236.011 28.237 2
      vertex 234.996 28.6574 2
    endloop
  endfacet
  facet normal -0.382684 -0.923879 -0
    outer loop
      vertex 234.996 28.6574 0
      vertex 236.011 28.237 0
      vertex 234.996 28.6574 2
    endloop
  endfacet
  facet normal -0.233445 -0.97237 -0
    outer loop
      vertex 234.996 28.6574 0
      vertex 234.996 28.6574 2
      vertex 233.928 28.9138 2
    endloop
  endfacet
  facet normal -0.233445 -0.97237 -0
    outer loop
      vertex 233.928 28.9138 0
      vertex 234.996 28.6574 0
      vertex 233.928 28.9138 2
    endloop
  endfacet
  facet normal -0.0784595 -0.996917 -0
    outer loop
      vertex 233.928 28.9138 0
      vertex 233.928 28.9138 2
      vertex 232.833 29 2
    endloop
  endfacet
  facet normal -0.0784595 -0.996917 -0
    outer loop
      vertex 232.833 29 0
      vertex 233.928 28.9138 0
      vertex 232.833 29 2
    endloop
  endfacet
  facet normal 0.0784595 -0.996917 0
    outer loop
      vertex 232.833 29 0
      vertex 232.833 29 2
      vertex 231.738 28.9138 2
    endloop
  endfacet
  facet normal 0.0784595 -0.996917 0
    outer loop
      vertex 231.738 28.9138 0
      vertex 232.833 29 0
      vertex 231.738 28.9138 2
    endloop
  endfacet
  facet normal 0.233445 -0.97237 0
    outer loop
      vertex 231.738 28.9138 0
      vertex 231.738 28.9138 2
      vertex 230.67 28.6574 2
    endloop
  endfacet
  facet normal 0.233445 -0.97237 0
    outer loop
      vertex 230.67 28.6574 0
      vertex 231.738 28.9138 0
      vertex 230.67 28.6574 2
    endloop
  endfacet
  facet normal 0.382684 -0.923879 0
    outer loop
      vertex 230.67 28.6574 0
      vertex 230.67 28.6574 2
      vertex 229.655 28.237 2
    endloop
  endfacet
  facet normal 0.382684 -0.923879 0
    outer loop
      vertex 229.655 28.237 0
      vertex 230.67 28.6574 0
      vertex 229.655 28.237 2
    endloop
  endfacet
  facet normal 0.522498 -0.85264 0
    outer loop
      vertex 229.655 28.237 0
      vertex 229.655 28.237 2
      vertex 228.719 27.6631 2
    endloop
  endfacet
  facet normal 0.522498 -0.85264 0
    outer loop
      vertex 228.719 27.6631 0
      vertex 229.655 28.237 0
      vertex 228.719 27.6631 2
    endloop
  endfacet
  facet normal 0.649449 -0.760405 0
    outer loop
      vertex 228.719 27.6631 0
      vertex 228.719 27.6631 2
      vertex 227.884 26.9497 2
    endloop
  endfacet
  facet normal 0.649449 -0.760405 0
    outer loop
      vertex 227.884 26.9497 0
      vertex 228.719 27.6631 0
      vertex 227.884 26.9497 2
    endloop
  endfacet
  facet normal 0.760405 -0.649449 0
    outer loop
      vertex 227.884 26.9497 0
      vertex 227.884 26.9497 2
      vertex 227.17 26.1145 2
    endloop
  endfacet
  facet normal 0.760405 -0.649449 0
    outer loop
      vertex 227.17 26.1145 0
      vertex 227.884 26.9497 0
      vertex 227.17 26.1145 2
    endloop
  endfacet
  facet normal 0.85264 -0.522498 0
    outer loop
      vertex 227.17 26.1145 0
      vertex 227.17 26.1145 2
      vertex 226.596 25.1779 2
    endloop
  endfacet
  facet normal 0.85264 -0.522498 0
    outer loop
      vertex 226.596 25.1779 0
      vertex 227.17 26.1145 0
      vertex 226.596 25.1779 2
    endloop
  endfacet
  facet normal 0.923879 -0.382684 0
    outer loop
      vertex 226.596 25.1779 0
      vertex 226.596 25.1779 2
      vertex 226.176 24.1631 2
    endloop
  endfacet
  facet normal 0.923879 -0.382684 0
    outer loop
      vertex 226.176 24.1631 0
      vertex 226.596 25.1779 0
      vertex 226.176 24.1631 2
    endloop
  endfacet
  facet normal 0.97237 -0.233445 0
    outer loop
      vertex 226.176 24.1631 0
      vertex 226.176 24.1631 2
      vertex 225.92 23.095 2
    endloop
  endfacet
  facet normal 0.97237 -0.233445 0
    outer loop
      vertex 225.92 23.095 0
      vertex 226.176 24.1631 0
      vertex 225.92 23.095 2
    endloop
  endfacet
  facet normal 0.996917 -0.0784595 0
    outer loop
      vertex 225.92 23.095 0
      vertex 225.92 23.095 2
      vertex 225.833 22 2
    endloop
  endfacet
  facet normal 0.996917 -0.0784595 0
    outer loop
      vertex 225.833 22 0
      vertex 225.92 23.095 0
      vertex 225.833 22 2
    endloop
  endfacet
  facet normal 0.996918 0 -0.0784569
    outer loop
      vertex 157.268 45.8 10.2347
      vertex 157.268 43.8 10.2347
      vertex 157.25 43.8 10
    endloop
  endfacet
  facet normal 0.996918 0 -0.0784569
    outer loop
      vertex 157.25 45.8 10
      vertex 157.268 45.8 10.2347
      vertex 157.25 43.8 10
    endloop
  endfacet
  facet normal 0.996918 0 0.0784569
    outer loop
      vertex 157.25 43.8 10
      vertex 157.268 43.8 9.76535
      vertex 157.268 45.8 9.76535
    endloop
  endfacet
  facet normal 0.996918 -0 0.0784569
    outer loop
      vertex 157.25 45.8 10
      vertex 157.25 43.8 10
      vertex 157.268 45.8 9.76535
    endloop
  endfacet
  facet normal 0.972369 0 0.233447
    outer loop
      vertex 157.268 43.8 9.76535
      vertex 157.323 43.8 9.53648
      vertex 157.323 45.8 9.53648
    endloop
  endfacet
  facet normal 0.972369 -0 0.233447
    outer loop
      vertex 157.268 45.8 9.76535
      vertex 157.268 43.8 9.76535
      vertex 157.323 45.8 9.53648
    endloop
  endfacet
  facet normal 0.92388 0 0.382682
    outer loop
      vertex 157.323 43.8 9.53648
      vertex 157.413 43.8 9.31901
      vertex 157.413 45.8 9.31901
    endloop
  endfacet
  facet normal 0.92388 -0 0.382682
    outer loop
      vertex 157.323 45.8 9.53648
      vertex 157.323 43.8 9.53648
      vertex 157.413 45.8 9.31901
    endloop
  endfacet
  facet normal 0.852639 0 0.522501
    outer loop
      vertex 157.413 43.8 9.31901
      vertex 157.536 43.8 9.11832
      vertex 157.536 45.8 9.11832
    endloop
  endfacet
  facet normal 0.852639 -0 0.522501
    outer loop
      vertex 157.413 45.8 9.31901
      vertex 157.413 43.8 9.31901
      vertex 157.536 45.8 9.11832
    endloop
  endfacet
  facet normal 0.760406 0 0.649448
    outer loop
      vertex 157.536 43.8 9.11832
      vertex 157.689 43.8 8.93934
      vertex 157.689 45.8 8.93934
    endloop
  endfacet
  facet normal 0.760406 -0 0.649448
    outer loop
      vertex 157.536 45.8 9.11832
      vertex 157.536 43.8 9.11832
      vertex 157.689 45.8 8.93934
    endloop
  endfacet
  facet normal 0.649448 0 0.760406
    outer loop
      vertex 157.689 43.8 8.93934
      vertex 157.868 43.8 8.78648
      vertex 157.868 45.8 8.78648
    endloop
  endfacet
  facet normal 0.649448 -0 0.760406
    outer loop
      vertex 157.689 45.8 8.93934
      vertex 157.689 43.8 8.93934
      vertex 157.868 45.8 8.78648
    endloop
  endfacet
  facet normal 0.522501 0 0.852639
    outer loop
      vertex 157.868 43.8 8.78648
      vertex 158.069 43.8 8.66349
      vertex 158.069 45.8 8.66349
    endloop
  endfacet
  facet normal 0.522501 -0 0.852639
    outer loop
      vertex 157.868 45.8 8.78648
      vertex 157.868 43.8 8.78648
      vertex 158.069 45.8 8.66349
    endloop
  endfacet
  facet normal 0.382682 0 0.92388
    outer loop
      vertex 158.069 43.8 8.66349
      vertex 158.286 43.8 8.57342
      vertex 158.286 45.8 8.57342
    endloop
  endfacet
  facet normal 0.382682 -0 0.92388
    outer loop
      vertex 158.069 45.8 8.66349
      vertex 158.069 43.8 8.66349
      vertex 158.286 45.8 8.57342
    endloop
  endfacet
  facet normal 0.233447 0 0.972369
    outer loop
      vertex 158.286 43.8 8.57342
      vertex 158.515 43.8 8.51847
      vertex 158.515 45.8 8.51847
    endloop
  endfacet
  facet normal 0.233447 -0 0.972369
    outer loop
      vertex 158.286 45.8 8.57342
      vertex 158.286 43.8 8.57342
      vertex 158.515 45.8 8.51847
    endloop
  endfacet
  facet normal 0.0784569 0 0.996918
    outer loop
      vertex 158.515 43.8 8.51847
      vertex 158.75 43.8 8.5
      vertex 158.75 45.8 8.5
    endloop
  endfacet
  facet normal 0.0784569 -0 0.996918
    outer loop
      vertex 158.515 45.8 8.51847
      vertex 158.515 43.8 8.51847
      vertex 158.75 45.8 8.5
    endloop
  endfacet
  facet normal -0.0784569 0 0.996918
    outer loop
      vertex 158.75 43.8 8.5
      vertex 158.985 43.8 8.51847
      vertex 158.985 45.8 8.51847
    endloop
  endfacet
  facet normal -0.0784569 0 0.996918
    outer loop
      vertex 158.75 45.8 8.5
      vertex 158.75 43.8 8.5
      vertex 158.985 45.8 8.51847
    endloop
  endfacet
  facet normal -0.233447 0 0.972369
    outer loop
      vertex 158.985 43.8 8.51847
      vertex 159.214 43.8 8.57342
      vertex 159.214 45.8 8.57342
    endloop
  endfacet
  facet normal -0.233447 0 0.972369
    outer loop
      vertex 158.985 45.8 8.51847
      vertex 158.985 43.8 8.51847
      vertex 159.214 45.8 8.57342
    endloop
  endfacet
  facet normal -0.382682 0 0.92388
    outer loop
      vertex 159.214 43.8 8.57342
      vertex 159.431 43.8 8.66349
      vertex 159.431 45.8 8.66349
    endloop
  endfacet
  facet normal -0.382682 0 0.92388
    outer loop
      vertex 159.214 45.8 8.57342
      vertex 159.214 43.8 8.57342
      vertex 159.431 45.8 8.66349
    endloop
  endfacet
  facet normal -0.522501 0 0.852639
    outer loop
      vertex 159.431 43.8 8.66349
      vertex 159.632 43.8 8.78648
      vertex 159.632 45.8 8.78648
    endloop
  endfacet
  facet normal -0.522501 0 0.852639
    outer loop
      vertex 159.431 45.8 8.66349
      vertex 159.431 43.8 8.66349
      vertex 159.632 45.8 8.78648
    endloop
  endfacet
  facet normal -0.649448 0 0.760406
    outer loop
      vertex 159.632 43.8 8.78648
      vertex 159.811 43.8 8.93934
      vertex 159.811 45.8 8.93934
    endloop
  endfacet
  facet normal -0.649448 0 0.760406
    outer loop
      vertex 159.632 45.8 8.78648
      vertex 159.632 43.8 8.78648
      vertex 159.811 45.8 8.93934
    endloop
  endfacet
  facet normal -0.760406 0 0.649448
    outer loop
      vertex 159.964 43.8 9.11832
      vertex 159.964 45.8 9.11832
      vertex 159.811 43.8 8.93934
    endloop
  endfacet
  facet normal -0.760406 0 0.649448
    outer loop
      vertex 159.811 43.8 8.93934
      vertex 159.964 45.8 9.11832
      vertex 159.811 45.8 8.93934
    endloop
  endfacet
  facet normal -0.852639 0 0.522501
    outer loop
      vertex 160.087 43.8 9.31901
      vertex 160.087 45.8 9.31901
      vertex 159.964 43.8 9.11832
    endloop
  endfacet
  facet normal -0.852639 0 0.522501
    outer loop
      vertex 159.964 43.8 9.11832
      vertex 160.087 45.8 9.31901
      vertex 159.964 45.8 9.11832
    endloop
  endfacet
  facet normal -0.92388 0 0.382682
    outer loop
      vertex 160.177 43.8 9.53648
      vertex 160.177 45.8 9.53648
      vertex 160.087 43.8 9.31901
    endloop
  endfacet
  facet normal -0.92388 0 0.382682
    outer loop
      vertex 160.087 43.8 9.31901
      vertex 160.177 45.8 9.53648
      vertex 160.087 45.8 9.31901
    endloop
  endfacet
  facet normal -0.972369 0 0.233447
    outer loop
      vertex 160.232 43.8 9.76535
      vertex 160.232 45.8 9.76535
      vertex 160.177 43.8 9.53648
    endloop
  endfacet
  facet normal -0.972369 0 0.233447
    outer loop
      vertex 160.177 43.8 9.53648
      vertex 160.232 45.8 9.76535
      vertex 160.177 45.8 9.53648
    endloop
  endfacet
  facet normal -0.996918 0 0.0784569
    outer loop
      vertex 160.25 43.8 10
      vertex 160.25 45.8 10
      vertex 160.232 43.8 9.76535
    endloop
  endfacet
  facet normal -0.996918 0 0.0784569
    outer loop
      vertex 160.232 43.8 9.76535
      vertex 160.25 45.8 10
      vertex 160.232 45.8 9.76535
    endloop
  endfacet
  facet normal -0.996918 -0 -0.0784569
    outer loop
      vertex 160.25 43.8 10
      vertex 160.232 43.8 10.2347
      vertex 160.25 45.8 10
    endloop
  endfacet
  facet normal -0.996918 0 -0.0784569
    outer loop
      vertex 160.25 45.8 10
      vertex 160.232 43.8 10.2347
      vertex 160.232 45.8 10.2347
    endloop
  endfacet
  facet normal -0.972369 -0 -0.233447
    outer loop
      vertex 160.232 43.8 10.2347
      vertex 160.177 43.8 10.4635
      vertex 160.232 45.8 10.2347
    endloop
  endfacet
  facet normal -0.972369 0 -0.233447
    outer loop
      vertex 160.232 45.8 10.2347
      vertex 160.177 43.8 10.4635
      vertex 160.177 45.8 10.4635
    endloop
  endfacet
  facet normal -0.92388 -0 -0.382682
    outer loop
      vertex 160.177 43.8 10.4635
      vertex 160.087 43.8 10.681
      vertex 160.177 45.8 10.4635
    endloop
  endfacet
  facet normal -0.92388 0 -0.382682
    outer loop
      vertex 160.177 45.8 10.4635
      vertex 160.087 43.8 10.681
      vertex 160.087 45.8 10.681
    endloop
  endfacet
  facet normal -0.852639 -0 -0.522501
    outer loop
      vertex 160.087 43.8 10.681
      vertex 159.964 43.8 10.8817
      vertex 160.087 45.8 10.681
    endloop
  endfacet
  facet normal -0.852639 0 -0.522501
    outer loop
      vertex 160.087 45.8 10.681
      vertex 159.964 43.8 10.8817
      vertex 159.964 45.8 10.8817
    endloop
  endfacet
  facet normal -0.760406 -0 -0.649448
    outer loop
      vertex 159.964 43.8 10.8817
      vertex 159.811 43.8 11.0607
      vertex 159.964 45.8 10.8817
    endloop
  endfacet
  facet normal -0.760406 0 -0.649448
    outer loop
      vertex 159.964 45.8 10.8817
      vertex 159.811 43.8 11.0607
      vertex 159.811 45.8 11.0607
    endloop
  endfacet
  facet normal -0.649448 -0 -0.760406
    outer loop
      vertex 159.811 43.8 11.0607
      vertex 159.632 43.8 11.2135
      vertex 159.811 45.8 11.0607
    endloop
  endfacet
  facet normal -0.649448 0 -0.760406
    outer loop
      vertex 159.811 45.8 11.0607
      vertex 159.632 43.8 11.2135
      vertex 159.632 45.8 11.2135
    endloop
  endfacet
  facet normal -0.522501 -0 -0.852639
    outer loop
      vertex 159.632 43.8 11.2135
      vertex 159.431 43.8 11.3365
      vertex 159.632 45.8 11.2135
    endloop
  endfacet
  facet normal -0.522501 0 -0.852639
    outer loop
      vertex 159.632 45.8 11.2135
      vertex 159.431 43.8 11.3365
      vertex 159.431 45.8 11.3365
    endloop
  endfacet
  facet normal -0.382682 -0 -0.92388
    outer loop
      vertex 159.431 43.8 11.3365
      vertex 159.214 43.8 11.4266
      vertex 159.431 45.8 11.3365
    endloop
  endfacet
  facet normal -0.382682 0 -0.92388
    outer loop
      vertex 159.431 45.8 11.3365
      vertex 159.214 43.8 11.4266
      vertex 159.214 45.8 11.4266
    endloop
  endfacet
  facet normal -0.233447 -0 -0.972369
    outer loop
      vertex 159.214 43.8 11.4266
      vertex 158.985 43.8 11.4815
      vertex 159.214 45.8 11.4266
    endloop
  endfacet
  facet normal -0.233447 0 -0.972369
    outer loop
      vertex 159.214 45.8 11.4266
      vertex 158.985 43.8 11.4815
      vertex 158.985 45.8 11.4815
    endloop
  endfacet
  facet normal -0.0784569 -0 -0.996918
    outer loop
      vertex 158.985 43.8 11.4815
      vertex 158.75 43.8 11.5
      vertex 158.985 45.8 11.4815
    endloop
  endfacet
  facet normal -0.0784569 0 -0.996918
    outer loop
      vertex 158.985 45.8 11.4815
      vertex 158.75 43.8 11.5
      vertex 158.75 45.8 11.5
    endloop
  endfacet
  facet normal 0.0784569 0 -0.996918
    outer loop
      vertex 158.75 43.8 11.5
      vertex 158.515 43.8 11.4815
      vertex 158.75 45.8 11.5
    endloop
  endfacet
  facet normal 0.0784569 0 -0.996918
    outer loop
      vertex 158.75 45.8 11.5
      vertex 158.515 43.8 11.4815
      vertex 158.515 45.8 11.4815
    endloop
  endfacet
  facet normal 0.233447 0 -0.972369
    outer loop
      vertex 158.515 43.8 11.4815
      vertex 158.286 43.8 11.4266
      vertex 158.515 45.8 11.4815
    endloop
  endfacet
  facet normal 0.233447 0 -0.972369
    outer loop
      vertex 158.515 45.8 11.4815
      vertex 158.286 43.8 11.4266
      vertex 158.286 45.8 11.4266
    endloop
  endfacet
  facet normal 0.382682 0 -0.92388
    outer loop
      vertex 158.286 43.8 11.4266
      vertex 158.069 43.8 11.3365
      vertex 158.286 45.8 11.4266
    endloop
  endfacet
  facet normal 0.382682 0 -0.92388
    outer loop
      vertex 158.286 45.8 11.4266
      vertex 158.069 43.8 11.3365
      vertex 158.069 45.8 11.3365
    endloop
  endfacet
  facet normal 0.522501 0 -0.852639
    outer loop
      vertex 158.069 43.8 11.3365
      vertex 157.868 43.8 11.2135
      vertex 158.069 45.8 11.3365
    endloop
  endfacet
  facet normal 0.522501 0 -0.852639
    outer loop
      vertex 158.069 45.8 11.3365
      vertex 157.868 43.8 11.2135
      vertex 157.868 45.8 11.2135
    endloop
  endfacet
  facet normal 0.649448 0 -0.760406
    outer loop
      vertex 157.868 43.8 11.2135
      vertex 157.689 43.8 11.0607
      vertex 157.868 45.8 11.2135
    endloop
  endfacet
  facet normal 0.649448 0 -0.760406
    outer loop
      vertex 157.868 45.8 11.2135
      vertex 157.689 43.8 11.0607
      vertex 157.689 45.8 11.0607
    endloop
  endfacet
  facet normal 0.760406 0 -0.649448
    outer loop
      vertex 157.689 45.8 11.0607
      vertex 157.689 43.8 11.0607
      vertex 157.536 43.8 10.8817
    endloop
  endfacet
  facet normal 0.760406 0 -0.649448
    outer loop
      vertex 157.536 45.8 10.8817
      vertex 157.689 45.8 11.0607
      vertex 157.536 43.8 10.8817
    endloop
  endfacet
  facet normal 0.852639 0 -0.522501
    outer loop
      vertex 157.536 45.8 10.8817
      vertex 157.536 43.8 10.8817
      vertex 157.413 43.8 10.681
    endloop
  endfacet
  facet normal 0.852639 0 -0.522501
    outer loop
      vertex 157.413 45.8 10.681
      vertex 157.536 45.8 10.8817
      vertex 157.413 43.8 10.681
    endloop
  endfacet
  facet normal 0.92388 0 -0.382682
    outer loop
      vertex 157.413 45.8 10.681
      vertex 157.413 43.8 10.681
      vertex 157.323 43.8 10.4635
    endloop
  endfacet
  facet normal 0.92388 0 -0.382682
    outer loop
      vertex 157.323 45.8 10.4635
      vertex 157.413 45.8 10.681
      vertex 157.323 43.8 10.4635
    endloop
  endfacet
  facet normal 0.972369 0 -0.233447
    outer loop
      vertex 157.323 45.8 10.4635
      vertex 157.323 43.8 10.4635
      vertex 157.268 43.8 10.2347
    endloop
  endfacet
  facet normal 0.972369 0 -0.233447
    outer loop
      vertex 157.268 45.8 10.2347
      vertex 157.323 45.8 10.4635
      vertex 157.268 43.8 10.2347
    endloop
  endfacet
  facet normal 0.996918 0 -0.0784569
    outer loop
      vertex 220.768 45.8 10.2347
      vertex 220.768 43.8 10.2347
      vertex 220.75 43.8 10
    endloop
  endfacet
  facet normal 0.996918 0 -0.0784569
    outer loop
      vertex 220.75 45.8 10
      vertex 220.768 45.8 10.2347
      vertex 220.75 43.8 10
    endloop
  endfacet
  facet normal 0.996918 0 0.0784569
    outer loop
      vertex 220.75 43.8 10
      vertex 220.768 43.8 9.76535
      vertex 220.768 45.8 9.76535
    endloop
  endfacet
  facet normal 0.996918 -0 0.0784569
    outer loop
      vertex 220.75 45.8 10
      vertex 220.75 43.8 10
      vertex 220.768 45.8 9.76535
    endloop
  endfacet
  facet normal 0.972369 0 0.233447
    outer loop
      vertex 220.768 43.8 9.76535
      vertex 220.823 43.8 9.53648
      vertex 220.823 45.8 9.53648
    endloop
  endfacet
  facet normal 0.972369 -0 0.233447
    outer loop
      vertex 220.768 45.8 9.76535
      vertex 220.768 43.8 9.76535
      vertex 220.823 45.8 9.53648
    endloop
  endfacet
  facet normal 0.92388 0 0.382682
    outer loop
      vertex 220.823 43.8 9.53648
      vertex 220.913 43.8 9.31901
      vertex 220.913 45.8 9.31901
    endloop
  endfacet
  facet normal 0.92388 -0 0.382682
    outer loop
      vertex 220.823 45.8 9.53648
      vertex 220.823 43.8 9.53648
      vertex 220.913 45.8 9.31901
    endloop
  endfacet
  facet normal 0.852639 0 0.522501
    outer loop
      vertex 220.913 43.8 9.31901
      vertex 221.036 43.8 9.11832
      vertex 221.036 45.8 9.11832
    endloop
  endfacet
  facet normal 0.852639 -0 0.522501
    outer loop
      vertex 220.913 45.8 9.31901
      vertex 220.913 43.8 9.31901
      vertex 221.036 45.8 9.11832
    endloop
  endfacet
  facet normal 0.760406 0 0.649448
    outer loop
      vertex 221.036 43.8 9.11832
      vertex 221.189 43.8 8.93934
      vertex 221.189 45.8 8.93934
    endloop
  endfacet
  facet normal 0.760406 -0 0.649448
    outer loop
      vertex 221.036 45.8 9.11832
      vertex 221.036 43.8 9.11832
      vertex 221.189 45.8 8.93934
    endloop
  endfacet
  facet normal 0.649448 0 0.760406
    outer loop
      vertex 221.189 43.8 8.93934
      vertex 221.368 43.8 8.78648
      vertex 221.368 45.8 8.78648
    endloop
  endfacet
  facet normal 0.649448 -0 0.760406
    outer loop
      vertex 221.189 45.8 8.93934
      vertex 221.189 43.8 8.93934
      vertex 221.368 45.8 8.78648
    endloop
  endfacet
  facet normal 0.522501 0 0.852639
    outer loop
      vertex 221.368 43.8 8.78648
      vertex 221.569 43.8 8.66349
      vertex 221.569 45.8 8.66349
    endloop
  endfacet
  facet normal 0.522501 -0 0.852639
    outer loop
      vertex 221.368 45.8 8.78648
      vertex 221.368 43.8 8.78648
      vertex 221.569 45.8 8.66349
    endloop
  endfacet
  facet normal 0.382682 0 0.92388
    outer loop
      vertex 221.569 43.8 8.66349
      vertex 221.786 43.8 8.57342
      vertex 221.786 45.8 8.57342
    endloop
  endfacet
  facet normal 0.382682 -0 0.92388
    outer loop
      vertex 221.569 45.8 8.66349
      vertex 221.569 43.8 8.66349
      vertex 221.786 45.8 8.57342
    endloop
  endfacet
  facet normal 0.233447 0 0.972369
    outer loop
      vertex 221.786 43.8 8.57342
      vertex 222.015 43.8 8.51847
      vertex 222.015 45.8 8.51847
    endloop
  endfacet
  facet normal 0.233447 -0 0.972369
    outer loop
      vertex 221.786 45.8 8.57342
      vertex 221.786 43.8 8.57342
      vertex 222.015 45.8 8.51847
    endloop
  endfacet
  facet normal 0.0784569 0 0.996918
    outer loop
      vertex 222.015 43.8 8.51847
      vertex 222.25 43.8 8.5
      vertex 222.25 45.8 8.5
    endloop
  endfacet
  facet normal 0.0784569 -0 0.996918
    outer loop
      vertex 222.015 45.8 8.51847
      vertex 222.015 43.8 8.51847
      vertex 222.25 45.8 8.5
    endloop
  endfacet
  facet normal -0.0784569 0 0.996918
    outer loop
      vertex 222.25 43.8 8.5
      vertex 222.485 43.8 8.51847
      vertex 222.485 45.8 8.51847
    endloop
  endfacet
  facet normal -0.0784569 0 0.996918
    outer loop
      vertex 222.25 45.8 8.5
      vertex 222.25 43.8 8.5
      vertex 222.485 45.8 8.51847
    endloop
  endfacet
  facet normal -0.233447 0 0.972369
    outer loop
      vertex 222.485 43.8 8.51847
      vertex 222.714 43.8 8.57342
      vertex 222.714 45.8 8.57342
    endloop
  endfacet
  facet normal -0.233447 0 0.972369
    outer loop
      vertex 222.485 45.8 8.51847
      vertex 222.485 43.8 8.51847
      vertex 222.714 45.8 8.57342
    endloop
  endfacet
  facet normal -0.382682 0 0.92388
    outer loop
      vertex 222.714 43.8 8.57342
      vertex 222.931 43.8 8.66349
      vertex 222.931 45.8 8.66349
    endloop
  endfacet
  facet normal -0.382682 0 0.92388
    outer loop
      vertex 222.714 45.8 8.57342
      vertex 222.714 43.8 8.57342
      vertex 222.931 45.8 8.66349
    endloop
  endfacet
  facet normal -0.522501 0 0.852639
    outer loop
      vertex 222.931 43.8 8.66349
      vertex 223.132 43.8 8.78648
      vertex 223.132 45.8 8.78648
    endloop
  endfacet
  facet normal -0.522501 0 0.852639
    outer loop
      vertex 222.931 45.8 8.66349
      vertex 222.931 43.8 8.66349
      vertex 223.132 45.8 8.78648
    endloop
  endfacet
  facet normal -0.649448 0 0.760406
    outer loop
      vertex 223.132 43.8 8.78648
      vertex 223.311 43.8 8.93934
      vertex 223.311 45.8 8.93934
    endloop
  endfacet
  facet normal -0.649448 0 0.760406
    outer loop
      vertex 223.132 45.8 8.78648
      vertex 223.132 43.8 8.78648
      vertex 223.311 45.8 8.93934
    endloop
  endfacet
  facet normal -0.760406 0 0.649448
    outer loop
      vertex 223.464 43.8 9.11832
      vertex 223.464 45.8 9.11832
      vertex 223.311 43.8 8.93934
    endloop
  endfacet
  facet normal -0.760406 0 0.649448
    outer loop
      vertex 223.311 43.8 8.93934
      vertex 223.464 45.8 9.11832
      vertex 223.311 45.8 8.93934
    endloop
  endfacet
  facet normal -0.852639 0 0.522501
    outer loop
      vertex 223.587 43.8 9.31901
      vertex 223.587 45.8 9.31901
      vertex 223.464 43.8 9.11832
    endloop
  endfacet
  facet normal -0.852639 0 0.522501
    outer loop
      vertex 223.464 43.8 9.11832
      vertex 223.587 45.8 9.31901
      vertex 223.464 45.8 9.11832
    endloop
  endfacet
  facet normal -0.92388 0 0.382682
    outer loop
      vertex 223.677 43.8 9.53648
      vertex 223.677 45.8 9.53648
      vertex 223.587 43.8 9.31901
    endloop
  endfacet
  facet normal -0.92388 0 0.382682
    outer loop
      vertex 223.587 43.8 9.31901
      vertex 223.677 45.8 9.53648
      vertex 223.587 45.8 9.31901
    endloop
  endfacet
  facet normal -0.972369 0 0.233447
    outer loop
      vertex 223.732 43.8 9.76535
      vertex 223.732 45.8 9.76535
      vertex 223.677 43.8 9.53648
    endloop
  endfacet
  facet normal -0.972369 0 0.233447
    outer loop
      vertex 223.677 43.8 9.53648
      vertex 223.732 45.8 9.76535
      vertex 223.677 45.8 9.53648
    endloop
  endfacet
  facet normal -0.996918 0 0.0784569
    outer loop
      vertex 223.75 43.8 10
      vertex 223.75 45.8 10
      vertex 223.732 43.8 9.76535
    endloop
  endfacet
  facet normal -0.996918 0 0.0784569
    outer loop
      vertex 223.732 43.8 9.76535
      vertex 223.75 45.8 10
      vertex 223.732 45.8 9.76535
    endloop
  endfacet
  facet normal -0.996918 -0 -0.0784569
    outer loop
      vertex 223.75 43.8 10
      vertex 223.732 43.8 10.2347
      vertex 223.75 45.8 10
    endloop
  endfacet
  facet normal -0.996918 0 -0.0784569
    outer loop
      vertex 223.75 45.8 10
      vertex 223.732 43.8 10.2347
      vertex 223.732 45.8 10.2347
    endloop
  endfacet
  facet normal -0.972369 -0 -0.233447
    outer loop
      vertex 223.732 43.8 10.2347
      vertex 223.677 43.8 10.4635
      vertex 223.732 45.8 10.2347
    endloop
  endfacet
  facet normal -0.972369 0 -0.233447
    outer loop
      vertex 223.732 45.8 10.2347
      vertex 223.677 43.8 10.4635
      vertex 223.677 45.8 10.4635
    endloop
  endfacet
  facet normal -0.92388 -0 -0.382682
    outer loop
      vertex 223.677 43.8 10.4635
      vertex 223.587 43.8 10.681
      vertex 223.677 45.8 10.4635
    endloop
  endfacet
  facet normal -0.92388 0 -0.382682
    outer loop
      vertex 223.677 45.8 10.4635
      vertex 223.587 43.8 10.681
      vertex 223.587 45.8 10.681
    endloop
  endfacet
  facet normal -0.852639 -0 -0.522501
    outer loop
      vertex 223.587 43.8 10.681
      vertex 223.464 43.8 10.8817
      vertex 223.587 45.8 10.681
    endloop
  endfacet
  facet normal -0.852639 0 -0.522501
    outer loop
      vertex 223.587 45.8 10.681
      vertex 223.464 43.8 10.8817
      vertex 223.464 45.8 10.8817
    endloop
  endfacet
  facet normal -0.760406 -0 -0.649448
    outer loop
      vertex 223.464 43.8 10.8817
      vertex 223.311 43.8 11.0607
      vertex 223.464 45.8 10.8817
    endloop
  endfacet
  facet normal -0.760406 0 -0.649448
    outer loop
      vertex 223.464 45.8 10.8817
      vertex 223.311 43.8 11.0607
      vertex 223.311 45.8 11.0607
    endloop
  endfacet
  facet normal -0.649448 -0 -0.760406
    outer loop
      vertex 223.311 43.8 11.0607
      vertex 223.132 43.8 11.2135
      vertex 223.311 45.8 11.0607
    endloop
  endfacet
  facet normal -0.649448 0 -0.760406
    outer loop
      vertex 223.311 45.8 11.0607
      vertex 223.132 43.8 11.2135
      vertex 223.132 45.8 11.2135
    endloop
  endfacet
  facet normal -0.522501 -0 -0.852639
    outer loop
      vertex 223.132 43.8 11.2135
      vertex 222.931 43.8 11.3365
      vertex 223.132 45.8 11.2135
    endloop
  endfacet
  facet normal -0.522501 0 -0.852639
    outer loop
      vertex 223.132 45.8 11.2135
      vertex 222.931 43.8 11.3365
      vertex 222.931 45.8 11.3365
    endloop
  endfacet
  facet normal -0.382682 -0 -0.92388
    outer loop
      vertex 222.931 43.8 11.3365
      vertex 222.714 43.8 11.4266
      vertex 222.931 45.8 11.3365
    endloop
  endfacet
  facet normal -0.382682 0 -0.92388
    outer loop
      vertex 222.931 45.8 11.3365
      vertex 222.714 43.8 11.4266
      vertex 222.714 45.8 11.4266
    endloop
  endfacet
  facet normal -0.233447 -0 -0.972369
    outer loop
      vertex 222.714 43.8 11.4266
      vertex 222.485 43.8 11.4815
      vertex 222.714 45.8 11.4266
    endloop
  endfacet
  facet normal -0.233447 0 -0.972369
    outer loop
      vertex 222.714 45.8 11.4266
      vertex 222.485 43.8 11.4815
      vertex 222.485 45.8 11.4815
    endloop
  endfacet
  facet normal -0.0784569 -0 -0.996918
    outer loop
      vertex 222.485 43.8 11.4815
      vertex 222.25 43.8 11.5
      vertex 222.485 45.8 11.4815
    endloop
  endfacet
  facet normal -0.0784569 0 -0.996918
    outer loop
      vertex 222.485 45.8 11.4815
      vertex 222.25 43.8 11.5
      vertex 222.25 45.8 11.5
    endloop
  endfacet
  facet normal 0.0784569 0 -0.996918
    outer loop
      vertex 222.25 43.8 11.5
      vertex 222.015 43.8 11.4815
      vertex 222.25 45.8 11.5
    endloop
  endfacet
  facet normal 0.0784569 0 -0.996918
    outer loop
      vertex 222.25 45.8 11.5
      vertex 222.015 43.8 11.4815
      vertex 222.015 45.8 11.4815
    endloop
  endfacet
  facet normal 0.233447 0 -0.972369
    outer loop
      vertex 222.015 43.8 11.4815
      vertex 221.786 43.8 11.4266
      vertex 222.015 45.8 11.4815
    endloop
  endfacet
  facet normal 0.233447 0 -0.972369
    outer loop
      vertex 222.015 45.8 11.4815
      vertex 221.786 43.8 11.4266
      vertex 221.786 45.8 11.4266
    endloop
  endfacet
  facet normal 0.382682 0 -0.92388
    outer loop
      vertex 221.786 43.8 11.4266
      vertex 221.569 43.8 11.3365
      vertex 221.786 45.8 11.4266
    endloop
  endfacet
  facet normal 0.382682 0 -0.92388
    outer loop
      vertex 221.786 45.8 11.4266
      vertex 221.569 43.8 11.3365
      vertex 221.569 45.8 11.3365
    endloop
  endfacet
  facet normal 0.522501 0 -0.852639
    outer loop
      vertex 221.569 43.8 11.3365
      vertex 221.368 43.8 11.2135
      vertex 221.569 45.8 11.3365
    endloop
  endfacet
  facet normal 0.522501 0 -0.852639
    outer loop
      vertex 221.569 45.8 11.3365
      vertex 221.368 43.8 11.2135
      vertex 221.368 45.8 11.2135
    endloop
  endfacet
  facet normal 0.649448 0 -0.760406
    outer loop
      vertex 221.368 43.8 11.2135
      vertex 221.189 43.8 11.0607
      vertex 221.368 45.8 11.2135
    endloop
  endfacet
  facet normal 0.649448 0 -0.760406
    outer loop
      vertex 221.368 45.8 11.2135
      vertex 221.189 43.8 11.0607
      vertex 221.189 45.8 11.0607
    endloop
  endfacet
  facet normal 0.760406 0 -0.649448
    outer loop
      vertex 221.189 45.8 11.0607
      vertex 221.189 43.8 11.0607
      vertex 221.036 43.8 10.8817
    endloop
  endfacet
  facet normal 0.760406 0 -0.649448
    outer loop
      vertex 221.036 45.8 10.8817
      vertex 221.189 45.8 11.0607
      vertex 221.036 43.8 10.8817
    endloop
  endfacet
  facet normal 0.852639 0 -0.522501
    outer loop
      vertex 221.036 45.8 10.8817
      vertex 221.036 43.8 10.8817
      vertex 220.913 43.8 10.681
    endloop
  endfacet
  facet normal 0.852639 0 -0.522501
    outer loop
      vertex 220.913 45.8 10.681
      vertex 221.036 45.8 10.8817
      vertex 220.913 43.8 10.681
    endloop
  endfacet
  facet normal 0.92388 0 -0.382682
    outer loop
      vertex 220.913 45.8 10.681
      vertex 220.913 43.8 10.681
      vertex 220.823 43.8 10.4635
    endloop
  endfacet
  facet normal 0.92388 0 -0.382682
    outer loop
      vertex 220.823 45.8 10.4635
      vertex 220.913 45.8 10.681
      vertex 220.823 43.8 10.4635
    endloop
  endfacet
  facet normal 0.972369 0 -0.233447
    outer loop
      vertex 220.823 45.8 10.4635
      vertex 220.823 43.8 10.4635
      vertex 220.768 43.8 10.2347
    endloop
  endfacet
  facet normal 0.972369 0 -0.233447
    outer loop
      vertex 220.768 45.8 10.2347
      vertex 220.823 45.8 10.4635
      vertex 220.768 43.8 10.2347
    endloop
  endfacet
  facet normal 0.996917 0.0784595 0
    outer loop
      vertex 14.1667 22 2
      vertex 14.2528 20.905 2
      vertex 14.2528 20.905 0
    endloop
  endfacet
  facet normal 0.996917 0.0784595 0
    outer loop
      vertex 14.1667 22 0
      vertex 14.1667 22 2
      vertex 14.2528 20.905 0
    endloop
  endfacet
  facet normal 0.97237 0.233445 0
    outer loop
      vertex 14.2528 20.905 2
      vertex 14.5093 19.8369 2
      vertex 14.5093 19.8369 0
    endloop
  endfacet
  facet normal 0.97237 0.233445 0
    outer loop
      vertex 14.2528 20.905 0
      vertex 14.2528 20.905 2
      vertex 14.5093 19.8369 0
    endloop
  endfacet
  facet normal 0.923879 0.382684 0
    outer loop
      vertex 14.5093 19.8369 2
      vertex 14.9296 18.8221 2
      vertex 14.9296 18.8221 0
    endloop
  endfacet
  facet normal 0.923879 0.382684 0
    outer loop
      vertex 14.5093 19.8369 0
      vertex 14.5093 19.8369 2
      vertex 14.9296 18.8221 0
    endloop
  endfacet
  facet normal 0.85264 0.522498 0
    outer loop
      vertex 14.9296 18.8221 2
      vertex 15.5035 17.8855 2
      vertex 15.5035 17.8855 0
    endloop
  endfacet
  facet normal 0.85264 0.522498 0
    outer loop
      vertex 14.9296 18.8221 0
      vertex 14.9296 18.8221 2
      vertex 15.5035 17.8855 0
    endloop
  endfacet
  facet normal 0.760405 0.649449 0
    outer loop
      vertex 15.5035 17.8855 2
      vertex 16.2169 17.0503 2
      vertex 16.2169 17.0503 0
    endloop
  endfacet
  facet normal 0.760405 0.649449 0
    outer loop
      vertex 15.5035 17.8855 0
      vertex 15.5035 17.8855 2
      vertex 16.2169 17.0503 0
    endloop
  endfacet
  facet normal 0.649449 0.760405 -0
    outer loop
      vertex 17.0522 16.3369 2
      vertex 17.0522 16.3369 0
      vertex 16.2169 17.0503 2
    endloop
  endfacet
  facet normal 0.649449 0.760405 -0
    outer loop
      vertex 16.2169 17.0503 2
      vertex 17.0522 16.3369 0
      vertex 16.2169 17.0503 0
    endloop
  endfacet
  facet normal 0.522498 0.85264 -0
    outer loop
      vertex 17.9887 15.763 2
      vertex 17.9887 15.763 0
      vertex 17.0522 16.3369 2
    endloop
  endfacet
  facet normal 0.522498 0.85264 -0
    outer loop
      vertex 17.0522 16.3369 2
      vertex 17.9887 15.763 0
      vertex 17.0522 16.3369 0
    endloop
  endfacet
  facet normal 0.382684 0.923879 -0
    outer loop
      vertex 19.0035 15.3426 2
      vertex 19.0035 15.3426 0
      vertex 17.9887 15.763 2
    endloop
  endfacet
  facet normal 0.382684 0.923879 -0
    outer loop
      vertex 17.9887 15.763 2
      vertex 19.0035 15.3426 0
      vertex 17.9887 15.763 0
    endloop
  endfacet
  facet normal 0.233445 0.97237 -0
    outer loop
      vertex 20.0716 15.0862 2
      vertex 20.0716 15.0862 0
      vertex 19.0035 15.3426 2
    endloop
  endfacet
  facet normal 0.233445 0.97237 -0
    outer loop
      vertex 19.0035 15.3426 2
      vertex 20.0716 15.0862 0
      vertex 19.0035 15.3426 0
    endloop
  endfacet
  facet normal 0.0784595 0.996917 -0
    outer loop
      vertex 21.1667 15 2
      vertex 21.1667 15 0
      vertex 20.0716 15.0862 2
    endloop
  endfacet
  facet normal 0.0784595 0.996917 -0
    outer loop
      vertex 20.0716 15.0862 2
      vertex 21.1667 15 0
      vertex 20.0716 15.0862 0
    endloop
  endfacet
  facet normal -0.0784595 0.996917 0
    outer loop
      vertex 22.2617 15.0862 2
      vertex 22.2617 15.0862 0
      vertex 21.1667 15 2
    endloop
  endfacet
  facet normal -0.0784595 0.996917 0
    outer loop
      vertex 21.1667 15 2
      vertex 22.2617 15.0862 0
      vertex 21.1667 15 0
    endloop
  endfacet
  facet normal -0.233445 0.97237 0
    outer loop
      vertex 23.3298 15.3426 2
      vertex 23.3298 15.3426 0
      vertex 22.2617 15.0862 2
    endloop
  endfacet
  facet normal -0.233445 0.97237 0
    outer loop
      vertex 22.2617 15.0862 2
      vertex 23.3298 15.3426 0
      vertex 22.2617 15.0862 0
    endloop
  endfacet
  facet normal -0.382684 0.923879 0
    outer loop
      vertex 24.3446 15.763 2
      vertex 24.3446 15.763 0
      vertex 23.3298 15.3426 2
    endloop
  endfacet
  facet normal -0.382684 0.923879 0
    outer loop
      vertex 23.3298 15.3426 2
      vertex 24.3446 15.763 0
      vertex 23.3298 15.3426 0
    endloop
  endfacet
  facet normal -0.522498 0.85264 0
    outer loop
      vertex 25.2812 16.3369 2
      vertex 25.2812 16.3369 0
      vertex 24.3446 15.763 2
    endloop
  endfacet
  facet normal -0.522498 0.85264 0
    outer loop
      vertex 24.3446 15.763 2
      vertex 25.2812 16.3369 0
      vertex 24.3446 15.763 0
    endloop
  endfacet
  facet normal -0.649449 0.760405 0
    outer loop
      vertex 26.1164 17.0503 2
      vertex 26.1164 17.0503 0
      vertex 25.2812 16.3369 2
    endloop
  endfacet
  facet normal -0.649449 0.760405 0
    outer loop
      vertex 25.2812 16.3369 2
      vertex 26.1164 17.0503 0
      vertex 25.2812 16.3369 0
    endloop
  endfacet
  facet normal -0.760405 0.649449 0
    outer loop
      vertex 26.8298 17.8855 2
      vertex 26.8298 17.8855 0
      vertex 26.1164 17.0503 2
    endloop
  endfacet
  facet normal -0.760405 0.649449 0
    outer loop
      vertex 26.1164 17.0503 2
      vertex 26.8298 17.8855 0
      vertex 26.1164 17.0503 0
    endloop
  endfacet
  facet normal -0.85264 0.522498 0
    outer loop
      vertex 27.4037 18.8221 2
      vertex 27.4037 18.8221 0
      vertex 26.8298 17.8855 2
    endloop
  endfacet
  facet normal -0.85264 0.522498 0
    outer loop
      vertex 26.8298 17.8855 2
      vertex 27.4037 18.8221 0
      vertex 26.8298 17.8855 0
    endloop
  endfacet
  facet normal -0.923879 0.382684 0
    outer loop
      vertex 27.8241 19.8369 2
      vertex 27.8241 19.8369 0
      vertex 27.4037 18.8221 2
    endloop
  endfacet
  facet normal -0.923879 0.382684 0
    outer loop
      vertex 27.4037 18.8221 2
      vertex 27.8241 19.8369 0
      vertex 27.4037 18.8221 0
    endloop
  endfacet
  facet normal -0.97237 0.233445 0
    outer loop
      vertex 28.0805 20.905 2
      vertex 28.0805 20.905 0
      vertex 27.8241 19.8369 2
    endloop
  endfacet
  facet normal -0.97237 0.233445 0
    outer loop
      vertex 27.8241 19.8369 2
      vertex 28.0805 20.905 0
      vertex 27.8241 19.8369 0
    endloop
  endfacet
  facet normal -0.996917 0.0784595 0
    outer loop
      vertex 28.1667 22 2
      vertex 28.1667 22 0
      vertex 28.0805 20.905 2
    endloop
  endfacet
  facet normal -0.996917 0.0784595 0
    outer loop
      vertex 28.0805 20.905 2
      vertex 28.1667 22 0
      vertex 28.0805 20.905 0
    endloop
  endfacet
  facet normal -0.996917 -0.0784595 0
    outer loop
      vertex 28.1667 22 2
      vertex 28.0805 23.095 2
      vertex 28.1667 22 0
    endloop
  endfacet
  facet normal -0.996917 -0.0784595 0
    outer loop
      vertex 28.1667 22 0
      vertex 28.0805 23.095 2
      vertex 28.0805 23.095 0
    endloop
  endfacet
  facet normal -0.97237 -0.233445 0
    outer loop
      vertex 28.0805 23.095 2
      vertex 27.8241 24.1631 2
      vertex 28.0805 23.095 0
    endloop
  endfacet
  facet normal -0.97237 -0.233445 0
    outer loop
      vertex 28.0805 23.095 0
      vertex 27.8241 24.1631 2
      vertex 27.8241 24.1631 0
    endloop
  endfacet
  facet normal -0.923879 -0.382684 0
    outer loop
      vertex 27.8241 24.1631 2
      vertex 27.4037 25.1779 2
      vertex 27.8241 24.1631 0
    endloop
  endfacet
  facet normal -0.923879 -0.382684 0
    outer loop
      vertex 27.8241 24.1631 0
      vertex 27.4037 25.1779 2
      vertex 27.4037 25.1779 0
    endloop
  endfacet
  facet normal -0.85264 -0.522498 0
    outer loop
      vertex 27.4037 25.1779 2
      vertex 26.8298 26.1145 2
      vertex 27.4037 25.1779 0
    endloop
  endfacet
  facet normal -0.85264 -0.522498 0
    outer loop
      vertex 27.4037 25.1779 0
      vertex 26.8298 26.1145 2
      vertex 26.8298 26.1145 0
    endloop
  endfacet
  facet normal -0.760405 -0.649449 0
    outer loop
      vertex 26.8298 26.1145 2
      vertex 26.1164 26.9497 2
      vertex 26.8298 26.1145 0
    endloop
  endfacet
  facet normal -0.760405 -0.649449 0
    outer loop
      vertex 26.8298 26.1145 0
      vertex 26.1164 26.9497 2
      vertex 26.1164 26.9497 0
    endloop
  endfacet
  facet normal -0.649449 -0.760405 -0
    outer loop
      vertex 26.1164 26.9497 0
      vertex 26.1164 26.9497 2
      vertex 25.2812 27.6631 2
    endloop
  endfacet
  facet normal -0.649449 -0.760405 -0
    outer loop
      vertex 25.2812 27.6631 0
      vertex 26.1164 26.9497 0
      vertex 25.2812 27.6631 2
    endloop
  endfacet
  facet normal -0.522498 -0.85264 -0
    outer loop
      vertex 25.2812 27.6631 0
      vertex 25.2812 27.6631 2
      vertex 24.3446 28.237 2
    endloop
  endfacet
  facet normal -0.522498 -0.85264 -0
    outer loop
      vertex 24.3446 28.237 0
      vertex 25.2812 27.6631 0
      vertex 24.3446 28.237 2
    endloop
  endfacet
  facet normal -0.382684 -0.923879 -0
    outer loop
      vertex 24.3446 28.237 0
      vertex 24.3446 28.237 2
      vertex 23.3298 28.6574 2
    endloop
  endfacet
  facet normal -0.382684 -0.923879 -0
    outer loop
      vertex 23.3298 28.6574 0
      vertex 24.3446 28.237 0
      vertex 23.3298 28.6574 2
    endloop
  endfacet
  facet normal -0.233445 -0.97237 -0
    outer loop
      vertex 23.3298 28.6574 0
      vertex 23.3298 28.6574 2
      vertex 22.2617 28.9138 2
    endloop
  endfacet
  facet normal -0.233445 -0.97237 -0
    outer loop
      vertex 22.2617 28.9138 0
      vertex 23.3298 28.6574 0
      vertex 22.2617 28.9138 2
    endloop
  endfacet
  facet normal -0.0784595 -0.996917 -0
    outer loop
      vertex 22.2617 28.9138 0
      vertex 22.2617 28.9138 2
      vertex 21.1667 29 2
    endloop
  endfacet
  facet normal -0.0784595 -0.996917 -0
    outer loop
      vertex 21.1667 29 0
      vertex 22.2617 28.9138 0
      vertex 21.1667 29 2
    endloop
  endfacet
  facet normal 0.0784595 -0.996917 0
    outer loop
      vertex 21.1667 29 0
      vertex 21.1667 29 2
      vertex 20.0716 28.9138 2
    endloop
  endfacet
  facet normal 0.0784595 -0.996917 0
    outer loop
      vertex 20.0716 28.9138 0
      vertex 21.1667 29 0
      vertex 20.0716 28.9138 2
    endloop
  endfacet
  facet normal 0.233445 -0.97237 0
    outer loop
      vertex 20.0716 28.9138 0
      vertex 20.0716 28.9138 2
      vertex 19.0035 28.6574 2
    endloop
  endfacet
  facet normal 0.233445 -0.97237 0
    outer loop
      vertex 19.0035 28.6574 0
      vertex 20.0716 28.9138 0
      vertex 19.0035 28.6574 2
    endloop
  endfacet
  facet normal 0.382684 -0.923879 0
    outer loop
      vertex 19.0035 28.6574 0
      vertex 19.0035 28.6574 2
      vertex 17.9887 28.237 2
    endloop
  endfacet
  facet normal 0.382684 -0.923879 0
    outer loop
      vertex 17.9887 28.237 0
      vertex 19.0035 28.6574 0
      vertex 17.9887 28.237 2
    endloop
  endfacet
  facet normal 0.522498 -0.85264 0
    outer loop
      vertex 17.9887 28.237 0
      vertex 17.9887 28.237 2
      vertex 17.0522 27.6631 2
    endloop
  endfacet
  facet normal 0.522498 -0.85264 0
    outer loop
      vertex 17.0522 27.6631 0
      vertex 17.9887 28.237 0
      vertex 17.0522 27.6631 2
    endloop
  endfacet
  facet normal 0.649449 -0.760405 0
    outer loop
      vertex 17.0522 27.6631 0
      vertex 17.0522 27.6631 2
      vertex 16.2169 26.9497 2
    endloop
  endfacet
  facet normal 0.649449 -0.760405 0
    outer loop
      vertex 16.2169 26.9497 0
      vertex 17.0522 27.6631 0
      vertex 16.2169 26.9497 2
    endloop
  endfacet
  facet normal 0.760405 -0.649449 0
    outer loop
      vertex 16.2169 26.9497 0
      vertex 16.2169 26.9497 2
      vertex 15.5035 26.1145 2
    endloop
  endfacet
  facet normal 0.760405 -0.649449 0
    outer loop
      vertex 15.5035 26.1145 0
      vertex 16.2169 26.9497 0
      vertex 15.5035 26.1145 2
    endloop
  endfacet
  facet normal 0.85264 -0.522498 0
    outer loop
      vertex 15.5035 26.1145 0
      vertex 15.5035 26.1145 2
      vertex 14.9296 25.1779 2
    endloop
  endfacet
  facet normal 0.85264 -0.522498 0
    outer loop
      vertex 14.9296 25.1779 0
      vertex 15.5035 26.1145 0
      vertex 14.9296 25.1779 2
    endloop
  endfacet
  facet normal 0.923879 -0.382684 0
    outer loop
      vertex 14.9296 25.1779 0
      vertex 14.9296 25.1779 2
      vertex 14.5093 24.1631 2
    endloop
  endfacet
  facet normal 0.923879 -0.382684 0
    outer loop
      vertex 14.5093 24.1631 0
      vertex 14.9296 25.1779 0
      vertex 14.5093 24.1631 2
    endloop
  endfacet
  facet normal 0.97237 -0.233445 0
    outer loop
      vertex 14.5093 24.1631 0
      vertex 14.5093 24.1631 2
      vertex 14.2528 23.095 2
    endloop
  endfacet
  facet normal 0.97237 -0.233445 0
    outer loop
      vertex 14.2528 23.095 0
      vertex 14.5093 24.1631 0
      vertex 14.2528 23.095 2
    endloop
  endfacet
  facet normal 0.996917 -0.0784595 0
    outer loop
      vertex 14.2528 23.095 0
      vertex 14.2528 23.095 2
      vertex 14.1667 22 2
    endloop
  endfacet
  facet normal 0.996917 -0.0784595 0
    outer loop
      vertex 14.1667 22 0
      vertex 14.2528 23.095 0
      vertex 14.1667 22 2
    endloop
  endfacet
  facet normal 0.996917 0.0784595 0
    outer loop
      vertex 56.5 22 2
      vertex 56.5862 20.905 2
      vertex 56.5862 20.905 0
    endloop
  endfacet
  facet normal 0.996917 0.0784595 0
    outer loop
      vertex 56.5 22 0
      vertex 56.5 22 2
      vertex 56.5862 20.905 0
    endloop
  endfacet
  facet normal 0.97237 0.233445 0
    outer loop
      vertex 56.5862 20.905 2
      vertex 56.8426 19.8369 2
      vertex 56.8426 19.8369 0
    endloop
  endfacet
  facet normal 0.97237 0.233445 0
    outer loop
      vertex 56.5862 20.905 0
      vertex 56.5862 20.905 2
      vertex 56.8426 19.8369 0
    endloop
  endfacet
  facet normal 0.923879 0.382684 0
    outer loop
      vertex 56.8426 19.8369 2
      vertex 57.263 18.8221 2
      vertex 57.263 18.8221 0
    endloop
  endfacet
  facet normal 0.923879 0.382684 0
    outer loop
      vertex 56.8426 19.8369 0
      vertex 56.8426 19.8369 2
      vertex 57.263 18.8221 0
    endloop
  endfacet
  facet normal 0.85264 0.522498 0
    outer loop
      vertex 57.263 18.8221 2
      vertex 57.8369 17.8855 2
      vertex 57.8369 17.8855 0
    endloop
  endfacet
  facet normal 0.85264 0.522498 0
    outer loop
      vertex 57.263 18.8221 0
      vertex 57.263 18.8221 2
      vertex 57.8369 17.8855 0
    endloop
  endfacet
  facet normal 0.760405 0.649449 0
    outer loop
      vertex 57.8369 17.8855 2
      vertex 58.5503 17.0503 2
      vertex 58.5503 17.0503 0
    endloop
  endfacet
  facet normal 0.760405 0.649449 0
    outer loop
      vertex 57.8369 17.8855 0
      vertex 57.8369 17.8855 2
      vertex 58.5503 17.0503 0
    endloop
  endfacet
  facet normal 0.649449 0.760405 -0
    outer loop
      vertex 59.3855 16.3369 2
      vertex 59.3855 16.3369 0
      vertex 58.5503 17.0503 2
    endloop
  endfacet
  facet normal 0.649449 0.760405 -0
    outer loop
      vertex 58.5503 17.0503 2
      vertex 59.3855 16.3369 0
      vertex 58.5503 17.0503 0
    endloop
  endfacet
  facet normal 0.522498 0.85264 -0
    outer loop
      vertex 60.3221 15.763 2
      vertex 60.3221 15.763 0
      vertex 59.3855 16.3369 2
    endloop
  endfacet
  facet normal 0.522498 0.85264 -0
    outer loop
      vertex 59.3855 16.3369 2
      vertex 60.3221 15.763 0
      vertex 59.3855 16.3369 0
    endloop
  endfacet
  facet normal 0.382684 0.923879 -0
    outer loop
      vertex 61.3369 15.3426 2
      vertex 61.3369 15.3426 0
      vertex 60.3221 15.763 2
    endloop
  endfacet
  facet normal 0.382684 0.923879 -0
    outer loop
      vertex 60.3221 15.763 2
      vertex 61.3369 15.3426 0
      vertex 60.3221 15.763 0
    endloop
  endfacet
  facet normal 0.233445 0.97237 -0
    outer loop
      vertex 62.405 15.0862 2
      vertex 62.405 15.0862 0
      vertex 61.3369 15.3426 2
    endloop
  endfacet
  facet normal 0.233445 0.97237 -0
    outer loop
      vertex 61.3369 15.3426 2
      vertex 62.405 15.0862 0
      vertex 61.3369 15.3426 0
    endloop
  endfacet
  facet normal 0.0784595 0.996917 -0
    outer loop
      vertex 63.5 15 2
      vertex 63.5 15 0
      vertex 62.405 15.0862 2
    endloop
  endfacet
  facet normal 0.0784595 0.996917 -0
    outer loop
      vertex 62.405 15.0862 2
      vertex 63.5 15 0
      vertex 62.405 15.0862 0
    endloop
  endfacet
  facet normal -0.0784595 0.996917 0
    outer loop
      vertex 64.595 15.0862 2
      vertex 64.595 15.0862 0
      vertex 63.5 15 2
    endloop
  endfacet
  facet normal -0.0784595 0.996917 0
    outer loop
      vertex 63.5 15 2
      vertex 64.595 15.0862 0
      vertex 63.5 15 0
    endloop
  endfacet
  facet normal -0.233445 0.97237 0
    outer loop
      vertex 65.6631 15.3426 2
      vertex 65.6631 15.3426 0
      vertex 64.595 15.0862 2
    endloop
  endfacet
  facet normal -0.233445 0.97237 0
    outer loop
      vertex 64.595 15.0862 2
      vertex 65.6631 15.3426 0
      vertex 64.595 15.0862 0
    endloop
  endfacet
  facet normal -0.382684 0.923879 0
    outer loop
      vertex 66.6779 15.763 2
      vertex 66.6779 15.763 0
      vertex 65.6631 15.3426 2
    endloop
  endfacet
  facet normal -0.382684 0.923879 0
    outer loop
      vertex 65.6631 15.3426 2
      vertex 66.6779 15.763 0
      vertex 65.6631 15.3426 0
    endloop
  endfacet
  facet normal -0.522498 0.85264 0
    outer loop
      vertex 67.6145 16.3369 2
      vertex 67.6145 16.3369 0
      vertex 66.6779 15.763 2
    endloop
  endfacet
  facet normal -0.522498 0.85264 0
    outer loop
      vertex 66.6779 15.763 2
      vertex 67.6145 16.3369 0
      vertex 66.6779 15.763 0
    endloop
  endfacet
  facet normal -0.649449 0.760405 0
    outer loop
      vertex 68.4497 17.0503 2
      vertex 68.4497 17.0503 0
      vertex 67.6145 16.3369 2
    endloop
  endfacet
  facet normal -0.649449 0.760405 0
    outer loop
      vertex 67.6145 16.3369 2
      vertex 68.4497 17.0503 0
      vertex 67.6145 16.3369 0
    endloop
  endfacet
  facet normal -0.760405 0.649449 0
    outer loop
      vertex 69.1631 17.8855 2
      vertex 69.1631 17.8855 0
      vertex 68.4497 17.0503 2
    endloop
  endfacet
  facet normal -0.760405 0.649449 0
    outer loop
      vertex 68.4497 17.0503 2
      vertex 69.1631 17.8855 0
      vertex 68.4497 17.0503 0
    endloop
  endfacet
  facet normal -0.85264 0.522498 0
    outer loop
      vertex 69.737 18.8221 2
      vertex 69.737 18.8221 0
      vertex 69.1631 17.8855 2
    endloop
  endfacet
  facet normal -0.85264 0.522498 0
    outer loop
      vertex 69.1631 17.8855 2
      vertex 69.737 18.8221 0
      vertex 69.1631 17.8855 0
    endloop
  endfacet
  facet normal -0.923879 0.382684 0
    outer loop
      vertex 70.1574 19.8369 2
      vertex 70.1574 19.8369 0
      vertex 69.737 18.8221 2
    endloop
  endfacet
  facet normal -0.923879 0.382684 0
    outer loop
      vertex 69.737 18.8221 2
      vertex 70.1574 19.8369 0
      vertex 69.737 18.8221 0
    endloop
  endfacet
  facet normal -0.97237 0.233445 0
    outer loop
      vertex 70.4138 20.905 2
      vertex 70.4138 20.905 0
      vertex 70.1574 19.8369 2
    endloop
  endfacet
  facet normal -0.97237 0.233445 0
    outer loop
      vertex 70.1574 19.8369 2
      vertex 70.4138 20.905 0
      vertex 70.1574 19.8369 0
    endloop
  endfacet
  facet normal -0.996917 0.0784595 0
    outer loop
      vertex 70.5 22 2
      vertex 70.5 22 0
      vertex 70.4138 20.905 2
    endloop
  endfacet
  facet normal -0.996917 0.0784595 0
    outer loop
      vertex 70.4138 20.905 2
      vertex 70.5 22 0
      vertex 70.4138 20.905 0
    endloop
  endfacet
  facet normal -0.996917 -0.0784595 0
    outer loop
      vertex 70.5 22 2
      vertex 70.4138 23.095 2
      vertex 70.5 22 0
    endloop
  endfacet
  facet normal -0.996917 -0.0784595 0
    outer loop
      vertex 70.5 22 0
      vertex 70.4138 23.095 2
      vertex 70.4138 23.095 0
    endloop
  endfacet
  facet normal -0.97237 -0.233445 0
    outer loop
      vertex 70.4138 23.095 2
      vertex 70.1574 24.1631 2
      vertex 70.4138 23.095 0
    endloop
  endfacet
  facet normal -0.97237 -0.233445 0
    outer loop
      vertex 70.4138 23.095 0
      vertex 70.1574 24.1631 2
      vertex 70.1574 24.1631 0
    endloop
  endfacet
  facet normal -0.923879 -0.382684 0
    outer loop
      vertex 70.1574 24.1631 2
      vertex 69.737 25.1779 2
      vertex 70.1574 24.1631 0
    endloop
  endfacet
  facet normal -0.923879 -0.382684 0
    outer loop
      vertex 70.1574 24.1631 0
      vertex 69.737 25.1779 2
      vertex 69.737 25.1779 0
    endloop
  endfacet
  facet normal -0.85264 -0.522498 0
    outer loop
      vertex 69.737 25.1779 2
      vertex 69.1631 26.1145 2
      vertex 69.737 25.1779 0
    endloop
  endfacet
  facet normal -0.85264 -0.522498 0
    outer loop
      vertex 69.737 25.1779 0
      vertex 69.1631 26.1145 2
      vertex 69.1631 26.1145 0
    endloop
  endfacet
  facet normal -0.760405 -0.649449 0
    outer loop
      vertex 69.1631 26.1145 2
      vertex 68.4497 26.9497 2
      vertex 69.1631 26.1145 0
    endloop
  endfacet
  facet normal -0.760405 -0.649449 0
    outer loop
      vertex 69.1631 26.1145 0
      vertex 68.4497 26.9497 2
      vertex 68.4497 26.9497 0
    endloop
  endfacet
  facet normal -0.649449 -0.760405 -0
    outer loop
      vertex 68.4497 26.9497 0
      vertex 68.4497 26.9497 2
      vertex 67.6145 27.6631 2
    endloop
  endfacet
  facet normal -0.649449 -0.760405 -0
    outer loop
      vertex 67.6145 27.6631 0
      vertex 68.4497 26.9497 0
      vertex 67.6145 27.6631 2
    endloop
  endfacet
  facet normal -0.522498 -0.85264 -0
    outer loop
      vertex 67.6145 27.6631 0
      vertex 67.6145 27.6631 2
      vertex 66.6779 28.237 2
    endloop
  endfacet
  facet normal -0.522498 -0.85264 -0
    outer loop
      vertex 66.6779 28.237 0
      vertex 67.6145 27.6631 0
      vertex 66.6779 28.237 2
    endloop
  endfacet
  facet normal -0.382684 -0.923879 -0
    outer loop
      vertex 66.6779 28.237 0
      vertex 66.6779 28.237 2
      vertex 65.6631 28.6574 2
    endloop
  endfacet
  facet normal -0.382684 -0.923879 -0
    outer loop
      vertex 65.6631 28.6574 0
      vertex 66.6779 28.237 0
      vertex 65.6631 28.6574 2
    endloop
  endfacet
  facet normal -0.233445 -0.97237 -0
    outer loop
      vertex 65.6631 28.6574 0
      vertex 65.6631 28.6574 2
      vertex 64.595 28.9138 2
    endloop
  endfacet
  facet normal -0.233445 -0.97237 -0
    outer loop
      vertex 64.595 28.9138 0
      vertex 65.6631 28.6574 0
      vertex 64.595 28.9138 2
    endloop
  endfacet
  facet normal -0.0784595 -0.996917 -0
    outer loop
      vertex 64.595 28.9138 0
      vertex 64.595 28.9138 2
      vertex 63.5 29 2
    endloop
  endfacet
  facet normal -0.0784595 -0.996917 -0
    outer loop
      vertex 63.5 29 0
      vertex 64.595 28.9138 0
      vertex 63.5 29 2
    endloop
  endfacet
  facet normal 0.0784595 -0.996917 0
    outer loop
      vertex 63.5 29 0
      vertex 63.5 29 2
      vertex 62.405 28.9138 2
    endloop
  endfacet
  facet normal 0.0784595 -0.996917 0
    outer loop
      vertex 62.405 28.9138 0
      vertex 63.5 29 0
      vertex 62.405 28.9138 2
    endloop
  endfacet
  facet normal 0.233445 -0.97237 0
    outer loop
      vertex 62.405 28.9138 0
      vertex 62.405 28.9138 2
      vertex 61.3369 28.6574 2
    endloop
  endfacet
  facet normal 0.233445 -0.97237 0
    outer loop
      vertex 61.3369 28.6574 0
      vertex 62.405 28.9138 0
      vertex 61.3369 28.6574 2
    endloop
  endfacet
  facet normal 0.382684 -0.923879 0
    outer loop
      vertex 61.3369 28.6574 0
      vertex 61.3369 28.6574 2
      vertex 60.3221 28.237 2
    endloop
  endfacet
  facet normal 0.382684 -0.923879 0
    outer loop
      vertex 60.3221 28.237 0
      vertex 61.3369 28.6574 0
      vertex 60.3221 28.237 2
    endloop
  endfacet
  facet normal 0.522498 -0.85264 0
    outer loop
      vertex 60.3221 28.237 0
      vertex 60.3221 28.237 2
      vertex 59.3855 27.6631 2
    endloop
  endfacet
  facet normal 0.522498 -0.85264 0
    outer loop
      vertex 59.3855 27.6631 0
      vertex 60.3221 28.237 0
      vertex 59.3855 27.6631 2
    endloop
  endfacet
  facet normal 0.649449 -0.760405 0
    outer loop
      vertex 59.3855 27.6631 0
      vertex 59.3855 27.6631 2
      vertex 58.5503 26.9497 2
    endloop
  endfacet
  facet normal 0.649449 -0.760405 0
    outer loop
      vertex 58.5503 26.9497 0
      vertex 59.3855 27.6631 0
      vertex 58.5503 26.9497 2
    endloop
  endfacet
  facet normal 0.760405 -0.649449 0
    outer loop
      vertex 58.5503 26.9497 0
      vertex 58.5503 26.9497 2
      vertex 57.8369 26.1145 2
    endloop
  endfacet
  facet normal 0.760405 -0.649449 0
    outer loop
      vertex 57.8369 26.1145 0
      vertex 58.5503 26.9497 0
      vertex 57.8369 26.1145 2
    endloop
  endfacet
  facet normal 0.85264 -0.522498 0
    outer loop
      vertex 57.8369 26.1145 0
      vertex 57.8369 26.1145 2
      vertex 57.263 25.1779 2
    endloop
  endfacet
  facet normal 0.85264 -0.522498 0
    outer loop
      vertex 57.263 25.1779 0
      vertex 57.8369 26.1145 0
      vertex 57.263 25.1779 2
    endloop
  endfacet
  facet normal 0.923879 -0.382684 0
    outer loop
      vertex 57.263 25.1779 0
      vertex 57.263 25.1779 2
      vertex 56.8426 24.1631 2
    endloop
  endfacet
  facet normal 0.923879 -0.382684 0
    outer loop
      vertex 56.8426 24.1631 0
      vertex 57.263 25.1779 0
      vertex 56.8426 24.1631 2
    endloop
  endfacet
  facet normal 0.97237 -0.233445 0
    outer loop
      vertex 56.8426 24.1631 0
      vertex 56.8426 24.1631 2
      vertex 56.5862 23.095 2
    endloop
  endfacet
  facet normal 0.97237 -0.233445 0
    outer loop
      vertex 56.5862 23.095 0
      vertex 56.8426 24.1631 0
      vertex 56.5862 23.095 2
    endloop
  endfacet
  facet normal 0.996917 -0.0784595 0
    outer loop
      vertex 56.5862 23.095 0
      vertex 56.5862 23.095 2
      vertex 56.5 22 2
    endloop
  endfacet
  facet normal 0.996917 -0.0784595 0
    outer loop
      vertex 56.5 22 0
      vertex 56.5862 23.095 0
      vertex 56.5 22 2
    endloop
  endfacet
  facet normal 0.996917 0.0784595 0
    outer loop
      vertex 98.8333 22 2
      vertex 98.9195 20.905 2
      vertex 98.9195 20.905 0
    endloop
  endfacet
  facet normal 0.996917 0.0784595 0
    outer loop
      vertex 98.8333 22 0
      vertex 98.8333 22 2
      vertex 98.9195 20.905 0
    endloop
  endfacet
  facet normal 0.97237 0.233445 0
    outer loop
      vertex 98.9195 20.905 2
      vertex 99.1759 19.8369 2
      vertex 99.1759 19.8369 0
    endloop
  endfacet
  facet normal 0.97237 0.233445 0
    outer loop
      vertex 98.9195 20.905 0
      vertex 98.9195 20.905 2
      vertex 99.1759 19.8369 0
    endloop
  endfacet
  facet normal 0.923879 0.382684 0
    outer loop
      vertex 99.1759 19.8369 2
      vertex 99.5963 18.8221 2
      vertex 99.5963 18.8221 0
    endloop
  endfacet
  facet normal 0.923879 0.382684 0
    outer loop
      vertex 99.1759 19.8369 0
      vertex 99.1759 19.8369 2
      vertex 99.5963 18.8221 0
    endloop
  endfacet
  facet normal 0.85264 0.522498 0
    outer loop
      vertex 99.5963 18.8221 2
      vertex 100.17 17.8855 2
      vertex 100.17 17.8855 0
    endloop
  endfacet
  facet normal 0.85264 0.522498 0
    outer loop
      vertex 99.5963 18.8221 0
      vertex 99.5963 18.8221 2
      vertex 100.17 17.8855 0
    endloop
  endfacet
  facet normal 0.760405 0.649449 0
    outer loop
      vertex 100.17 17.8855 2
      vertex 100.884 17.0503 2
      vertex 100.884 17.0503 0
    endloop
  endfacet
  facet normal 0.760405 0.649449 0
    outer loop
      vertex 100.17 17.8855 0
      vertex 100.17 17.8855 2
      vertex 100.884 17.0503 0
    endloop
  endfacet
  facet normal 0.649449 0.760405 -0
    outer loop
      vertex 101.719 16.3369 2
      vertex 101.719 16.3369 0
      vertex 100.884 17.0503 2
    endloop
  endfacet
  facet normal 0.649449 0.760405 -0
    outer loop
      vertex 100.884 17.0503 2
      vertex 101.719 16.3369 0
      vertex 100.884 17.0503 0
    endloop
  endfacet
  facet normal 0.522498 0.85264 -0
    outer loop
      vertex 102.655 15.763 2
      vertex 102.655 15.763 0
      vertex 101.719 16.3369 2
    endloop
  endfacet
  facet normal 0.522498 0.85264 -0
    outer loop
      vertex 101.719 16.3369 2
      vertex 102.655 15.763 0
      vertex 101.719 16.3369 0
    endloop
  endfacet
  facet normal 0.382684 0.923879 -0
    outer loop
      vertex 103.67 15.3426 2
      vertex 103.67 15.3426 0
      vertex 102.655 15.763 2
    endloop
  endfacet
  facet normal 0.382684 0.923879 -0
    outer loop
      vertex 102.655 15.763 2
      vertex 103.67 15.3426 0
      vertex 102.655 15.763 0
    endloop
  endfacet
  facet normal 0.233445 0.97237 -0
    outer loop
      vertex 104.738 15.0862 2
      vertex 104.738 15.0862 0
      vertex 103.67 15.3426 2
    endloop
  endfacet
  facet normal 0.233445 0.97237 -0
    outer loop
      vertex 103.67 15.3426 2
      vertex 104.738 15.0862 0
      vertex 103.67 15.3426 0
    endloop
  endfacet
  facet normal 0.0784595 0.996917 -0
    outer loop
      vertex 105.833 15 2
      vertex 105.833 15 0
      vertex 104.738 15.0862 2
    endloop
  endfacet
  facet normal 0.0784595 0.996917 -0
    outer loop
      vertex 104.738 15.0862 2
      vertex 105.833 15 0
      vertex 104.738 15.0862 0
    endloop
  endfacet
  facet normal -0.0784595 0.996917 0
    outer loop
      vertex 106.928 15.0862 2
      vertex 106.928 15.0862 0
      vertex 105.833 15 2
    endloop
  endfacet
  facet normal -0.0784595 0.996917 0
    outer loop
      vertex 105.833 15 2
      vertex 106.928 15.0862 0
      vertex 105.833 15 0
    endloop
  endfacet
  facet normal -0.233445 0.97237 0
    outer loop
      vertex 107.996 15.3426 2
      vertex 107.996 15.3426 0
      vertex 106.928 15.0862 2
    endloop
  endfacet
  facet normal -0.233445 0.97237 0
    outer loop
      vertex 106.928 15.0862 2
      vertex 107.996 15.3426 0
      vertex 106.928 15.0862 0
    endloop
  endfacet
  facet normal -0.382684 0.923879 0
    outer loop
      vertex 109.011 15.763 2
      vertex 109.011 15.763 0
      vertex 107.996 15.3426 2
    endloop
  endfacet
  facet normal -0.382684 0.923879 0
    outer loop
      vertex 107.996 15.3426 2
      vertex 109.011 15.763 0
      vertex 107.996 15.3426 0
    endloop
  endfacet
  facet normal -0.522498 0.85264 0
    outer loop
      vertex 109.948 16.3369 2
      vertex 109.948 16.3369 0
      vertex 109.011 15.763 2
    endloop
  endfacet
  facet normal -0.522498 0.85264 0
    outer loop
      vertex 109.011 15.763 2
      vertex 109.948 16.3369 0
      vertex 109.011 15.763 0
    endloop
  endfacet
  facet normal -0.649449 0.760405 0
    outer loop
      vertex 110.783 17.0503 2
      vertex 110.783 17.0503 0
      vertex 109.948 16.3369 2
    endloop
  endfacet
  facet normal -0.649449 0.760405 0
    outer loop
      vertex 109.948 16.3369 2
      vertex 110.783 17.0503 0
      vertex 109.948 16.3369 0
    endloop
  endfacet
  facet normal -0.760405 0.649449 0
    outer loop
      vertex 111.496 17.8855 2
      vertex 111.496 17.8855 0
      vertex 110.783 17.0503 2
    endloop
  endfacet
  facet normal -0.760405 0.649449 0
    outer loop
      vertex 110.783 17.0503 2
      vertex 111.496 17.8855 0
      vertex 110.783 17.0503 0
    endloop
  endfacet
  facet normal -0.85264 0.522498 0
    outer loop
      vertex 112.07 18.8221 2
      vertex 112.07 18.8221 0
      vertex 111.496 17.8855 2
    endloop
  endfacet
  facet normal -0.85264 0.522498 0
    outer loop
      vertex 111.496 17.8855 2
      vertex 112.07 18.8221 0
      vertex 111.496 17.8855 0
    endloop
  endfacet
  facet normal -0.923879 0.382684 0
    outer loop
      vertex 112.491 19.8369 2
      vertex 112.491 19.8369 0
      vertex 112.07 18.8221 2
    endloop
  endfacet
  facet normal -0.923879 0.382684 0
    outer loop
      vertex 112.07 18.8221 2
      vertex 112.491 19.8369 0
      vertex 112.07 18.8221 0
    endloop
  endfacet
  facet normal -0.97237 0.233445 0
    outer loop
      vertex 112.747 20.905 2
      vertex 112.747 20.905 0
      vertex 112.491 19.8369 2
    endloop
  endfacet
  facet normal -0.97237 0.233445 0
    outer loop
      vertex 112.491 19.8369 2
      vertex 112.747 20.905 0
      vertex 112.491 19.8369 0
    endloop
  endfacet
  facet normal -0.996917 0.0784595 0
    outer loop
      vertex 112.833 22 2
      vertex 112.833 22 0
      vertex 112.747 20.905 2
    endloop
  endfacet
  facet normal -0.996917 0.0784595 0
    outer loop
      vertex 112.747 20.905 2
      vertex 112.833 22 0
      vertex 112.747 20.905 0
    endloop
  endfacet
  facet normal -0.996917 -0.0784595 0
    outer loop
      vertex 112.833 22 2
      vertex 112.747 23.095 2
      vertex 112.833 22 0
    endloop
  endfacet
  facet normal -0.996917 -0.0784595 0
    outer loop
      vertex 112.833 22 0
      vertex 112.747 23.095 2
      vertex 112.747 23.095 0
    endloop
  endfacet
  facet normal -0.97237 -0.233445 0
    outer loop
      vertex 112.747 23.095 2
      vertex 112.491 24.1631 2
      vertex 112.747 23.095 0
    endloop
  endfacet
  facet normal -0.97237 -0.233445 0
    outer loop
      vertex 112.747 23.095 0
      vertex 112.491 24.1631 2
      vertex 112.491 24.1631 0
    endloop
  endfacet
  facet normal -0.923879 -0.382684 0
    outer loop
      vertex 112.491 24.1631 2
      vertex 112.07 25.1779 2
      vertex 112.491 24.1631 0
    endloop
  endfacet
  facet normal -0.923879 -0.382684 0
    outer loop
      vertex 112.491 24.1631 0
      vertex 112.07 25.1779 2
      vertex 112.07 25.1779 0
    endloop
  endfacet
  facet normal -0.85264 -0.522498 0
    outer loop
      vertex 112.07 25.1779 2
      vertex 111.496 26.1145 2
      vertex 112.07 25.1779 0
    endloop
  endfacet
  facet normal -0.85264 -0.522498 0
    outer loop
      vertex 112.07 25.1779 0
      vertex 111.496 26.1145 2
      vertex 111.496 26.1145 0
    endloop
  endfacet
  facet normal -0.760405 -0.649449 0
    outer loop
      vertex 111.496 26.1145 2
      vertex 110.783 26.9497 2
      vertex 111.496 26.1145 0
    endloop
  endfacet
  facet normal -0.760405 -0.649449 0
    outer loop
      vertex 111.496 26.1145 0
      vertex 110.783 26.9497 2
      vertex 110.783 26.9497 0
    endloop
  endfacet
  facet normal -0.649449 -0.760405 -0
    outer loop
      vertex 110.783 26.9497 0
      vertex 110.783 26.9497 2
      vertex 109.948 27.6631 2
    endloop
  endfacet
  facet normal -0.649449 -0.760405 -0
    outer loop
      vertex 109.948 27.6631 0
      vertex 110.783 26.9497 0
      vertex 109.948 27.6631 2
    endloop
  endfacet
  facet normal -0.522498 -0.85264 -0
    outer loop
      vertex 109.948 27.6631 0
      vertex 109.948 27.6631 2
      vertex 109.011 28.237 2
    endloop
  endfacet
  facet normal -0.522498 -0.85264 -0
    outer loop
      vertex 109.011 28.237 0
      vertex 109.948 27.6631 0
      vertex 109.011 28.237 2
    endloop
  endfacet
  facet normal -0.382684 -0.923879 -0
    outer loop
      vertex 109.011 28.237 0
      vertex 109.011 28.237 2
      vertex 107.996 28.6574 2
    endloop
  endfacet
  facet normal -0.382684 -0.923879 -0
    outer loop
      vertex 107.996 28.6574 0
      vertex 109.011 28.237 0
      vertex 107.996 28.6574 2
    endloop
  endfacet
  facet normal -0.233445 -0.97237 -0
    outer loop
      vertex 107.996 28.6574 0
      vertex 107.996 28.6574 2
      vertex 106.928 28.9138 2
    endloop
  endfacet
  facet normal -0.233445 -0.97237 -0
    outer loop
      vertex 106.928 28.9138 0
      vertex 107.996 28.6574 0
      vertex 106.928 28.9138 2
    endloop
  endfacet
  facet normal -0.0784595 -0.996917 -0
    outer loop
      vertex 106.928 28.9138 0
      vertex 106.928 28.9138 2
      vertex 105.833 29 2
    endloop
  endfacet
  facet normal -0.0784595 -0.996917 -0
    outer loop
      vertex 105.833 29 0
      vertex 106.928 28.9138 0
      vertex 105.833 29 2
    endloop
  endfacet
  facet normal 0.0784595 -0.996917 0
    outer loop
      vertex 105.833 29 0
      vertex 105.833 29 2
      vertex 104.738 28.9138 2
    endloop
  endfacet
  facet normal 0.0784595 -0.996917 0
    outer loop
      vertex 104.738 28.9138 0
      vertex 105.833 29 0
      vertex 104.738 28.9138 2
    endloop
  endfacet
  facet normal 0.233445 -0.97237 0
    outer loop
      vertex 104.738 28.9138 0
      vertex 104.738 28.9138 2
      vertex 103.67 28.6574 2
    endloop
  endfacet
  facet normal 0.233445 -0.97237 0
    outer loop
      vertex 103.67 28.6574 0
      vertex 104.738 28.9138 0
      vertex 103.67 28.6574 2
    endloop
  endfacet
  facet normal 0.382684 -0.923879 0
    outer loop
      vertex 103.67 28.6574 0
      vertex 103.67 28.6574 2
      vertex 102.655 28.237 2
    endloop
  endfacet
  facet normal 0.382684 -0.923879 0
    outer loop
      vertex 102.655 28.237 0
      vertex 103.67 28.6574 0
      vertex 102.655 28.237 2
    endloop
  endfacet
  facet normal 0.522498 -0.85264 0
    outer loop
      vertex 102.655 28.237 0
      vertex 102.655 28.237 2
      vertex 101.719 27.6631 2
    endloop
  endfacet
  facet normal 0.522498 -0.85264 0
    outer loop
      vertex 101.719 27.6631 0
      vertex 102.655 28.237 0
      vertex 101.719 27.6631 2
    endloop
  endfacet
  facet normal 0.649449 -0.760405 0
    outer loop
      vertex 101.719 27.6631 0
      vertex 101.719 27.6631 2
      vertex 100.884 26.9497 2
    endloop
  endfacet
  facet normal 0.649449 -0.760405 0
    outer loop
      vertex 100.884 26.9497 0
      vertex 101.719 27.6631 0
      vertex 100.884 26.9497 2
    endloop
  endfacet
  facet normal 0.760405 -0.649449 0
    outer loop
      vertex 100.884 26.9497 0
      vertex 100.884 26.9497 2
      vertex 100.17 26.1145 2
    endloop
  endfacet
  facet normal 0.760405 -0.649449 0
    outer loop
      vertex 100.17 26.1145 0
      vertex 100.884 26.9497 0
      vertex 100.17 26.1145 2
    endloop
  endfacet
  facet normal 0.85264 -0.522498 0
    outer loop
      vertex 100.17 26.1145 0
      vertex 100.17 26.1145 2
      vertex 99.5963 25.1779 2
    endloop
  endfacet
  facet normal 0.85264 -0.522498 0
    outer loop
      vertex 99.5963 25.1779 0
      vertex 100.17 26.1145 0
      vertex 99.5963 25.1779 2
    endloop
  endfacet
  facet normal 0.923879 -0.382684 0
    outer loop
      vertex 99.5963 25.1779 0
      vertex 99.5963 25.1779 2
      vertex 99.1759 24.1631 2
    endloop
  endfacet
  facet normal 0.923879 -0.382684 0
    outer loop
      vertex 99.1759 24.1631 0
      vertex 99.5963 25.1779 0
      vertex 99.1759 24.1631 2
    endloop
  endfacet
  facet normal 0.97237 -0.233445 0
    outer loop
      vertex 99.1759 24.1631 0
      vertex 99.1759 24.1631 2
      vertex 98.9195 23.095 2
    endloop
  endfacet
  facet normal 0.97237 -0.233445 0
    outer loop
      vertex 98.9195 23.095 0
      vertex 99.1759 24.1631 0
      vertex 98.9195 23.095 2
    endloop
  endfacet
  facet normal 0.996917 -0.0784595 0
    outer loop
      vertex 98.9195 23.095 0
      vertex 98.9195 23.095 2
      vertex 98.8333 22 2
    endloop
  endfacet
  facet normal 0.996917 -0.0784595 0
    outer loop
      vertex 98.8333 22 0
      vertex 98.9195 23.095 0
      vertex 98.8333 22 2
    endloop
  endfacet
  facet normal 0.996918 0 -0.0784569
    outer loop
      vertex 30.2685 45.8 10.2347
      vertex 30.2685 43.8 10.2347
      vertex 30.25 43.8 10
    endloop
  endfacet
  facet normal 0.996918 0 -0.0784569
    outer loop
      vertex 30.25 45.8 10
      vertex 30.2685 45.8 10.2347
      vertex 30.25 43.8 10
    endloop
  endfacet
  facet normal 0.996918 0 0.0784569
    outer loop
      vertex 30.25 43.8 10
      vertex 30.2685 43.8 9.76535
      vertex 30.2685 45.8 9.76535
    endloop
  endfacet
  facet normal 0.996918 -0 0.0784569
    outer loop
      vertex 30.25 45.8 10
      vertex 30.25 43.8 10
      vertex 30.2685 45.8 9.76535
    endloop
  endfacet
  facet normal 0.972369 0 0.233447
    outer loop
      vertex 30.2685 43.8 9.76535
      vertex 30.3234 43.8 9.53648
      vertex 30.3234 45.8 9.53648
    endloop
  endfacet
  facet normal 0.972369 -0 0.233447
    outer loop
      vertex 30.2685 45.8 9.76535
      vertex 30.2685 43.8 9.76535
      vertex 30.3234 45.8 9.53648
    endloop
  endfacet
  facet normal 0.92388 0 0.382682
    outer loop
      vertex 30.3234 43.8 9.53648
      vertex 30.4135 43.8 9.31901
      vertex 30.4135 45.8 9.31901
    endloop
  endfacet
  facet normal 0.92388 -0 0.382682
    outer loop
      vertex 30.3234 45.8 9.53648
      vertex 30.3234 43.8 9.53648
      vertex 30.4135 45.8 9.31901
    endloop
  endfacet
  facet normal 0.852639 0 0.522501
    outer loop
      vertex 30.4135 43.8 9.31901
      vertex 30.5365 43.8 9.11832
      vertex 30.5365 45.8 9.11832
    endloop
  endfacet
  facet normal 0.852639 -0 0.522501
    outer loop
      vertex 30.4135 45.8 9.31901
      vertex 30.4135 43.8 9.31901
      vertex 30.5365 45.8 9.11832
    endloop
  endfacet
  facet normal 0.760406 0 0.649448
    outer loop
      vertex 30.5365 43.8 9.11832
      vertex 30.6893 43.8 8.93934
      vertex 30.6893 45.8 8.93934
    endloop
  endfacet
  facet normal 0.760406 -0 0.649448
    outer loop
      vertex 30.5365 45.8 9.11832
      vertex 30.5365 43.8 9.11832
      vertex 30.6893 45.8 8.93934
    endloop
  endfacet
  facet normal 0.649448 0 0.760406
    outer loop
      vertex 30.6893 43.8 8.93934
      vertex 30.8683 43.8 8.78648
      vertex 30.8683 45.8 8.78648
    endloop
  endfacet
  facet normal 0.649448 -0 0.760406
    outer loop
      vertex 30.6893 45.8 8.93934
      vertex 30.6893 43.8 8.93934
      vertex 30.8683 45.8 8.78648
    endloop
  endfacet
  facet normal 0.522501 0 0.852639
    outer loop
      vertex 30.8683 43.8 8.78648
      vertex 31.069 43.8 8.66349
      vertex 31.069 45.8 8.66349
    endloop
  endfacet
  facet normal 0.522501 -0 0.852639
    outer loop
      vertex 30.8683 45.8 8.78648
      vertex 30.8683 43.8 8.78648
      vertex 31.069 45.8 8.66349
    endloop
  endfacet
  facet normal 0.382682 0 0.92388
    outer loop
      vertex 31.069 43.8 8.66349
      vertex 31.2865 43.8 8.57342
      vertex 31.2865 45.8 8.57342
    endloop
  endfacet
  facet normal 0.382682 -0 0.92388
    outer loop
      vertex 31.069 45.8 8.66349
      vertex 31.069 43.8 8.66349
      vertex 31.2865 45.8 8.57342
    endloop
  endfacet
  facet normal 0.233447 0 0.972369
    outer loop
      vertex 31.2865 43.8 8.57342
      vertex 31.5153 43.8 8.51847
      vertex 31.5153 45.8 8.51847
    endloop
  endfacet
  facet normal 0.233447 -0 0.972369
    outer loop
      vertex 31.2865 45.8 8.57342
      vertex 31.2865 43.8 8.57342
      vertex 31.5153 45.8 8.51847
    endloop
  endfacet
  facet normal 0.0784569 0 0.996918
    outer loop
      vertex 31.5153 43.8 8.51847
      vertex 31.75 43.8 8.5
      vertex 31.75 45.8 8.5
    endloop
  endfacet
  facet normal 0.0784569 -0 0.996918
    outer loop
      vertex 31.5153 45.8 8.51847
      vertex 31.5153 43.8 8.51847
      vertex 31.75 45.8 8.5
    endloop
  endfacet
  facet normal -0.0784569 0 0.996918
    outer loop
      vertex 31.75 43.8 8.5
      vertex 31.9847 43.8 8.51847
      vertex 31.9847 45.8 8.51847
    endloop
  endfacet
  facet normal -0.0784569 0 0.996918
    outer loop
      vertex 31.75 45.8 8.5
      vertex 31.75 43.8 8.5
      vertex 31.9847 45.8 8.51847
    endloop
  endfacet
  facet normal -0.233447 0 0.972369
    outer loop
      vertex 31.9847 43.8 8.51847
      vertex 32.2135 43.8 8.57342
      vertex 32.2135 45.8 8.57342
    endloop
  endfacet
  facet normal -0.233447 0 0.972369
    outer loop
      vertex 31.9847 45.8 8.51847
      vertex 31.9847 43.8 8.51847
      vertex 32.2135 45.8 8.57342
    endloop
  endfacet
  facet normal -0.382682 0 0.92388
    outer loop
      vertex 32.2135 43.8 8.57342
      vertex 32.431 43.8 8.66349
      vertex 32.431 45.8 8.66349
    endloop
  endfacet
  facet normal -0.382682 0 0.92388
    outer loop
      vertex 32.2135 45.8 8.57342
      vertex 32.2135 43.8 8.57342
      vertex 32.431 45.8 8.66349
    endloop
  endfacet
  facet normal -0.522501 0 0.852639
    outer loop
      vertex 32.431 43.8 8.66349
      vertex 32.6317 43.8 8.78648
      vertex 32.6317 45.8 8.78648
    endloop
  endfacet
  facet normal -0.522501 0 0.852639
    outer loop
      vertex 32.431 45.8 8.66349
      vertex 32.431 43.8 8.66349
      vertex 32.6317 45.8 8.78648
    endloop
  endfacet
  facet normal -0.649448 0 0.760406
    outer loop
      vertex 32.6317 43.8 8.78648
      vertex 32.8107 43.8 8.93934
      vertex 32.8107 45.8 8.93934
    endloop
  endfacet
  facet normal -0.649448 0 0.760406
    outer loop
      vertex 32.6317 45.8 8.78648
      vertex 32.6317 43.8 8.78648
      vertex 32.8107 45.8 8.93934
    endloop
  endfacet
  facet normal -0.760406 0 0.649448
    outer loop
      vertex 32.9635 43.8 9.11832
      vertex 32.9635 45.8 9.11832
      vertex 32.8107 43.8 8.93934
    endloop
  endfacet
  facet normal -0.760406 0 0.649448
    outer loop
      vertex 32.8107 43.8 8.93934
      vertex 32.9635 45.8 9.11832
      vertex 32.8107 45.8 8.93934
    endloop
  endfacet
  facet normal -0.852639 0 0.522501
    outer loop
      vertex 33.0865 43.8 9.31901
      vertex 33.0865 45.8 9.31901
      vertex 32.9635 43.8 9.11832
    endloop
  endfacet
  facet normal -0.852639 0 0.522501
    outer loop
      vertex 32.9635 43.8 9.11832
      vertex 33.0865 45.8 9.31901
      vertex 32.9635 45.8 9.11832
    endloop
  endfacet
  facet normal -0.92388 0 0.382682
    outer loop
      vertex 33.1766 43.8 9.53648
      vertex 33.1766 45.8 9.53648
      vertex 33.0865 43.8 9.31901
    endloop
  endfacet
  facet normal -0.92388 0 0.382682
    outer loop
      vertex 33.0865 43.8 9.31901
      vertex 33.1766 45.8 9.53648
      vertex 33.0865 45.8 9.31901
    endloop
  endfacet
  facet normal -0.972369 0 0.233447
    outer loop
      vertex 33.2315 43.8 9.76535
      vertex 33.2315 45.8 9.76535
      vertex 33.1766 43.8 9.53648
    endloop
  endfacet
  facet normal -0.972369 0 0.233447
    outer loop
      vertex 33.1766 43.8 9.53648
      vertex 33.2315 45.8 9.76535
      vertex 33.1766 45.8 9.53648
    endloop
  endfacet
  facet normal -0.996918 0 0.0784569
    outer loop
      vertex 33.25 43.8 10
      vertex 33.25 45.8 10
      vertex 33.2315 43.8 9.76535
    endloop
  endfacet
  facet normal -0.996918 0 0.0784569
    outer loop
      vertex 33.2315 43.8 9.76535
      vertex 33.25 45.8 10
      vertex 33.2315 45.8 9.76535
    endloop
  endfacet
  facet normal -0.996918 -0 -0.0784569
    outer loop
      vertex 33.25 43.8 10
      vertex 33.2315 43.8 10.2347
      vertex 33.25 45.8 10
    endloop
  endfacet
  facet normal -0.996918 0 -0.0784569
    outer loop
      vertex 33.25 45.8 10
      vertex 33.2315 43.8 10.2347
      vertex 33.2315 45.8 10.2347
    endloop
  endfacet
  facet normal -0.972369 -0 -0.233447
    outer loop
      vertex 33.2315 43.8 10.2347
      vertex 33.1766 43.8 10.4635
      vertex 33.2315 45.8 10.2347
    endloop
  endfacet
  facet normal -0.972369 0 -0.233447
    outer loop
      vertex 33.2315 45.8 10.2347
      vertex 33.1766 43.8 10.4635
      vertex 33.1766 45.8 10.4635
    endloop
  endfacet
  facet normal -0.92388 -0 -0.382682
    outer loop
      vertex 33.1766 43.8 10.4635
      vertex 33.0865 43.8 10.681
      vertex 33.1766 45.8 10.4635
    endloop
  endfacet
  facet normal -0.92388 0 -0.382682
    outer loop
      vertex 33.1766 45.8 10.4635
      vertex 33.0865 43.8 10.681
      vertex 33.0865 45.8 10.681
    endloop
  endfacet
  facet normal -0.852639 -0 -0.522501
    outer loop
      vertex 33.0865 43.8 10.681
      vertex 32.9635 43.8 10.8817
      vertex 33.0865 45.8 10.681
    endloop
  endfacet
  facet normal -0.852639 0 -0.522501
    outer loop
      vertex 33.0865 45.8 10.681
      vertex 32.9635 43.8 10.8817
      vertex 32.9635 45.8 10.8817
    endloop
  endfacet
  facet normal -0.760406 -0 -0.649448
    outer loop
      vertex 32.9635 43.8 10.8817
      vertex 32.8107 43.8 11.0607
      vertex 32.9635 45.8 10.8817
    endloop
  endfacet
  facet normal -0.760406 0 -0.649448
    outer loop
      vertex 32.9635 45.8 10.8817
      vertex 32.8107 43.8 11.0607
      vertex 32.8107 45.8 11.0607
    endloop
  endfacet
  facet normal -0.649448 -0 -0.760406
    outer loop
      vertex 32.8107 43.8 11.0607
      vertex 32.6317 43.8 11.2135
      vertex 32.8107 45.8 11.0607
    endloop
  endfacet
  facet normal -0.649448 0 -0.760406
    outer loop
      vertex 32.8107 45.8 11.0607
      vertex 32.6317 43.8 11.2135
      vertex 32.6317 45.8 11.2135
    endloop
  endfacet
  facet normal -0.522501 -0 -0.852639
    outer loop
      vertex 32.6317 43.8 11.2135
      vertex 32.431 43.8 11.3365
      vertex 32.6317 45.8 11.2135
    endloop
  endfacet
  facet normal -0.522501 0 -0.852639
    outer loop
      vertex 32.6317 45.8 11.2135
      vertex 32.431 43.8 11.3365
      vertex 32.431 45.8 11.3365
    endloop
  endfacet
  facet normal -0.382682 -0 -0.92388
    outer loop
      vertex 32.431 43.8 11.3365
      vertex 32.2135 43.8 11.4266
      vertex 32.431 45.8 11.3365
    endloop
  endfacet
  facet normal -0.382682 0 -0.92388
    outer loop
      vertex 32.431 45.8 11.3365
      vertex 32.2135 43.8 11.4266
      vertex 32.2135 45.8 11.4266
    endloop
  endfacet
  facet normal -0.233447 -0 -0.972369
    outer loop
      vertex 32.2135 43.8 11.4266
      vertex 31.9847 43.8 11.4815
      vertex 32.2135 45.8 11.4266
    endloop
  endfacet
  facet normal -0.233447 0 -0.972369
    outer loop
      vertex 32.2135 45.8 11.4266
      vertex 31.9847 43.8 11.4815
      vertex 31.9847 45.8 11.4815
    endloop
  endfacet
  facet normal -0.0784569 -0 -0.996918
    outer loop
      vertex 31.9847 43.8 11.4815
      vertex 31.75 43.8 11.5
      vertex 31.9847 45.8 11.4815
    endloop
  endfacet
  facet normal -0.0784569 0 -0.996918
    outer loop
      vertex 31.9847 45.8 11.4815
      vertex 31.75 43.8 11.5
      vertex 31.75 45.8 11.5
    endloop
  endfacet
  facet normal 0.0784569 0 -0.996918
    outer loop
      vertex 31.75 43.8 11.5
      vertex 31.5153 43.8 11.4815
      vertex 31.75 45.8 11.5
    endloop
  endfacet
  facet normal 0.0784569 0 -0.996918
    outer loop
      vertex 31.75 45.8 11.5
      vertex 31.5153 43.8 11.4815
      vertex 31.5153 45.8 11.4815
    endloop
  endfacet
  facet normal 0.233447 0 -0.972369
    outer loop
      vertex 31.5153 43.8 11.4815
      vertex 31.2865 43.8 11.4266
      vertex 31.5153 45.8 11.4815
    endloop
  endfacet
  facet normal 0.233447 0 -0.972369
    outer loop
      vertex 31.5153 45.8 11.4815
      vertex 31.2865 43.8 11.4266
      vertex 31.2865 45.8 11.4266
    endloop
  endfacet
  facet normal 0.382682 0 -0.92388
    outer loop
      vertex 31.2865 43.8 11.4266
      vertex 31.069 43.8 11.3365
      vertex 31.2865 45.8 11.4266
    endloop
  endfacet
  facet normal 0.382682 0 -0.92388
    outer loop
      vertex 31.2865 45.8 11.4266
      vertex 31.069 43.8 11.3365
      vertex 31.069 45.8 11.3365
    endloop
  endfacet
  facet normal 0.522501 0 -0.852639
    outer loop
      vertex 31.069 43.8 11.3365
      vertex 30.8683 43.8 11.2135
      vertex 31.069 45.8 11.3365
    endloop
  endfacet
  facet normal 0.522501 0 -0.852639
    outer loop
      vertex 31.069 45.8 11.3365
      vertex 30.8683 43.8 11.2135
      vertex 30.8683 45.8 11.2135
    endloop
  endfacet
  facet normal 0.649448 0 -0.760406
    outer loop
      vertex 30.8683 43.8 11.2135
      vertex 30.6893 43.8 11.0607
      vertex 30.8683 45.8 11.2135
    endloop
  endfacet
  facet normal 0.649448 0 -0.760406
    outer loop
      vertex 30.8683 45.8 11.2135
      vertex 30.6893 43.8 11.0607
      vertex 30.6893 45.8 11.0607
    endloop
  endfacet
  facet normal 0.760406 0 -0.649448
    outer loop
      vertex 30.6893 45.8 11.0607
      vertex 30.6893 43.8 11.0607
      vertex 30.5365 43.8 10.8817
    endloop
  endfacet
  facet normal 0.760406 0 -0.649448
    outer loop
      vertex 30.5365 45.8 10.8817
      vertex 30.6893 45.8 11.0607
      vertex 30.5365 43.8 10.8817
    endloop
  endfacet
  facet normal 0.852639 0 -0.522501
    outer loop
      vertex 30.5365 45.8 10.8817
      vertex 30.5365 43.8 10.8817
      vertex 30.4135 43.8 10.681
    endloop
  endfacet
  facet normal 0.852639 0 -0.522501
    outer loop
      vertex 30.4135 45.8 10.681
      vertex 30.5365 45.8 10.8817
      vertex 30.4135 43.8 10.681
    endloop
  endfacet
  facet normal 0.92388 0 -0.382682
    outer loop
      vertex 30.4135 45.8 10.681
      vertex 30.4135 43.8 10.681
      vertex 30.3234 43.8 10.4635
    endloop
  endfacet
  facet normal 0.92388 0 -0.382682
    outer loop
      vertex 30.3234 45.8 10.4635
      vertex 30.4135 45.8 10.681
      vertex 30.3234 43.8 10.4635
    endloop
  endfacet
  facet normal 0.972369 0 -0.233447
    outer loop
      vertex 30.3234 45.8 10.4635
      vertex 30.3234 43.8 10.4635
      vertex 30.2685 43.8 10.2347
    endloop
  endfacet
  facet normal 0.972369 0 -0.233447
    outer loop
      vertex 30.2685 45.8 10.2347
      vertex 30.3234 45.8 10.4635
      vertex 30.2685 43.8 10.2347
    endloop
  endfacet
  facet normal 0.996918 0 -0.0784569
    outer loop
      vertex 93.7685 45.8 10.2347
      vertex 93.7685 43.8 10.2347
      vertex 93.75 43.8 10
    endloop
  endfacet
  facet normal 0.996918 0 -0.0784569
    outer loop
      vertex 93.75 45.8 10
      vertex 93.7685 45.8 10.2347
      vertex 93.75 43.8 10
    endloop
  endfacet
  facet normal 0.996918 0 0.0784569
    outer loop
      vertex 93.75 43.8 10
      vertex 93.7685 43.8 9.76535
      vertex 93.7685 45.8 9.76535
    endloop
  endfacet
  facet normal 0.996918 -0 0.0784569
    outer loop
      vertex 93.75 45.8 10
      vertex 93.75 43.8 10
      vertex 93.7685 45.8 9.76535
    endloop
  endfacet
  facet normal 0.972369 0 0.233447
    outer loop
      vertex 93.7685 43.8 9.76535
      vertex 93.8234 43.8 9.53648
      vertex 93.8234 45.8 9.53648
    endloop
  endfacet
  facet normal 0.972369 -0 0.233447
    outer loop
      vertex 93.7685 45.8 9.76535
      vertex 93.7685 43.8 9.76535
      vertex 93.8234 45.8 9.53648
    endloop
  endfacet
  facet normal 0.92388 0 0.382682
    outer loop
      vertex 93.8234 43.8 9.53648
      vertex 93.9135 43.8 9.31901
      vertex 93.9135 45.8 9.31901
    endloop
  endfacet
  facet normal 0.92388 -0 0.382682
    outer loop
      vertex 93.8234 45.8 9.53648
      vertex 93.8234 43.8 9.53648
      vertex 93.9135 45.8 9.31901
    endloop
  endfacet
  facet normal 0.852639 0 0.522501
    outer loop
      vertex 93.9135 43.8 9.31901
      vertex 94.0365 43.8 9.11832
      vertex 94.0365 45.8 9.11832
    endloop
  endfacet
  facet normal 0.852639 -0 0.522501
    outer loop
      vertex 93.9135 45.8 9.31901
      vertex 93.9135 43.8 9.31901
      vertex 94.0365 45.8 9.11832
    endloop
  endfacet
  facet normal 0.760406 0 0.649448
    outer loop
      vertex 94.0365 43.8 9.11832
      vertex 94.1893 43.8 8.93934
      vertex 94.1893 45.8 8.93934
    endloop
  endfacet
  facet normal 0.760406 -0 0.649448
    outer loop
      vertex 94.0365 45.8 9.11832
      vertex 94.0365 43.8 9.11832
      vertex 94.1893 45.8 8.93934
    endloop
  endfacet
  facet normal 0.649448 0 0.760406
    outer loop
      vertex 94.1893 43.8 8.93934
      vertex 94.3683 43.8 8.78648
      vertex 94.3683 45.8 8.78648
    endloop
  endfacet
  facet normal 0.649448 -0 0.760406
    outer loop
      vertex 94.1893 45.8 8.93934
      vertex 94.1893 43.8 8.93934
      vertex 94.3683 45.8 8.78648
    endloop
  endfacet
  facet normal 0.522501 0 0.852639
    outer loop
      vertex 94.3683 43.8 8.78648
      vertex 94.569 43.8 8.66349
      vertex 94.569 45.8 8.66349
    endloop
  endfacet
  facet normal 0.522501 -0 0.852639
    outer loop
      vertex 94.3683 45.8 8.78648
      vertex 94.3683 43.8 8.78648
      vertex 94.569 45.8 8.66349
    endloop
  endfacet
  facet normal 0.382682 0 0.92388
    outer loop
      vertex 94.569 43.8 8.66349
      vertex 94.7865 43.8 8.57342
      vertex 94.7865 45.8 8.57342
    endloop
  endfacet
  facet normal 0.382682 -0 0.92388
    outer loop
      vertex 94.569 45.8 8.66349
      vertex 94.569 43.8 8.66349
      vertex 94.7865 45.8 8.57342
    endloop
  endfacet
  facet normal 0.233447 0 0.972369
    outer loop
      vertex 94.7865 43.8 8.57342
      vertex 95.0153 43.8 8.51847
      vertex 95.0153 45.8 8.51847
    endloop
  endfacet
  facet normal 0.233447 -0 0.972369
    outer loop
      vertex 94.7865 45.8 8.57342
      vertex 94.7865 43.8 8.57342
      vertex 95.0153 45.8 8.51847
    endloop
  endfacet
  facet normal 0.0784569 0 0.996918
    outer loop
      vertex 95.0153 43.8 8.51847
      vertex 95.25 43.8 8.5
      vertex 95.25 45.8 8.5
    endloop
  endfacet
  facet normal 0.0784569 -0 0.996918
    outer loop
      vertex 95.0153 45.8 8.51847
      vertex 95.0153 43.8 8.51847
      vertex 95.25 45.8 8.5
    endloop
  endfacet
  facet normal -0.0784569 0 0.996918
    outer loop
      vertex 95.25 43.8 8.5
      vertex 95.4847 43.8 8.51847
      vertex 95.4847 45.8 8.51847
    endloop
  endfacet
  facet normal -0.0784569 0 0.996918
    outer loop
      vertex 95.25 45.8 8.5
      vertex 95.25 43.8 8.5
      vertex 95.4847 45.8 8.51847
    endloop
  endfacet
  facet normal -0.233447 0 0.972369
    outer loop
      vertex 95.4847 43.8 8.51847
      vertex 95.7135 43.8 8.57342
      vertex 95.7135 45.8 8.57342
    endloop
  endfacet
  facet normal -0.233447 0 0.972369
    outer loop
      vertex 95.4847 45.8 8.51847
      vertex 95.4847 43.8 8.51847
      vertex 95.7135 45.8 8.57342
    endloop
  endfacet
  facet normal -0.382682 0 0.92388
    outer loop
      vertex 95.7135 43.8 8.57342
      vertex 95.931 43.8 8.66349
      vertex 95.931 45.8 8.66349
    endloop
  endfacet
  facet normal -0.382682 0 0.92388
    outer loop
      vertex 95.7135 45.8 8.57342
      vertex 95.7135 43.8 8.57342
      vertex 95.931 45.8 8.66349
    endloop
  endfacet
  facet normal -0.522501 0 0.852639
    outer loop
      vertex 95.931 43.8 8.66349
      vertex 96.1317 43.8 8.78648
      vertex 96.1317 45.8 8.78648
    endloop
  endfacet
  facet normal -0.522501 0 0.852639
    outer loop
      vertex 95.931 45.8 8.66349
      vertex 95.931 43.8 8.66349
      vertex 96.1317 45.8 8.78648
    endloop
  endfacet
  facet normal -0.649448 0 0.760406
    outer loop
      vertex 96.1317 43.8 8.78648
      vertex 96.3107 43.8 8.93934
      vertex 96.3107 45.8 8.93934
    endloop
  endfacet
  facet normal -0.649448 0 0.760406
    outer loop
      vertex 96.1317 45.8 8.78648
      vertex 96.1317 43.8 8.78648
      vertex 96.3107 45.8 8.93934
    endloop
  endfacet
  facet normal -0.760406 0 0.649448
    outer loop
      vertex 96.4635 43.8 9.11832
      vertex 96.4635 45.8 9.11832
      vertex 96.3107 43.8 8.93934
    endloop
  endfacet
  facet normal -0.760406 0 0.649448
    outer loop
      vertex 96.3107 43.8 8.93934
      vertex 96.4635 45.8 9.11832
      vertex 96.3107 45.8 8.93934
    endloop
  endfacet
  facet normal -0.852639 0 0.522501
    outer loop
      vertex 96.5865 43.8 9.31901
      vertex 96.5865 45.8 9.31901
      vertex 96.4635 43.8 9.11832
    endloop
  endfacet
  facet normal -0.852639 0 0.522501
    outer loop
      vertex 96.4635 43.8 9.11832
      vertex 96.5865 45.8 9.31901
      vertex 96.4635 45.8 9.11832
    endloop
  endfacet
  facet normal -0.92388 0 0.382682
    outer loop
      vertex 96.6766 43.8 9.53648
      vertex 96.6766 45.8 9.53648
      vertex 96.5865 43.8 9.31901
    endloop
  endfacet
  facet normal -0.92388 0 0.382682
    outer loop
      vertex 96.5865 43.8 9.31901
      vertex 96.6766 45.8 9.53648
      vertex 96.5865 45.8 9.31901
    endloop
  endfacet
  facet normal -0.972369 0 0.233447
    outer loop
      vertex 96.7315 43.8 9.76535
      vertex 96.7315 45.8 9.76535
      vertex 96.6766 43.8 9.53648
    endloop
  endfacet
  facet normal -0.972369 0 0.233447
    outer loop
      vertex 96.6766 43.8 9.53648
      vertex 96.7315 45.8 9.76535
      vertex 96.6766 45.8 9.53648
    endloop
  endfacet
  facet normal -0.996918 0 0.0784569
    outer loop
      vertex 96.75 43.8 10
      vertex 96.75 45.8 10
      vertex 96.7315 43.8 9.76535
    endloop
  endfacet
  facet normal -0.996918 0 0.0784569
    outer loop
      vertex 96.7315 43.8 9.76535
      vertex 96.75 45.8 10
      vertex 96.7315 45.8 9.76535
    endloop
  endfacet
  facet normal -0.996918 -0 -0.0784569
    outer loop
      vertex 96.75 43.8 10
      vertex 96.7315 43.8 10.2347
      vertex 96.75 45.8 10
    endloop
  endfacet
  facet normal -0.996918 0 -0.0784569
    outer loop
      vertex 96.75 45.8 10
      vertex 96.7315 43.8 10.2347
      vertex 96.7315 45.8 10.2347
    endloop
  endfacet
  facet normal -0.972369 -0 -0.233447
    outer loop
      vertex 96.7315 43.8 10.2347
      vertex 96.6766 43.8 10.4635
      vertex 96.7315 45.8 10.2347
    endloop
  endfacet
  facet normal -0.972369 0 -0.233447
    outer loop
      vertex 96.7315 45.8 10.2347
      vertex 96.6766 43.8 10.4635
      vertex 96.6766 45.8 10.4635
    endloop
  endfacet
  facet normal -0.92388 -0 -0.382682
    outer loop
      vertex 96.6766 43.8 10.4635
      vertex 96.5865 43.8 10.681
      vertex 96.6766 45.8 10.4635
    endloop
  endfacet
  facet normal -0.92388 0 -0.382682
    outer loop
      vertex 96.6766 45.8 10.4635
      vertex 96.5865 43.8 10.681
      vertex 96.5865 45.8 10.681
    endloop
  endfacet
  facet normal -0.852639 -0 -0.522501
    outer loop
      vertex 96.5865 43.8 10.681
      vertex 96.4635 43.8 10.8817
      vertex 96.5865 45.8 10.681
    endloop
  endfacet
  facet normal -0.852639 0 -0.522501
    outer loop
      vertex 96.5865 45.8 10.681
      vertex 96.4635 43.8 10.8817
      vertex 96.4635 45.8 10.8817
    endloop
  endfacet
  facet normal -0.760406 -0 -0.649448
    outer loop
      vertex 96.4635 43.8 10.8817
      vertex 96.3107 43.8 11.0607
      vertex 96.4635 45.8 10.8817
    endloop
  endfacet
  facet normal -0.760406 0 -0.649448
    outer loop
      vertex 96.4635 45.8 10.8817
      vertex 96.3107 43.8 11.0607
      vertex 96.3107 45.8 11.0607
    endloop
  endfacet
  facet normal -0.649448 -0 -0.760406
    outer loop
      vertex 96.3107 43.8 11.0607
      vertex 96.1317 43.8 11.2135
      vertex 96.3107 45.8 11.0607
    endloop
  endfacet
  facet normal -0.649448 0 -0.760406
    outer loop
      vertex 96.3107 45.8 11.0607
      vertex 96.1317 43.8 11.2135
      vertex 96.1317 45.8 11.2135
    endloop
  endfacet
  facet normal -0.522501 -0 -0.852639
    outer loop
      vertex 96.1317 43.8 11.2135
      vertex 95.931 43.8 11.3365
      vertex 96.1317 45.8 11.2135
    endloop
  endfacet
  facet normal -0.522501 0 -0.852639
    outer loop
      vertex 96.1317 45.8 11.2135
      vertex 95.931 43.8 11.3365
      vertex 95.931 45.8 11.3365
    endloop
  endfacet
  facet normal -0.382682 -0 -0.92388
    outer loop
      vertex 95.931 43.8 11.3365
      vertex 95.7135 43.8 11.4266
      vertex 95.931 45.8 11.3365
    endloop
  endfacet
  facet normal -0.382682 0 -0.92388
    outer loop
      vertex 95.931 45.8 11.3365
      vertex 95.7135 43.8 11.4266
      vertex 95.7135 45.8 11.4266
    endloop
  endfacet
  facet normal -0.233447 -0 -0.972369
    outer loop
      vertex 95.7135 43.8 11.4266
      vertex 95.4847 43.8 11.4815
      vertex 95.7135 45.8 11.4266
    endloop
  endfacet
  facet normal -0.233447 0 -0.972369
    outer loop
      vertex 95.7135 45.8 11.4266
      vertex 95.4847 43.8 11.4815
      vertex 95.4847 45.8 11.4815
    endloop
  endfacet
  facet normal -0.0784569 -0 -0.996918
    outer loop
      vertex 95.4847 43.8 11.4815
      vertex 95.25 43.8 11.5
      vertex 95.4847 45.8 11.4815
    endloop
  endfacet
  facet normal -0.0784569 0 -0.996918
    outer loop
      vertex 95.4847 45.8 11.4815
      vertex 95.25 43.8 11.5
      vertex 95.25 45.8 11.5
    endloop
  endfacet
  facet normal 0.0784569 0 -0.996918
    outer loop
      vertex 95.25 43.8 11.5
      vertex 95.0153 43.8 11.4815
      vertex 95.25 45.8 11.5
    endloop
  endfacet
  facet normal 0.0784569 0 -0.996918
    outer loop
      vertex 95.25 45.8 11.5
      vertex 95.0153 43.8 11.4815
      vertex 95.0153 45.8 11.4815
    endloop
  endfacet
  facet normal 0.233447 0 -0.972369
    outer loop
      vertex 95.0153 43.8 11.4815
      vertex 94.7865 43.8 11.4266
      vertex 95.0153 45.8 11.4815
    endloop
  endfacet
  facet normal 0.233447 0 -0.972369
    outer loop
      vertex 95.0153 45.8 11.4815
      vertex 94.7865 43.8 11.4266
      vertex 94.7865 45.8 11.4266
    endloop
  endfacet
  facet normal 0.382682 0 -0.92388
    outer loop
      vertex 94.7865 43.8 11.4266
      vertex 94.569 43.8 11.3365
      vertex 94.7865 45.8 11.4266
    endloop
  endfacet
  facet normal 0.382682 0 -0.92388
    outer loop
      vertex 94.7865 45.8 11.4266
      vertex 94.569 43.8 11.3365
      vertex 94.569 45.8 11.3365
    endloop
  endfacet
  facet normal 0.522501 0 -0.852639
    outer loop
      vertex 94.569 43.8 11.3365
      vertex 94.3683 43.8 11.2135
      vertex 94.569 45.8 11.3365
    endloop
  endfacet
  facet normal 0.522501 0 -0.852639
    outer loop
      vertex 94.569 45.8 11.3365
      vertex 94.3683 43.8 11.2135
      vertex 94.3683 45.8 11.2135
    endloop
  endfacet
  facet normal 0.649448 0 -0.760406
    outer loop
      vertex 94.3683 43.8 11.2135
      vertex 94.1893 43.8 11.0607
      vertex 94.3683 45.8 11.2135
    endloop
  endfacet
  facet normal 0.649448 0 -0.760406
    outer loop
      vertex 94.3683 45.8 11.2135
      vertex 94.1893 43.8 11.0607
      vertex 94.1893 45.8 11.0607
    endloop
  endfacet
  facet normal 0.760406 0 -0.649448
    outer loop
      vertex 94.1893 45.8 11.0607
      vertex 94.1893 43.8 11.0607
      vertex 94.0365 43.8 10.8817
    endloop
  endfacet
  facet normal 0.760406 0 -0.649448
    outer loop
      vertex 94.0365 45.8 10.8817
      vertex 94.1893 45.8 11.0607
      vertex 94.0365 43.8 10.8817
    endloop
  endfacet
  facet normal 0.852639 0 -0.522501
    outer loop
      vertex 94.0365 45.8 10.8817
      vertex 94.0365 43.8 10.8817
      vertex 93.9135 43.8 10.681
    endloop
  endfacet
  facet normal 0.852639 0 -0.522501
    outer loop
      vertex 93.9135 45.8 10.681
      vertex 94.0365 45.8 10.8817
      vertex 93.9135 43.8 10.681
    endloop
  endfacet
  facet normal 0.92388 0 -0.382682
    outer loop
      vertex 93.9135 45.8 10.681
      vertex 93.9135 43.8 10.681
      vertex 93.8234 43.8 10.4635
    endloop
  endfacet
  facet normal 0.92388 0 -0.382682
    outer loop
      vertex 93.8234 45.8 10.4635
      vertex 93.9135 45.8 10.681
      vertex 93.8234 43.8 10.4635
    endloop
  endfacet
  facet normal 0.972369 0 -0.233447
    outer loop
      vertex 93.8234 45.8 10.4635
      vertex 93.8234 43.8 10.4635
      vertex 93.7685 43.8 10.2347
    endloop
  endfacet
  facet normal 0.972369 0 -0.233447
    outer loop
      vertex 93.7685 45.8 10.2347
      vertex 93.8234 45.8 10.4635
      vertex 93.7685 43.8 10.2347
    endloop
  endfacet
  facet normal 0 2.97225e-018 0
    outer loop
      vertex 2 44.1 3.77476e-016
      vertex 129 44.1 3.77476e-016
      vertex 2 44.1 0
    endloop
  endfacet
  facet normal 0 2.97225e-018 0
    outer loop
      vertex 2 44.1 0
      vertex 129 44.1 3.77476e-016
      vertex 129 44.1 0
    endloop
  endfacet
  facet normal -4.19418e-016 0 0
    outer loop
      vertex 129 44.1 3.77476e-016
      vertex 129 45 1.77636e-016
      vertex 129 44.1 0
    endloop
  endfacet
  facet normal -6.90805e-016 6.23298e-030 -3.15797e-014
    outer loop
      vertex 129 44.1 0
      vertex 129 45 1.77636e-016
      vertex 129 45 -4.44089e-016
    endloop
  endfacet
  facet normal -1.16192e-017 0 -7.4363e-016
    outer loop
      vertex 129 44.1 0
      vertex 129 45 -4.44089e-016
      vertex 129 5 -4.44089e-016
    endloop
  endfacet
  facet normal -1.13578e-017 0 -7.26898e-016
    outer loop
      vertex 129 44.1 0
      vertex 129 5 -4.44089e-016
      vertex 129 5 0
    endloop
  endfacet
  facet normal 0 3.10862e-016 0
    outer loop
      vertex 129 45 1.77636e-016
      vertex 131 45 1.77636e-016
      vertex 129 45 -4.44089e-016
    endloop
  endfacet
  facet normal 0 8.88178e-017 0
    outer loop
      vertex 129 45 -4.44089e-016
      vertex 131 45 1.77636e-016
      vertex 131 45 0
    endloop
  endfacet
  facet normal 4.19418e-016 7.0121e-030 3.15797e-014
    outer loop
      vertex 131 45 1.77636e-016
      vertex 131 44.1 3.77476e-016
      vertex 131 44.1 0
    endloop
  endfacet
  facet normal 1.97373e-016 -0 3.15797e-014
    outer loop
      vertex 131 45 0
      vertex 131 45 1.77636e-016
      vertex 131 44.1 0
    endloop
  endfacet
  facet normal 0 3.11963e-018 0
    outer loop
      vertex 131 44.1 3.77476e-016
      vertex 252 44.1 3.77476e-016
      vertex 131 44.1 0
    endloop
  endfacet
  facet normal 0 3.11963e-018 0
    outer loop
      vertex 131 44.1 0
      vertex 252 44.1 3.77476e-016
      vertex 252 44.1 0
    endloop
  endfacet
  facet normal -4.19418e-016 0 0
    outer loop
      vertex 252 44.1 3.77476e-016
      vertex 252 45 1.77636e-016
      vertex 252 44.1 0
    endloop
  endfacet
  facet normal -6.90805e-016 6.23298e-030 -3.15797e-014
    outer loop
      vertex 252 44.1 0
      vertex 252 45 1.77636e-016
      vertex 252 45 -4.44089e-016
    endloop
  endfacet
  facet normal -1.16192e-017 0 -7.4363e-016
    outer loop
      vertex 252 44.1 0
      vertex 252 45 -4.44089e-016
      vertex 252 5 -4.44089e-016
    endloop
  endfacet
  facet normal -1.13578e-017 0 -7.26898e-016
    outer loop
      vertex 252 44.1 0
      vertex 252 5 -4.44089e-016
      vertex 252 5 0
    endloop
  endfacet
  facet normal 0 3.10862e-016 0
    outer loop
      vertex 252 45 1.77636e-016
      vertex 254 45 1.77636e-016
      vertex 252 45 -4.44089e-016
    endloop
  endfacet
  facet normal 0 8.88178e-017 0
    outer loop
      vertex 252 45 -4.44089e-016
      vertex 254 45 1.77636e-016
      vertex 254 45 0
    endloop
  endfacet
  facet normal 2.22045e-016 0 -1
    outer loop
      vertex 129 5 -4.44089e-016
      vertex 129 45 -4.44089e-016
      vertex 131 5 0
    endloop
  endfacet
  facet normal 2.22045e-016 0 -1
    outer loop
      vertex 131 44.1 0
      vertex 129 45 -4.44089e-016
      vertex 131 45 0
    endloop
  endfacet
  facet normal 2.22045e-016 0 -1
    outer loop
      vertex 131 5 0
      vertex 129 45 -4.44089e-016
      vertex 131 44.1 0
    endloop
  endfacet
  facet normal 0 -2.22045e-016 0
    outer loop
      vertex 131 5 0
      vertex 129 5 0
      vertex 129 5 -4.44089e-016
    endloop
  endfacet
endsolid OpenSCAD_Model
