solid OpenSCAD_Model
  facet normal 0 -0.680451 0.732793
    outer loop
      vertex 0 5 2
      vertex 2 5 2
      vertex 2 18.8 14.8143
    endloop
  endfacet
  facet normal 0 -1.83989e-017 1.98142e-017
    outer loop
      vertex -2.73436e-016 5 2
      vertex 0 5 2
      vertex 2 18.8 14.8143
    endloop
  endfacet
  facet normal 0 -0.680451 0.732793
    outer loop
      vertex 51 18.8 14.8143
      vertex 104 19 15
      vertex 2 18.8 14.8143
    endloop
  endfacet
  facet normal -2.19952e-016 -0.680451 0.732793
    outer loop
      vertex 0 19 15
      vertex -2.73436e-016 5 2
      vertex 2 18.8 14.8143
    endloop
  endfacet
  facet normal 0 -0.680451 0.732793
    outer loop
      vertex 53 18.8 14.8143
      vertex 104 19 15
      vertex 51 18.8 14.8143
    endloop
  endfacet
  facet normal 0 -0.680451 0.732793
    outer loop
      vertex 51 5 2
      vertex 53 5 2
      vertex 51 18.8 14.8143
    endloop
  endfacet
  facet normal 0 -0.680451 0.732793
    outer loop
      vertex 53 5 2
      vertex 53 18.8 14.8143
      vertex 51 18.8 14.8143
    endloop
  endfacet
  facet normal 0 -0.680451 0.732793
    outer loop
      vertex 102 18.8 14.8143
      vertex 104 19 15
      vertex 53 18.8 14.8143
    endloop
  endfacet
  facet normal 0 -0.680451 0.732793
    outer loop
      vertex 104 18.8 14.8143
      vertex 104 19 15
      vertex 102 18.8 14.8143
    endloop
  endfacet
  facet normal 0 -0.680451 0.732793
    outer loop
      vertex 102 5 2
      vertex 104 5 2
      vertex 102 18.8 14.8143
    endloop
  endfacet
  facet normal 0 -0.680451 0.732793
    outer loop
      vertex 104 5 2
      vertex 104 18.8 14.8143
      vertex 102 18.8 14.8143
    endloop
  endfacet
  facet normal 0 -0.680451 0.732793
    outer loop
      vertex 104 19 15
      vertex 0 19 15
      vertex 2 18.8 14.8143
    endloop
  endfacet
  facet normal 0 -1.3602e-016 1.46483e-016
    outer loop
      vertex 0 19 15
      vertex -2.05077e-015 19 15
      vertex -2.73436e-016 5 2
    endloop
  endfacet
  facet normal -1 -9.68984e-035 -1.36718e-016
    outer loop
      vertex -2.73436e-016 5 2
      vertex -2.05077e-015 19 15
      vertex 0 19 -4.44089e-016
    endloop
  endfacet
  facet normal -1 0 -1.36718e-016
    outer loop
      vertex -2.73436e-016 5 2
      vertex 0 19 -4.44089e-016
      vertex 0 5 -4.44089e-016
    endloop
  endfacet
  facet normal 0 0 0
    outer loop
      vertex -2.05077e-015 19 15
      vertex 0 19 0
      vertex 0 19 -4.44089e-016
    endloop
  endfacet
  facet normal 0 1.36718e-016 0
    outer loop
      vertex -2.05077e-015 19 15
      vertex 0 19 15
      vertex 0 19 0
    endloop
  endfacet
  facet normal 0 2.22045e-016 -0
    outer loop
      vertex 0 19 0
      vertex 2 19 0
      vertex 0 19 -4.44089e-016
    endloop
  endfacet
  facet normal -1 -0 0
    outer loop
      vertex 0 19 15
      vertex 0 20.8 15
      vertex 0 20.8 0
    endloop
  endfacet
  facet normal -1 0 0
    outer loop
      vertex 0 19 15
      vertex 0 20.8 0
      vertex 0 19.1 3.77476e-016
    endloop
  endfacet
  facet normal 0 0 0
    outer loop
      vertex 0 19 15
      vertex 0 19.1 3.77476e-016
      vertex 0 19.1 0
    endloop
  endfacet
  facet normal -1 0 0
    outer loop
      vertex 0 19 15
      vertex 0 19.1 0
      vertex 0 19 0
    endloop
  endfacet
  facet normal 0 -3.03575e-032 0
    outer loop
      vertex 0 5 0
      vertex -2.73436e-016 5 2
      vertex 0 5 -4.44089e-016
    endloop
  endfacet
  facet normal 0 -1.36718e-016 0
    outer loop
      vertex 0 5 0
      vertex 0 5 2
      vertex -2.73436e-016 5 2
    endloop
  endfacet
  facet normal 0 -2.22045e-016 0
    outer loop
      vertex 2 5 0
      vertex 0 5 0
      vertex 0 5 -4.44089e-016
    endloop
  endfacet
  facet normal 0 -0 1
    outer loop
      vertex 0 20.8 15
      vertex 0 19 15
      vertex 104 19 15
    endloop
  endfacet
  facet normal 0 0 1
    outer loop
      vertex 104 20.8 15
      vertex 0 20.8 15
      vertex 104 19 15
    endloop
  endfacet
  facet normal 1 0 -0
    outer loop
      vertex 104 5 2
      vertex 104 5 0
      vertex 104 19 0
    endloop
  endfacet
  facet normal 2.67713e-017 -0 0
    outer loop
      vertex 104 19.1 3.77476e-016
      vertex 104 5 2
      vertex 104 19.1 0
    endloop
  endfacet
  facet normal 1 -0 0
    outer loop
      vertex 104 19.1 0
      vertex 104 5 2
      vertex 104 19 0
    endloop
  endfacet
  facet normal 1 0 0
    outer loop
      vertex 104 20.8 0
      vertex 104 5 2
      vertex 104 19.1 3.77476e-016
    endloop
  endfacet
  facet normal 1 0 -0
    outer loop
      vertex 104 18.8 2
      vertex 104 5 2
      vertex 104 20.8 0
    endloop
  endfacet
  facet normal 1 0 -0
    outer loop
      vertex 104 19 15
      vertex 104 18.8 14.8143
      vertex 104 20.8 15
    endloop
  endfacet
  facet normal 1 0 0
    outer loop
      vertex 104 20.8 15
      vertex 104 18.8 2
      vertex 104 20.8 0
    endloop
  endfacet
  facet normal 1 0 -0
    outer loop
      vertex 104 18.8 14.8143
      vertex 104 18.8 2
      vertex 104 20.8 15
    endloop
  endfacet
  facet normal 1 -0 0
    outer loop
      vertex 104 18.8 2
      vertex 104 18.8 14.8143
      vertex 104 5 2
    endloop
  endfacet
  facet normal 0 0 1
    outer loop
      vertex 2 5 2
      vertex 0 5 2
      vertex 0.061558 4.21783 2
    endloop
  endfacet
  facet normal 0 0 1
    outer loop
      vertex 0.544967 2.73005 2
      vertex 2 5 2
      vertex 0.244717 3.45492 2
    endloop
  endfacet
  facet normal 0 0 1
    outer loop
      vertex 0.244717 3.45492 2
      vertex 2 5 2
      vertex 0.061558 4.21783 2
    endloop
  endfacet
  facet normal 0 0 1
    outer loop
      vertex 0.954915 2.06107 2
      vertex 2 5 2
      vertex 0.544967 2.73005 2
    endloop
  endfacet
  facet normal 0 0 1
    outer loop
      vertex 1.46447 1.46447 2
      vertex 2 5 2
      vertex 0.954915 2.06107 2
    endloop
  endfacet
  facet normal 0 0 1
    outer loop
      vertex 2.06107 0.954915 2
      vertex 2 5 2
      vertex 1.46447 1.46447 2
    endloop
  endfacet
  facet normal 0 0 1
    outer loop
      vertex 2.73005 0.544967 2
      vertex 2 5 2
      vertex 2.06107 0.954915 2
    endloop
  endfacet
  facet normal 0 0 1
    outer loop
      vertex 3.45492 0.244717 2
      vertex 2 5 2
      vertex 2.73005 0.544967 2
    endloop
  endfacet
  facet normal 0 0 1
    outer loop
      vertex 4.21783 0.061558 2
      vertex 2 5 2
      vertex 3.45492 0.244717 2
    endloop
  endfacet
  facet normal 0 0 1
    outer loop
      vertex 5 0 2
      vertex 2 5 2
      vertex 4.21783 0.061558 2
    endloop
  endfacet
  facet normal -0 0 1
    outer loop
      vertex 99 0 2
      vertex 2 5 2
      vertex 5 0 2
    endloop
  endfacet
  facet normal -0 0 1
    outer loop
      vertex 99.7822 0.061558 2
      vertex 2 5 2
      vertex 99 0 2
    endloop
  endfacet
  facet normal -0 0 1
    outer loop
      vertex 100.545 0.244717 2
      vertex 2 5 2
      vertex 99.7822 0.061558 2
    endloop
  endfacet
  facet normal -0 0 1
    outer loop
      vertex 101.27 0.544967 2
      vertex 2 5 2
      vertex 100.545 0.244717 2
    endloop
  endfacet
  facet normal -0 0 1
    outer loop
      vertex 101.939 0.954915 2
      vertex 2 5 2
      vertex 101.27 0.544967 2
    endloop
  endfacet
  facet normal -0 0 1
    outer loop
      vertex 102.536 1.46447 2
      vertex 2 5 2
      vertex 101.939 0.954915 2
    endloop
  endfacet
  facet normal -0 0 1
    outer loop
      vertex 103.045 2.06107 2
      vertex 2 5 2
      vertex 102.536 1.46447 2
    endloop
  endfacet
  facet normal -0 0 1
    outer loop
      vertex 103.455 2.73005 2
      vertex 2 5 2
      vertex 103.045 2.06107 2
    endloop
  endfacet
  facet normal -0 0 1
    outer loop
      vertex 103.755 3.45492 2
      vertex 2 5 2
      vertex 103.455 2.73005 2
    endloop
  endfacet
  facet normal -0 0 1
    outer loop
      vertex 103.938 4.21783 2
      vertex 2 5 2
      vertex 103.755 3.45492 2
    endloop
  endfacet
  facet normal 0 -0 1
    outer loop
      vertex 51 5 2
      vertex 2 5 2
      vertex 103.938 4.21783 2
    endloop
  endfacet
  facet normal 0 0 1
    outer loop
      vertex 104 5 2
      vertex 102 5 2
      vertex 103.938 4.21783 2
    endloop
  endfacet
  facet normal 0 -0 1
    outer loop
      vertex 102 5 2
      vertex 53 5 2
      vertex 103.938 4.21783 2
    endloop
  endfacet
  facet normal 0 -0 1
    outer loop
      vertex 53 5 2
      vertex 51 5 2
      vertex 103.938 4.21783 2
    endloop
  endfacet
  facet normal 0 -0 1
    outer loop
      vertex 61.136 6.53693 2
      vertex 53 5 2
      vertex 102 5 2
    endloop
  endfacet
  facet normal 0 0 1
    outer loop
      vertex 61.136 6.53693 2
      vertex 60.6667 6.5 2
      vertex 53 5 2
    endloop
  endfacet
  facet normal 0 -0 1
    outer loop
      vertex 53 18.8 2
      vertex 53 5 2
      vertex 57.7036 9.0307 2
    endloop
  endfacet
  facet normal 0 -0 1
    outer loop
      vertex 63.5198 8.57295 2
      vertex 63.3397 8.13803 2
      vertex 75.8787 7.37868 2
    endloop
  endfacet
  facet normal 0 0 1
    outer loop
      vertex 53 18.8 2
      vertex 57.7036 9.0307 2
      vertex 57.6667 9.5 2
    endloop
  endfacet
  facet normal 0 0 1
    outer loop
      vertex 53 18.8 2
      vertex 57.6667 9.5 2
      vertex 57.7036 9.9693 2
    endloop
  endfacet
  facet normal 0 0 1
    outer loop
      vertex 75.327 8.13803 2
      vertex 75.1468 8.57295 2
      vertex 63.6297 9.9693 2
    endloop
  endfacet
  facet normal 0 0 1
    outer loop
      vertex 53 18.8 2
      vertex 57.7036 9.9693 2
      vertex 57.8135 10.4271 2
    endloop
  endfacet
  facet normal 0 0 1
    outer loop
      vertex 93.57 11.9271 2
      vertex 93.9714 12.173 2
      vertex 102 18.8 2
    endloop
  endfacet
  facet normal 0 0 1
    outer loop
      vertex 53 18.8 2
      vertex 57.8135 10.4271 2
      vertex 57.9936 10.862 2
    endloop
  endfacet
  facet normal 0 0 1
    outer loop
      vertex 75 9.5 2
      vertex 62.43 11.9271 2
      vertex 62.788 11.6213 2
    endloop
  endfacet
  facet normal 0 0 1
    outer loop
      vertex 53 18.8 2
      vertex 57.9936 10.862 2
      vertex 58.2396 11.2634 2
    endloop
  endfacet
  facet normal 0 0 1
    outer loop
      vertex 53 18.8 2
      vertex 58.2396 11.2634 2
      vertex 58.5453 11.6213 2
    endloop
  endfacet
  facet normal 0 0 1
    outer loop
      vertex 75.0369 9.0307 2
      vertex 75 9.5 2
      vertex 63.0937 11.2634 2
    endloop
  endfacet
  facet normal 0 0 1
    outer loop
      vertex 53 18.8 2
      vertex 58.5453 11.6213 2
      vertex 58.9033 11.9271 2
    endloop
  endfacet
  facet normal 0 -0 1
    outer loop
      vertex 80.673 8.13803 2
      vertex 80.4271 7.73664 2
      vertex 102 5 2
    endloop
  endfacet
  facet normal 0 0 1
    outer loop
      vertex 53 18.8 2
      vertex 58.9033 11.9271 2
      vertex 59.3047 12.173 2
    endloop
  endfacet
  facet normal 0 0 1
    outer loop
      vertex 62.788 11.6213 2
      vertex 63.0937 11.2634 2
      vertex 75 9.5 2
    endloop
  endfacet
  facet normal 0 0 1
    outer loop
      vertex 53 18.8 2
      vertex 59.3047 12.173 2
      vertex 59.7396 12.3532 2
    endloop
  endfacet
  facet normal 0 0 1
    outer loop
      vertex 93.212 7.37868 2
      vertex 92.9063 7.73664 2
      vertex 80.4271 11.2634 2
    endloop
  endfacet
  facet normal 0 0 1
    outer loop
      vertex 53 18.8 2
      vertex 59.7396 12.3532 2
      vertex 60.1974 12.4631 2
    endloop
  endfacet
  facet normal 0 0 1
    outer loop
      vertex 93.212 7.37868 2
      vertex 80.4271 11.2634 2
      vertex 80.673 10.862 2
    endloop
  endfacet
  facet normal 0 0 1
    outer loop
      vertex 53 18.8 2
      vertex 60.1974 12.4631 2
      vertex 60.6667 12.5 2
    endloop
  endfacet
  facet normal 0 0 1
    outer loop
      vertex 53 18.8 2
      vertex 60.6667 12.5 2
      vertex 61.136 12.4631 2
    endloop
  endfacet
  facet normal 0 0 1
    outer loop
      vertex 80.8532 10.4271 2
      vertex 80.9631 9.9693 2
      vertex 93.57 7.07295 2
    endloop
  endfacet
  facet normal 0 -0 1
    outer loop
      vertex 80.4271 7.73664 2
      vertex 80.1213 7.37868 2
      vertex 102 5 2
    endloop
  endfacet
  facet normal 0 0 1
    outer loop
      vertex 77.5307 6.53693 2
      vertex 77.0729 6.64683 2
      vertex 63.0937 7.73664 2
    endloop
  endfacet
  facet normal -0 -0 1
    outer loop
      vertex 78 6.5 2
      vertex 62.788 7.37868 2
      vertex 102 5 2
    endloop
  endfacet
  facet normal 0 -0 1
    outer loop
      vertex 62.788 7.37868 2
      vertex 62.43 7.07295 2
      vertex 102 5 2
    endloop
  endfacet
  facet normal -0 0 1
    outer loop
      vertex 59.7396 6.64683 2
      vertex 59.3047 6.82698 2
      vertex 53 5 2
    endloop
  endfacet
  facet normal 0 -0 1
    outer loop
      vertex 62.43 7.07295 2
      vertex 62.0286 6.82698 2
      vertex 102 5 2
    endloop
  endfacet
  facet normal 0 -0 1
    outer loop
      vertex 62.0286 6.82698 2
      vertex 61.5937 6.64683 2
      vertex 102 5 2
    endloop
  endfacet
  facet normal 0 -0 1
    outer loop
      vertex 61.5937 6.64683 2
      vertex 61.136 6.53693 2
      vertex 102 5 2
    endloop
  endfacet
  facet normal -0 0 1
    outer loop
      vertex 60.6667 6.5 2
      vertex 60.1974 6.53693 2
      vertex 53 5 2
    endloop
  endfacet
  facet normal 0 0 1
    outer loop
      vertex 75.1468 8.57295 2
      vertex 63.3397 10.862 2
      vertex 63.5198 10.4271 2
    endloop
  endfacet
  facet normal -0 0 1
    outer loop
      vertex 59.3047 6.82698 2
      vertex 58.9033 7.07295 2
      vertex 53 5 2
    endloop
  endfacet
  facet normal 0 -0 1
    outer loop
      vertex 58.5453 7.37868 2
      vertex 53 5 2
      vertex 58.9033 7.07295 2
    endloop
  endfacet
  facet normal 0 -0 1
    outer loop
      vertex 58.2396 7.73664 2
      vertex 53 5 2
      vertex 58.5453 7.37868 2
    endloop
  endfacet
  facet normal 0 -0 1
    outer loop
      vertex 57.9936 8.13803 2
      vertex 53 5 2
      vertex 58.2396 7.73664 2
    endloop
  endfacet
  facet normal 0 -0 1
    outer loop
      vertex 57.8135 8.57295 2
      vertex 53 5 2
      vertex 57.9936 8.13803 2
    endloop
  endfacet
  facet normal 0 -0 1
    outer loop
      vertex 57.7036 9.0307 2
      vertex 53 5 2
      vertex 57.8135 8.57295 2
    endloop
  endfacet
  facet normal 0 0 1
    outer loop
      vertex 63.6297 9.9693 2
      vertex 63.6667 9.5 2
      vertex 75.327 8.13803 2
    endloop
  endfacet
  facet normal 0 0 1
    outer loop
      vertex 53 18.8 2
      vertex 61.136 12.4631 2
      vertex 75.0369 9.9693 2
    endloop
  endfacet
  facet normal 0 -0 1
    outer loop
      vertex 80.9631 9.0307 2
      vertex 80.8532 8.57295 2
      vertex 102 5 2
    endloop
  endfacet
  facet normal 0 0 1
    outer loop
      vertex 53 18.8 2
      vertex 75.0369 9.9693 2
      vertex 75.1468 10.4271 2
    endloop
  endfacet
  facet normal 0 -0 1
    outer loop
      vertex 79.7634 7.07295 2
      vertex 79.362 6.82698 2
      vertex 102 5 2
    endloop
  endfacet
  facet normal 0 0 1
    outer loop
      vertex 53 18.8 2
      vertex 75.1468 10.4271 2
      vertex 75.327 10.862 2
    endloop
  endfacet
  facet normal 0 0 1
    outer loop
      vertex 93.9714 6.82698 2
      vertex 93.57 7.07295 2
      vertex 80.9631 9.9693 2
    endloop
  endfacet
  facet normal 0 0 1
    outer loop
      vertex 53 18.8 2
      vertex 75.327 10.862 2
      vertex 75.5729 11.2634 2
    endloop
  endfacet
  facet normal 0 -0 1
    outer loop
      vertex 96.6953 6.82698 2
      vertex 96.2604 6.64683 2
      vertex 102 5 2
    endloop
  endfacet
  facet normal 0 0 1
    outer loop
      vertex 53 18.8 2
      vertex 75.5729 11.2634 2
      vertex 75.8787 11.6213 2
    endloop
  endfacet
  facet normal 0 0 1
    outer loop
      vertex 53 18.8 2
      vertex 75.8787 11.6213 2
      vertex 76.2366 11.9271 2
    endloop
  endfacet
  facet normal -0 0 1
    outer loop
      vertex 77.0729 12.3532 2
      vertex 53 18.8 2
      vertex 76.638 12.173 2
    endloop
  endfacet
  facet normal 0 0 1
    outer loop
      vertex 102 18.8 2
      vertex 53 18.8 2
      vertex 77.0729 12.3532 2
    endloop
  endfacet
  facet normal 0 0 1
    outer loop
      vertex 102 18.8 2
      vertex 77.0729 12.3532 2
      vertex 77.5307 12.4631 2
    endloop
  endfacet
  facet normal 0 0 1
    outer loop
      vertex 92.9063 7.73664 2
      vertex 92.6603 8.13803 2
      vertex 78.9271 12.3532 2
    endloop
  endfacet
  facet normal 0 0 1
    outer loop
      vertex 102 18.8 2
      vertex 78 12.5 2
      vertex 78.4693 12.4631 2
    endloop
  endfacet
  facet normal 0 0 1
    outer loop
      vertex 102 18.8 2
      vertex 78.4693 12.4631 2
      vertex 78.9271 12.3532 2
    endloop
  endfacet
  facet normal 0 -0 1
    outer loop
      vertex 96.2604 6.64683 2
      vertex 95.8026 6.53693 2
      vertex 102 5 2
    endloop
  endfacet
  facet normal 0 0 1
    outer loop
      vertex 92.9063 7.73664 2
      vertex 78.9271 12.3532 2
      vertex 79.362 12.173 2
    endloop
  endfacet
  facet normal 0 0 1
    outer loop
      vertex 77.5307 12.4631 2
      vertex 78 12.5 2
      vertex 102 18.8 2
    endloop
  endfacet
  facet normal -0 -0 1
    outer loop
      vertex 94.864 6.53693 2
      vertex 81 9.5 2
      vertex 102 5 2
    endloop
  endfacet
  facet normal 0 0 1
    outer loop
      vertex 63.5198 10.4271 2
      vertex 63.6297 9.9693 2
      vertex 75.1468 8.57295 2
    endloop
  endfacet
  facet normal 0 0 1
    outer loop
      vertex 75.5729 7.73664 2
      vertex 63.6667 9.5 2
      vertex 63.6297 9.0307 2
    endloop
  endfacet
  facet normal 0 0 1
    outer loop
      vertex 76.638 6.82698 2
      vertex 76.2366 7.07295 2
      vertex 63.0937 7.73664 2
    endloop
  endfacet
  facet normal 0 -0 1
    outer loop
      vertex 79.362 6.82698 2
      vertex 78.9271 6.64683 2
      vertex 102 5 2
    endloop
  endfacet
  facet normal 0 0 1
    outer loop
      vertex 77.0729 6.64683 2
      vertex 76.638 6.82698 2
      vertex 63.0937 7.73664 2
    endloop
  endfacet
  facet normal 0 -0 1
    outer loop
      vertex 78.4693 6.53693 2
      vertex 78 6.5 2
      vertex 102 5 2
    endloop
  endfacet
  facet normal -0 -0 1
    outer loop
      vertex 77.5307 6.53693 2
      vertex 62.788 7.37868 2
      vertex 78 6.5 2
    endloop
  endfacet
  facet normal 0 0 1
    outer loop
      vertex 75.8787 7.37868 2
      vertex 75.5729 7.73664 2
      vertex 63.6297 9.0307 2
    endloop
  endfacet
  facet normal 0 0 1
    outer loop
      vertex 77.5307 6.53693 2
      vertex 63.0937 7.73664 2
      vertex 62.788 7.37868 2
    endloop
  endfacet
  facet normal 0 0 1
    outer loop
      vertex 76.2366 7.07295 2
      vertex 75.8787 7.37868 2
      vertex 63.3397 8.13803 2
    endloop
  endfacet
  facet normal 0 0 1
    outer loop
      vertex 75.8787 7.37868 2
      vertex 63.6297 9.0307 2
      vertex 63.5198 8.57295 2
    endloop
  endfacet
  facet normal 0 -0 1
    outer loop
      vertex 63.3397 8.13803 2
      vertex 63.0937 7.73664 2
      vertex 76.2366 7.07295 2
    endloop
  endfacet
  facet normal 0 -0 1
    outer loop
      vertex 78.9271 6.64683 2
      vertex 78.4693 6.53693 2
      vertex 102 5 2
    endloop
  endfacet
  facet normal -0 0 1
    outer loop
      vertex 60.1974 6.53693 2
      vertex 59.7396 6.64683 2
      vertex 53 5 2
    endloop
  endfacet
  facet normal 0 0 1
    outer loop
      vertex 75.5729 7.73664 2
      vertex 75.327 8.13803 2
      vertex 63.6667 9.5 2
    endloop
  endfacet
  facet normal 0 0 1
    outer loop
      vertex 75.1468 8.57295 2
      vertex 75.0369 9.0307 2
      vertex 63.3397 10.862 2
    endloop
  endfacet
  facet normal 0 0 1
    outer loop
      vertex 94.4063 12.3532 2
      vertex 94.864 12.4631 2
      vertex 102 18.8 2
    endloop
  endfacet
  facet normal 0 -0 1
    outer loop
      vertex 80.1213 7.37868 2
      vertex 79.7634 7.07295 2
      vertex 102 5 2
    endloop
  endfacet
  facet normal 0 0 1
    outer loop
      vertex 92.9063 7.73664 2
      vertex 79.7634 11.9271 2
      vertex 80.1213 11.6213 2
    endloop
  endfacet
  facet normal -0 -0 1
    outer loop
      vertex 92.3333 9.5 2
      vertex 78.9271 12.3532 2
      vertex 92.3703 9.0307 2
    endloop
  endfacet
  facet normal 0 0 1
    outer loop
      vertex 98.0064 10.862 2
      vertex 98.1865 10.4271 2
      vertex 102 5 2
    endloop
  endfacet
  facet normal -0 0 1
    outer loop
      vertex 92.3703 9.9693 2
      vertex 78.9271 12.3532 2
      vertex 92.3333 9.5 2
    endloop
  endfacet
  facet normal -0 0 1
    outer loop
      vertex 92.4802 10.4271 2
      vertex 78.9271 12.3532 2
      vertex 92.3703 9.9693 2
    endloop
  endfacet
  facet normal -0 0 1
    outer loop
      vertex 92.6603 10.862 2
      vertex 78.9271 12.3532 2
      vertex 92.4802 10.4271 2
    endloop
  endfacet
  facet normal 0 0 1
    outer loop
      vertex 94.864 12.4631 2
      vertex 95.3333 12.5 2
      vertex 102 18.8 2
    endloop
  endfacet
  facet normal -0 0 1
    outer loop
      vertex 92.9063 11.2634 2
      vertex 78.9271 12.3532 2
      vertex 92.6603 10.862 2
    endloop
  endfacet
  facet normal -0 0 1
    outer loop
      vertex 93.212 11.6213 2
      vertex 78.9271 12.3532 2
      vertex 92.9063 11.2634 2
    endloop
  endfacet
  facet normal -0 0 1
    outer loop
      vertex 93.57 11.9271 2
      vertex 78.9271 12.3532 2
      vertex 93.212 11.6213 2
    endloop
  endfacet
  facet normal 0 0 1
    outer loop
      vertex 93.9714 12.173 2
      vertex 94.4063 12.3532 2
      vertex 102 18.8 2
    endloop
  endfacet
  facet normal 0 0 1
    outer loop
      vertex 102 18.8 2
      vertex 78.9271 12.3532 2
      vertex 93.57 11.9271 2
    endloop
  endfacet
  facet normal 0 0 1
    outer loop
      vertex 95.3333 12.5 2
      vertex 95.8026 12.4631 2
      vertex 102 18.8 2
    endloop
  endfacet
  facet normal 0 0 1
    outer loop
      vertex 98.1865 10.4271 2
      vertex 98.2964 9.9693 2
      vertex 102 5 2
    endloop
  endfacet
  facet normal 0 -0 1
    outer loop
      vertex 97.0967 7.07295 2
      vertex 96.6953 6.82698 2
      vertex 102 5 2
    endloop
  endfacet
  facet normal 0 -0 1
    outer loop
      vertex 98.3333 9.5 2
      vertex 98.2964 9.0307 2
      vertex 102 5 2
    endloop
  endfacet
  facet normal 0 0 1
    outer loop
      vertex 102 18.8 2
      vertex 95.8026 12.4631 2
      vertex 96.2604 12.3532 2
    endloop
  endfacet
  facet normal 0 0 1
    outer loop
      vertex 98.2964 9.9693 2
      vertex 98.3333 9.5 2
      vertex 102 5 2
    endloop
  endfacet
  facet normal 0 0 1
    outer loop
      vertex 102 18.8 2
      vertex 96.2604 12.3532 2
      vertex 96.6953 12.173 2
    endloop
  endfacet
  facet normal 0 0 1
    outer loop
      vertex 92.9063 7.73664 2
      vertex 79.362 12.173 2
      vertex 79.7634 11.9271 2
    endloop
  endfacet
  facet normal 0 0 1
    outer loop
      vertex 102 18.8 2
      vertex 96.6953 12.173 2
      vertex 97.0967 11.9271 2
    endloop
  endfacet
  facet normal 0 0 1
    outer loop
      vertex 102 18.8 2
      vertex 97.0967 11.9271 2
      vertex 97.4547 11.6213 2
    endloop
  endfacet
  facet normal 0 0 1
    outer loop
      vertex 102 18.8 2
      vertex 97.7604 11.2634 2
      vertex 102 5 2
    endloop
  endfacet
  facet normal 0 0 1
    outer loop
      vertex 102 18.8 2
      vertex 97.4547 11.6213 2
      vertex 97.7604 11.2634 2
    endloop
  endfacet
  facet normal 0 0 1
    outer loop
      vertex 97.7604 11.2634 2
      vertex 98.0064 10.862 2
      vertex 102 5 2
    endloop
  endfacet
  facet normal 0 -0 1
    outer loop
      vertex 98.2964 9.0307 2
      vertex 98.1865 8.57295 2
      vertex 102 5 2
    endloop
  endfacet
  facet normal 0 -0 1
    outer loop
      vertex 98.1865 8.57295 2
      vertex 98.0064 8.13803 2
      vertex 102 5 2
    endloop
  endfacet
  facet normal 0 -0 1
    outer loop
      vertex 98.0064 8.13803 2
      vertex 97.7604 7.73664 2
      vertex 102 5 2
    endloop
  endfacet
  facet normal 0 -0 1
    outer loop
      vertex 97.7604 7.73664 2
      vertex 97.4547 7.37868 2
      vertex 102 5 2
    endloop
  endfacet
  facet normal 0 -0 1
    outer loop
      vertex 97.4547 7.37868 2
      vertex 97.0967 7.07295 2
      vertex 102 5 2
    endloop
  endfacet
  facet normal 0 0 1
    outer loop
      vertex 80.673 10.862 2
      vertex 80.8532 10.4271 2
      vertex 93.212 7.37868 2
    endloop
  endfacet
  facet normal 0 0 1
    outer loop
      vertex 80.9631 9.9693 2
      vertex 81 9.5 2
      vertex 94.4063 6.64683 2
    endloop
  endfacet
  facet normal 0 -0 1
    outer loop
      vertex 80.8532 8.57295 2
      vertex 80.673 8.13803 2
      vertex 102 5 2
    endloop
  endfacet
  facet normal 0 -0 1
    outer loop
      vertex 81 9.5 2
      vertex 80.9631 9.0307 2
      vertex 102 5 2
    endloop
  endfacet
  facet normal 0 0 1
    outer loop
      vertex 93.57 7.07295 2
      vertex 93.212 7.37868 2
      vertex 80.8532 10.4271 2
    endloop
  endfacet
  facet normal -0 -0 1
    outer loop
      vertex 94.4063 6.64683 2
      vertex 81 9.5 2
      vertex 94.864 6.53693 2
    endloop
  endfacet
  facet normal 0 0 1
    outer loop
      vertex 80.9631 9.9693 2
      vertex 94.4063 6.64683 2
      vertex 93.9714 6.82698 2
    endloop
  endfacet
  facet normal 0 -0 1
    outer loop
      vertex 95.8026 6.53693 2
      vertex 95.3333 6.5 2
      vertex 102 5 2
    endloop
  endfacet
  facet normal 0 0 1
    outer loop
      vertex 80.1213 11.6213 2
      vertex 80.4271 11.2634 2
      vertex 92.9063 7.73664 2
    endloop
  endfacet
  facet normal -0 -0 1
    outer loop
      vertex 92.4802 8.57295 2
      vertex 78.9271 12.3532 2
      vertex 92.6603 8.13803 2
    endloop
  endfacet
  facet normal -0 -0 1
    outer loop
      vertex 92.3703 9.0307 2
      vertex 78.9271 12.3532 2
      vertex 92.4802 8.57295 2
    endloop
  endfacet
  facet normal 0 0 1
    outer loop
      vertex 76.2366 11.9271 2
      vertex 76.638 12.173 2
      vertex 53 18.8 2
    endloop
  endfacet
  facet normal -0 -0 1
    outer loop
      vertex 95.3333 6.5 2
      vertex 94.864 6.53693 2
      vertex 102 5 2
    endloop
  endfacet
  facet normal 0 0 1
    outer loop
      vertex 75.0369 9.0307 2
      vertex 63.0937 11.2634 2
      vertex 63.3397 10.862 2
    endloop
  endfacet
  facet normal 0 0 1
    outer loop
      vertex 75 9.5 2
      vertex 62.0286 12.173 2
      vertex 62.43 11.9271 2
    endloop
  endfacet
  facet normal 0 0 1
    outer loop
      vertex 75 9.5 2
      vertex 61.5937 12.3532 2
      vertex 62.0286 12.173 2
    endloop
  endfacet
  facet normal 0 0 1
    outer loop
      vertex 75 9.5 2
      vertex 61.136 12.4631 2
      vertex 61.5937 12.3532 2
    endloop
  endfacet
  facet normal 0 0 1
    outer loop
      vertex 75 9.5 2
      vertex 75.0369 9.9693 2
      vertex 61.136 12.4631 2
    endloop
  endfacet
  facet normal -1 -0 0
    outer loop
      vertex 102 5 2
      vertex 102 18.8 14.8143
      vertex 102 18.8 2
    endloop
  endfacet
  facet normal 0 -1 0
    outer loop
      vertex 63.5 18.8 7.5
      vertex 53 18.8 14.8143
      vertex 53 18.8 2
    endloop
  endfacet
  facet normal 0 -1 -0
    outer loop
      vertex 90.319 18.8 8.83651
      vertex 102 18.8 14.8143
      vertex 53 18.8 2
    endloop
  endfacet
  facet normal 0 -1 0
    outer loop
      vertex 63.5185 18.8 7.26535
      vertex 63.5 18.8 7.5
      vertex 53 18.8 2
    endloop
  endfacet
  facet normal 0 -1 0
    outer loop
      vertex 63.5185 18.8 7.73465
      vertex 53 18.8 14.8143
      vertex 63.5 18.8 7.5
    endloop
  endfacet
  facet normal 0 -1 0
    outer loop
      vertex 63.5734 18.8 7.96353
      vertex 53 18.8 14.8143
      vertex 63.5185 18.8 7.73465
    endloop
  endfacet
  facet normal 0 -1 0
    outer loop
      vertex 63.6635 18.8 8.18099
      vertex 53 18.8 14.8143
      vertex 63.5734 18.8 7.96353
    endloop
  endfacet
  facet normal 0 -1 0
    outer loop
      vertex 63.7865 18.8 8.38168
      vertex 53 18.8 14.8143
      vertex 63.6635 18.8 8.18099
    endloop
  endfacet
  facet normal 0 -1 0
    outer loop
      vertex 63.9393 18.8 8.56066
      vertex 53 18.8 14.8143
      vertex 63.7865 18.8 8.38168
    endloop
  endfacet
  facet normal 0 -1 0
    outer loop
      vertex 64.1183 18.8 8.71353
      vertex 53 18.8 14.8143
      vertex 63.9393 18.8 8.56066
    endloop
  endfacet
  facet normal 0 -1 0
    outer loop
      vertex 64.319 18.8 8.83651
      vertex 53 18.8 14.8143
      vertex 64.1183 18.8 8.71353
    endloop
  endfacet
  facet normal 0 -1 0
    outer loop
      vertex 64.5365 18.8 8.92659
      vertex 53 18.8 14.8143
      vertex 64.319 18.8 8.83651
    endloop
  endfacet
  facet normal -0 -1 0
    outer loop
      vertex 65.2347 18.8 8.98153
      vertex 65.4635 18.8 8.92659
      vertex 102 18.8 14.8143
    endloop
  endfacet
  facet normal 0 -1 0
    outer loop
      vertex 64.7653 18.8 8.98153
      vertex 53 18.8 14.8143
      vertex 64.5365 18.8 8.92659
    endloop
  endfacet
  facet normal 0 -1 0
    outer loop
      vertex 102 18.8 14.8143
      vertex 53 18.8 14.8143
      vertex 64.7653 18.8 8.98153
    endloop
  endfacet
  facet normal 0 -1 0
    outer loop
      vertex 63.9393 18.8 6.43934
      vertex 63.7865 18.8 6.61832
      vertex 53 18.8 2
    endloop
  endfacet
  facet normal 0 -1 0
    outer loop
      vertex 102 18.8 14.8143
      vertex 64.7653 18.8 8.98153
      vertex 65 18.8 9
    endloop
  endfacet
  facet normal -0 -1 0
    outer loop
      vertex 65.4635 18.8 8.92659
      vertex 65.681 18.8 8.83651
      vertex 102 18.8 14.8143
    endloop
  endfacet
  facet normal -0 -1 0
    outer loop
      vertex 65.681 18.8 8.83651
      vertex 65.8817 18.8 8.71353
      vertex 102 18.8 14.8143
    endloop
  endfacet
  facet normal -0 -1 0
    outer loop
      vertex 65.8817 18.8 8.71353
      vertex 66.0607 18.8 8.56066
      vertex 102 18.8 14.8143
    endloop
  endfacet
  facet normal -0 -1 0
    outer loop
      vertex 66.0607 18.8 8.56066
      vertex 66.2135 18.8 8.38168
      vertex 102 18.8 14.8143
    endloop
  endfacet
  facet normal -0 -1 0
    outer loop
      vertex 66.2135 18.8 8.38168
      vertex 66.3365 18.8 8.18099
      vertex 102 18.8 14.8143
    endloop
  endfacet
  facet normal -0 -1 0
    outer loop
      vertex 66.3365 18.8 8.18099
      vertex 66.4266 18.8 7.96353
      vertex 102 18.8 14.8143
    endloop
  endfacet
  facet normal 0 -1 0
    outer loop
      vertex 65.4635 18.8 6.07342
      vertex 65.2347 18.8 6.01847
      vertex 53 18.8 2
    endloop
  endfacet
  facet normal 0 -1 0
    outer loop
      vertex 90.319 18.8 8.83651
      vertex 90.5365 18.8 8.92659
      vertex 102 18.8 14.8143
    endloop
  endfacet
  facet normal 0 -1 0
    outer loop
      vertex 63.7865 18.8 6.61832
      vertex 63.6635 18.8 6.81901
      vertex 53 18.8 2
    endloop
  endfacet
  facet normal 0 -1 0
    outer loop
      vertex 102 18.8 14.8143
      vertex 66.4266 18.8 7.96353
      vertex 66.4815 18.8 7.73465
    endloop
  endfacet
  facet normal 0 -1 0
    outer loop
      vertex 102 18.8 14.8143
      vertex 66.4815 18.8 7.73465
      vertex 66.5 18.8 7.5
    endloop
  endfacet
  facet normal 0 -1 0
    outer loop
      vertex 102 18.8 14.8143
      vertex 66.5 18.8 7.5
      vertex 66.4815 18.8 7.26535
    endloop
  endfacet
  facet normal 0 -1 0
    outer loop
      vertex 64.1183 18.8 6.28648
      vertex 63.9393 18.8 6.43934
      vertex 53 18.8 2
    endloop
  endfacet
  facet normal 0 -1 0
    outer loop
      vertex 102 18.8 14.8143
      vertex 66.4815 18.8 7.26535
      vertex 66.4266 18.8 7.03648
    endloop
  endfacet
  facet normal 0 -1 0
    outer loop
      vertex 64.319 18.8 6.16349
      vertex 64.1183 18.8 6.28648
      vertex 53 18.8 2
    endloop
  endfacet
  facet normal 0 -1 0
    outer loop
      vertex 102 18.8 14.8143
      vertex 66.4266 18.8 7.03648
      vertex 66.3365 18.8 6.81901
    endloop
  endfacet
  facet normal 0 -1 0
    outer loop
      vertex 64.5365 18.8 6.07342
      vertex 64.319 18.8 6.16349
      vertex 53 18.8 2
    endloop
  endfacet
  facet normal 0 -1 0
    outer loop
      vertex 102 18.8 14.8143
      vertex 66.3365 18.8 6.81901
      vertex 66.2135 18.8 6.61832
    endloop
  endfacet
  facet normal 0 -1 0
    outer loop
      vertex 64.7653 18.8 6.01847
      vertex 64.5365 18.8 6.07342
      vertex 53 18.8 2
    endloop
  endfacet
  facet normal 0 -1 0
    outer loop
      vertex 102 18.8 14.8143
      vertex 66.2135 18.8 6.61832
      vertex 66.0607 18.8 6.43934
    endloop
  endfacet
  facet normal 0 -1 0
    outer loop
      vertex 65 18.8 6
      vertex 64.7653 18.8 6.01847
      vertex 53 18.8 2
    endloop
  endfacet
  facet normal 0 -1 0
    outer loop
      vertex 102 18.8 14.8143
      vertex 66.0607 18.8 6.43934
      vertex 65.8817 18.8 6.28648
    endloop
  endfacet
  facet normal 0 -1 0
    outer loop
      vertex 65.2347 18.8 6.01847
      vertex 65 18.8 6
      vertex 53 18.8 2
    endloop
  endfacet
  facet normal 0 -1 0
    outer loop
      vertex 102 18.8 14.8143
      vertex 65.8817 18.8 6.28648
      vertex 65.681 18.8 6.16349
    endloop
  endfacet
  facet normal 0 -1 0
    outer loop
      vertex 102 18.8 14.8143
      vertex 65.4635 18.8 6.07342
      vertex 53 18.8 2
    endloop
  endfacet
  facet normal 0 -1 0
    outer loop
      vertex 102 18.8 14.8143
      vertex 65.681 18.8 6.16349
      vertex 65.4635 18.8 6.07342
    endloop
  endfacet
  facet normal 0 -1 0
    outer loop
      vertex 63.6635 18.8 6.81901
      vertex 63.5734 18.8 7.03648
      vertex 53 18.8 2
    endloop
  endfacet
  facet normal 0 -1 0
    outer loop
      vertex 63.5734 18.8 7.03648
      vertex 63.5185 18.8 7.26535
      vertex 53 18.8 2
    endloop
  endfacet
  facet normal 0 -1 0
    outer loop
      vertex 89.5185 18.8 7.26535
      vertex 89.5 18.8 7.5
      vertex 53 18.8 2
    endloop
  endfacet
  facet normal 0 -1 -0
    outer loop
      vertex 89.5 18.8 7.5
      vertex 89.5185 18.8 7.73465
      vertex 53 18.8 2
    endloop
  endfacet
  facet normal 0 -1 -0
    outer loop
      vertex 89.5185 18.8 7.73465
      vertex 89.5734 18.8 7.96353
      vertex 53 18.8 2
    endloop
  endfacet
  facet normal 0 -1 -0
    outer loop
      vertex 89.5734 18.8 7.96353
      vertex 89.6635 18.8 8.18099
      vertex 53 18.8 2
    endloop
  endfacet
  facet normal 0 -1 -0
    outer loop
      vertex 89.6635 18.8 8.18099
      vertex 89.7865 18.8 8.38168
      vertex 53 18.8 2
    endloop
  endfacet
  facet normal 0 -1 -0
    outer loop
      vertex 89.7865 18.8 8.38168
      vertex 89.9393 18.8 8.56066
      vertex 53 18.8 2
    endloop
  endfacet
  facet normal 0 -1 -0
    outer loop
      vertex 89.9393 18.8 8.56066
      vertex 90.1183 18.8 8.71353
      vertex 53 18.8 2
    endloop
  endfacet
  facet normal 0 -1 -0
    outer loop
      vertex 90.1183 18.8 8.71353
      vertex 90.319 18.8 8.83651
      vertex 53 18.8 2
    endloop
  endfacet
  facet normal 0 -1 0
    outer loop
      vertex 90.5365 18.8 8.92659
      vertex 90.7653 18.8 8.98153
      vertex 102 18.8 14.8143
    endloop
  endfacet
  facet normal 0 -1 0
    outer loop
      vertex 90.7653 18.8 8.98153
      vertex 91 18.8 9
      vertex 102 18.8 14.8143
    endloop
  endfacet
  facet normal -0 -1 0
    outer loop
      vertex 91 18.8 9
      vertex 91.2347 18.8 8.98153
      vertex 102 18.8 14.8143
    endloop
  endfacet
  facet normal -0 -1 0
    outer loop
      vertex 91.2347 18.8 8.98153
      vertex 91.4635 18.8 8.92659
      vertex 102 18.8 14.8143
    endloop
  endfacet
  facet normal -0 -1 0
    outer loop
      vertex 91.4635 18.8 8.92659
      vertex 91.681 18.8 8.83651
      vertex 102 18.8 14.8143
    endloop
  endfacet
  facet normal -0 -1 0
    outer loop
      vertex 91.681 18.8 8.83651
      vertex 91.8817 18.8 8.71353
      vertex 102 18.8 14.8143
    endloop
  endfacet
  facet normal 0 -1 0
    outer loop
      vertex 92.0607 18.8 6.43934
      vertex 91.8817 18.8 6.28648
      vertex 102 18.8 2
    endloop
  endfacet
  facet normal 0 -1 0
    outer loop
      vertex 102 18.8 2
      vertex 102 18.8 14.8143
      vertex 91.8817 18.8 8.71353
    endloop
  endfacet
  facet normal 0 -1 0
    outer loop
      vertex 102 18.8 2
      vertex 91.8817 18.8 8.71353
      vertex 92.0607 18.8 8.56066
    endloop
  endfacet
  facet normal 0 -1 0
    outer loop
      vertex 102 18.8 2
      vertex 92.0607 18.8 8.56066
      vertex 92.2135 18.8 8.38168
    endloop
  endfacet
  facet normal 0 -1 0
    outer loop
      vertex 102 18.8 2
      vertex 92.2135 18.8 8.38168
      vertex 92.3365 18.8 8.18099
    endloop
  endfacet
  facet normal 0 -1 0
    outer loop
      vertex 102 18.8 2
      vertex 92.3365 18.8 8.18099
      vertex 92.4266 18.8 7.96353
    endloop
  endfacet
  facet normal 0 -1 0
    outer loop
      vertex 102 18.8 2
      vertex 92.4266 18.8 7.96353
      vertex 92.4815 18.8 7.73465
    endloop
  endfacet
  facet normal 0 -1 0
    outer loop
      vertex 102 18.8 2
      vertex 92.4815 18.8 7.73465
      vertex 92.5 18.8 7.5
    endloop
  endfacet
  facet normal 0 -1 0
    outer loop
      vertex 102 18.8 2
      vertex 92.5 18.8 7.5
      vertex 92.4815 18.8 7.26535
    endloop
  endfacet
  facet normal 0 -1 0
    outer loop
      vertex 102 18.8 2
      vertex 92.4815 18.8 7.26535
      vertex 92.4266 18.8 7.03648
    endloop
  endfacet
  facet normal 0 -1 0
    outer loop
      vertex 102 18.8 2
      vertex 92.4266 18.8 7.03648
      vertex 92.3365 18.8 6.81901
    endloop
  endfacet
  facet normal 0 -1 0
    outer loop
      vertex 102 18.8 2
      vertex 92.3365 18.8 6.81901
      vertex 92.2135 18.8 6.61832
    endloop
  endfacet
  facet normal 0 -1 0
    outer loop
      vertex 91 18.8 6
      vertex 90.7653 18.8 6.01847
      vertex 53 18.8 2
    endloop
  endfacet
  facet normal 0 -1 0
    outer loop
      vertex 102 18.8 2
      vertex 92.2135 18.8 6.61832
      vertex 92.0607 18.8 6.43934
    endloop
  endfacet
  facet normal 0 -1 0
    outer loop
      vertex 90.5365 18.8 6.07342
      vertex 90.319 18.8 6.16349
      vertex 53 18.8 2
    endloop
  endfacet
  facet normal 0 -1 0
    outer loop
      vertex 102 18.8 2
      vertex 91.8817 18.8 6.28648
      vertex 91.681 18.8 6.16349
    endloop
  endfacet
  facet normal 0 -1 0
    outer loop
      vertex 90.7653 18.8 6.01847
      vertex 90.5365 18.8 6.07342
      vertex 53 18.8 2
    endloop
  endfacet
  facet normal 0 -1 0
    outer loop
      vertex 102 18.8 2
      vertex 91.681 18.8 6.16349
      vertex 91.4635 18.8 6.07342
    endloop
  endfacet
  facet normal 0 -1 0
    outer loop
      vertex 102 18.8 2
      vertex 91.2347 18.8 6.01847
      vertex 53 18.8 2
    endloop
  endfacet
  facet normal 0 -1 0
    outer loop
      vertex 102 18.8 2
      vertex 91.4635 18.8 6.07342
      vertex 91.2347 18.8 6.01847
    endloop
  endfacet
  facet normal 0 -1 0
    outer loop
      vertex 91.2347 18.8 6.01847
      vertex 91 18.8 6
      vertex 53 18.8 2
    endloop
  endfacet
  facet normal 0 -1 0
    outer loop
      vertex 90.319 18.8 6.16349
      vertex 90.1183 18.8 6.28648
      vertex 53 18.8 2
    endloop
  endfacet
  facet normal 0 -1 0
    outer loop
      vertex 90.1183 18.8 6.28648
      vertex 89.9393 18.8 6.43934
      vertex 53 18.8 2
    endloop
  endfacet
  facet normal 0 -1 0
    outer loop
      vertex 89.9393 18.8 6.43934
      vertex 89.7865 18.8 6.61832
      vertex 53 18.8 2
    endloop
  endfacet
  facet normal 0 -1 0
    outer loop
      vertex 89.7865 18.8 6.61832
      vertex 89.6635 18.8 6.81901
      vertex 53 18.8 2
    endloop
  endfacet
  facet normal 0 -1 0
    outer loop
      vertex 89.6635 18.8 6.81901
      vertex 89.5734 18.8 7.03648
      vertex 53 18.8 2
    endloop
  endfacet
  facet normal 0 -1 0
    outer loop
      vertex 89.5734 18.8 7.03648
      vertex 89.5185 18.8 7.26535
      vertex 53 18.8 2
    endloop
  endfacet
  facet normal -0 -1 0
    outer loop
      vertex 65 18.8 9
      vertex 65.2347 18.8 8.98153
      vertex 102 18.8 14.8143
    endloop
  endfacet
  facet normal 1 -0 0
    outer loop
      vertex 53 18.8 2
      vertex 53 18.8 14.8143
      vertex 53 5 2
    endloop
  endfacet
  facet normal 0 -0 1
    outer loop
      vertex 9.13597 6.53693 2
      vertex 2 5 2
      vertex 51 5 2
    endloop
  endfacet
  facet normal -0 0 1
    outer loop
      vertex 8.66667 6.5 2
      vertex 8.19736 6.53693 2
      vertex 2 5 2
    endloop
  endfacet
  facet normal 0 -0 1
    outer loop
      vertex 2 18.8 2
      vertex 2 5 2
      vertex 5.7036 9.0307 2
    endloop
  endfacet
  facet normal 0 -0 1
    outer loop
      vertex 27.362 6.82698 2
      vertex 26.9271 6.64683 2
      vertex 51 5 2
    endloop
  endfacet
  facet normal 0 0 1
    outer loop
      vertex 2 18.8 2
      vertex 5.7036 9.0307 2
      vertex 5.66667 9.5 2
    endloop
  endfacet
  facet normal 0 -0 1
    outer loop
      vertex 11.6297 9.0307 2
      vertex 11.5198 8.57295 2
      vertex 23.5729 7.73664 2
    endloop
  endfacet
  facet normal 0 0 1
    outer loop
      vertex 2 18.8 2
      vertex 5.66667 9.5 2
      vertex 5.7036 9.9693 2
    endloop
  endfacet
  facet normal 0 0 1
    outer loop
      vertex 2 18.8 2
      vertex 5.7036 9.9693 2
      vertex 5.8135 10.4271 2
    endloop
  endfacet
  facet normal 0 0 1
    outer loop
      vertex 41.57 11.9271 2
      vertex 41.9714 12.173 2
      vertex 51 18.8 2
    endloop
  endfacet
  facet normal 0 0 1
    outer loop
      vertex 2 18.8 2
      vertex 5.8135 10.4271 2
      vertex 5.99365 10.862 2
    endloop
  endfacet
  facet normal 0 0 1
    outer loop
      vertex 23 9.5 2
      vertex 10.0286 12.173 2
      vertex 10.43 11.9271 2
    endloop
  endfacet
  facet normal 0 0 1
    outer loop
      vertex 2 18.8 2
      vertex 5.99365 10.862 2
      vertex 6.23962 11.2634 2
    endloop
  endfacet
  facet normal 0 0 1
    outer loop
      vertex 2 18.8 2
      vertex 6.23962 11.2634 2
      vertex 6.54535 11.6213 2
    endloop
  endfacet
  facet normal 0 0 1
    outer loop
      vertex 2 18.8 2
      vertex 6.54535 11.6213 2
      vertex 6.90331 11.9271 2
    endloop
  endfacet
  facet normal 0 0 1
    outer loop
      vertex 23 9.5 2
      vertex 23.0369 9.9693 2
      vertex 9.59372 12.3532 2
    endloop
  endfacet
  facet normal 0 0 1
    outer loop
      vertex 2 18.8 2
      vertex 6.90331 11.9271 2
      vertex 7.3047 12.173 2
    endloop
  endfacet
  facet normal 0 0 1
    outer loop
      vertex 2 18.8 2
      vertex 7.3047 12.173 2
      vertex 7.73962 12.3532 2
    endloop
  endfacet
  facet normal 0 0 1
    outer loop
      vertex 40.9063 7.73664 2
      vertex 27.362 12.173 2
      vertex 27.7634 11.9271 2
    endloop
  endfacet
  facet normal 0 0 1
    outer loop
      vertex 2 18.8 2
      vertex 7.73962 12.3532 2
      vertex 8.19736 12.4631 2
    endloop
  endfacet
  facet normal 0 0 1
    outer loop
      vertex 23.0369 9.9693 2
      vertex 23.1468 10.4271 2
      vertex 9.13597 12.4631 2
    endloop
  endfacet
  facet normal 0 0 1
    outer loop
      vertex 2 18.8 2
      vertex 8.19736 12.4631 2
      vertex 8.66667 12.5 2
    endloop
  endfacet
  facet normal 0 0 1
    outer loop
      vertex 2 18.8 2
      vertex 8.66667 12.5 2
      vertex 9.13597 12.4631 2
    endloop
  endfacet
  facet normal 0 -0 1
    outer loop
      vertex 28.4271 7.73664 2
      vertex 28.1213 7.37868 2
      vertex 51 5 2
    endloop
  endfacet
  facet normal 0 0 1
    outer loop
      vertex 25.5307 6.53693 2
      vertex 25.0729 6.64683 2
      vertex 10.788 7.37868 2
    endloop
  endfacet
  facet normal -0 -0 1
    outer loop
      vertex 26 6.5 2
      vertex 10.788 7.37868 2
      vertex 51 5 2
    endloop
  endfacet
  facet normal 0 -0 1
    outer loop
      vertex 10.788 7.37868 2
      vertex 10.43 7.07295 2
      vertex 51 5 2
    endloop
  endfacet
  facet normal 0 -0 1
    outer loop
      vertex 10.43 7.07295 2
      vertex 10.0286 6.82698 2
      vertex 51 5 2
    endloop
  endfacet
  facet normal -0 0 1
    outer loop
      vertex 8.19736 6.53693 2
      vertex 7.73962 6.64683 2
      vertex 2 5 2
    endloop
  endfacet
  facet normal 0 -0 1
    outer loop
      vertex 10.0286 6.82698 2
      vertex 9.59372 6.64683 2
      vertex 51 5 2
    endloop
  endfacet
  facet normal 0 -0 1
    outer loop
      vertex 9.59372 6.64683 2
      vertex 9.13597 6.53693 2
      vertex 51 5 2
    endloop
  endfacet
  facet normal -0 0 1
    outer loop
      vertex 7.73962 6.64683 2
      vertex 7.3047 6.82698 2
      vertex 2 5 2
    endloop
  endfacet
  facet normal 0 0 1
    outer loop
      vertex 23.1468 8.57295 2
      vertex 11.3397 10.862 2
      vertex 11.5198 10.4271 2
    endloop
  endfacet
  facet normal 0 -0 1
    outer loop
      vertex 6.90331 7.07295 2
      vertex 2 5 2
      vertex 7.3047 6.82698 2
    endloop
  endfacet
  facet normal 0 -0 1
    outer loop
      vertex 6.54535 7.37868 2
      vertex 2 5 2
      vertex 6.90331 7.07295 2
    endloop
  endfacet
  facet normal 0 -0 1
    outer loop
      vertex 6.23962 7.73664 2
      vertex 2 5 2
      vertex 6.54535 7.37868 2
    endloop
  endfacet
  facet normal 0 -0 1
    outer loop
      vertex 5.99365 8.13803 2
      vertex 2 5 2
      vertex 6.23962 7.73664 2
    endloop
  endfacet
  facet normal 0 -0 1
    outer loop
      vertex 5.8135 8.57295 2
      vertex 2 5 2
      vertex 5.99365 8.13803 2
    endloop
  endfacet
  facet normal 0 -0 1
    outer loop
      vertex 5.7036 9.0307 2
      vertex 2 5 2
      vertex 5.8135 8.57295 2
    endloop
  endfacet
  facet normal 0 0 1
    outer loop
      vertex 23 9.5 2
      vertex 10.43 11.9271 2
      vertex 10.788 11.6213 2
    endloop
  endfacet
  facet normal 0 0 1
    outer loop
      vertex 23.327 8.13803 2
      vertex 11.6297 9.9693 2
      vertex 11.6667 9.5 2
    endloop
  endfacet
  facet normal 0 -0 1
    outer loop
      vertex 28.673 8.13803 2
      vertex 28.4271 7.73664 2
      vertex 51 5 2
    endloop
  endfacet
  facet normal 0 0 1
    outer loop
      vertex 23.0369 9.0307 2
      vertex 23 9.5 2
      vertex 11.0937 11.2634 2
    endloop
  endfacet
  facet normal 0 0 1
    outer loop
      vertex 24.638 12.173 2
      vertex 25.0729 12.3532 2
      vertex 2 18.8 2
    endloop
  endfacet
  facet normal 0 0 1
    outer loop
      vertex 9.13597 12.4631 2
      vertex 9.59372 12.3532 2
      vertex 23.0369 9.9693 2
    endloop
  endfacet
  facet normal 0 -0 1
    outer loop
      vertex 28.1213 7.37868 2
      vertex 27.7634 7.07295 2
      vertex 51 5 2
    endloop
  endfacet
  facet normal 0 0 1
    outer loop
      vertex 2 18.8 2
      vertex 9.13597 12.4631 2
      vertex 23.1468 10.4271 2
    endloop
  endfacet
  facet normal 0 0 1
    outer loop
      vertex 42.4063 6.64683 2
      vertex 41.9714 6.82698 2
      vertex 29 9.5 2
    endloop
  endfacet
  facet normal 0 0 1
    outer loop
      vertex 2 18.8 2
      vertex 23.1468 10.4271 2
      vertex 23.327 10.862 2
    endloop
  endfacet
  facet normal 0 0 1
    outer loop
      vertex 41.9714 6.82698 2
      vertex 41.57 7.07295 2
      vertex 28.9631 9.9693 2
    endloop
  endfacet
  facet normal 0 0 1
    outer loop
      vertex 2 18.8 2
      vertex 23.327 10.862 2
      vertex 23.5729 11.2634 2
    endloop
  endfacet
  facet normal 0 -0 1
    outer loop
      vertex 29 9.5 2
      vertex 28.9631 9.0307 2
      vertex 42.864 6.53693 2
    endloop
  endfacet
  facet normal 0 0 1
    outer loop
      vertex 2 18.8 2
      vertex 23.5729 11.2634 2
      vertex 23.8787 11.6213 2
    endloop
  endfacet
  facet normal 0 0 1
    outer loop
      vertex 2 18.8 2
      vertex 23.8787 11.6213 2
      vertex 24.2366 11.9271 2
    endloop
  endfacet
  facet normal 0 0 1
    outer loop
      vertex 40.9063 7.73664 2
      vertex 40.6603 8.13803 2
      vertex 27.362 12.173 2
    endloop
  endfacet
  facet normal 0 0 1
    outer loop
      vertex 2 18.8 2
      vertex 24.2366 11.9271 2
      vertex 24.638 12.173 2
    endloop
  endfacet
  facet normal 0 -0 1
    outer loop
      vertex 44.2604 6.64683 2
      vertex 43.8026 6.53693 2
      vertex 51 5 2
    endloop
  endfacet
  facet normal 0 0 1
    outer loop
      vertex 51 18.8 2
      vertex 2 18.8 2
      vertex 25.0729 12.3532 2
    endloop
  endfacet
  facet normal 0 0 1
    outer loop
      vertex 28.4271 11.2634 2
      vertex 28.673 10.862 2
      vertex 40.9063 7.73664 2
    endloop
  endfacet
  facet normal 0 0 1
    outer loop
      vertex 51 18.8 2
      vertex 25.0729 12.3532 2
      vertex 25.5307 12.4631 2
    endloop
  endfacet
  facet normal 0 0 1
    outer loop
      vertex 40.9063 7.73664 2
      vertex 27.7634 11.9271 2
      vertex 28.1213 11.6213 2
    endloop
  endfacet
  facet normal 0 0 1
    outer loop
      vertex 51 18.8 2
      vertex 25.5307 12.4631 2
      vertex 26 12.5 2
    endloop
  endfacet
  facet normal 0 0 1
    outer loop
      vertex 51 18.8 2
      vertex 26 12.5 2
      vertex 26.4693 12.4631 2
    endloop
  endfacet
  facet normal 0 0 1
    outer loop
      vertex 51 18.8 2
      vertex 26.4693 12.4631 2
      vertex 26.9271 12.3532 2
    endloop
  endfacet
  facet normal 0 0 1
    outer loop
      vertex 40.9063 7.73664 2
      vertex 28.1213 11.6213 2
      vertex 28.4271 11.2634 2
    endloop
  endfacet
  facet normal 0 0 1
    outer loop
      vertex 26.9271 12.3532 2
      vertex 27.362 12.173 2
      vertex 40.6603 8.13803 2
    endloop
  endfacet
  facet normal -0 -0 1
    outer loop
      vertex 42.864 6.53693 2
      vertex 28.9631 9.0307 2
      vertex 51 5 2
    endloop
  endfacet
  facet normal 0 0 1
    outer loop
      vertex 23 9.5 2
      vertex 9.59372 12.3532 2
      vertex 10.0286 12.173 2
    endloop
  endfacet
  facet normal 0 0 1
    outer loop
      vertex 23.0369 9.0307 2
      vertex 11.0937 11.2634 2
      vertex 11.3397 10.862 2
    endloop
  endfacet
  facet normal 0 0 1
    outer loop
      vertex 11.5198 10.4271 2
      vertex 11.6297 9.9693 2
      vertex 23.1468 8.57295 2
    endloop
  endfacet
  facet normal 0 0 1
    outer loop
      vertex 43.3333 12.5 2
      vertex 43.8026 12.4631 2
      vertex 51 18.8 2
    endloop
  endfacet
  facet normal 0 0 1
    outer loop
      vertex 23.1468 8.57295 2
      vertex 23.0369 9.0307 2
      vertex 11.3397 10.862 2
    endloop
  endfacet
  facet normal 0 0 1
    outer loop
      vertex 24.638 6.82698 2
      vertex 24.2366 7.07295 2
      vertex 11.0937 7.73664 2
    endloop
  endfacet
  facet normal 0 -0 1
    outer loop
      vertex 26.9271 6.64683 2
      vertex 26.4693 6.53693 2
      vertex 51 5 2
    endloop
  endfacet
  facet normal 0 -0 1
    outer loop
      vertex 26.4693 6.53693 2
      vertex 26 6.5 2
      vertex 51 5 2
    endloop
  endfacet
  facet normal -0 -0 1
    outer loop
      vertex 25.5307 6.53693 2
      vertex 10.788 7.37868 2
      vertex 26 6.5 2
    endloop
  endfacet
  facet normal 0 0 1
    outer loop
      vertex 25.0729 6.64683 2
      vertex 11.0937 7.73664 2
      vertex 10.788 7.37868 2
    endloop
  endfacet
  facet normal 0 0 1
    outer loop
      vertex 23.5729 7.73664 2
      vertex 23.327 8.13803 2
      vertex 11.6667 9.5 2
    endloop
  endfacet
  facet normal 0 0 1
    outer loop
      vertex 25.0729 6.64683 2
      vertex 24.638 6.82698 2
      vertex 11.0937 7.73664 2
    endloop
  endfacet
  facet normal 0 0 1
    outer loop
      vertex 24.2366 7.07295 2
      vertex 23.8787 7.37868 2
      vertex 11.3397 8.13803 2
    endloop
  endfacet
  facet normal 0 0 1
    outer loop
      vertex 23.8787 7.37868 2
      vertex 23.5729 7.73664 2
      vertex 11.5198 8.57295 2
    endloop
  endfacet
  facet normal 0 -0 1
    outer loop
      vertex 11.3397 8.13803 2
      vertex 11.0937 7.73664 2
      vertex 24.2366 7.07295 2
    endloop
  endfacet
  facet normal 0 0 1
    outer loop
      vertex 9.13597 6.53693 2
      vertex 8.66667 6.5 2
      vertex 2 5 2
    endloop
  endfacet
  facet normal 0 -0 1
    outer loop
      vertex 27.7634 7.07295 2
      vertex 27.362 6.82698 2
      vertex 51 5 2
    endloop
  endfacet
  facet normal 0 0 1
    outer loop
      vertex 23.5729 7.73664 2
      vertex 11.6667 9.5 2
      vertex 11.6297 9.0307 2
    endloop
  endfacet
  facet normal 0 0 1
    outer loop
      vertex 23.327 8.13803 2
      vertex 23.1468 8.57295 2
      vertex 11.6297 9.9693 2
    endloop
  endfacet
  facet normal 0 -0 1
    outer loop
      vertex 11.5198 8.57295 2
      vertex 11.3397 8.13803 2
      vertex 23.8787 7.37868 2
    endloop
  endfacet
  facet normal -0 -0 1
    outer loop
      vertex 40.3333 9.5 2
      vertex 26.9271 12.3532 2
      vertex 40.3703 9.0307 2
    endloop
  endfacet
  facet normal -0 0 1
    outer loop
      vertex 40.3703 9.9693 2
      vertex 26.9271 12.3532 2
      vertex 40.3333 9.5 2
    endloop
  endfacet
  facet normal 0 0 1
    outer loop
      vertex 43.8026 12.4631 2
      vertex 44.2604 12.3532 2
      vertex 51 18.8 2
    endloop
  endfacet
  facet normal -0 0 1
    outer loop
      vertex 40.4802 10.4271 2
      vertex 26.9271 12.3532 2
      vertex 40.3703 9.9693 2
    endloop
  endfacet
  facet normal -0 0 1
    outer loop
      vertex 40.6603 10.862 2
      vertex 26.9271 12.3532 2
      vertex 40.4802 10.4271 2
    endloop
  endfacet
  facet normal -0 0 1
    outer loop
      vertex 40.9063 11.2634 2
      vertex 26.9271 12.3532 2
      vertex 40.6603 10.862 2
    endloop
  endfacet
  facet normal -0 0 1
    outer loop
      vertex 41.212 11.6213 2
      vertex 26.9271 12.3532 2
      vertex 40.9063 11.2634 2
    endloop
  endfacet
  facet normal -0 0 1
    outer loop
      vertex 41.57 11.9271 2
      vertex 26.9271 12.3532 2
      vertex 41.212 11.6213 2
    endloop
  endfacet
  facet normal 0 0 1
    outer loop
      vertex 41.9714 12.173 2
      vertex 42.4063 12.3532 2
      vertex 51 18.8 2
    endloop
  endfacet
  facet normal 0 0 1
    outer loop
      vertex 51 18.8 2
      vertex 26.9271 12.3532 2
      vertex 41.57 11.9271 2
    endloop
  endfacet
  facet normal 0 0 1
    outer loop
      vertex 42.4063 12.3532 2
      vertex 42.864 12.4631 2
      vertex 51 18.8 2
    endloop
  endfacet
  facet normal 0 0 1
    outer loop
      vertex 42.864 12.4631 2
      vertex 43.3333 12.5 2
      vertex 51 18.8 2
    endloop
  endfacet
  facet normal 0 0 1
    outer loop
      vertex 46.0064 10.862 2
      vertex 46.1865 10.4271 2
      vertex 51 5 2
    endloop
  endfacet
  facet normal 0 0 1
    outer loop
      vertex 45.7604 11.2634 2
      vertex 46.0064 10.862 2
      vertex 51 5 2
    endloop
  endfacet
  facet normal 0 -0 1
    outer loop
      vertex 45.4547 7.37868 2
      vertex 45.0967 7.07295 2
      vertex 51 5 2
    endloop
  endfacet
  facet normal 0 0 1
    outer loop
      vertex 46.1865 10.4271 2
      vertex 46.2964 9.9693 2
      vertex 51 5 2
    endloop
  endfacet
  facet normal 0 0 1
    outer loop
      vertex 51 18.8 2
      vertex 44.2604 12.3532 2
      vertex 44.6953 12.173 2
    endloop
  endfacet
  facet normal 0 0 1
    outer loop
      vertex 51 18.8 2
      vertex 44.6953 12.173 2
      vertex 45.0967 11.9271 2
    endloop
  endfacet
  facet normal 0 0 1
    outer loop
      vertex 51 18.8 2
      vertex 45.0967 11.9271 2
      vertex 45.4547 11.6213 2
    endloop
  endfacet
  facet normal 0 0 1
    outer loop
      vertex 51 18.8 2
      vertex 45.7604 11.2634 2
      vertex 51 5 2
    endloop
  endfacet
  facet normal 0 0 1
    outer loop
      vertex 51 18.8 2
      vertex 45.4547 11.6213 2
      vertex 45.7604 11.2634 2
    endloop
  endfacet
  facet normal 0 0 1
    outer loop
      vertex 46.2964 9.9693 2
      vertex 46.3333 9.5 2
      vertex 51 5 2
    endloop
  endfacet
  facet normal 0 -0 1
    outer loop
      vertex 46.3333 9.5 2
      vertex 46.2964 9.0307 2
      vertex 51 5 2
    endloop
  endfacet
  facet normal 0 -0 1
    outer loop
      vertex 46.2964 9.0307 2
      vertex 46.1865 8.57295 2
      vertex 51 5 2
    endloop
  endfacet
  facet normal 0 -0 1
    outer loop
      vertex 46.1865 8.57295 2
      vertex 46.0064 8.13803 2
      vertex 51 5 2
    endloop
  endfacet
  facet normal 0 -0 1
    outer loop
      vertex 46.0064 8.13803 2
      vertex 45.7604 7.73664 2
      vertex 51 5 2
    endloop
  endfacet
  facet normal 0 -0 1
    outer loop
      vertex 45.7604 7.73664 2
      vertex 45.4547 7.37868 2
      vertex 51 5 2
    endloop
  endfacet
  facet normal 0 0 1
    outer loop
      vertex 40.6603 8.13803 2
      vertex 40.4802 8.57295 2
      vertex 26.9271 12.3532 2
    endloop
  endfacet
  facet normal 0 0 1
    outer loop
      vertex 41.57 7.07295 2
      vertex 41.212 7.37868 2
      vertex 28.9631 9.9693 2
    endloop
  endfacet
  facet normal 0 -0 1
    outer loop
      vertex 44.6953 6.82698 2
      vertex 44.2604 6.64683 2
      vertex 51 5 2
    endloop
  endfacet
  facet normal 0 0 1
    outer loop
      vertex 41.212 7.37868 2
      vertex 40.9063 7.73664 2
      vertex 28.673 10.862 2
    endloop
  endfacet
  facet normal 0 0 1
    outer loop
      vertex 41.9714 6.82698 2
      vertex 28.9631 9.9693 2
      vertex 29 9.5 2
    endloop
  endfacet
  facet normal 0 -0 1
    outer loop
      vertex 45.0967 7.07295 2
      vertex 44.6953 6.82698 2
      vertex 51 5 2
    endloop
  endfacet
  facet normal 0 -0 1
    outer loop
      vertex 28.8532 8.57295 2
      vertex 28.673 8.13803 2
      vertex 51 5 2
    endloop
  endfacet
  facet normal 0 -0 1
    outer loop
      vertex 28.9631 9.0307 2
      vertex 28.8532 8.57295 2
      vertex 51 5 2
    endloop
  endfacet
  facet normal -0 -0 1
    outer loop
      vertex 43.3333 6.5 2
      vertex 42.864 6.53693 2
      vertex 51 5 2
    endloop
  endfacet
  facet normal 0 0 1
    outer loop
      vertex 29 9.5 2
      vertex 42.864 6.53693 2
      vertex 42.4063 6.64683 2
    endloop
  endfacet
  facet normal 0 0 1
    outer loop
      vertex 41.212 7.37868 2
      vertex 28.673 10.862 2
      vertex 28.8532 10.4271 2
    endloop
  endfacet
  facet normal -0 -0 1
    outer loop
      vertex 40.3703 9.0307 2
      vertex 26.9271 12.3532 2
      vertex 40.4802 8.57295 2
    endloop
  endfacet
  facet normal 0 -0 1
    outer loop
      vertex 43.8026 6.53693 2
      vertex 43.3333 6.5 2
      vertex 51 5 2
    endloop
  endfacet
  facet normal 0 0 1
    outer loop
      vertex 28.8532 10.4271 2
      vertex 28.9631 9.9693 2
      vertex 41.212 7.37868 2
    endloop
  endfacet
  facet normal 0 0 1
    outer loop
      vertex 10.788 11.6213 2
      vertex 11.0937 11.2634 2
      vertex 23 9.5 2
    endloop
  endfacet
  facet normal -1 -0 0
    outer loop
      vertex 51 5 2
      vertex 51 18.8 14.8143
      vertex 51 18.8 2
    endloop
  endfacet
  facet normal 0 -1 0
    outer loop
      vertex 11.5 18.8 7.5
      vertex 2 18.8 14.8143
      vertex 2 18.8 2
    endloop
  endfacet
  facet normal 0 -1 -0
    outer loop
      vertex 38.319 18.8 8.83651
      vertex 51 18.8 14.8143
      vertex 2 18.8 2
    endloop
  endfacet
  facet normal 0 -1 0
    outer loop
      vertex 11.5185 18.8 7.26535
      vertex 11.5 18.8 7.5
      vertex 2 18.8 2
    endloop
  endfacet
  facet normal 0 -1 0
    outer loop
      vertex 11.5185 18.8 7.73465
      vertex 2 18.8 14.8143
      vertex 11.5 18.8 7.5
    endloop
  endfacet
  facet normal 0 -1 0
    outer loop
      vertex 11.5734 18.8 7.96353
      vertex 2 18.8 14.8143
      vertex 11.5185 18.8 7.73465
    endloop
  endfacet
  facet normal 0 -1 0
    outer loop
      vertex 11.6635 18.8 8.18099
      vertex 2 18.8 14.8143
      vertex 11.5734 18.8 7.96353
    endloop
  endfacet
  facet normal 0 -1 0
    outer loop
      vertex 11.7865 18.8 8.38168
      vertex 2 18.8 14.8143
      vertex 11.6635 18.8 8.18099
    endloop
  endfacet
  facet normal 0 -1 0
    outer loop
      vertex 11.9393 18.8 8.56066
      vertex 2 18.8 14.8143
      vertex 11.7865 18.8 8.38168
    endloop
  endfacet
  facet normal 0 -1 0
    outer loop
      vertex 12.1183 18.8 8.71353
      vertex 2 18.8 14.8143
      vertex 11.9393 18.8 8.56066
    endloop
  endfacet
  facet normal -0 -1 0
    outer loop
      vertex 13.681 18.8 8.83651
      vertex 13.8817 18.8 8.71353
      vertex 51 18.8 14.8143
    endloop
  endfacet
  facet normal 0 -1 0
    outer loop
      vertex 12.319 18.8 8.83651
      vertex 2 18.8 14.8143
      vertex 12.1183 18.8 8.71353
    endloop
  endfacet
  facet normal 0 -1 0
    outer loop
      vertex 12.5365 18.8 8.92659
      vertex 2 18.8 14.8143
      vertex 12.319 18.8 8.83651
    endloop
  endfacet
  facet normal 0 -1 0
    outer loop
      vertex 12.7653 18.8 8.98153
      vertex 2 18.8 14.8143
      vertex 12.5365 18.8 8.92659
    endloop
  endfacet
  facet normal 0 -1 0
    outer loop
      vertex 51 18.8 14.8143
      vertex 2 18.8 14.8143
      vertex 12.7653 18.8 8.98153
    endloop
  endfacet
  facet normal -0 -1 0
    outer loop
      vertex 13.2347 18.8 8.98153
      vertex 13.4635 18.8 8.92659
      vertex 51 18.8 14.8143
    endloop
  endfacet
  facet normal 0 -1 0
    outer loop
      vertex 51 18.8 14.8143
      vertex 12.7653 18.8 8.98153
      vertex 13 18.8 9
    endloop
  endfacet
  facet normal 0 -1 0
    outer loop
      vertex 12.319 18.8 6.16349
      vertex 12.1183 18.8 6.28648
      vertex 2 18.8 2
    endloop
  endfacet
  facet normal -0 -1 0
    outer loop
      vertex 13.8817 18.8 8.71353
      vertex 14.0607 18.8 8.56066
      vertex 51 18.8 14.8143
    endloop
  endfacet
  facet normal -0 -1 0
    outer loop
      vertex 14.0607 18.8 8.56066
      vertex 14.2135 18.8 8.38168
      vertex 51 18.8 14.8143
    endloop
  endfacet
  facet normal -0 -1 0
    outer loop
      vertex 14.2135 18.8 8.38168
      vertex 14.3365 18.8 8.18099
      vertex 51 18.8 14.8143
    endloop
  endfacet
  facet normal -0 -1 0
    outer loop
      vertex 14.3365 18.8 8.18099
      vertex 14.4266 18.8 7.96353
      vertex 51 18.8 14.8143
    endloop
  endfacet
  facet normal 0 -1 0
    outer loop
      vertex 13.4635 18.8 6.07342
      vertex 13.2347 18.8 6.01847
      vertex 2 18.8 2
    endloop
  endfacet
  facet normal 0 -1 0
    outer loop
      vertex 38.5365 18.8 8.92659
      vertex 38.7653 18.8 8.98153
      vertex 51 18.8 14.8143
    endloop
  endfacet
  facet normal 0 -1 0
    outer loop
      vertex 11.7865 18.8 6.61832
      vertex 11.6635 18.8 6.81901
      vertex 2 18.8 2
    endloop
  endfacet
  facet normal 0 -1 0
    outer loop
      vertex 51 18.8 14.8143
      vertex 14.4266 18.8 7.96353
      vertex 14.4815 18.8 7.73465
    endloop
  endfacet
  facet normal 0 -1 0
    outer loop
      vertex 11.9393 18.8 6.43934
      vertex 11.7865 18.8 6.61832
      vertex 2 18.8 2
    endloop
  endfacet
  facet normal 0 -1 0
    outer loop
      vertex 51 18.8 14.8143
      vertex 14.4815 18.8 7.73465
      vertex 14.5 18.8 7.5
    endloop
  endfacet
  facet normal 0 -1 0
    outer loop
      vertex 12.1183 18.8 6.28648
      vertex 11.9393 18.8 6.43934
      vertex 2 18.8 2
    endloop
  endfacet
  facet normal 0 -1 0
    outer loop
      vertex 51 18.8 14.8143
      vertex 14.5 18.8 7.5
      vertex 14.4815 18.8 7.26535
    endloop
  endfacet
  facet normal -0 -1 0
    outer loop
      vertex 39.2347 18.8 8.98153
      vertex 39.4635 18.8 8.92659
      vertex 51 18.8 14.8143
    endloop
  endfacet
  facet normal 0 -1 0
    outer loop
      vertex 51 18.8 14.8143
      vertex 14.4815 18.8 7.26535
      vertex 14.4266 18.8 7.03648
    endloop
  endfacet
  facet normal 0 -1 0
    outer loop
      vertex 51 18.8 14.8143
      vertex 14.4266 18.8 7.03648
      vertex 14.3365 18.8 6.81901
    endloop
  endfacet
  facet normal 0 -1 0
    outer loop
      vertex 12.5365 18.8 6.07342
      vertex 12.319 18.8 6.16349
      vertex 2 18.8 2
    endloop
  endfacet
  facet normal 0 -1 0
    outer loop
      vertex 51 18.8 14.8143
      vertex 14.3365 18.8 6.81901
      vertex 14.2135 18.8 6.61832
    endloop
  endfacet
  facet normal 0 -1 0
    outer loop
      vertex 12.7653 18.8 6.01847
      vertex 12.5365 18.8 6.07342
      vertex 2 18.8 2
    endloop
  endfacet
  facet normal 0 -1 0
    outer loop
      vertex 51 18.8 14.8143
      vertex 14.2135 18.8 6.61832
      vertex 14.0607 18.8 6.43934
    endloop
  endfacet
  facet normal 0 -1 0
    outer loop
      vertex 13 18.8 6
      vertex 12.7653 18.8 6.01847
      vertex 2 18.8 2
    endloop
  endfacet
  facet normal 0 -1 0
    outer loop
      vertex 51 18.8 14.8143
      vertex 14.0607 18.8 6.43934
      vertex 13.8817 18.8 6.28648
    endloop
  endfacet
  facet normal 0 -1 0
    outer loop
      vertex 13.2347 18.8 6.01847
      vertex 13 18.8 6
      vertex 2 18.8 2
    endloop
  endfacet
  facet normal 0 -1 0
    outer loop
      vertex 51 18.8 14.8143
      vertex 13.8817 18.8 6.28648
      vertex 13.681 18.8 6.16349
    endloop
  endfacet
  facet normal 0 -1 0
    outer loop
      vertex 51 18.8 14.8143
      vertex 13.4635 18.8 6.07342
      vertex 2 18.8 2
    endloop
  endfacet
  facet normal 0 -1 0
    outer loop
      vertex 51 18.8 14.8143
      vertex 13.681 18.8 6.16349
      vertex 13.4635 18.8 6.07342
    endloop
  endfacet
  facet normal 0 -1 0
    outer loop
      vertex 11.6635 18.8 6.81901
      vertex 11.5734 18.8 7.03648
      vertex 2 18.8 2
    endloop
  endfacet
  facet normal 0 -1 0
    outer loop
      vertex 11.5734 18.8 7.03648
      vertex 11.5185 18.8 7.26535
      vertex 2 18.8 2
    endloop
  endfacet
  facet normal 0 -1 0
    outer loop
      vertex 37.5185 18.8 7.26535
      vertex 37.5 18.8 7.5
      vertex 2 18.8 2
    endloop
  endfacet
  facet normal 0 -1 -0
    outer loop
      vertex 37.5 18.8 7.5
      vertex 37.5185 18.8 7.73465
      vertex 2 18.8 2
    endloop
  endfacet
  facet normal 0 -1 -0
    outer loop
      vertex 37.5185 18.8 7.73465
      vertex 37.5734 18.8 7.96353
      vertex 2 18.8 2
    endloop
  endfacet
  facet normal 0 -1 -0
    outer loop
      vertex 37.5734 18.8 7.96353
      vertex 37.6635 18.8 8.18099
      vertex 2 18.8 2
    endloop
  endfacet
  facet normal -0 -1 0
    outer loop
      vertex 39.4635 18.8 8.92659
      vertex 39.681 18.8 8.83651
      vertex 51 18.8 14.8143
    endloop
  endfacet
  facet normal 0 -1 -0
    outer loop
      vertex 37.6635 18.8 8.18099
      vertex 37.7865 18.8 8.38168
      vertex 2 18.8 2
    endloop
  endfacet
  facet normal 0 -1 -0
    outer loop
      vertex 37.7865 18.8 8.38168
      vertex 37.9393 18.8 8.56066
      vertex 2 18.8 2
    endloop
  endfacet
  facet normal 0 -1 -0
    outer loop
      vertex 37.9393 18.8 8.56066
      vertex 38.1183 18.8 8.71353
      vertex 2 18.8 2
    endloop
  endfacet
  facet normal 0 -1 -0
    outer loop
      vertex 38.1183 18.8 8.71353
      vertex 38.319 18.8 8.83651
      vertex 2 18.8 2
    endloop
  endfacet
  facet normal 0 -1 -0
    outer loop
      vertex 38.5365 18.8 8.92659
      vertex 51 18.8 14.8143
      vertex 38.319 18.8 8.83651
    endloop
  endfacet
  facet normal 0 -1 0
    outer loop
      vertex 38.7653 18.8 8.98153
      vertex 39 18.8 9
      vertex 51 18.8 14.8143
    endloop
  endfacet
  facet normal -0 -1 0
    outer loop
      vertex 39 18.8 9
      vertex 39.2347 18.8 8.98153
      vertex 51 18.8 14.8143
    endloop
  endfacet
  facet normal -0 -1 0
    outer loop
      vertex 39.681 18.8 8.83651
      vertex 39.8817 18.8 8.71353
      vertex 51 18.8 14.8143
    endloop
  endfacet
  facet normal 0 -1 0
    outer loop
      vertex 40.2135 18.8 6.61832
      vertex 40.0607 18.8 6.43934
      vertex 51 18.8 2
    endloop
  endfacet
  facet normal 0 -1 0
    outer loop
      vertex 51 18.8 2
      vertex 51 18.8 14.8143
      vertex 39.8817 18.8 8.71353
    endloop
  endfacet
  facet normal 0 -1 0
    outer loop
      vertex 51 18.8 2
      vertex 39.8817 18.8 8.71353
      vertex 40.0607 18.8 8.56066
    endloop
  endfacet
  facet normal 0 -1 0
    outer loop
      vertex 51 18.8 2
      vertex 40.0607 18.8 8.56066
      vertex 40.2135 18.8 8.38168
    endloop
  endfacet
  facet normal 0 -1 0
    outer loop
      vertex 51 18.8 2
      vertex 40.2135 18.8 8.38168
      vertex 40.3365 18.8 8.18099
    endloop
  endfacet
  facet normal 0 -1 0
    outer loop
      vertex 51 18.8 2
      vertex 40.3365 18.8 8.18099
      vertex 40.4266 18.8 7.96353
    endloop
  endfacet
  facet normal 0 -1 0
    outer loop
      vertex 51 18.8 2
      vertex 40.4266 18.8 7.96353
      vertex 40.4815 18.8 7.73465
    endloop
  endfacet
  facet normal 0 -1 0
    outer loop
      vertex 51 18.8 2
      vertex 40.4815 18.8 7.73465
      vertex 40.5 18.8 7.5
    endloop
  endfacet
  facet normal 0 -1 0
    outer loop
      vertex 51 18.8 2
      vertex 40.5 18.8 7.5
      vertex 40.4815 18.8 7.26535
    endloop
  endfacet
  facet normal 0 -1 0
    outer loop
      vertex 51 18.8 2
      vertex 40.4815 18.8 7.26535
      vertex 40.4266 18.8 7.03648
    endloop
  endfacet
  facet normal 0 -1 0
    outer loop
      vertex 51 18.8 2
      vertex 40.4266 18.8 7.03648
      vertex 40.3365 18.8 6.81901
    endloop
  endfacet
  facet normal 0 -1 0
    outer loop
      vertex 39 18.8 6
      vertex 38.7653 18.8 6.01847
      vertex 2 18.8 2
    endloop
  endfacet
  facet normal 0 -1 0
    outer loop
      vertex 51 18.8 2
      vertex 40.3365 18.8 6.81901
      vertex 40.2135 18.8 6.61832
    endloop
  endfacet
  facet normal 0 -1 0
    outer loop
      vertex 38.319 18.8 6.16349
      vertex 38.1183 18.8 6.28648
      vertex 2 18.8 2
    endloop
  endfacet
  facet normal 0 -1 0
    outer loop
      vertex 51 18.8 2
      vertex 40.0607 18.8 6.43934
      vertex 39.8817 18.8 6.28648
    endloop
  endfacet
  facet normal 0 -1 0
    outer loop
      vertex 38.5365 18.8 6.07342
      vertex 38.319 18.8 6.16349
      vertex 2 18.8 2
    endloop
  endfacet
  facet normal 0 -1 0
    outer loop
      vertex 51 18.8 2
      vertex 39.8817 18.8 6.28648
      vertex 39.681 18.8 6.16349
    endloop
  endfacet
  facet normal 0 -1 0
    outer loop
      vertex 38.7653 18.8 6.01847
      vertex 38.5365 18.8 6.07342
      vertex 2 18.8 2
    endloop
  endfacet
  facet normal 0 -1 0
    outer loop
      vertex 51 18.8 2
      vertex 39.681 18.8 6.16349
      vertex 39.4635 18.8 6.07342
    endloop
  endfacet
  facet normal 0 -1 0
    outer loop
      vertex 51 18.8 2
      vertex 39.2347 18.8 6.01847
      vertex 2 18.8 2
    endloop
  endfacet
  facet normal 0 -1 0
    outer loop
      vertex 51 18.8 2
      vertex 39.4635 18.8 6.07342
      vertex 39.2347 18.8 6.01847
    endloop
  endfacet
  facet normal 0 -1 0
    outer loop
      vertex 39.2347 18.8 6.01847
      vertex 39 18.8 6
      vertex 2 18.8 2
    endloop
  endfacet
  facet normal 0 -1 0
    outer loop
      vertex 38.1183 18.8 6.28648
      vertex 37.9393 18.8 6.43934
      vertex 2 18.8 2
    endloop
  endfacet
  facet normal 0 -1 0
    outer loop
      vertex 37.9393 18.8 6.43934
      vertex 37.7865 18.8 6.61832
      vertex 2 18.8 2
    endloop
  endfacet
  facet normal 0 -1 0
    outer loop
      vertex 37.7865 18.8 6.61832
      vertex 37.6635 18.8 6.81901
      vertex 2 18.8 2
    endloop
  endfacet
  facet normal 0 -1 0
    outer loop
      vertex 37.6635 18.8 6.81901
      vertex 37.5734 18.8 7.03648
      vertex 2 18.8 2
    endloop
  endfacet
  facet normal 0 -1 0
    outer loop
      vertex 37.5734 18.8 7.03648
      vertex 37.5185 18.8 7.26535
      vertex 2 18.8 2
    endloop
  endfacet
  facet normal -0 -1 0
    outer loop
      vertex 13 18.8 9
      vertex 13.2347 18.8 8.98153
      vertex 51 18.8 14.8143
    endloop
  endfacet
  facet normal -0 -1 0
    outer loop
      vertex 13.4635 18.8 8.92659
      vertex 13.681 18.8 8.83651
      vertex 51 18.8 14.8143
    endloop
  endfacet
  facet normal 1 -0 1.38623e-016
    outer loop
      vertex 2 18.8 2
      vertex 2 18.8 14.8143
      vertex 2 5 2
    endloop
  endfacet
  facet normal -0.996917 -0.0784588 -0
    outer loop
      vertex 0 5 0
      vertex 0.061558 4.21783 0
      vertex 0 5 2
    endloop
  endfacet
  facet normal -0.996917 -0.0784588 0
    outer loop
      vertex 0 5 2
      vertex 0.061558 4.21783 0
      vertex 0.061558 4.21783 2
    endloop
  endfacet
  facet normal 2.22045e-016 0 -1
    outer loop
      vertex 0 5 -4.44089e-016
      vertex 0 19 -4.44089e-016
      vertex 2 5 0
    endloop
  endfacet
  facet normal 2.22045e-016 0 -1
    outer loop
      vertex 2 5 0
      vertex 0 19 -4.44089e-016
      vertex 2 19 0
    endloop
  endfacet
  facet normal 0 0 -1
    outer loop
      vertex 0 5 0
      vertex 2 5 0
      vertex 0.061558 4.21783 0
    endloop
  endfacet
  facet normal 0 0 -1
    outer loop
      vertex 0 19.1 0
      vertex 2 19 0
      vertex 0 19 0
    endloop
  endfacet
  facet normal 0 0 -1
    outer loop
      vertex 104 19.1 0
      vertex 2 19 0
      vertex 0 19.1 0
    endloop
  endfacet
  facet normal 0 -0 -1
    outer loop
      vertex 51 19 0
      vertex 2 19 0
      vertex 104 19.1 0
    endloop
  endfacet
  facet normal 0 0 -1
    outer loop
      vertex 102 5 0
      vertex 96.9514 10.6756 0
      vertex 96.7475 10.9142 0
    endloop
  endfacet
  facet normal -0 0 -1
    outer loop
      vertex 51 19 0
      vertex 104 19.1 0
      vertex 53 19 0
    endloop
  endfacet
  facet normal 0 0 -1
    outer loop
      vertex 102 5 0
      vertex 96.9514 8.32443 0
      vertex 97.1153 8.59202 0
    endloop
  endfacet
  facet normal 0 0 -1
    outer loop
      vertex 0.061558 4.21783 0
      vertex 102 5 0
      vertex 104 5 0
    endloop
  endfacet
  facet normal -0 0 -1
    outer loop
      vertex 0.061558 4.21783 0
      vertex 104 5 0
      vertex 103.938 4.21783 0
    endloop
  endfacet
  facet normal 0 0 -1
    outer loop
      vertex 0.061558 4.21783 0
      vertex 103.938 4.21783 0
      vertex 103.755 3.45492 0
    endloop
  endfacet
  facet normal 0 0 -1
    outer loop
      vertex 0.061558 4.21783 0
      vertex 103.755 3.45492 0
      vertex 103.455 2.73005 0
    endloop
  endfacet
  facet normal 0 0 -1
    outer loop
      vertex 0.061558 4.21783 0
      vertex 103.455 2.73005 0
      vertex 103.045 2.06107 0
    endloop
  endfacet
  facet normal 0 0 -1
    outer loop
      vertex 0.061558 4.21783 0
      vertex 103.045 2.06107 0
      vertex 102.536 1.46447 0
    endloop
  endfacet
  facet normal 0 0 -1
    outer loop
      vertex 0.061558 4.21783 0
      vertex 102.536 1.46447 0
      vertex 101.939 0.954915 0
    endloop
  endfacet
  facet normal 0 0 -1
    outer loop
      vertex 0.061558 4.21783 0
      vertex 101.939 0.954915 0
      vertex 101.27 0.544967 0
    endloop
  endfacet
  facet normal 0 0 -1
    outer loop
      vertex 0.061558 4.21783 0
      vertex 101.27 0.544967 0
      vertex 100.545 0.244717 0
    endloop
  endfacet
  facet normal 0 0 -1
    outer loop
      vertex 0.061558 4.21783 0
      vertex 100.545 0.244717 0
      vertex 99.7822 0.061558 0
    endloop
  endfacet
  facet normal 0 0 -1
    outer loop
      vertex 0.061558 4.21783 0
      vertex 99.7822 0.061558 0
      vertex 99 0 0
    endloop
  endfacet
  facet normal 0 0 -1
    outer loop
      vertex 0.061558 4.21783 0
      vertex 99 0 0
      vertex 5 0 0
    endloop
  endfacet
  facet normal 0 0 -1
    outer loop
      vertex 0.061558 4.21783 0
      vertex 5 0 0
      vertex 4.21783 0.061558 0
    endloop
  endfacet
  facet normal 0 0 -1
    outer loop
      vertex 0.061558 4.21783 0
      vertex 4.21783 0.061558 0
      vertex 3.45492 0.244717 0
    endloop
  endfacet
  facet normal 0 0 -1
    outer loop
      vertex 0.061558 4.21783 0
      vertex 3.45492 0.244717 0
      vertex 2.73005 0.544967 0
    endloop
  endfacet
  facet normal 0 0 -1
    outer loop
      vertex 0.061558 4.21783 0
      vertex 2.73005 0.544967 0
      vertex 2.06107 0.954915 0
    endloop
  endfacet
  facet normal 0 0 -1
    outer loop
      vertex 0.061558 4.21783 0
      vertex 2.06107 0.954915 0
      vertex 1.46447 1.46447 0
    endloop
  endfacet
  facet normal 0 0 -1
    outer loop
      vertex 0.061558 4.21783 0
      vertex 1.46447 1.46447 0
      vertex 0.954915 2.06107 0
    endloop
  endfacet
  facet normal 0 0 -1
    outer loop
      vertex 0.061558 4.21783 0
      vertex 0.954915 2.06107 0
      vertex 0.544967 2.73005 0
    endloop
  endfacet
  facet normal 0 0 -1
    outer loop
      vertex 0.061558 4.21783 0
      vertex 0.544967 2.73005 0
      vertex 0.244717 3.45492 0
    endloop
  endfacet
  facet normal 0 -0 -1
    outer loop
      vertex 2 5 0
      vertex 2 19 0
      vertex 6.66667 9.5 0
    endloop
  endfacet
  facet normal 0 0 -1
    outer loop
      vertex 2 5 0
      vertex 6.66667 9.5 0
      vertex 6.69129 9.18713 0
    endloop
  endfacet
  facet normal -0 0 -1
    outer loop
      vertex 10.5688 10.118 0
      vertex 25.092 11.282 0
      vertex 10.642 9.81287 0
    endloop
  endfacet
  facet normal 0 0 -1
    outer loop
      vertex 2 5 0
      vertex 6.69129 9.18713 0
      vertex 6.76455 8.88197 0
    endloop
  endfacet
  facet normal 0 0 -1
    outer loop
      vertex 2 5 0
      vertex 6.76455 8.88197 0
      vertex 6.88465 8.59202 0
    endloop
  endfacet
  facet normal -0 0 -1
    outer loop
      vertex 10.6667 9.5 0
      vertex 24.382 10.6756 0
      vertex 10.642 9.18713 0
    endloop
  endfacet
  facet normal 0 0 -1
    outer loop
      vertex 2 5 0
      vertex 6.88465 8.59202 0
      vertex 7.04863 8.32443 0
    endloop
  endfacet
  facet normal -0 0 -1
    outer loop
      vertex 10.642 9.18713 0
      vertex 24.218 10.408 0
      vertex 10.5688 8.88197 0
    endloop
  endfacet
  facet normal 0 0 -1
    outer loop
      vertex 2 5 0
      vertex 7.04863 8.32443 0
      vertex 7.25245 8.08579 0
    endloop
  endfacet
  facet normal 0 0 -1
    outer loop
      vertex 2 5 0
      vertex 7.25245 8.08579 0
      vertex 7.4911 7.88197 0
    endloop
  endfacet
  facet normal 0 0 -1
    outer loop
      vertex 53 19 0
      vertex 58.7646 8.88197 0
      vertex 58.8847 8.59202 0
    endloop
  endfacet
  facet normal 0 0 -1
    outer loop
      vertex 2 5 0
      vertex 7.4911 7.88197 0
      vertex 7.75869 7.71799 0
    endloop
  endfacet
  facet normal -0 0 -1
    outer loop
      vertex 10.2847 8.32443 0
      vertex 24.0246 9.81287 0
      vertex 10.0809 8.08579 0
    endloop
  endfacet
  facet normal 0 0 -1
    outer loop
      vertex 2 5 0
      vertex 7.75869 7.71799 0
      vertex 8.04863 7.59789 0
    endloop
  endfacet
  facet normal 0 0 -1
    outer loop
      vertex 24.0246 9.18713 0
      vertex 9.57465 7.71799 0
      vertex 24 9.5 0
    endloop
  endfacet
  facet normal 0 0 -1
    outer loop
      vertex 2 5 0
      vertex 8.04863 7.59789 0
      vertex 8.3538 7.52462 0
    endloop
  endfacet
  facet normal -0 0 -1
    outer loop
      vertex 9.84224 7.88197 0
      vertex 24 9.5 0
      vertex 9.57465 7.71799 0
    endloop
  endfacet
  facet normal 0 0 -1
    outer loop
      vertex 2 5 0
      vertex 8.3538 7.52462 0
      vertex 8.66667 7.5 0
    endloop
  endfacet
  facet normal 0 0 -1
    outer loop
      vertex 2 5 0
      vertex 8.66667 7.5 0
      vertex 8.97954 7.52462 0
    endloop
  endfacet
  facet normal 0 -0 -1
    outer loop
      vertex 41.4312 10.118 0
      vertex 27.618 8.32443 0
      vertex 41.5513 10.408 0
    endloop
  endfacet
  facet normal 0 0 -1
    outer loop
      vertex 24.0246 9.18713 0
      vertex 8.97954 7.52462 0
      vertex 9.2847 7.59789 0
    endloop
  endfacet
  facet normal 0 -0 -1
    outer loop
      vertex 41.3333 9.5 0
      vertex 26.908 7.71799 0
      vertex 41.358 9.81287 0
    endloop
  endfacet
  facet normal 0 0 -1
    outer loop
      vertex 24.0246 9.81287 0
      vertex 10.2847 8.32443 0
      vertex 10.4487 8.59202 0
    endloop
  endfacet
  facet normal 0 -0 -1
    outer loop
      vertex 24.5858 10.9142 0
      vertex 10.642 9.81287 0
      vertex 24.8244 11.118 0
    endloop
  endfacet
  facet normal 0 0 -1
    outer loop
      vertex 24 9.5 0
      vertex 9.84224 7.88197 0
      vertex 10.0809 8.08579 0
    endloop
  endfacet
  facet normal -0 -0 -1
    outer loop
      vertex 9.2847 11.4021 0
      vertex 2 19 0
      vertex 9.57465 11.282 0
    endloop
  endfacet
  facet normal -0 -0 -1
    outer loop
      vertex 9.57465 11.282 0
      vertex 2 19 0
      vertex 9.84224 11.118 0
    endloop
  endfacet
  facet normal 0 -0 -1
    outer loop
      vertex 24 9.5 0
      vertex 10.0809 8.08579 0
      vertex 24.0246 9.81287 0
    endloop
  endfacet
  facet normal -0 -0 -1
    outer loop
      vertex 8.97954 11.4754 0
      vertex 2 19 0
      vertex 9.2847 11.4021 0
    endloop
  endfacet
  facet normal -0 -0 -1
    outer loop
      vertex 8.66667 11.5 0
      vertex 2 19 0
      vertex 8.97954 11.4754 0
    endloop
  endfacet
  facet normal 0 -0 -1
    outer loop
      vertex 8.3538 11.4754 0
      vertex 2 19 0
      vertex 8.66667 11.5 0
    endloop
  endfacet
  facet normal 0 -0 -1
    outer loop
      vertex 8.04863 11.4021 0
      vertex 2 19 0
      vertex 8.3538 11.4754 0
    endloop
  endfacet
  facet normal 0 -0 -1
    outer loop
      vertex 7.75869 11.282 0
      vertex 2 19 0
      vertex 8.04863 11.4021 0
    endloop
  endfacet
  facet normal 0 -0 -1
    outer loop
      vertex 7.4911 11.118 0
      vertex 2 19 0
      vertex 7.75869 11.282 0
    endloop
  endfacet
  facet normal 0 -0 -1
    outer loop
      vertex 7.25245 10.9142 0
      vertex 2 19 0
      vertex 7.4911 11.118 0
    endloop
  endfacet
  facet normal 0 -0 -1
    outer loop
      vertex 7.04863 10.6756 0
      vertex 2 19 0
      vertex 7.25245 10.9142 0
    endloop
  endfacet
  facet normal 0 -0 -1
    outer loop
      vertex 6.88465 10.408 0
      vertex 2 19 0
      vertex 7.04863 10.6756 0
    endloop
  endfacet
  facet normal 0 -0 -1
    outer loop
      vertex 6.76455 10.118 0
      vertex 2 19 0
      vertex 6.88465 10.408 0
    endloop
  endfacet
  facet normal 0 -0 -1
    outer loop
      vertex 6.69129 9.81287 0
      vertex 2 19 0
      vertex 6.76455 10.118 0
    endloop
  endfacet
  facet normal 0 -0 -1
    outer loop
      vertex 6.66667 9.5 0
      vertex 2 19 0
      vertex 6.69129 9.81287 0
    endloop
  endfacet
  facet normal 0 0 -1
    outer loop
      vertex 2 5 0
      vertex 8.97954 7.52462 0
      vertex 24.0246 9.18713 0
    endloop
  endfacet
  facet normal 0 0 -1
    outer loop
      vertex 2 5 0
      vertex 24.0246 9.18713 0
      vertex 24.0979 8.88197 0
    endloop
  endfacet
  facet normal 0 0 -1
    outer loop
      vertex 2 5 0
      vertex 24.0979 8.88197 0
      vertex 24.218 8.59202 0
    endloop
  endfacet
  facet normal 0 -0 -1
    outer loop
      vertex 41.358 9.81287 0
      vertex 27.4142 8.08579 0
      vertex 41.4312 10.118 0
    endloop
  endfacet
  facet normal 0 0 -1
    outer loop
      vertex 2 5 0
      vertex 24.218 8.59202 0
      vertex 24.382 8.32443 0
    endloop
  endfacet
  facet normal -0 0 -1
    outer loop
      vertex 27.9754 9.18713 0
      vertex 41.9191 10.9142 0
      vertex 27.9021 8.88197 0
    endloop
  endfacet
  facet normal 0 0 -1
    outer loop
      vertex 0.061558 4.21783 0
      vertex 2 5 0
      vertex 24.5858 8.08579 0
    endloop
  endfacet
  facet normal 0 0 -1
    outer loop
      vertex 102 5 0
      vertex 97.2354 8.88197 0
      vertex 97.3087 9.18713 0
    endloop
  endfacet
  facet normal 0 0 -1
    outer loop
      vertex 0.061558 4.21783 0
      vertex 24.5858 8.08579 0
      vertex 24.8244 7.88197 0
    endloop
  endfacet
  facet normal 0 0 -1
    outer loop
      vertex 102 5 0
      vertex 97.3087 9.81287 0
      vertex 97.2354 10.118 0
    endloop
  endfacet
  facet normal 0 0 -1
    outer loop
      vertex 0.061558 4.21783 0
      vertex 25.092 7.71799 0
      vertex 25.382 7.59789 0
    endloop
  endfacet
  facet normal 0 0 -1
    outer loop
      vertex 0.061558 4.21783 0
      vertex 25.382 7.59789 0
      vertex 25.6871 7.52462 0
    endloop
  endfacet
  facet normal 0 0 -1
    outer loop
      vertex 0.061558 4.21783 0
      vertex 25.6871 7.52462 0
      vertex 26 7.5 0
    endloop
  endfacet
  facet normal 0 0 -1
    outer loop
      vertex 53 19 0
      vertex 60.6667 11.5 0
      vertex 60.3538 11.4754 0
    endloop
  endfacet
  facet normal 0 0 -1
    outer loop
      vertex 53 19 0
      vertex 59.7587 11.282 0
      vertex 59.4911 11.118 0
    endloop
  endfacet
  facet normal 0 0 -1
    outer loop
      vertex 53 19 0
      vertex 59.4911 11.118 0
      vertex 59.2525 10.9142 0
    endloop
  endfacet
  facet normal 0 0 -1
    outer loop
      vertex 51 5 0
      vertex 26.618 7.59789 0
      vertex 26.908 7.71799 0
    endloop
  endfacet
  facet normal 0 0 -1
    outer loop
      vertex 53 19 0
      vertex 60.0486 11.4021 0
      vertex 59.7587 11.282 0
    endloop
  endfacet
  facet normal 0 0 -1
    outer loop
      vertex 102 5 0
      vertex 97.3333 9.5 0
      vertex 97.3087 9.81287 0
    endloop
  endfacet
  facet normal 0 0 -1
    outer loop
      vertex 24.5858 8.08579 0
      vertex 2 5 0
      vertex 24.382 8.32443 0
    endloop
  endfacet
  facet normal 0 0 -1
    outer loop
      vertex 24.0246 9.18713 0
      vertex 9.2847 7.59789 0
      vertex 9.57465 7.71799 0
    endloop
  endfacet
  facet normal 0 0 -1
    outer loop
      vertex 24.0979 10.118 0
      vertex 10.4487 8.59202 0
      vertex 10.5688 8.88197 0
    endloop
  endfacet
  facet normal 0 -0 -1
    outer loop
      vertex 24.218 10.408 0
      vertex 10.642 9.18713 0
      vertex 24.382 10.6756 0
    endloop
  endfacet
  facet normal 0 -0 -1
    outer loop
      vertex 25.382 11.4021 0
      vertex 10.5688 10.118 0
      vertex 25.6871 11.4754 0
    endloop
  endfacet
  facet normal 0 -0 -1
    outer loop
      vertex 24.8244 11.118 0
      vertex 10.642 9.81287 0
      vertex 25.092 11.282 0
    endloop
  endfacet
  facet normal 0 0 -1
    outer loop
      vertex 24.5858 10.9142 0
      vertex 10.6667 9.5 0
      vertex 10.642 9.81287 0
    endloop
  endfacet
  facet normal -0 -0 -1
    outer loop
      vertex 9.84224 11.118 0
      vertex 2 19 0
      vertex 10.0809 10.9142 0
    endloop
  endfacet
  facet normal 0 -0 -1
    outer loop
      vertex 25.092 11.282 0
      vertex 10.5688 10.118 0
      vertex 25.382 11.4021 0
    endloop
  endfacet
  facet normal 0 -0 -1
    outer loop
      vertex 24.382 10.6756 0
      vertex 10.6667 9.5 0
      vertex 24.5858 10.9142 0
    endloop
  endfacet
  facet normal 0 -0 -1
    outer loop
      vertex 24.0979 10.118 0
      vertex 10.5688 8.88197 0
      vertex 24.218 10.408 0
    endloop
  endfacet
  facet normal 0 -0 -1
    outer loop
      vertex 24.0246 9.81287 0
      vertex 10.4487 8.59202 0
      vertex 24.0979 10.118 0
    endloop
  endfacet
  facet normal 0 0 -1
    outer loop
      vertex 26.908 7.71799 0
      vertex 41.3333 9.5 0
      vertex 41.358 9.18713 0
    endloop
  endfacet
  facet normal 0 0 -1
    outer loop
      vertex 26.908 7.71799 0
      vertex 41.358 9.18713 0
      vertex 41.4312 8.88197 0
    endloop
  endfacet
  facet normal 0 0 -1
    outer loop
      vertex 26.908 7.71799 0
      vertex 41.4312 8.88197 0
      vertex 41.5513 8.59202 0
    endloop
  endfacet
  facet normal 0 0 -1
    outer loop
      vertex 26.908 7.71799 0
      vertex 41.5513 8.59202 0
      vertex 41.7153 8.32443 0
    endloop
  endfacet
  facet normal 0 0 -1
    outer loop
      vertex 53 19 0
      vertex 58.8847 8.59202 0
      vertex 53 5 0
    endloop
  endfacet
  facet normal 0 0 -1
    outer loop
      vertex 26.908 7.71799 0
      vertex 41.7153 8.32443 0
      vertex 41.9191 8.08579 0
    endloop
  endfacet
  facet normal 0 0 -1
    outer loop
      vertex 26.908 7.71799 0
      vertex 41.9191 8.08579 0
      vertex 42.1578 7.88197 0
    endloop
  endfacet
  facet normal -0 0 -1
    outer loop
      vertex 26.908 7.71799 0
      vertex 42.1578 7.88197 0
      vertex 42.4254 7.71799 0
    endloop
  endfacet
  facet normal 0 0 -1
    outer loop
      vertex 26.908 7.71799 0
      vertex 42.4254 7.71799 0
      vertex 42.7153 7.59789 0
    endloop
  endfacet
  facet normal 0 0 -1
    outer loop
      vertex 26.908 7.71799 0
      vertex 42.7153 7.59789 0
      vertex 43.0205 7.52462 0
    endloop
  endfacet
  facet normal 0 0 -1
    outer loop
      vertex 26.908 7.71799 0
      vertex 43.0205 7.52462 0
      vertex 43.3333 7.5 0
    endloop
  endfacet
  facet normal 0 0 -1
    outer loop
      vertex 53 19 0
      vertex 59.2525 10.9142 0
      vertex 59.0486 10.6756 0
    endloop
  endfacet
  facet normal 0 0 -1
    outer loop
      vertex 53 19 0
      vertex 58.8847 10.408 0
      vertex 58.7646 10.118 0
    endloop
  endfacet
  facet normal 0 0 -1
    outer loop
      vertex 53 19 0
      vertex 58.7646 10.118 0
      vertex 58.6913 9.81287 0
    endloop
  endfacet
  facet normal 0 0 -1
    outer loop
      vertex 53 19 0
      vertex 58.6913 9.81287 0
      vertex 58.6667 9.5 0
    endloop
  endfacet
  facet normal 0 0 -1
    outer loop
      vertex 53 19 0
      vertex 58.6667 9.5 0
      vertex 58.6913 9.18713 0
    endloop
  endfacet
  facet normal 0 0 -1
    outer loop
      vertex 53 19 0
      vertex 58.6913 9.18713 0
      vertex 58.7646 8.88197 0
    endloop
  endfacet
  facet normal 0 0 -1
    outer loop
      vertex 53 19 0
      vertex 59.0486 10.6756 0
      vertex 58.8847 10.408 0
    endloop
  endfacet
  facet normal 0 0 -1
    outer loop
      vertex 51 5 0
      vertex 26.3129 7.52462 0
      vertex 26.618 7.59789 0
    endloop
  endfacet
  facet normal 0 0 -1
    outer loop
      vertex 102 5 0
      vertex 97.2354 10.118 0
      vertex 97.1153 10.408 0
    endloop
  endfacet
  facet normal -0 0 -1
    outer loop
      vertex 27.9021 8.88197 0
      vertex 41.7153 10.6756 0
      vertex 27.782 8.59202 0
    endloop
  endfacet
  facet normal 0 0 -1
    outer loop
      vertex 102 5 0
      vertex 97.1153 8.59202 0
      vertex 97.2354 8.88197 0
    endloop
  endfacet
  facet normal 0 -0 -1
    outer loop
      vertex 41.7153 10.6756 0
      vertex 27.9021 8.88197 0
      vertex 41.9191 10.9142 0
    endloop
  endfacet
  facet normal 0 0 -1
    outer loop
      vertex 42.1578 11.118 0
      vertex 27.9754 9.18713 0
      vertex 28 9.5 0
    endloop
  endfacet
  facet normal 0 -0 -1
    outer loop
      vertex 42.1578 11.118 0
      vertex 28 9.5 0
      vertex 42.4254 11.282 0
    endloop
  endfacet
  facet normal 0 0 -1
    outer loop
      vertex 58.8847 8.59202 0
      vertex 59.0486 8.32443 0
      vertex 53 5 0
    endloop
  endfacet
  facet normal 0 0 -1
    outer loop
      vertex 42.7153 11.4021 0
      vertex 28 9.5 0
      vertex 27.9754 9.81287 0
    endloop
  endfacet
  facet normal 0 -0 -1
    outer loop
      vertex 42.4254 11.282 0
      vertex 28 9.5 0
      vertex 42.7153 11.4021 0
    endloop
  endfacet
  facet normal 0 -0 -1
    outer loop
      vertex 42.7153 11.4021 0
      vertex 27.9754 9.81287 0
      vertex 43.0205 11.4754 0
    endloop
  endfacet
  facet normal 0 -0 -1
    outer loop
      vertex 41.9191 10.9142 0
      vertex 27.9754 9.18713 0
      vertex 42.1578 11.118 0
    endloop
  endfacet
  facet normal 0 0 -1
    outer loop
      vertex 51 5 0
      vertex 43.6462 7.52462 0
      vertex 43.9514 7.59789 0
    endloop
  endfacet
  facet normal 0 -0 -1
    outer loop
      vertex 41.5513 10.408 0
      vertex 27.782 8.59202 0
      vertex 41.7153 10.6756 0
    endloop
  endfacet
  facet normal 0 0 -1
    outer loop
      vertex 102 5 0
      vertex 97.3087 9.18713 0
      vertex 97.3333 9.5 0
    endloop
  endfacet
  facet normal 0 0 -1
    outer loop
      vertex 102 5 0
      vertex 97.1153 10.408 0
      vertex 96.9514 10.6756 0
    endloop
  endfacet
  facet normal 0 -0 -1
    outer loop
      vertex 10.0809 10.9142 0
      vertex 2 19 0
      vertex 51 19 0
    endloop
  endfacet
  facet normal -0 0 -1
    outer loop
      vertex 53 19 0
      vertex 104 19.1 0
      vertex 102 19 0
    endloop
  endfacet
  facet normal 0 0 -1
    outer loop
      vertex 0.061558 4.21783 0
      vertex 26 7.5 0
      vertex 51 5 0
    endloop
  endfacet
  facet normal 0 0 -1
    outer loop
      vertex 53 19 0
      vertex 60.3538 11.4754 0
      vertex 60.0486 11.4021 0
    endloop
  endfacet
  facet normal 0 0 -1
    outer loop
      vertex 0.061558 4.21783 0
      vertex 51 5 0
      vertex 53 5 0
    endloop
  endfacet
  facet normal 0 0 -1
    outer loop
      vertex 0.061558 4.21783 0
      vertex 53 5 0
      vertex 102 5 0
    endloop
  endfacet
  facet normal 0 -0 -1
    outer loop
      vertex 44.7475 10.9142 0
      vertex 44.5089 11.118 0
      vertex 51 19 0
    endloop
  endfacet
  facet normal 0 0 -1
    outer loop
      vertex 78 7.5 0
      vertex 102 5 0
      vertex 77.6871 7.52462 0
    endloop
  endfacet
  facet normal 0 0 -1
    outer loop
      vertex 78.3129 7.52462 0
      vertex 102 5 0
      vertex 78 7.5 0
    endloop
  endfacet
  facet normal 0 0 -1
    outer loop
      vertex 61.2847 7.59789 0
      vertex 102 5 0
      vertex 60.9795 7.52462 0
    endloop
  endfacet
  facet normal 0 0 -1
    outer loop
      vertex 51 5 0
      vertex 43.3333 7.5 0
      vertex 43.6462 7.52462 0
    endloop
  endfacet
  facet normal 0 0 -1
    outer loop
      vertex 61.8422 7.88197 0
      vertex 102 5 0
      vertex 61.5746 7.71799 0
    endloop
  endfacet
  facet normal 0 0 -1
    outer loop
      vertex 62.4487 8.59202 0
      vertex 102 5 0
      vertex 62.2847 8.32443 0
    endloop
  endfacet
  facet normal 0 0 -1
    outer loop
      vertex 62.5688 8.88197 0
      vertex 102 5 0
      vertex 62.4487 8.59202 0
    endloop
  endfacet
  facet normal 0 -0 -1
    outer loop
      vertex 43.6462 11.4754 0
      vertex 43.3333 11.5 0
      vertex 51 19 0
    endloop
  endfacet
  facet normal 0 0 -1
    outer loop
      vertex 77.6871 7.52462 0
      vertex 62.642 9.18713 0
      vertex 77.382 7.59789 0
    endloop
  endfacet
  facet normal 0 -0 -1
    outer loop
      vertex 43.9514 11.4021 0
      vertex 43.6462 11.4754 0
      vertex 51 19 0
    endloop
  endfacet
  facet normal 0 -0 -1
    outer loop
      vertex 44.2413 11.282 0
      vertex 43.9514 11.4021 0
      vertex 51 19 0
    endloop
  endfacet
  facet normal 0 -0 -1
    outer loop
      vertex 44.5089 11.118 0
      vertex 44.2413 11.282 0
      vertex 51 19 0
    endloop
  endfacet
  facet normal 0 0 -1
    outer loop
      vertex 51 5 0
      vertex 44.7475 10.9142 0
      vertex 51 19 0
    endloop
  endfacet
  facet normal 0 0 -1
    outer loop
      vertex 53 19 0
      vertex 102 19 0
      vertex 60.6667 11.5 0
    endloop
  endfacet
  facet normal 0 0 -1
    outer loop
      vertex 60.9795 7.52462 0
      vertex 102 5 0
      vertex 60.6667 7.5 0
    endloop
  endfacet
  facet normal 0 0 -1
    outer loop
      vertex 62.642 9.18713 0
      vertex 77.6871 7.52462 0
      vertex 62.5688 8.88197 0
    endloop
  endfacet
  facet normal 0 0 -1
    outer loop
      vertex 43.3333 11.5 0
      vertex 26.618 11.4021 0
      vertex 26.3129 11.4754 0
    endloop
  endfacet
  facet normal -0 0 -1
    outer loop
      vertex 62.642 9.18713 0
      vertex 76 9.5 0
      vertex 76.0246 9.18713 0
    endloop
  endfacet
  facet normal 0 0 -1
    outer loop
      vertex 62.642 9.18713 0
      vertex 76.0246 9.18713 0
      vertex 76.0979 8.88197 0
    endloop
  endfacet
  facet normal 0 0 -1
    outer loop
      vertex 62.642 9.18713 0
      vertex 76.0979 8.88197 0
      vertex 76.218 8.59202 0
    endloop
  endfacet
  facet normal 0 0 -1
    outer loop
      vertex 62.642 9.18713 0
      vertex 76.218 8.59202 0
      vertex 76.382 8.32443 0
    endloop
  endfacet
  facet normal 0 0 -1
    outer loop
      vertex 62.642 9.18713 0
      vertex 76.382 8.32443 0
      vertex 76.5858 8.08579 0
    endloop
  endfacet
  facet normal 0 0 -1
    outer loop
      vertex 62.642 9.18713 0
      vertex 76.5858 8.08579 0
      vertex 76.8244 7.88197 0
    endloop
  endfacet
  facet normal 0 0 -1
    outer loop
      vertex 62.642 9.18713 0
      vertex 76.8244 7.88197 0
      vertex 77.092 7.71799 0
    endloop
  endfacet
  facet normal 0 0 -1
    outer loop
      vertex 77.382 7.59789 0
      vertex 62.642 9.18713 0
      vertex 77.092 7.71799 0
    endloop
  endfacet
  facet normal 0 0 -1
    outer loop
      vertex 62.5688 8.88197 0
      vertex 77.6871 7.52462 0
      vertex 102 5 0
    endloop
  endfacet
  facet normal 0 0 -1
    outer loop
      vertex 78.618 7.59789 0
      vertex 102 5 0
      vertex 78.3129 7.52462 0
    endloop
  endfacet
  facet normal 0 0 -1
    outer loop
      vertex 78.908 7.71799 0
      vertex 102 5 0
      vertex 78.618 7.59789 0
    endloop
  endfacet
  facet normal 0 0 -1
    outer loop
      vertex 79.1756 7.88197 0
      vertex 102 5 0
      vertex 78.908 7.71799 0
    endloop
  endfacet
  facet normal 0 0 -1
    outer loop
      vertex 79.4142 8.08579 0
      vertex 102 5 0
      vertex 79.1756 7.88197 0
    endloop
  endfacet
  facet normal 0 0 -1
    outer loop
      vertex 79.618 8.32443 0
      vertex 102 5 0
      vertex 79.4142 8.08579 0
    endloop
  endfacet
  facet normal 0 0 -1
    outer loop
      vertex 79.782 8.59202 0
      vertex 102 5 0
      vertex 79.618 8.32443 0
    endloop
  endfacet
  facet normal 0 0 -1
    outer loop
      vertex 79.9021 8.88197 0
      vertex 102 5 0
      vertex 79.782 8.59202 0
    endloop
  endfacet
  facet normal 0 0 -1
    outer loop
      vertex 43.0205 11.4754 0
      vertex 27.9021 10.118 0
      vertex 27.782 10.408 0
    endloop
  endfacet
  facet normal 0 -0 -1
    outer loop
      vertex 77.382 11.4021 0
      vertex 62.642 9.18713 0
      vertex 77.6871 11.4754 0
    endloop
  endfacet
  facet normal 0 0 -1
    outer loop
      vertex 43.3333 11.5 0
      vertex 43.0205 11.4754 0
      vertex 27.782 10.408 0
    endloop
  endfacet
  facet normal 0 0 -1
    outer loop
      vertex 43.3333 11.5 0
      vertex 27.782 10.408 0
      vertex 27.618 10.6756 0
    endloop
  endfacet
  facet normal 0 0 -1
    outer loop
      vertex 43.3333 11.5 0
      vertex 27.618 10.6756 0
      vertex 27.4142 10.9142 0
    endloop
  endfacet
  facet normal 0 0 -1
    outer loop
      vertex 43.3333 11.5 0
      vertex 27.4142 10.9142 0
      vertex 27.1756 11.118 0
    endloop
  endfacet
  facet normal 0 0 -1
    outer loop
      vertex 43.3333 11.5 0
      vertex 27.1756 11.118 0
      vertex 26.908 11.282 0
    endloop
  endfacet
  facet normal 0 0 -1
    outer loop
      vertex 43.3333 11.5 0
      vertex 26.908 11.282 0
      vertex 26.618 11.4021 0
    endloop
  endfacet
  facet normal 0 0 -1
    outer loop
      vertex 43.3333 11.5 0
      vertex 26.3129 11.4754 0
      vertex 26 11.5 0
    endloop
  endfacet
  facet normal 0 0 -1
    outer loop
      vertex 25.6871 11.4754 0
      vertex 10.5688 10.118 0
      vertex 10.4487 10.408 0
    endloop
  endfacet
  facet normal 0 0 -1
    outer loop
      vertex 26 11.5 0
      vertex 25.6871 11.4754 0
      vertex 10.4487 10.408 0
    endloop
  endfacet
  facet normal 0 0 -1
    outer loop
      vertex 26 11.5 0
      vertex 10.4487 10.408 0
      vertex 10.2847 10.6756 0
    endloop
  endfacet
  facet normal 0 0 -1
    outer loop
      vertex 26 11.5 0
      vertex 10.2847 10.6756 0
      vertex 10.0809 10.9142 0
    endloop
  endfacet
  facet normal 0 -0 -1
    outer loop
      vertex 26 11.5 0
      vertex 10.0809 10.9142 0
      vertex 51 19 0
    endloop
  endfacet
  facet normal 0 -0 -1
    outer loop
      vertex 43.3333 11.5 0
      vertex 26 11.5 0
      vertex 51 19 0
    endloop
  endfacet
  facet normal 0 -0 -1
    outer loop
      vertex 77.092 11.282 0
      vertex 62.642 9.18713 0
      vertex 77.382 11.4021 0
    endloop
  endfacet
  facet normal 0 -0 -1
    outer loop
      vertex 76.8244 11.118 0
      vertex 62.642 9.18713 0
      vertex 77.092 11.282 0
    endloop
  endfacet
  facet normal 0 -0 -1
    outer loop
      vertex 76.5858 10.9142 0
      vertex 62.642 9.18713 0
      vertex 76.8244 11.118 0
    endloop
  endfacet
  facet normal 0 -0 -1
    outer loop
      vertex 76.382 10.6756 0
      vertex 62.642 9.18713 0
      vertex 76.5858 10.9142 0
    endloop
  endfacet
  facet normal 0 -0 -1
    outer loop
      vertex 76.218 10.408 0
      vertex 62.642 9.18713 0
      vertex 76.382 10.6756 0
    endloop
  endfacet
  facet normal 0 0 -1
    outer loop
      vertex 95.0205 7.52462 0
      vertex 102 5 0
      vertex 94.7153 7.59789 0
    endloop
  endfacet
  facet normal 0 0 -1
    outer loop
      vertex 62.642 9.18713 0
      vertex 76.218 10.408 0
      vertex 76.0979 10.118 0
    endloop
  endfacet
  facet normal 0 0 -1
    outer loop
      vertex 62.642 9.18713 0
      vertex 76.0979 10.118 0
      vertex 76.0246 9.81287 0
    endloop
  endfacet
  facet normal 0 0 -1
    outer loop
      vertex 62.642 9.18713 0
      vertex 76.0246 9.81287 0
      vertex 76 9.5 0
    endloop
  endfacet
  facet normal 0 0 -1
    outer loop
      vertex 51 5 0
      vertex 45.1153 10.408 0
      vertex 44.9514 10.6756 0
    endloop
  endfacet
  facet normal 0 0 -1
    outer loop
      vertex 79.9021 8.88197 0
      vertex 93.3333 9.5 0
      vertex 93.358 9.18713 0
    endloop
  endfacet
  facet normal -0 0 -1
    outer loop
      vertex 79.9021 8.88197 0
      vertex 93.358 9.18713 0
      vertex 93.4312 8.88197 0
    endloop
  endfacet
  facet normal 0 0 -1
    outer loop
      vertex 79.9021 8.88197 0
      vertex 93.4312 8.88197 0
      vertex 93.5513 8.59202 0
    endloop
  endfacet
  facet normal 0 0 -1
    outer loop
      vertex 79.9021 8.88197 0
      vertex 93.5513 8.59202 0
      vertex 93.7153 8.32443 0
    endloop
  endfacet
  facet normal 0 0 -1
    outer loop
      vertex 79.9021 8.88197 0
      vertex 93.7153 8.32443 0
      vertex 93.9191 8.08579 0
    endloop
  endfacet
  facet normal 0 0 -1
    outer loop
      vertex 79.9021 8.88197 0
      vertex 93.9191 8.08579 0
      vertex 94.1578 7.88197 0
    endloop
  endfacet
  facet normal 0 0 -1
    outer loop
      vertex 79.9021 8.88197 0
      vertex 94.1578 7.88197 0
      vertex 94.4254 7.71799 0
    endloop
  endfacet
  facet normal 0 0 -1
    outer loop
      vertex 79.9021 8.88197 0
      vertex 94.4254 7.71799 0
      vertex 94.7153 7.59789 0
    endloop
  endfacet
  facet normal 0 0 -1
    outer loop
      vertex 79.9021 8.88197 0
      vertex 94.7153 7.59789 0
      vertex 102 5 0
    endloop
  endfacet
  facet normal 0 0 -1
    outer loop
      vertex 95.3333 7.5 0
      vertex 102 5 0
      vertex 95.0205 7.52462 0
    endloop
  endfacet
  facet normal 0 0 -1
    outer loop
      vertex 95.6462 7.52462 0
      vertex 102 5 0
      vertex 95.3333 7.5 0
    endloop
  endfacet
  facet normal 0 0 -1
    outer loop
      vertex 95.9514 7.59789 0
      vertex 102 5 0
      vertex 95.6462 7.52462 0
    endloop
  endfacet
  facet normal 0 0 -1
    outer loop
      vertex 96.2413 7.71799 0
      vertex 102 5 0
      vertex 95.9514 7.59789 0
    endloop
  endfacet
  facet normal 0 0 -1
    outer loop
      vertex 96.5089 7.88197 0
      vertex 102 5 0
      vertex 96.2413 7.71799 0
    endloop
  endfacet
  facet normal 0 -0 -1
    outer loop
      vertex 94.4254 11.282 0
      vertex 79.9021 8.88197 0
      vertex 94.7153 11.4021 0
    endloop
  endfacet
  facet normal -0 0 -1
    outer loop
      vertex 96.5089 7.88197 0
      vertex 96.7475 8.08579 0
      vertex 102 5 0
    endloop
  endfacet
  facet normal -0 0 -1
    outer loop
      vertex 96.7475 8.08579 0
      vertex 96.9514 8.32443 0
      vertex 102 5 0
    endloop
  endfacet
  facet normal 0 0 -1
    outer loop
      vertex 51 5 0
      vertex 43.9514 7.59789 0
      vertex 44.2413 7.71799 0
    endloop
  endfacet
  facet normal 0 0 -1
    outer loop
      vertex 51 5 0
      vertex 44.2413 7.71799 0
      vertex 44.5089 7.88197 0
    endloop
  endfacet
  facet normal 0 0 -1
    outer loop
      vertex 51 5 0
      vertex 44.5089 7.88197 0
      vertex 44.7475 8.08579 0
    endloop
  endfacet
  facet normal 0 0 -1
    outer loop
      vertex 51 5 0
      vertex 44.7475 8.08579 0
      vertex 44.9514 8.32443 0
    endloop
  endfacet
  facet normal 0 0 -1
    outer loop
      vertex 51 5 0
      vertex 44.9514 8.32443 0
      vertex 45.1153 8.59202 0
    endloop
  endfacet
  facet normal 0 0 -1
    outer loop
      vertex 51 5 0
      vertex 45.1153 8.59202 0
      vertex 45.2354 8.88197 0
    endloop
  endfacet
  facet normal 0 0 -1
    outer loop
      vertex 51 5 0
      vertex 45.2354 8.88197 0
      vertex 45.3087 9.18713 0
    endloop
  endfacet
  facet normal 0 0 -1
    outer loop
      vertex 51 5 0
      vertex 45.3087 9.18713 0
      vertex 45.3333 9.5 0
    endloop
  endfacet
  facet normal 0 0 -1
    outer loop
      vertex 51 5 0
      vertex 45.3333 9.5 0
      vertex 45.3087 9.81287 0
    endloop
  endfacet
  facet normal 0 0 -1
    outer loop
      vertex 51 5 0
      vertex 45.3087 9.81287 0
      vertex 45.2354 10.118 0
    endloop
  endfacet
  facet normal 0 0 -1
    outer loop
      vertex 51 5 0
      vertex 45.2354 10.118 0
      vertex 45.1153 10.408 0
    endloop
  endfacet
  facet normal 0 0 -1
    outer loop
      vertex 51 5 0
      vertex 44.9514 10.6756 0
      vertex 44.7475 10.9142 0
    endloop
  endfacet
  facet normal 0 0 -1
    outer loop
      vertex 43.0205 11.4754 0
      vertex 27.9754 9.81287 0
      vertex 27.9021 10.118 0
    endloop
  endfacet
  facet normal 0 0 -1
    outer loop
      vertex 79.9021 8.88197 0
      vertex 95.0205 11.4754 0
      vertex 94.7153 11.4021 0
    endloop
  endfacet
  facet normal 0 0 -1
    outer loop
      vertex 79.9021 8.88197 0
      vertex 94.4254 11.282 0
      vertex 94.1578 11.118 0
    endloop
  endfacet
  facet normal 0 0 -1
    outer loop
      vertex 79.9021 8.88197 0
      vertex 94.1578 11.118 0
      vertex 93.9191 10.9142 0
    endloop
  endfacet
  facet normal 0 0 -1
    outer loop
      vertex 79.9021 8.88197 0
      vertex 93.9191 10.9142 0
      vertex 93.7153 10.6756 0
    endloop
  endfacet
  facet normal 0 0 -1
    outer loop
      vertex 79.9021 8.88197 0
      vertex 93.7153 10.6756 0
      vertex 93.5513 10.408 0
    endloop
  endfacet
  facet normal 0 0 -1
    outer loop
      vertex 79.9021 8.88197 0
      vertex 93.5513 10.408 0
      vertex 93.4312 10.118 0
    endloop
  endfacet
  facet normal 0 0 -1
    outer loop
      vertex 79.9021 8.88197 0
      vertex 93.4312 10.118 0
      vertex 93.358 9.81287 0
    endloop
  endfacet
  facet normal 0 0 -1
    outer loop
      vertex 79.9021 8.88197 0
      vertex 93.358 9.81287 0
      vertex 93.3333 9.5 0
    endloop
  endfacet
  facet normal -0 0 -1
    outer loop
      vertex 102 19 0
      vertex 104 19.1 0
      vertex 104 19 0
    endloop
  endfacet
  facet normal 0 0 -1
    outer loop
      vertex 62.2847 8.32443 0
      vertex 102 5 0
      vertex 62.0809 8.08579 0
    endloop
  endfacet
  facet normal 0 0 -1
    outer loop
      vertex 95.0205 11.4754 0
      vertex 79.9021 8.88197 0
      vertex 79.9754 9.18713 0
    endloop
  endfacet
  facet normal 0 0 -1
    outer loop
      vertex 95.0205 11.4754 0
      vertex 79.9754 9.18713 0
      vertex 80 9.5 0
    endloop
  endfacet
  facet normal 0 0 -1
    outer loop
      vertex 95.0205 11.4754 0
      vertex 80 9.5 0
      vertex 79.9754 9.81287 0
    endloop
  endfacet
  facet normal 0 0 -1
    outer loop
      vertex 95.0205 11.4754 0
      vertex 79.9754 9.81287 0
      vertex 79.9021 10.118 0
    endloop
  endfacet
  facet normal 0 0 -1
    outer loop
      vertex 95.0205 11.4754 0
      vertex 79.9021 10.118 0
      vertex 79.782 10.408 0
    endloop
  endfacet
  facet normal 0 0 -1
    outer loop
      vertex 95.3333 11.5 0
      vertex 95.0205 11.4754 0
      vertex 79.782 10.408 0
    endloop
  endfacet
  facet normal 0 0 -1
    outer loop
      vertex 95.3333 11.5 0
      vertex 79.782 10.408 0
      vertex 79.618 10.6756 0
    endloop
  endfacet
  facet normal 0 0 -1
    outer loop
      vertex 95.3333 11.5 0
      vertex 79.618 10.6756 0
      vertex 79.4142 10.9142 0
    endloop
  endfacet
  facet normal 0 0 -1
    outer loop
      vertex 95.3333 11.5 0
      vertex 79.4142 10.9142 0
      vertex 79.1756 11.118 0
    endloop
  endfacet
  facet normal 0 0 -1
    outer loop
      vertex 95.3333 11.5 0
      vertex 79.1756 11.118 0
      vertex 78.908 11.282 0
    endloop
  endfacet
  facet normal 0 0 -1
    outer loop
      vertex 95.3333 11.5 0
      vertex 78.908 11.282 0
      vertex 78.618 11.4021 0
    endloop
  endfacet
  facet normal 0 0 -1
    outer loop
      vertex 95.3333 11.5 0
      vertex 78.618 11.4021 0
      vertex 78.3129 11.4754 0
    endloop
  endfacet
  facet normal 0 0 -1
    outer loop
      vertex 95.3333 11.5 0
      vertex 78.3129 11.4754 0
      vertex 78 11.5 0
    endloop
  endfacet
  facet normal 0 0 -1
    outer loop
      vertex 77.6871 11.4754 0
      vertex 62.642 9.18713 0
      vertex 62.6667 9.5 0
    endloop
  endfacet
  facet normal 0 0 -1
    outer loop
      vertex 77.6871 11.4754 0
      vertex 62.6667 9.5 0
      vertex 62.642 9.81287 0
    endloop
  endfacet
  facet normal 0 0 -1
    outer loop
      vertex 77.6871 11.4754 0
      vertex 62.642 9.81287 0
      vertex 62.5688 10.118 0
    endloop
  endfacet
  facet normal 0 0 -1
    outer loop
      vertex 77.6871 11.4754 0
      vertex 62.5688 10.118 0
      vertex 62.4487 10.408 0
    endloop
  endfacet
  facet normal 0 0 -1
    outer loop
      vertex 78 11.5 0
      vertex 77.6871 11.4754 0
      vertex 62.4487 10.408 0
    endloop
  endfacet
  facet normal 0 0 -1
    outer loop
      vertex 78 11.5 0
      vertex 62.4487 10.408 0
      vertex 62.2847 10.6756 0
    endloop
  endfacet
  facet normal 0 0 -1
    outer loop
      vertex 78 11.5 0
      vertex 62.2847 10.6756 0
      vertex 62.0809 10.9142 0
    endloop
  endfacet
  facet normal 0 0 -1
    outer loop
      vertex 78 11.5 0
      vertex 62.0809 10.9142 0
      vertex 61.8422 11.118 0
    endloop
  endfacet
  facet normal 0 0 -1
    outer loop
      vertex 78 11.5 0
      vertex 61.8422 11.118 0
      vertex 61.5746 11.282 0
    endloop
  endfacet
  facet normal 0 0 -1
    outer loop
      vertex 78 11.5 0
      vertex 61.5746 11.282 0
      vertex 61.2847 11.4021 0
    endloop
  endfacet
  facet normal 0 0 -1
    outer loop
      vertex 78 11.5 0
      vertex 61.2847 11.4021 0
      vertex 60.9795 11.4754 0
    endloop
  endfacet
  facet normal 0 0 -1
    outer loop
      vertex 78 11.5 0
      vertex 60.9795 11.4754 0
      vertex 60.6667 11.5 0
    endloop
  endfacet
  facet normal 0 0 -1
    outer loop
      vertex 51 5 0
      vertex 26 7.5 0
      vertex 26.3129 7.52462 0
    endloop
  endfacet
  facet normal -0 0 -1
    outer loop
      vertex 27.618 8.32443 0
      vertex 41.4312 10.118 0
      vertex 27.4142 8.08579 0
    endloop
  endfacet
  facet normal 0 0 -1
    outer loop
      vertex 41.358 9.81287 0
      vertex 26.908 7.71799 0
      vertex 27.1756 7.88197 0
    endloop
  endfacet
  facet normal 0 0 -1
    outer loop
      vertex 51 5 0
      vertex 26.908 7.71799 0
      vertex 43.3333 7.5 0
    endloop
  endfacet
  facet normal -0 0 -1
    outer loop
      vertex 27.782 8.59202 0
      vertex 41.5513 10.408 0
      vertex 27.618 8.32443 0
    endloop
  endfacet
  facet normal 0 0 -1
    outer loop
      vertex 41.358 9.81287 0
      vertex 27.1756 7.88197 0
      vertex 27.4142 8.08579 0
    endloop
  endfacet
  facet normal 0 0 -1
    outer loop
      vertex 25.092 7.71799 0
      vertex 0.061558 4.21783 0
      vertex 24.8244 7.88197 0
    endloop
  endfacet
  facet normal 0 -0 -1
    outer loop
      vertex 78 11.5 0
      vertex 60.6667 11.5 0
      vertex 102 19 0
    endloop
  endfacet
  facet normal 0 -0 -1
    outer loop
      vertex 95.3333 11.5 0
      vertex 78 11.5 0
      vertex 102 19 0
    endloop
  endfacet
  facet normal 0 -0 -1
    outer loop
      vertex 95.6462 11.4754 0
      vertex 95.3333 11.5 0
      vertex 102 19 0
    endloop
  endfacet
  facet normal 0 -0 -1
    outer loop
      vertex 95.9514 11.4021 0
      vertex 95.6462 11.4754 0
      vertex 102 19 0
    endloop
  endfacet
  facet normal 0 -0 -1
    outer loop
      vertex 96.2413 11.282 0
      vertex 95.9514 11.4021 0
      vertex 102 19 0
    endloop
  endfacet
  facet normal 0 -0 -1
    outer loop
      vertex 96.5089 11.118 0
      vertex 96.2413 11.282 0
      vertex 102 19 0
    endloop
  endfacet
  facet normal 0 -0 -1
    outer loop
      vertex 96.7475 10.9142 0
      vertex 96.5089 11.118 0
      vertex 102 19 0
    endloop
  endfacet
  facet normal 0 0 -1
    outer loop
      vertex 102 5 0
      vertex 96.7475 10.9142 0
      vertex 102 19 0
    endloop
  endfacet
  facet normal 0 0 -1
    outer loop
      vertex 62.0809 8.08579 0
      vertex 102 5 0
      vertex 61.8422 7.88197 0
    endloop
  endfacet
  facet normal 0 0 -1
    outer loop
      vertex 61.5746 7.71799 0
      vertex 102 5 0
      vertex 61.2847 7.59789 0
    endloop
  endfacet
  facet normal 0 0 -1
    outer loop
      vertex 60.6667 7.5 0
      vertex 102 5 0
      vertex 53 5 0
    endloop
  endfacet
  facet normal 0 0 -1
    outer loop
      vertex 60.3538 7.52462 0
      vertex 60.6667 7.5 0
      vertex 53 5 0
    endloop
  endfacet
  facet normal 0 0 -1
    outer loop
      vertex 60.0486 7.59789 0
      vertex 60.3538 7.52462 0
      vertex 53 5 0
    endloop
  endfacet
  facet normal 0 0 -1
    outer loop
      vertex 59.7587 7.71799 0
      vertex 60.0486 7.59789 0
      vertex 53 5 0
    endloop
  endfacet
  facet normal 0 0 -1
    outer loop
      vertex 59.4911 7.88197 0
      vertex 59.7587 7.71799 0
      vertex 53 5 0
    endloop
  endfacet
  facet normal 0 0 -1
    outer loop
      vertex 59.2525 8.08579 0
      vertex 59.4911 7.88197 0
      vertex 53 5 0
    endloop
  endfacet
  facet normal 0 0 -1
    outer loop
      vertex 59.0486 8.32443 0
      vertex 59.2525 8.08579 0
      vertex 53 5 0
    endloop
  endfacet
  facet normal 0 3.62958e-018 0
    outer loop
      vertex 0 19.1 0
      vertex 0 19.1 3.77476e-016
      vertex 104 19.1 0
    endloop
  endfacet
  facet normal 0 3.62958e-018 0
    outer loop
      vertex 104 19.1 0
      vertex 0 19.1 3.77476e-016
      vertex 104 19.1 3.77476e-016
    endloop
  endfacet
  facet normal -0 -2.22045e-016 -1
    outer loop
      vertex 0 19.1 3.77476e-016
      vertex 0 20.8 0
      vertex 104 19.1 3.77476e-016
    endloop
  endfacet
  facet normal -1.15779e-034 -2.22045e-016 -1
    outer loop
      vertex 104 19.1 3.77476e-016
      vertex 0 20.8 0
      vertex 104 20.8 0
    endloop
  endfacet
  facet normal 0 1 0
    outer loop
      vertex 39.2347 20.8 8.98153
      vertex 0 20.8 15
      vertex 104 20.8 0
    endloop
  endfacet
  facet normal 0 1 0
    outer loop
      vertex 65.2347 20.8 8.98153
      vertex 0 20.8 15
      vertex 104 20.8 15
    endloop
  endfacet
  facet normal 0 1 0
    outer loop
      vertex 0 20.8 0
      vertex 0 20.8 15
      vertex 11.5185 20.8 7.73465
    endloop
  endfacet
  facet normal 0 1 0
    outer loop
      vertex 0 20.8 0
      vertex 11.5185 20.8 7.73465
      vertex 11.5 20.8 7.5
    endloop
  endfacet
  facet normal 0 1 0
    outer loop
      vertex 0 20.8 0
      vertex 11.5 20.8 7.5
      vertex 11.5185 20.8 7.26535
    endloop
  endfacet
  facet normal 0 1 0
    outer loop
      vertex 0 20.8 0
      vertex 11.5185 20.8 7.26535
      vertex 11.5734 20.8 7.03648
    endloop
  endfacet
  facet normal 0 1 0
    outer loop
      vertex 0 20.8 0
      vertex 11.5734 20.8 7.03648
      vertex 11.6635 20.8 6.81901
    endloop
  endfacet
  facet normal 0 1 0
    outer loop
      vertex 0 20.8 0
      vertex 11.6635 20.8 6.81901
      vertex 11.7865 20.8 6.61832
    endloop
  endfacet
  facet normal 0 1 0
    outer loop
      vertex 0 20.8 0
      vertex 11.7865 20.8 6.61832
      vertex 11.9393 20.8 6.43934
    endloop
  endfacet
  facet normal 0 1 0
    outer loop
      vertex 0 20.8 0
      vertex 11.9393 20.8 6.43934
      vertex 12.1183 20.8 6.28648
    endloop
  endfacet
  facet normal 0 1 0
    outer loop
      vertex 0 20.8 0
      vertex 12.1183 20.8 6.28648
      vertex 12.319 20.8 6.16349
    endloop
  endfacet
  facet normal 0 1 0
    outer loop
      vertex 0 20.8 0
      vertex 12.319 20.8 6.16349
      vertex 12.5365 20.8 6.07342
    endloop
  endfacet
  facet normal 0 1 0
    outer loop
      vertex 0 20.8 0
      vertex 12.5365 20.8 6.07342
      vertex 12.7653 20.8 6.01847
    endloop
  endfacet
  facet normal 0 1 0
    outer loop
      vertex 0 20.8 0
      vertex 12.7653 20.8 6.01847
      vertex 13 20.8 6
    endloop
  endfacet
  facet normal 0 1 0
    outer loop
      vertex 0 20.8 0
      vertex 13 20.8 6
      vertex 104 20.8 0
    endloop
  endfacet
  facet normal 0 1 -0
    outer loop
      vertex 13.4635 20.8 6.07342
      vertex 104 20.8 0
      vertex 13.2347 20.8 6.01847
    endloop
  endfacet
  facet normal 0 1 -0
    outer loop
      vertex 13.681 20.8 6.16349
      vertex 104 20.8 0
      vertex 13.4635 20.8 6.07342
    endloop
  endfacet
  facet normal 0 1 -0
    outer loop
      vertex 13.8817 20.8 6.28648
      vertex 104 20.8 0
      vertex 13.681 20.8 6.16349
    endloop
  endfacet
  facet normal 0 1 -0
    outer loop
      vertex 14.0607 20.8 6.43934
      vertex 104 20.8 0
      vertex 13.8817 20.8 6.28648
    endloop
  endfacet
  facet normal 0 1 -0
    outer loop
      vertex 14.2135 20.8 6.61832
      vertex 104 20.8 0
      vertex 14.0607 20.8 6.43934
    endloop
  endfacet
  facet normal 0 1 -0
    outer loop
      vertex 14.3365 20.8 6.81901
      vertex 104 20.8 0
      vertex 14.2135 20.8 6.61832
    endloop
  endfacet
  facet normal 0 1 -0
    outer loop
      vertex 14.4266 20.8 7.03648
      vertex 104 20.8 0
      vertex 14.3365 20.8 6.81901
    endloop
  endfacet
  facet normal 0 1 -0
    outer loop
      vertex 14.4815 20.8 7.26535
      vertex 104 20.8 0
      vertex 14.4266 20.8 7.03648
    endloop
  endfacet
  facet normal 0 1 -0
    outer loop
      vertex 14.5 20.8 7.5
      vertex 104 20.8 0
      vertex 14.4815 20.8 7.26535
    endloop
  endfacet
  facet normal 0 1 0
    outer loop
      vertex 37.9393 20.8 6.43934
      vertex 13.681 20.8 8.83651
      vertex 37.7865 20.8 6.61832
    endloop
  endfacet
  facet normal 0 1 0
    outer loop
      vertex 13.2347 20.8 8.98153
      vertex 0 20.8 15
      vertex 13.4635 20.8 8.92659
    endloop
  endfacet
  facet normal 0 1 -0
    outer loop
      vertex 40.0607 20.8 6.43934
      vertex 104 20.8 0
      vertex 39.8817 20.8 6.28648
    endloop
  endfacet
  facet normal 0 1 0
    outer loop
      vertex 14.5 20.8 7.5
      vertex 14.4815 20.8 7.73465
      vertex 104 20.8 0
    endloop
  endfacet
  facet normal 0 1 0
    outer loop
      vertex 12.1183 20.8 8.71353
      vertex 0 20.8 15
      vertex 12.319 20.8 8.83651
    endloop
  endfacet
  facet normal 0 1 0
    outer loop
      vertex 14.4815 20.8 7.73465
      vertex 14.4266 20.8 7.96353
      vertex 104 20.8 0
    endloop
  endfacet
  facet normal 0 1 0
    outer loop
      vertex 12.319 20.8 8.83651
      vertex 0 20.8 15
      vertex 12.5365 20.8 8.92659
    endloop
  endfacet
  facet normal 0 1 0
    outer loop
      vertex 14.4266 20.8 7.96353
      vertex 14.3365 20.8 8.18099
      vertex 104 20.8 0
    endloop
  endfacet
  facet normal 0 1 0
    outer loop
      vertex 12.5365 20.8 8.92659
      vertex 0 20.8 15
      vertex 12.7653 20.8 8.98153
    endloop
  endfacet
  facet normal 0 1 0
    outer loop
      vertex 12.7653 20.8 8.98153
      vertex 0 20.8 15
      vertex 13 20.8 9
    endloop
  endfacet
  facet normal 0 1 0
    outer loop
      vertex 13 20.8 9
      vertex 0 20.8 15
      vertex 13.2347 20.8 8.98153
    endloop
  endfacet
  facet normal 0 1 0
    outer loop
      vertex 13.4635 20.8 8.92659
      vertex 0 20.8 15
      vertex 13.681 20.8 8.83651
    endloop
  endfacet
  facet normal 0 1 0
    outer loop
      vertex 38.1183 20.8 6.28648
      vertex 13.8817 20.8 8.71353
      vertex 37.9393 20.8 6.43934
    endloop
  endfacet
  facet normal 0 1 0
    outer loop
      vertex 11.9393 20.8 8.56066
      vertex 0 20.8 15
      vertex 12.1183 20.8 8.71353
    endloop
  endfacet
  facet normal 0 1 0
    outer loop
      vertex 11.7865 20.8 8.38168
      vertex 0 20.8 15
      vertex 11.9393 20.8 8.56066
    endloop
  endfacet
  facet normal 0 1 0
    outer loop
      vertex 11.6635 20.8 8.18099
      vertex 0 20.8 15
      vertex 11.7865 20.8 8.38168
    endloop
  endfacet
  facet normal 0 1 0
    outer loop
      vertex 11.5734 20.8 7.96353
      vertex 0 20.8 15
      vertex 11.6635 20.8 8.18099
    endloop
  endfacet
  facet normal 0 1 0
    outer loop
      vertex 11.5185 20.8 7.73465
      vertex 0 20.8 15
      vertex 11.5734 20.8 7.96353
    endloop
  endfacet
  facet normal 0 1 0
    outer loop
      vertex 13.681 20.8 8.83651
      vertex 0 20.8 15
      vertex 37.5185 20.8 7.73465
    endloop
  endfacet
  facet normal 0 1 0
    outer loop
      vertex 13.681 20.8 8.83651
      vertex 37.5185 20.8 7.73465
      vertex 37.5 20.8 7.5
    endloop
  endfacet
  facet normal 0 1 0
    outer loop
      vertex 13.681 20.8 8.83651
      vertex 37.5 20.8 7.5
      vertex 37.5185 20.8 7.26535
    endloop
  endfacet
  facet normal 0 1 0
    outer loop
      vertex 13.681 20.8 8.83651
      vertex 37.5185 20.8 7.26535
      vertex 37.5734 20.8 7.03648
    endloop
  endfacet
  facet normal 0 1 0
    outer loop
      vertex 13.681 20.8 8.83651
      vertex 37.5734 20.8 7.03648
      vertex 37.6635 20.8 6.81901
    endloop
  endfacet
  facet normal 0 1 0
    outer loop
      vertex 13.681 20.8 8.83651
      vertex 37.6635 20.8 6.81901
      vertex 37.7865 20.8 6.61832
    endloop
  endfacet
  facet normal 0 1 0
    outer loop
      vertex 13.8817 20.8 8.71353
      vertex 13.681 20.8 8.83651
      vertex 37.9393 20.8 6.43934
    endloop
  endfacet
  facet normal 0 1 0
    outer loop
      vertex 14.0607 20.8 8.56066
      vertex 13.8817 20.8 8.71353
      vertex 38.1183 20.8 6.28648
    endloop
  endfacet
  facet normal 0 1 0
    outer loop
      vertex 14.2135 20.8 8.38168
      vertex 14.0607 20.8 8.56066
      vertex 38.319 20.8 6.16349
    endloop
  endfacet
  facet normal 0 1 0
    outer loop
      vertex 14.3365 20.8 8.18099
      vertex 14.2135 20.8 8.38168
      vertex 38.5365 20.8 6.07342
    endloop
  endfacet
  facet normal 0 1 0
    outer loop
      vertex 14.3365 20.8 8.18099
      vertex 38.5365 20.8 6.07342
      vertex 38.7653 20.8 6.01847
    endloop
  endfacet
  facet normal 0 1 0
    outer loop
      vertex 14.3365 20.8 8.18099
      vertex 38.7653 20.8 6.01847
      vertex 104 20.8 0
    endloop
  endfacet
  facet normal 0 1 0
    outer loop
      vertex 38.7653 20.8 6.01847
      vertex 39 20.8 6
      vertex 104 20.8 0
    endloop
  endfacet
  facet normal 0 1 -0
    outer loop
      vertex 39.2347 20.8 6.01847
      vertex 104 20.8 0
      vertex 39 20.8 6
    endloop
  endfacet
  facet normal 0 1 -0
    outer loop
      vertex 39.4635 20.8 6.07342
      vertex 104 20.8 0
      vertex 39.2347 20.8 6.01847
    endloop
  endfacet
  facet normal 0 1 0
    outer loop
      vertex 38.5365 20.8 6.07342
      vertex 14.2135 20.8 8.38168
      vertex 38.319 20.8 6.16349
    endloop
  endfacet
  facet normal 0 1 -0
    outer loop
      vertex 39.681 20.8 6.16349
      vertex 104 20.8 0
      vertex 39.4635 20.8 6.07342
    endloop
  endfacet
  facet normal 0 1 0
    outer loop
      vertex 38.319 20.8 6.16349
      vertex 14.0607 20.8 8.56066
      vertex 38.1183 20.8 6.28648
    endloop
  endfacet
  facet normal 0 1 -0
    outer loop
      vertex 39.8817 20.8 6.28648
      vertex 104 20.8 0
      vertex 39.681 20.8 6.16349
    endloop
  endfacet
  facet normal 0 1 -0
    outer loop
      vertex 40.2135 20.8 6.61832
      vertex 104 20.8 0
      vertex 40.0607 20.8 6.43934
    endloop
  endfacet
  facet normal 0 1 -0
    outer loop
      vertex 40.3365 20.8 6.81901
      vertex 104 20.8 0
      vertex 40.2135 20.8 6.61832
    endloop
  endfacet
  facet normal 0 1 -0
    outer loop
      vertex 40.4266 20.8 7.03648
      vertex 104 20.8 0
      vertex 40.3365 20.8 6.81901
    endloop
  endfacet
  facet normal 0 1 -0
    outer loop
      vertex 40.4815 20.8 7.26535
      vertex 104 20.8 0
      vertex 40.4266 20.8 7.03648
    endloop
  endfacet
  facet normal 0 1 -0
    outer loop
      vertex 40.5 20.8 7.5
      vertex 104 20.8 0
      vertex 40.4815 20.8 7.26535
    endloop
  endfacet
  facet normal 0 1 -0
    outer loop
      vertex 65.2347 20.8 6.01847
      vertex 104 20.8 0
      vertex 65 20.8 6
    endloop
  endfacet
  facet normal 0 1 0
    outer loop
      vertex 38.7653 20.8 8.98153
      vertex 0 20.8 15
      vertex 39 20.8 9
    endloop
  endfacet
  facet normal 0 1 0
    outer loop
      vertex 37.5734 20.8 7.96353
      vertex 0 20.8 15
      vertex 37.6635 20.8 8.18099
    endloop
  endfacet
  facet normal 0 1 0
    outer loop
      vertex 40.5 20.8 7.5
      vertex 40.4815 20.8 7.73465
      vertex 104 20.8 0
    endloop
  endfacet
  facet normal 0 1 0
    outer loop
      vertex 37.6635 20.8 8.18099
      vertex 0 20.8 15
      vertex 37.7865 20.8 8.38168
    endloop
  endfacet
  facet normal 0 1 0
    outer loop
      vertex 40.4815 20.8 7.73465
      vertex 40.4266 20.8 7.96353
      vertex 104 20.8 0
    endloop
  endfacet
  facet normal 0 1 0
    outer loop
      vertex 37.7865 20.8 8.38168
      vertex 0 20.8 15
      vertex 37.9393 20.8 8.56066
    endloop
  endfacet
  facet normal 0 1 0
    outer loop
      vertex 40.4266 20.8 7.96353
      vertex 40.3365 20.8 8.18099
      vertex 104 20.8 0
    endloop
  endfacet
  facet normal 0 1 0
    outer loop
      vertex 37.9393 20.8 8.56066
      vertex 0 20.8 15
      vertex 38.1183 20.8 8.71353
    endloop
  endfacet
  facet normal 0 1 0
    outer loop
      vertex 40.3365 20.8 8.18099
      vertex 40.2135 20.8 8.38168
      vertex 104 20.8 0
    endloop
  endfacet
  facet normal 0 1 0
    outer loop
      vertex 38.1183 20.8 8.71353
      vertex 0 20.8 15
      vertex 38.319 20.8 8.83651
    endloop
  endfacet
  facet normal 0 1 0
    outer loop
      vertex 40.2135 20.8 8.38168
      vertex 40.0607 20.8 8.56066
      vertex 104 20.8 0
    endloop
  endfacet
  facet normal 0 1 0
    outer loop
      vertex 40.0607 20.8 8.56066
      vertex 39.8817 20.8 8.71353
      vertex 104 20.8 0
    endloop
  endfacet
  facet normal 0 1 0
    outer loop
      vertex 38.319 20.8 8.83651
      vertex 0 20.8 15
      vertex 38.5365 20.8 8.92659
    endloop
  endfacet
  facet normal 0 1 0
    outer loop
      vertex 39.8817 20.8 8.71353
      vertex 39.681 20.8 8.83651
      vertex 104 20.8 0
    endloop
  endfacet
  facet normal 0 1 0
    outer loop
      vertex 38.5365 20.8 8.92659
      vertex 0 20.8 15
      vertex 38.7653 20.8 8.98153
    endloop
  endfacet
  facet normal 0 1 0
    outer loop
      vertex 39.681 20.8 8.83651
      vertex 39.4635 20.8 8.92659
      vertex 104 20.8 0
    endloop
  endfacet
  facet normal 0 1 0
    outer loop
      vertex 39 20.8 9
      vertex 0 20.8 15
      vertex 39.2347 20.8 8.98153
    endloop
  endfacet
  facet normal 0 1 0
    outer loop
      vertex 39.4635 20.8 8.92659
      vertex 39.2347 20.8 8.98153
      vertex 104 20.8 0
    endloop
  endfacet
  facet normal 0 1 0
    outer loop
      vertex 37.5185 20.8 7.73465
      vertex 0 20.8 15
      vertex 37.5734 20.8 7.96353
    endloop
  endfacet
  facet normal 0 1 0
    outer loop
      vertex 63.5 20.8 7.5
      vertex 0 20.8 15
      vertex 63.5185 20.8 7.73465
    endloop
  endfacet
  facet normal 0 1 0
    outer loop
      vertex 63.5185 20.8 7.26535
      vertex 0 20.8 15
      vertex 63.5 20.8 7.5
    endloop
  endfacet
  facet normal 0 1 0
    outer loop
      vertex 63.5734 20.8 7.03648
      vertex 0 20.8 15
      vertex 63.5185 20.8 7.26535
    endloop
  endfacet
  facet normal 0 1 0
    outer loop
      vertex 63.6635 20.8 6.81901
      vertex 0 20.8 15
      vertex 63.5734 20.8 7.03648
    endloop
  endfacet
  facet normal 0 1 0
    outer loop
      vertex 63.7865 20.8 6.61832
      vertex 0 20.8 15
      vertex 63.6635 20.8 6.81901
    endloop
  endfacet
  facet normal 0 1 0
    outer loop
      vertex 63.9393 20.8 6.43934
      vertex 0 20.8 15
      vertex 63.7865 20.8 6.61832
    endloop
  endfacet
  facet normal 0 1 0
    outer loop
      vertex 64.1183 20.8 6.28648
      vertex 0 20.8 15
      vertex 63.9393 20.8 6.43934
    endloop
  endfacet
  facet normal 0 1 0
    outer loop
      vertex 64.319 20.8 6.16349
      vertex 0 20.8 15
      vertex 64.1183 20.8 6.28648
    endloop
  endfacet
  facet normal 0 1 0
    outer loop
      vertex 64.5365 20.8 6.07342
      vertex 0 20.8 15
      vertex 64.319 20.8 6.16349
    endloop
  endfacet
  facet normal 0 1 0
    outer loop
      vertex 64.7653 20.8 6.01847
      vertex 0 20.8 15
      vertex 64.5365 20.8 6.07342
    endloop
  endfacet
  facet normal 0 1 0
    outer loop
      vertex 104 20.8 0
      vertex 0 20.8 15
      vertex 64.7653 20.8 6.01847
    endloop
  endfacet
  facet normal 0 1 0
    outer loop
      vertex 104 20.8 0
      vertex 64.7653 20.8 6.01847
      vertex 65 20.8 6
    endloop
  endfacet
  facet normal 0 1 -0
    outer loop
      vertex 65.4635 20.8 6.07342
      vertex 104 20.8 0
      vertex 65.2347 20.8 6.01847
    endloop
  endfacet
  facet normal 0 1 -0
    outer loop
      vertex 65.681 20.8 6.16349
      vertex 104 20.8 0
      vertex 65.4635 20.8 6.07342
    endloop
  endfacet
  facet normal 0 1 -0
    outer loop
      vertex 65.8817 20.8 6.28648
      vertex 104 20.8 0
      vertex 65.681 20.8 6.16349
    endloop
  endfacet
  facet normal 0 1 -0
    outer loop
      vertex 66.0607 20.8 6.43934
      vertex 104 20.8 0
      vertex 65.8817 20.8 6.28648
    endloop
  endfacet
  facet normal 0 1 -0
    outer loop
      vertex 66.2135 20.8 6.61832
      vertex 104 20.8 0
      vertex 66.0607 20.8 6.43934
    endloop
  endfacet
  facet normal 0 1 -0
    outer loop
      vertex 66.3365 20.8 6.81901
      vertex 104 20.8 0
      vertex 66.2135 20.8 6.61832
    endloop
  endfacet
  facet normal 0 1 -0
    outer loop
      vertex 66.4266 20.8 7.03648
      vertex 104 20.8 0
      vertex 66.3365 20.8 6.81901
    endloop
  endfacet
  facet normal 0 1 -0
    outer loop
      vertex 66.4815 20.8 7.26535
      vertex 104 20.8 0
      vertex 66.4266 20.8 7.03648
    endloop
  endfacet
  facet normal 0 1 0
    outer loop
      vertex 66.2135 20.8 8.38168
      vertex 104 20.8 15
      vertex 66.3365 20.8 8.18099
    endloop
  endfacet
  facet normal -0 1 0
    outer loop
      vertex 91 20.8 9
      vertex 66.4815 20.8 7.26535
      vertex 104 20.8 15
    endloop
  endfacet
  facet normal 0 1 0
    outer loop
      vertex 66.4815 20.8 7.26535
      vertex 66.5 20.8 7.5
      vertex 104 20.8 15
    endloop
  endfacet
  facet normal 0 1 0
    outer loop
      vertex 66.5 20.8 7.5
      vertex 66.4815 20.8 7.73465
      vertex 104 20.8 15
    endloop
  endfacet
  facet normal 0 1 0
    outer loop
      vertex 66.4815 20.8 7.73465
      vertex 66.4266 20.8 7.96353
      vertex 104 20.8 15
    endloop
  endfacet
  facet normal 0 1 0
    outer loop
      vertex 66.4266 20.8 7.96353
      vertex 66.3365 20.8 8.18099
      vertex 104 20.8 15
    endloop
  endfacet
  facet normal -0 1 -0
    outer loop
      vertex 90.7653 20.8 6.01847
      vertex 104 20.8 0
      vertex 90.5365 20.8 6.07342
    endloop
  endfacet
  facet normal 0 1 0
    outer loop
      vertex 64.7653 20.8 8.98153
      vertex 0 20.8 15
      vertex 65 20.8 9
    endloop
  endfacet
  facet normal 0 1 0
    outer loop
      vertex 63.9393 20.8 8.56066
      vertex 0 20.8 15
      vertex 64.1183 20.8 8.71353
    endloop
  endfacet
  facet normal 0 1 0
    outer loop
      vertex 66.2135 20.8 8.38168
      vertex 66.0607 20.8 8.56066
      vertex 104 20.8 15
    endloop
  endfacet
  facet normal 0 1 0
    outer loop
      vertex 64.1183 20.8 8.71353
      vertex 0 20.8 15
      vertex 64.319 20.8 8.83651
    endloop
  endfacet
  facet normal 0 1 0
    outer loop
      vertex 66.0607 20.8 8.56066
      vertex 65.8817 20.8 8.71353
      vertex 104 20.8 15
    endloop
  endfacet
  facet normal 0 1 0
    outer loop
      vertex 64.319 20.8 8.83651
      vertex 0 20.8 15
      vertex 64.5365 20.8 8.92659
    endloop
  endfacet
  facet normal 0 1 0
    outer loop
      vertex 65.8817 20.8 8.71353
      vertex 65.681 20.8 8.83651
      vertex 104 20.8 15
    endloop
  endfacet
  facet normal 0 1 0
    outer loop
      vertex 64.5365 20.8 8.92659
      vertex 0 20.8 15
      vertex 64.7653 20.8 8.98153
    endloop
  endfacet
  facet normal 0 1 0
    outer loop
      vertex 65.681 20.8 8.83651
      vertex 65.4635 20.8 8.92659
      vertex 104 20.8 15
    endloop
  endfacet
  facet normal 0 1 0
    outer loop
      vertex 65 20.8 9
      vertex 0 20.8 15
      vertex 65.2347 20.8 8.98153
    endloop
  endfacet
  facet normal 0 1 0
    outer loop
      vertex 65.4635 20.8 8.92659
      vertex 65.2347 20.8 8.98153
      vertex 104 20.8 15
    endloop
  endfacet
  facet normal 0 1 0
    outer loop
      vertex 63.7865 20.8 8.38168
      vertex 0 20.8 15
      vertex 63.9393 20.8 8.56066
    endloop
  endfacet
  facet normal 0 1 0
    outer loop
      vertex 63.6635 20.8 8.18099
      vertex 0 20.8 15
      vertex 63.7865 20.8 8.38168
    endloop
  endfacet
  facet normal 0 1 0
    outer loop
      vertex 63.5734 20.8 7.96353
      vertex 0 20.8 15
      vertex 63.6635 20.8 8.18099
    endloop
  endfacet
  facet normal 0 1 0
    outer loop
      vertex 63.5185 20.8 7.73465
      vertex 0 20.8 15
      vertex 63.5734 20.8 7.96353
    endloop
  endfacet
  facet normal -0 1 0
    outer loop
      vertex 89.5 20.8 7.5
      vertex 66.4815 20.8 7.26535
      vertex 89.5185 20.8 7.73465
    endloop
  endfacet
  facet normal -0 1 0
    outer loop
      vertex 89.5185 20.8 7.26535
      vertex 66.4815 20.8 7.26535
      vertex 89.5 20.8 7.5
    endloop
  endfacet
  facet normal 0 1 0
    outer loop
      vertex 89.5734 20.8 7.03648
      vertex 66.4815 20.8 7.26535
      vertex 89.5185 20.8 7.26535
    endloop
  endfacet
  facet normal 0 1 0
    outer loop
      vertex 89.6635 20.8 6.81901
      vertex 66.4815 20.8 7.26535
      vertex 89.5734 20.8 7.03648
    endloop
  endfacet
  facet normal 0 1 0
    outer loop
      vertex 89.7865 20.8 6.61832
      vertex 66.4815 20.8 7.26535
      vertex 89.6635 20.8 6.81901
    endloop
  endfacet
  facet normal 0 1 0
    outer loop
      vertex 89.9393 20.8 6.43934
      vertex 66.4815 20.8 7.26535
      vertex 89.7865 20.8 6.61832
    endloop
  endfacet
  facet normal 0 1 0
    outer loop
      vertex 90.1183 20.8 6.28648
      vertex 66.4815 20.8 7.26535
      vertex 89.9393 20.8 6.43934
    endloop
  endfacet
  facet normal 0 1 0
    outer loop
      vertex 90.319 20.8 6.16349
      vertex 66.4815 20.8 7.26535
      vertex 90.1183 20.8 6.28648
    endloop
  endfacet
  facet normal 0 1 0
    outer loop
      vertex 104 20.8 0
      vertex 66.4815 20.8 7.26535
      vertex 90.319 20.8 6.16349
    endloop
  endfacet
  facet normal 0 1 0
    outer loop
      vertex 104 20.8 0
      vertex 90.319 20.8 6.16349
      vertex 90.5365 20.8 6.07342
    endloop
  endfacet
  facet normal -0 1 -0
    outer loop
      vertex 91 20.8 6
      vertex 104 20.8 0
      vertex 90.7653 20.8 6.01847
    endloop
  endfacet
  facet normal 0 1 -0
    outer loop
      vertex 91.2347 20.8 6.01847
      vertex 104 20.8 0
      vertex 91 20.8 6
    endloop
  endfacet
  facet normal 0 1 -0
    outer loop
      vertex 91.4635 20.8 6.07342
      vertex 104 20.8 0
      vertex 91.2347 20.8 6.01847
    endloop
  endfacet
  facet normal 0 1 -0
    outer loop
      vertex 91.681 20.8 6.16349
      vertex 104 20.8 0
      vertex 91.4635 20.8 6.07342
    endloop
  endfacet
  facet normal 0 1 -0
    outer loop
      vertex 91.8817 20.8 6.28648
      vertex 104 20.8 0
      vertex 91.681 20.8 6.16349
    endloop
  endfacet
  facet normal 0 1 -0
    outer loop
      vertex 92.0607 20.8 6.43934
      vertex 104 20.8 0
      vertex 91.8817 20.8 6.28648
    endloop
  endfacet
  facet normal 0 1 0
    outer loop
      vertex 91.681 20.8 8.83651
      vertex 104 20.8 15
      vertex 91.8817 20.8 8.71353
    endloop
  endfacet
  facet normal 0 1 0
    outer loop
      vertex 104 20.8 0
      vertex 92.0607 20.8 6.43934
      vertex 104 20.8 15
    endloop
  endfacet
  facet normal 0 1 0
    outer loop
      vertex 92.0607 20.8 6.43934
      vertex 92.2135 20.8 6.61832
      vertex 104 20.8 15
    endloop
  endfacet
  facet normal 0 1 0
    outer loop
      vertex 92.2135 20.8 6.61832
      vertex 92.3365 20.8 6.81901
      vertex 104 20.8 15
    endloop
  endfacet
  facet normal 0 1 0
    outer loop
      vertex 92.3365 20.8 6.81901
      vertex 92.4266 20.8 7.03648
      vertex 104 20.8 15
    endloop
  endfacet
  facet normal 0 1 0
    outer loop
      vertex 92.4266 20.8 7.03648
      vertex 92.4815 20.8 7.26535
      vertex 104 20.8 15
    endloop
  endfacet
  facet normal 0 1 0
    outer loop
      vertex 92.4815 20.8 7.26535
      vertex 92.5 20.8 7.5
      vertex 104 20.8 15
    endloop
  endfacet
  facet normal 0 1 0
    outer loop
      vertex 92.5 20.8 7.5
      vertex 92.4815 20.8 7.73465
      vertex 104 20.8 15
    endloop
  endfacet
  facet normal 0 1 0
    outer loop
      vertex 92.4815 20.8 7.73465
      vertex 92.4266 20.8 7.96353
      vertex 104 20.8 15
    endloop
  endfacet
  facet normal 0 1 0
    outer loop
      vertex 92.4266 20.8 7.96353
      vertex 92.3365 20.8 8.18099
      vertex 104 20.8 15
    endloop
  endfacet
  facet normal 0 1 0
    outer loop
      vertex 92.3365 20.8 8.18099
      vertex 92.2135 20.8 8.38168
      vertex 104 20.8 15
    endloop
  endfacet
  facet normal 0 1 0
    outer loop
      vertex 92.2135 20.8 8.38168
      vertex 92.0607 20.8 8.56066
      vertex 104 20.8 15
    endloop
  endfacet
  facet normal 0 1 0
    outer loop
      vertex 92.0607 20.8 8.56066
      vertex 91.8817 20.8 8.71353
      vertex 104 20.8 15
    endloop
  endfacet
  facet normal -0 1 0
    outer loop
      vertex 90.5365 20.8 8.92659
      vertex 66.4815 20.8 7.26535
      vertex 90.7653 20.8 8.98153
    endloop
  endfacet
  facet normal -0 1 0
    outer loop
      vertex 90.1183 20.8 8.71353
      vertex 66.4815 20.8 7.26535
      vertex 90.319 20.8 8.83651
    endloop
  endfacet
  facet normal 0 1 0
    outer loop
      vertex 91.681 20.8 8.83651
      vertex 91.4635 20.8 8.92659
      vertex 104 20.8 15
    endloop
  endfacet
  facet normal -0 1 0
    outer loop
      vertex 90.319 20.8 8.83651
      vertex 66.4815 20.8 7.26535
      vertex 90.5365 20.8 8.92659
    endloop
  endfacet
  facet normal 0 1 0
    outer loop
      vertex 91.4635 20.8 8.92659
      vertex 91.2347 20.8 8.98153
      vertex 104 20.8 15
    endloop
  endfacet
  facet normal -0 1 0
    outer loop
      vertex 90.7653 20.8 8.98153
      vertex 66.4815 20.8 7.26535
      vertex 91 20.8 9
    endloop
  endfacet
  facet normal 0 1 0
    outer loop
      vertex 91.2347 20.8 8.98153
      vertex 91 20.8 9
      vertex 104 20.8 15
    endloop
  endfacet
  facet normal -0 1 0
    outer loop
      vertex 89.9393 20.8 8.56066
      vertex 66.4815 20.8 7.26535
      vertex 90.1183 20.8 8.71353
    endloop
  endfacet
  facet normal -0 1 0
    outer loop
      vertex 89.7865 20.8 8.38168
      vertex 66.4815 20.8 7.26535
      vertex 89.9393 20.8 8.56066
    endloop
  endfacet
  facet normal -0 1 0
    outer loop
      vertex 89.6635 20.8 8.18099
      vertex 66.4815 20.8 7.26535
      vertex 89.7865 20.8 8.38168
    endloop
  endfacet
  facet normal -0 1 0
    outer loop
      vertex 89.5734 20.8 7.96353
      vertex 66.4815 20.8 7.26535
      vertex 89.6635 20.8 8.18099
    endloop
  endfacet
  facet normal -0 1 0
    outer loop
      vertex 89.5185 20.8 7.73465
      vertex 66.4815 20.8 7.26535
      vertex 89.5734 20.8 7.96353
    endloop
  endfacet
  facet normal 0 1 -0
    outer loop
      vertex 13.2347 20.8 6.01847
      vertex 104 20.8 0
      vertex 13 20.8 6
    endloop
  endfacet
  facet normal 0.996917 -0.0784588 0
    outer loop
      vertex 103.938 4.21783 2
      vertex 103.938 4.21783 0
      vertex 104 5 0
    endloop
  endfacet
  facet normal 0.996917 -0.0784588 0
    outer loop
      vertex 104 5 2
      vertex 103.938 4.21783 2
      vertex 104 5 0
    endloop
  endfacet
  facet normal 0 2.22045e-016 0
    outer loop
      vertex 102 19 -4.44089e-016
      vertex 102 19 0
      vertex 104 19 0
    endloop
  endfacet
  facet normal 2.22045e-016 0 -1
    outer loop
      vertex 102 5 -4.44089e-016
      vertex 102 19 -4.44089e-016
      vertex 104 5 0
    endloop
  endfacet
  facet normal 2.22045e-016 0 -1
    outer loop
      vertex 104 5 0
      vertex 102 19 -4.44089e-016
      vertex 104 19 0
    endloop
  endfacet
  facet normal 0 -2.22045e-016 0
    outer loop
      vertex 104 5 0
      vertex 102 5 0
      vertex 102 5 -4.44089e-016
    endloop
  endfacet
  facet normal 0.97237 -0.233445 0
    outer loop
      vertex 103.755 3.45492 2
      vertex 103.755 3.45492 0
      vertex 103.938 4.21783 0
    endloop
  endfacet
  facet normal 0.97237 -0.233445 0
    outer loop
      vertex 103.938 4.21783 2
      vertex 103.755 3.45492 2
      vertex 103.938 4.21783 0
    endloop
  endfacet
  facet normal 0.923879 -0.382684 0
    outer loop
      vertex 103.455 2.73005 2
      vertex 103.455 2.73005 0
      vertex 103.755 3.45492 0
    endloop
  endfacet
  facet normal 0.923879 -0.382684 0
    outer loop
      vertex 103.755 3.45492 2
      vertex 103.455 2.73005 2
      vertex 103.755 3.45492 0
    endloop
  endfacet
  facet normal 0.85264 -0.522499 0
    outer loop
      vertex 103.045 2.06107 2
      vertex 103.045 2.06107 0
      vertex 103.455 2.73005 0
    endloop
  endfacet
  facet normal 0.85264 -0.522499 0
    outer loop
      vertex 103.455 2.73005 2
      vertex 103.045 2.06107 2
      vertex 103.455 2.73005 0
    endloop
  endfacet
  facet normal 0.760406 -0.649448 0
    outer loop
      vertex 102.536 1.46447 2
      vertex 102.536 1.46447 0
      vertex 103.045 2.06107 0
    endloop
  endfacet
  facet normal 0.760406 -0.649448 0
    outer loop
      vertex 103.045 2.06107 2
      vertex 102.536 1.46447 2
      vertex 103.045 2.06107 0
    endloop
  endfacet
  facet normal 0.649448 -0.760406 0
    outer loop
      vertex 101.939 0.954915 2
      vertex 101.939 0.954915 0
      vertex 102.536 1.46447 0
    endloop
  endfacet
  facet normal 0.649448 -0.760406 0
    outer loop
      vertex 102.536 1.46447 2
      vertex 101.939 0.954915 2
      vertex 102.536 1.46447 0
    endloop
  endfacet
  facet normal 0.522499 -0.85264 0
    outer loop
      vertex 101.27 0.544967 2
      vertex 101.27 0.544967 0
      vertex 101.939 0.954915 0
    endloop
  endfacet
  facet normal 0.522499 -0.85264 0
    outer loop
      vertex 101.939 0.954915 2
      vertex 101.27 0.544967 2
      vertex 101.939 0.954915 0
    endloop
  endfacet
  facet normal 0.382684 -0.923879 0
    outer loop
      vertex 100.545 0.244717 2
      vertex 100.545 0.244717 0
      vertex 101.27 0.544967 0
    endloop
  endfacet
  facet normal 0.382684 -0.923879 0
    outer loop
      vertex 101.27 0.544967 2
      vertex 100.545 0.244717 2
      vertex 101.27 0.544967 0
    endloop
  endfacet
  facet normal 0.233445 -0.97237 0
    outer loop
      vertex 99.7822 0.061558 2
      vertex 99.7822 0.061558 0
      vertex 100.545 0.244717 0
    endloop
  endfacet
  facet normal 0.233445 -0.97237 0
    outer loop
      vertex 100.545 0.244717 2
      vertex 99.7822 0.061558 2
      vertex 100.545 0.244717 0
    endloop
  endfacet
  facet normal 0.0784588 -0.996917 0
    outer loop
      vertex 99 0 2
      vertex 99 0 0
      vertex 99.7822 0.061558 0
    endloop
  endfacet
  facet normal 0.0784588 -0.996917 0
    outer loop
      vertex 99.7822 0.061558 2
      vertex 99 0 2
      vertex 99.7822 0.061558 0
    endloop
  endfacet
  facet normal 0 -1 0
    outer loop
      vertex 5 0 2
      vertex 5 0 0
      vertex 99 0 0
    endloop
  endfacet
  facet normal 0 -1 0
    outer loop
      vertex 99 0 2
      vertex 5 0 2
      vertex 99 0 0
    endloop
  endfacet
  facet normal -0.0784588 -0.996917 0
    outer loop
      vertex 4.21783 0.061558 2
      vertex 4.21783 0.061558 0
      vertex 5 0 0
    endloop
  endfacet
  facet normal -0.0784588 -0.996917 0
    outer loop
      vertex 5 0 2
      vertex 4.21783 0.061558 2
      vertex 5 0 0
    endloop
  endfacet
  facet normal -0.233445 -0.97237 0
    outer loop
      vertex 3.45492 0.244717 2
      vertex 3.45492 0.244717 0
      vertex 4.21783 0.061558 0
    endloop
  endfacet
  facet normal -0.233445 -0.97237 0
    outer loop
      vertex 4.21783 0.061558 2
      vertex 3.45492 0.244717 2
      vertex 4.21783 0.061558 0
    endloop
  endfacet
  facet normal -0.382684 -0.923879 0
    outer loop
      vertex 2.73005 0.544967 2
      vertex 2.73005 0.544967 0
      vertex 3.45492 0.244717 0
    endloop
  endfacet
  facet normal -0.382684 -0.923879 0
    outer loop
      vertex 3.45492 0.244717 2
      vertex 2.73005 0.544967 2
      vertex 3.45492 0.244717 0
    endloop
  endfacet
  facet normal -0.522499 -0.85264 0
    outer loop
      vertex 2.06107 0.954915 2
      vertex 2.06107 0.954915 0
      vertex 2.73005 0.544967 0
    endloop
  endfacet
  facet normal -0.522499 -0.85264 0
    outer loop
      vertex 2.73005 0.544967 2
      vertex 2.06107 0.954915 2
      vertex 2.73005 0.544967 0
    endloop
  endfacet
  facet normal -0.649448 -0.760406 0
    outer loop
      vertex 1.46447 1.46447 2
      vertex 1.46447 1.46447 0
      vertex 2.06107 0.954915 0
    endloop
  endfacet
  facet normal -0.649448 -0.760406 0
    outer loop
      vertex 2.06107 0.954915 2
      vertex 1.46447 1.46447 2
      vertex 2.06107 0.954915 0
    endloop
  endfacet
  facet normal -0.760406 -0.649448 -0
    outer loop
      vertex 0.954915 2.06107 0
      vertex 1.46447 1.46447 0
      vertex 0.954915 2.06107 2
    endloop
  endfacet
  facet normal -0.760406 -0.649448 0
    outer loop
      vertex 0.954915 2.06107 2
      vertex 1.46447 1.46447 0
      vertex 1.46447 1.46447 2
    endloop
  endfacet
  facet normal -0.85264 -0.522499 -0
    outer loop
      vertex 0.544967 2.73005 0
      vertex 0.954915 2.06107 0
      vertex 0.544967 2.73005 2
    endloop
  endfacet
  facet normal -0.85264 -0.522499 0
    outer loop
      vertex 0.544967 2.73005 2
      vertex 0.954915 2.06107 0
      vertex 0.954915 2.06107 2
    endloop
  endfacet
  facet normal -0.923879 -0.382684 -0
    outer loop
      vertex 0.244717 3.45492 0
      vertex 0.544967 2.73005 0
      vertex 0.244717 3.45492 2
    endloop
  endfacet
  facet normal -0.923879 -0.382684 0
    outer loop
      vertex 0.244717 3.45492 2
      vertex 0.544967 2.73005 0
      vertex 0.544967 2.73005 2
    endloop
  endfacet
  facet normal -0.97237 -0.233445 -0
    outer loop
      vertex 0.061558 4.21783 0
      vertex 0.244717 3.45492 0
      vertex 0.061558 4.21783 2
    endloop
  endfacet
  facet normal -0.97237 -0.233445 0
    outer loop
      vertex 0.061558 4.21783 2
      vertex 0.244717 3.45492 0
      vertex 0.244717 3.45492 2
    endloop
  endfacet
  facet normal -0.97237 -0.233444 -0
    outer loop
      vertex 57.7036 9.0307 2
      vertex 57.8135 8.57295 2
      vertex 57.7036 9.0307 12
    endloop
  endfacet
  facet normal -0.97237 -0.233444 0
    outer loop
      vertex 57.7036 9.0307 12
      vertex 57.8135 8.57295 2
      vertex 57.8135 8.57295 12
    endloop
  endfacet
  facet normal -0.996917 -0.0784592 -0
    outer loop
      vertex 57.6667 9.5 2
      vertex 57.7036 9.0307 2
      vertex 57.6667 9.5 12
    endloop
  endfacet
  facet normal -0.996917 -0.0784592 0
    outer loop
      vertex 57.6667 9.5 12
      vertex 57.7036 9.0307 2
      vertex 57.7036 9.0307 12
    endloop
  endfacet
  facet normal -0.923879 -0.382684 -0
    outer loop
      vertex 57.8135 8.57295 2
      vertex 57.9936 8.13803 2
      vertex 57.8135 8.57295 12
    endloop
  endfacet
  facet normal -0.923879 -0.382684 0
    outer loop
      vertex 57.8135 8.57295 12
      vertex 57.9936 8.13803 2
      vertex 57.9936 8.13803 12
    endloop
  endfacet
  facet normal -0.85264 -0.522498 -0
    outer loop
      vertex 57.9936 8.13803 2
      vertex 58.2396 7.73664 2
      vertex 57.9936 8.13803 12
    endloop
  endfacet
  facet normal -0.85264 -0.522498 0
    outer loop
      vertex 57.9936 8.13803 12
      vertex 58.2396 7.73664 2
      vertex 58.2396 7.73664 12
    endloop
  endfacet
  facet normal -0.760405 -0.649449 -0
    outer loop
      vertex 58.2396 7.73664 2
      vertex 58.5453 7.37868 2
      vertex 58.2396 7.73664 12
    endloop
  endfacet
  facet normal -0.760405 -0.649449 0
    outer loop
      vertex 58.2396 7.73664 12
      vertex 58.5453 7.37868 2
      vertex 58.5453 7.37868 12
    endloop
  endfacet
  facet normal -0.649449 -0.760405 0
    outer loop
      vertex 58.5453 7.37868 12
      vertex 58.5453 7.37868 2
      vertex 58.9033 7.07295 2
    endloop
  endfacet
  facet normal -0.649449 -0.760405 0
    outer loop
      vertex 58.9033 7.07295 12
      vertex 58.5453 7.37868 12
      vertex 58.9033 7.07295 2
    endloop
  endfacet
  facet normal -0.522498 -0.85264 0
    outer loop
      vertex 58.9033 7.07295 12
      vertex 58.9033 7.07295 2
      vertex 59.3047 6.82698 2
    endloop
  endfacet
  facet normal -0.522498 -0.85264 0
    outer loop
      vertex 59.3047 6.82698 12
      vertex 58.9033 7.07295 12
      vertex 59.3047 6.82698 2
    endloop
  endfacet
  facet normal -0.382684 -0.923879 0
    outer loop
      vertex 59.3047 6.82698 12
      vertex 59.3047 6.82698 2
      vertex 59.7396 6.64683 2
    endloop
  endfacet
  facet normal -0.382684 -0.923879 0
    outer loop
      vertex 59.7396 6.64683 12
      vertex 59.3047 6.82698 12
      vertex 59.7396 6.64683 2
    endloop
  endfacet
  facet normal -0.233444 -0.97237 0
    outer loop
      vertex 59.7396 6.64683 12
      vertex 59.7396 6.64683 2
      vertex 60.1974 6.53693 2
    endloop
  endfacet
  facet normal -0.233444 -0.97237 0
    outer loop
      vertex 60.1974 6.53693 12
      vertex 59.7396 6.64683 12
      vertex 60.1974 6.53693 2
    endloop
  endfacet
  facet normal -0.0784592 -0.996917 0
    outer loop
      vertex 60.1974 6.53693 12
      vertex 60.1974 6.53693 2
      vertex 60.6667 6.5 2
    endloop
  endfacet
  facet normal -0.0784592 -0.996917 0
    outer loop
      vertex 60.6667 6.5 12
      vertex 60.1974 6.53693 12
      vertex 60.6667 6.5 2
    endloop
  endfacet
  facet normal 0.0784592 -0.996917 0
    outer loop
      vertex 60.6667 6.5 12
      vertex 60.6667 6.5 2
      vertex 61.136 6.53693 2
    endloop
  endfacet
  facet normal 0.0784592 -0.996917 0
    outer loop
      vertex 61.136 6.53693 12
      vertex 60.6667 6.5 12
      vertex 61.136 6.53693 2
    endloop
  endfacet
  facet normal 0.233444 -0.97237 0
    outer loop
      vertex 61.136 6.53693 12
      vertex 61.136 6.53693 2
      vertex 61.5937 6.64683 2
    endloop
  endfacet
  facet normal 0.233444 -0.97237 0
    outer loop
      vertex 61.5937 6.64683 12
      vertex 61.136 6.53693 12
      vertex 61.5937 6.64683 2
    endloop
  endfacet
  facet normal 0.382684 -0.923879 0
    outer loop
      vertex 61.5937 6.64683 12
      vertex 61.5937 6.64683 2
      vertex 62.0286 6.82698 2
    endloop
  endfacet
  facet normal 0.382684 -0.923879 0
    outer loop
      vertex 62.0286 6.82698 12
      vertex 61.5937 6.64683 12
      vertex 62.0286 6.82698 2
    endloop
  endfacet
  facet normal 0.522498 -0.85264 0
    outer loop
      vertex 62.0286 6.82698 12
      vertex 62.0286 6.82698 2
      vertex 62.43 7.07295 2
    endloop
  endfacet
  facet normal 0.522498 -0.85264 0
    outer loop
      vertex 62.43 7.07295 12
      vertex 62.0286 6.82698 12
      vertex 62.43 7.07295 2
    endloop
  endfacet
  facet normal 0.649449 -0.760405 0
    outer loop
      vertex 62.43 7.07295 12
      vertex 62.43 7.07295 2
      vertex 62.788 7.37868 2
    endloop
  endfacet
  facet normal 0.649449 -0.760405 0
    outer loop
      vertex 62.788 7.37868 12
      vertex 62.43 7.07295 12
      vertex 62.788 7.37868 2
    endloop
  endfacet
  facet normal 0.760405 -0.649449 0
    outer loop
      vertex 62.788 7.37868 12
      vertex 62.788 7.37868 2
      vertex 63.0937 7.73664 2
    endloop
  endfacet
  facet normal 0.760405 -0.649449 0
    outer loop
      vertex 63.0937 7.73664 12
      vertex 62.788 7.37868 12
      vertex 63.0937 7.73664 2
    endloop
  endfacet
  facet normal 0.85264 -0.522498 0
    outer loop
      vertex 63.0937 7.73664 12
      vertex 63.0937 7.73664 2
      vertex 63.3397 8.13803 2
    endloop
  endfacet
  facet normal 0.85264 -0.522498 0
    outer loop
      vertex 63.3397 8.13803 12
      vertex 63.0937 7.73664 12
      vertex 63.3397 8.13803 2
    endloop
  endfacet
  facet normal 0.923879 -0.382684 0
    outer loop
      vertex 63.3397 8.13803 12
      vertex 63.3397 8.13803 2
      vertex 63.5198 8.57295 2
    endloop
  endfacet
  facet normal 0.923879 -0.382684 0
    outer loop
      vertex 63.5198 8.57295 12
      vertex 63.3397 8.13803 12
      vertex 63.5198 8.57295 2
    endloop
  endfacet
  facet normal 0.97237 -0.233444 0
    outer loop
      vertex 63.5198 8.57295 12
      vertex 63.5198 8.57295 2
      vertex 63.6297 9.0307 2
    endloop
  endfacet
  facet normal 0.97237 -0.233444 0
    outer loop
      vertex 63.6297 9.0307 12
      vertex 63.5198 8.57295 12
      vertex 63.6297 9.0307 2
    endloop
  endfacet
  facet normal 0.996917 -0.0784592 0
    outer loop
      vertex 63.6297 9.0307 12
      vertex 63.6297 9.0307 2
      vertex 63.6667 9.5 2
    endloop
  endfacet
  facet normal 0.996917 -0.0784592 0
    outer loop
      vertex 63.6667 9.5 12
      vertex 63.6297 9.0307 12
      vertex 63.6667 9.5 2
    endloop
  endfacet
  facet normal 0.996917 0.0784592 0
    outer loop
      vertex 63.6667 9.5 2
      vertex 63.6297 9.9693 2
      vertex 63.6297 9.9693 12
    endloop
  endfacet
  facet normal 0.996917 0.0784592 -0
    outer loop
      vertex 63.6667 9.5 12
      vertex 63.6667 9.5 2
      vertex 63.6297 9.9693 12
    endloop
  endfacet
  facet normal 0.97237 0.233444 0
    outer loop
      vertex 63.6297 9.9693 2
      vertex 63.5198 10.4271 2
      vertex 63.5198 10.4271 12
    endloop
  endfacet
  facet normal 0.97237 0.233444 -0
    outer loop
      vertex 63.6297 9.9693 12
      vertex 63.6297 9.9693 2
      vertex 63.5198 10.4271 12
    endloop
  endfacet
  facet normal 0.923879 0.382684 0
    outer loop
      vertex 63.5198 10.4271 2
      vertex 63.3397 10.862 2
      vertex 63.3397 10.862 12
    endloop
  endfacet
  facet normal 0.923879 0.382684 -0
    outer loop
      vertex 63.5198 10.4271 12
      vertex 63.5198 10.4271 2
      vertex 63.3397 10.862 12
    endloop
  endfacet
  facet normal 0.85264 0.522498 0
    outer loop
      vertex 63.3397 10.862 2
      vertex 63.0937 11.2634 2
      vertex 63.0937 11.2634 12
    endloop
  endfacet
  facet normal 0.85264 0.522498 -0
    outer loop
      vertex 63.3397 10.862 12
      vertex 63.3397 10.862 2
      vertex 63.0937 11.2634 12
    endloop
  endfacet
  facet normal 0.760405 0.649449 0
    outer loop
      vertex 63.0937 11.2634 2
      vertex 62.788 11.6213 2
      vertex 62.788 11.6213 12
    endloop
  endfacet
  facet normal 0.760405 0.649449 -0
    outer loop
      vertex 63.0937 11.2634 12
      vertex 63.0937 11.2634 2
      vertex 62.788 11.6213 12
    endloop
  endfacet
  facet normal 0.649449 0.760405 0
    outer loop
      vertex 62.43 11.9271 2
      vertex 62.43 11.9271 12
      vertex 62.788 11.6213 2
    endloop
  endfacet
  facet normal 0.649449 0.760405 0
    outer loop
      vertex 62.788 11.6213 2
      vertex 62.43 11.9271 12
      vertex 62.788 11.6213 12
    endloop
  endfacet
  facet normal 0.522498 0.85264 0
    outer loop
      vertex 62.0286 12.173 2
      vertex 62.0286 12.173 12
      vertex 62.43 11.9271 2
    endloop
  endfacet
  facet normal 0.522498 0.85264 0
    outer loop
      vertex 62.43 11.9271 2
      vertex 62.0286 12.173 12
      vertex 62.43 11.9271 12
    endloop
  endfacet
  facet normal 0.382684 0.923879 0
    outer loop
      vertex 61.5937 12.3532 2
      vertex 61.5937 12.3532 12
      vertex 62.0286 12.173 2
    endloop
  endfacet
  facet normal 0.382684 0.923879 0
    outer loop
      vertex 62.0286 12.173 2
      vertex 61.5937 12.3532 12
      vertex 62.0286 12.173 12
    endloop
  endfacet
  facet normal 0.233444 0.97237 0
    outer loop
      vertex 61.136 12.4631 2
      vertex 61.136 12.4631 12
      vertex 61.5937 12.3532 2
    endloop
  endfacet
  facet normal 0.233444 0.97237 0
    outer loop
      vertex 61.5937 12.3532 2
      vertex 61.136 12.4631 12
      vertex 61.5937 12.3532 12
    endloop
  endfacet
  facet normal 0.0784592 0.996917 0
    outer loop
      vertex 60.6667 12.5 2
      vertex 60.6667 12.5 12
      vertex 61.136 12.4631 2
    endloop
  endfacet
  facet normal 0.0784592 0.996917 0
    outer loop
      vertex 61.136 12.4631 2
      vertex 60.6667 12.5 12
      vertex 61.136 12.4631 12
    endloop
  endfacet
  facet normal -0.0784592 0.996917 0
    outer loop
      vertex 60.1974 12.4631 2
      vertex 60.1974 12.4631 12
      vertex 60.6667 12.5 2
    endloop
  endfacet
  facet normal -0.0784592 0.996917 0
    outer loop
      vertex 60.6667 12.5 2
      vertex 60.1974 12.4631 12
      vertex 60.6667 12.5 12
    endloop
  endfacet
  facet normal -0.233444 0.97237 0
    outer loop
      vertex 59.7396 12.3532 2
      vertex 59.7396 12.3532 12
      vertex 60.1974 12.4631 2
    endloop
  endfacet
  facet normal -0.233444 0.97237 0
    outer loop
      vertex 60.1974 12.4631 2
      vertex 59.7396 12.3532 12
      vertex 60.1974 12.4631 12
    endloop
  endfacet
  facet normal -0.382684 0.923879 0
    outer loop
      vertex 59.3047 12.173 2
      vertex 59.3047 12.173 12
      vertex 59.7396 12.3532 2
    endloop
  endfacet
  facet normal -0.382684 0.923879 0
    outer loop
      vertex 59.7396 12.3532 2
      vertex 59.3047 12.173 12
      vertex 59.7396 12.3532 12
    endloop
  endfacet
  facet normal -0.522498 0.85264 0
    outer loop
      vertex 58.9033 11.9271 2
      vertex 58.9033 11.9271 12
      vertex 59.3047 12.173 2
    endloop
  endfacet
  facet normal -0.522498 0.85264 0
    outer loop
      vertex 59.3047 12.173 2
      vertex 58.9033 11.9271 12
      vertex 59.3047 12.173 12
    endloop
  endfacet
  facet normal -0.649449 0.760405 0
    outer loop
      vertex 58.5453 11.6213 2
      vertex 58.5453 11.6213 12
      vertex 58.9033 11.9271 2
    endloop
  endfacet
  facet normal -0.649449 0.760405 0
    outer loop
      vertex 58.9033 11.9271 2
      vertex 58.5453 11.6213 12
      vertex 58.9033 11.9271 12
    endloop
  endfacet
  facet normal -0.760405 0.649449 0
    outer loop
      vertex 58.2396 11.2634 2
      vertex 58.2396 11.2634 12
      vertex 58.5453 11.6213 2
    endloop
  endfacet
  facet normal -0.760405 0.649449 0
    outer loop
      vertex 58.5453 11.6213 2
      vertex 58.2396 11.2634 12
      vertex 58.5453 11.6213 12
    endloop
  endfacet
  facet normal -0.85264 0.522498 0
    outer loop
      vertex 57.9936 10.862 2
      vertex 57.9936 10.862 12
      vertex 58.2396 11.2634 2
    endloop
  endfacet
  facet normal -0.85264 0.522498 0
    outer loop
      vertex 58.2396 11.2634 2
      vertex 57.9936 10.862 12
      vertex 58.2396 11.2634 12
    endloop
  endfacet
  facet normal -0.923879 0.382684 0
    outer loop
      vertex 57.8135 10.4271 2
      vertex 57.8135 10.4271 12
      vertex 57.9936 10.862 2
    endloop
  endfacet
  facet normal -0.923879 0.382684 0
    outer loop
      vertex 57.9936 10.862 2
      vertex 57.8135 10.4271 12
      vertex 57.9936 10.862 12
    endloop
  endfacet
  facet normal -0.97237 0.233444 0
    outer loop
      vertex 57.7036 9.9693 2
      vertex 57.7036 9.9693 12
      vertex 57.8135 10.4271 2
    endloop
  endfacet
  facet normal -0.97237 0.233444 0
    outer loop
      vertex 57.8135 10.4271 2
      vertex 57.7036 9.9693 12
      vertex 57.8135 10.4271 12
    endloop
  endfacet
  facet normal -0.996917 0.0784592 0
    outer loop
      vertex 57.6667 9.5 2
      vertex 57.6667 9.5 12
      vertex 57.7036 9.9693 2
    endloop
  endfacet
  facet normal -0.996917 0.0784592 0
    outer loop
      vertex 57.7036 9.9693 2
      vertex 57.6667 9.5 12
      vertex 57.7036 9.9693 12
    endloop
  endfacet
  facet normal -0.97237 -0.233444 -0
    outer loop
      vertex 75.0369 9.0307 2
      vertex 75.1468 8.57295 2
      vertex 75.0369 9.0307 12
    endloop
  endfacet
  facet normal -0.97237 -0.233444 0
    outer loop
      vertex 75.0369 9.0307 12
      vertex 75.1468 8.57295 2
      vertex 75.1468 8.57295 12
    endloop
  endfacet
  facet normal -0.996917 -0.0784592 -0
    outer loop
      vertex 75 9.5 2
      vertex 75.0369 9.0307 2
      vertex 75 9.5 12
    endloop
  endfacet
  facet normal -0.996917 -0.0784592 0
    outer loop
      vertex 75 9.5 12
      vertex 75.0369 9.0307 2
      vertex 75.0369 9.0307 12
    endloop
  endfacet
  facet normal -0.923879 -0.382684 -0
    outer loop
      vertex 75.1468 8.57295 2
      vertex 75.327 8.13803 2
      vertex 75.1468 8.57295 12
    endloop
  endfacet
  facet normal -0.923879 -0.382684 0
    outer loop
      vertex 75.1468 8.57295 12
      vertex 75.327 8.13803 2
      vertex 75.327 8.13803 12
    endloop
  endfacet
  facet normal -0.85264 -0.522498 -0
    outer loop
      vertex 75.327 8.13803 2
      vertex 75.5729 7.73664 2
      vertex 75.327 8.13803 12
    endloop
  endfacet
  facet normal -0.85264 -0.522498 0
    outer loop
      vertex 75.327 8.13803 12
      vertex 75.5729 7.73664 2
      vertex 75.5729 7.73664 12
    endloop
  endfacet
  facet normal -0.760405 -0.649449 -0
    outer loop
      vertex 75.5729 7.73664 2
      vertex 75.8787 7.37868 2
      vertex 75.5729 7.73664 12
    endloop
  endfacet
  facet normal -0.760405 -0.649449 0
    outer loop
      vertex 75.5729 7.73664 12
      vertex 75.8787 7.37868 2
      vertex 75.8787 7.37868 12
    endloop
  endfacet
  facet normal -0.649449 -0.760405 0
    outer loop
      vertex 75.8787 7.37868 12
      vertex 75.8787 7.37868 2
      vertex 76.2366 7.07295 2
    endloop
  endfacet
  facet normal -0.649449 -0.760405 0
    outer loop
      vertex 76.2366 7.07295 12
      vertex 75.8787 7.37868 12
      vertex 76.2366 7.07295 2
    endloop
  endfacet
  facet normal -0.522498 -0.85264 0
    outer loop
      vertex 76.2366 7.07295 12
      vertex 76.2366 7.07295 2
      vertex 76.638 6.82698 2
    endloop
  endfacet
  facet normal -0.522498 -0.85264 0
    outer loop
      vertex 76.638 6.82698 12
      vertex 76.2366 7.07295 12
      vertex 76.638 6.82698 2
    endloop
  endfacet
  facet normal -0.382684 -0.923879 0
    outer loop
      vertex 76.638 6.82698 12
      vertex 76.638 6.82698 2
      vertex 77.0729 6.64683 2
    endloop
  endfacet
  facet normal -0.382684 -0.923879 0
    outer loop
      vertex 77.0729 6.64683 12
      vertex 76.638 6.82698 12
      vertex 77.0729 6.64683 2
    endloop
  endfacet
  facet normal -0.233444 -0.97237 0
    outer loop
      vertex 77.0729 6.64683 12
      vertex 77.0729 6.64683 2
      vertex 77.5307 6.53693 2
    endloop
  endfacet
  facet normal -0.233444 -0.97237 0
    outer loop
      vertex 77.5307 6.53693 12
      vertex 77.0729 6.64683 12
      vertex 77.5307 6.53693 2
    endloop
  endfacet
  facet normal -0.0784592 -0.996917 0
    outer loop
      vertex 77.5307 6.53693 12
      vertex 77.5307 6.53693 2
      vertex 78 6.5 2
    endloop
  endfacet
  facet normal -0.0784592 -0.996917 0
    outer loop
      vertex 78 6.5 12
      vertex 77.5307 6.53693 12
      vertex 78 6.5 2
    endloop
  endfacet
  facet normal 0.0784592 -0.996917 0
    outer loop
      vertex 78 6.5 12
      vertex 78 6.5 2
      vertex 78.4693 6.53693 2
    endloop
  endfacet
  facet normal 0.0784592 -0.996917 0
    outer loop
      vertex 78.4693 6.53693 12
      vertex 78 6.5 12
      vertex 78.4693 6.53693 2
    endloop
  endfacet
  facet normal 0.233444 -0.97237 0
    outer loop
      vertex 78.4693 6.53693 12
      vertex 78.4693 6.53693 2
      vertex 78.9271 6.64683 2
    endloop
  endfacet
  facet normal 0.233444 -0.97237 0
    outer loop
      vertex 78.9271 6.64683 12
      vertex 78.4693 6.53693 12
      vertex 78.9271 6.64683 2
    endloop
  endfacet
  facet normal 0.382684 -0.923879 0
    outer loop
      vertex 78.9271 6.64683 12
      vertex 78.9271 6.64683 2
      vertex 79.362 6.82698 2
    endloop
  endfacet
  facet normal 0.382684 -0.923879 0
    outer loop
      vertex 79.362 6.82698 12
      vertex 78.9271 6.64683 12
      vertex 79.362 6.82698 2
    endloop
  endfacet
  facet normal 0.522498 -0.85264 0
    outer loop
      vertex 79.362 6.82698 12
      vertex 79.362 6.82698 2
      vertex 79.7634 7.07295 2
    endloop
  endfacet
  facet normal 0.522498 -0.85264 0
    outer loop
      vertex 79.7634 7.07295 12
      vertex 79.362 6.82698 12
      vertex 79.7634 7.07295 2
    endloop
  endfacet
  facet normal 0.649449 -0.760405 0
    outer loop
      vertex 79.7634 7.07295 12
      vertex 79.7634 7.07295 2
      vertex 80.1213 7.37868 2
    endloop
  endfacet
  facet normal 0.649449 -0.760405 0
    outer loop
      vertex 80.1213 7.37868 12
      vertex 79.7634 7.07295 12
      vertex 80.1213 7.37868 2
    endloop
  endfacet
  facet normal 0.760405 -0.649449 0
    outer loop
      vertex 80.1213 7.37868 12
      vertex 80.1213 7.37868 2
      vertex 80.4271 7.73664 2
    endloop
  endfacet
  facet normal 0.760405 -0.649449 0
    outer loop
      vertex 80.4271 7.73664 12
      vertex 80.1213 7.37868 12
      vertex 80.4271 7.73664 2
    endloop
  endfacet
  facet normal 0.85264 -0.522498 0
    outer loop
      vertex 80.4271 7.73664 12
      vertex 80.4271 7.73664 2
      vertex 80.673 8.13803 2
    endloop
  endfacet
  facet normal 0.85264 -0.522498 0
    outer loop
      vertex 80.673 8.13803 12
      vertex 80.4271 7.73664 12
      vertex 80.673 8.13803 2
    endloop
  endfacet
  facet normal 0.923879 -0.382684 0
    outer loop
      vertex 80.673 8.13803 12
      vertex 80.673 8.13803 2
      vertex 80.8532 8.57295 2
    endloop
  endfacet
  facet normal 0.923879 -0.382684 0
    outer loop
      vertex 80.8532 8.57295 12
      vertex 80.673 8.13803 12
      vertex 80.8532 8.57295 2
    endloop
  endfacet
  facet normal 0.97237 -0.233444 0
    outer loop
      vertex 80.8532 8.57295 12
      vertex 80.8532 8.57295 2
      vertex 80.9631 9.0307 2
    endloop
  endfacet
  facet normal 0.97237 -0.233444 0
    outer loop
      vertex 80.9631 9.0307 12
      vertex 80.8532 8.57295 12
      vertex 80.9631 9.0307 2
    endloop
  endfacet
  facet normal 0.996917 -0.0784592 0
    outer loop
      vertex 80.9631 9.0307 12
      vertex 80.9631 9.0307 2
      vertex 81 9.5 2
    endloop
  endfacet
  facet normal 0.996917 -0.0784592 0
    outer loop
      vertex 81 9.5 12
      vertex 80.9631 9.0307 12
      vertex 81 9.5 2
    endloop
  endfacet
  facet normal 0.996917 0.0784592 0
    outer loop
      vertex 81 9.5 2
      vertex 80.9631 9.9693 2
      vertex 80.9631 9.9693 12
    endloop
  endfacet
  facet normal 0.996917 0.0784592 -0
    outer loop
      vertex 81 9.5 12
      vertex 81 9.5 2
      vertex 80.9631 9.9693 12
    endloop
  endfacet
  facet normal 0.97237 0.233444 0
    outer loop
      vertex 80.9631 9.9693 2
      vertex 80.8532 10.4271 2
      vertex 80.8532 10.4271 12
    endloop
  endfacet
  facet normal 0.97237 0.233444 -0
    outer loop
      vertex 80.9631 9.9693 12
      vertex 80.9631 9.9693 2
      vertex 80.8532 10.4271 12
    endloop
  endfacet
  facet normal 0.923879 0.382684 0
    outer loop
      vertex 80.8532 10.4271 2
      vertex 80.673 10.862 2
      vertex 80.673 10.862 12
    endloop
  endfacet
  facet normal 0.923879 0.382684 -0
    outer loop
      vertex 80.8532 10.4271 12
      vertex 80.8532 10.4271 2
      vertex 80.673 10.862 12
    endloop
  endfacet
  facet normal 0.85264 0.522498 0
    outer loop
      vertex 80.673 10.862 2
      vertex 80.4271 11.2634 2
      vertex 80.4271 11.2634 12
    endloop
  endfacet
  facet normal 0.85264 0.522498 -0
    outer loop
      vertex 80.673 10.862 12
      vertex 80.673 10.862 2
      vertex 80.4271 11.2634 12
    endloop
  endfacet
  facet normal 0.760405 0.649449 0
    outer loop
      vertex 80.4271 11.2634 2
      vertex 80.1213 11.6213 2
      vertex 80.1213 11.6213 12
    endloop
  endfacet
  facet normal 0.760405 0.649449 -0
    outer loop
      vertex 80.4271 11.2634 12
      vertex 80.4271 11.2634 2
      vertex 80.1213 11.6213 12
    endloop
  endfacet
  facet normal 0.649449 0.760405 0
    outer loop
      vertex 79.7634 11.9271 2
      vertex 79.7634 11.9271 12
      vertex 80.1213 11.6213 2
    endloop
  endfacet
  facet normal 0.649449 0.760405 0
    outer loop
      vertex 80.1213 11.6213 2
      vertex 79.7634 11.9271 12
      vertex 80.1213 11.6213 12
    endloop
  endfacet
  facet normal 0.522498 0.85264 0
    outer loop
      vertex 79.362 12.173 2
      vertex 79.362 12.173 12
      vertex 79.7634 11.9271 2
    endloop
  endfacet
  facet normal 0.522498 0.85264 0
    outer loop
      vertex 79.7634 11.9271 2
      vertex 79.362 12.173 12
      vertex 79.7634 11.9271 12
    endloop
  endfacet
  facet normal 0.382684 0.923879 0
    outer loop
      vertex 78.9271 12.3532 2
      vertex 78.9271 12.3532 12
      vertex 79.362 12.173 2
    endloop
  endfacet
  facet normal 0.382684 0.923879 0
    outer loop
      vertex 79.362 12.173 2
      vertex 78.9271 12.3532 12
      vertex 79.362 12.173 12
    endloop
  endfacet
  facet normal 0.233444 0.97237 0
    outer loop
      vertex 78.4693 12.4631 2
      vertex 78.4693 12.4631 12
      vertex 78.9271 12.3532 2
    endloop
  endfacet
  facet normal 0.233444 0.97237 0
    outer loop
      vertex 78.9271 12.3532 2
      vertex 78.4693 12.4631 12
      vertex 78.9271 12.3532 12
    endloop
  endfacet
  facet normal 0.0784592 0.996917 0
    outer loop
      vertex 78 12.5 2
      vertex 78 12.5 12
      vertex 78.4693 12.4631 2
    endloop
  endfacet
  facet normal 0.0784592 0.996917 0
    outer loop
      vertex 78.4693 12.4631 2
      vertex 78 12.5 12
      vertex 78.4693 12.4631 12
    endloop
  endfacet
  facet normal -0.0784592 0.996917 0
    outer loop
      vertex 77.5307 12.4631 2
      vertex 77.5307 12.4631 12
      vertex 78 12.5 2
    endloop
  endfacet
  facet normal -0.0784592 0.996917 0
    outer loop
      vertex 78 12.5 2
      vertex 77.5307 12.4631 12
      vertex 78 12.5 12
    endloop
  endfacet
  facet normal -0.233444 0.97237 0
    outer loop
      vertex 77.0729 12.3532 2
      vertex 77.0729 12.3532 12
      vertex 77.5307 12.4631 2
    endloop
  endfacet
  facet normal -0.233444 0.97237 0
    outer loop
      vertex 77.5307 12.4631 2
      vertex 77.0729 12.3532 12
      vertex 77.5307 12.4631 12
    endloop
  endfacet
  facet normal -0.382684 0.923879 0
    outer loop
      vertex 76.638 12.173 2
      vertex 76.638 12.173 12
      vertex 77.0729 12.3532 2
    endloop
  endfacet
  facet normal -0.382684 0.923879 0
    outer loop
      vertex 77.0729 12.3532 2
      vertex 76.638 12.173 12
      vertex 77.0729 12.3532 12
    endloop
  endfacet
  facet normal -0.522498 0.85264 0
    outer loop
      vertex 76.2366 11.9271 2
      vertex 76.2366 11.9271 12
      vertex 76.638 12.173 2
    endloop
  endfacet
  facet normal -0.522498 0.85264 0
    outer loop
      vertex 76.638 12.173 2
      vertex 76.2366 11.9271 12
      vertex 76.638 12.173 12
    endloop
  endfacet
  facet normal -0.649449 0.760405 0
    outer loop
      vertex 75.8787 11.6213 2
      vertex 75.8787 11.6213 12
      vertex 76.2366 11.9271 2
    endloop
  endfacet
  facet normal -0.649449 0.760405 0
    outer loop
      vertex 76.2366 11.9271 2
      vertex 75.8787 11.6213 12
      vertex 76.2366 11.9271 12
    endloop
  endfacet
  facet normal -0.760405 0.649449 0
    outer loop
      vertex 75.5729 11.2634 2
      vertex 75.5729 11.2634 12
      vertex 75.8787 11.6213 2
    endloop
  endfacet
  facet normal -0.760405 0.649449 0
    outer loop
      vertex 75.8787 11.6213 2
      vertex 75.5729 11.2634 12
      vertex 75.8787 11.6213 12
    endloop
  endfacet
  facet normal -0.85264 0.522498 0
    outer loop
      vertex 75.327 10.862 2
      vertex 75.327 10.862 12
      vertex 75.5729 11.2634 2
    endloop
  endfacet
  facet normal -0.85264 0.522498 0
    outer loop
      vertex 75.5729 11.2634 2
      vertex 75.327 10.862 12
      vertex 75.5729 11.2634 12
    endloop
  endfacet
  facet normal -0.923879 0.382684 0
    outer loop
      vertex 75.1468 10.4271 2
      vertex 75.1468 10.4271 12
      vertex 75.327 10.862 2
    endloop
  endfacet
  facet normal -0.923879 0.382684 0
    outer loop
      vertex 75.327 10.862 2
      vertex 75.1468 10.4271 12
      vertex 75.327 10.862 12
    endloop
  endfacet
  facet normal -0.97237 0.233444 0
    outer loop
      vertex 75.0369 9.9693 2
      vertex 75.0369 9.9693 12
      vertex 75.1468 10.4271 2
    endloop
  endfacet
  facet normal -0.97237 0.233444 0
    outer loop
      vertex 75.1468 10.4271 2
      vertex 75.0369 9.9693 12
      vertex 75.1468 10.4271 12
    endloop
  endfacet
  facet normal -0.996917 0.0784592 0
    outer loop
      vertex 75 9.5 2
      vertex 75 9.5 12
      vertex 75.0369 9.9693 2
    endloop
  endfacet
  facet normal -0.996917 0.0784592 0
    outer loop
      vertex 75.0369 9.9693 2
      vertex 75 9.5 12
      vertex 75.0369 9.9693 12
    endloop
  endfacet
  facet normal -0.996917 -0.0784592 -0
    outer loop
      vertex 92.3333 9.5 2
      vertex 92.3703 9.0307 2
      vertex 92.3333 9.5 12
    endloop
  endfacet
  facet normal -0.996917 -0.0784592 0
    outer loop
      vertex 92.3333 9.5 12
      vertex 92.3703 9.0307 2
      vertex 92.3703 9.0307 12
    endloop
  endfacet
  facet normal -0.97237 -0.233444 -0
    outer loop
      vertex 92.3703 9.0307 2
      vertex 92.4802 8.57295 2
      vertex 92.3703 9.0307 12
    endloop
  endfacet
  facet normal -0.97237 -0.233444 0
    outer loop
      vertex 92.3703 9.0307 12
      vertex 92.4802 8.57295 2
      vertex 92.4802 8.57295 12
    endloop
  endfacet
  facet normal -0.923879 -0.382684 -0
    outer loop
      vertex 92.4802 8.57295 2
      vertex 92.6603 8.13803 2
      vertex 92.4802 8.57295 12
    endloop
  endfacet
  facet normal -0.923879 -0.382684 0
    outer loop
      vertex 92.4802 8.57295 12
      vertex 92.6603 8.13803 2
      vertex 92.6603 8.13803 12
    endloop
  endfacet
  facet normal -0.85264 -0.522498 -0
    outer loop
      vertex 92.6603 8.13803 2
      vertex 92.9063 7.73664 2
      vertex 92.6603 8.13803 12
    endloop
  endfacet
  facet normal -0.85264 -0.522498 0
    outer loop
      vertex 92.6603 8.13803 12
      vertex 92.9063 7.73664 2
      vertex 92.9063 7.73664 12
    endloop
  endfacet
  facet normal -0.760405 -0.649449 -0
    outer loop
      vertex 92.9063 7.73664 2
      vertex 93.212 7.37868 2
      vertex 92.9063 7.73664 12
    endloop
  endfacet
  facet normal -0.760405 -0.649449 0
    outer loop
      vertex 92.9063 7.73664 12
      vertex 93.212 7.37868 2
      vertex 93.212 7.37868 12
    endloop
  endfacet
  facet normal -0.649449 -0.760405 0
    outer loop
      vertex 93.212 7.37868 12
      vertex 93.212 7.37868 2
      vertex 93.57 7.07295 2
    endloop
  endfacet
  facet normal -0.649449 -0.760405 0
    outer loop
      vertex 93.57 7.07295 12
      vertex 93.212 7.37868 12
      vertex 93.57 7.07295 2
    endloop
  endfacet
  facet normal -0.522498 -0.85264 0
    outer loop
      vertex 93.57 7.07295 12
      vertex 93.57 7.07295 2
      vertex 93.9714 6.82698 2
    endloop
  endfacet
  facet normal -0.522498 -0.85264 0
    outer loop
      vertex 93.9714 6.82698 12
      vertex 93.57 7.07295 12
      vertex 93.9714 6.82698 2
    endloop
  endfacet
  facet normal -0.382684 -0.923879 0
    outer loop
      vertex 93.9714 6.82698 12
      vertex 93.9714 6.82698 2
      vertex 94.4063 6.64683 2
    endloop
  endfacet
  facet normal -0.382684 -0.923879 0
    outer loop
      vertex 94.4063 6.64683 12
      vertex 93.9714 6.82698 12
      vertex 94.4063 6.64683 2
    endloop
  endfacet
  facet normal -0.233444 -0.97237 0
    outer loop
      vertex 94.4063 6.64683 12
      vertex 94.4063 6.64683 2
      vertex 94.864 6.53693 2
    endloop
  endfacet
  facet normal -0.233444 -0.97237 0
    outer loop
      vertex 94.864 6.53693 12
      vertex 94.4063 6.64683 12
      vertex 94.864 6.53693 2
    endloop
  endfacet
  facet normal -0.0784592 -0.996917 0
    outer loop
      vertex 94.864 6.53693 12
      vertex 94.864 6.53693 2
      vertex 95.3333 6.5 2
    endloop
  endfacet
  facet normal -0.0784592 -0.996917 0
    outer loop
      vertex 95.3333 6.5 12
      vertex 94.864 6.53693 12
      vertex 95.3333 6.5 2
    endloop
  endfacet
  facet normal 0.0784592 -0.996917 0
    outer loop
      vertex 95.3333 6.5 12
      vertex 95.3333 6.5 2
      vertex 95.8026 6.53693 2
    endloop
  endfacet
  facet normal 0.0784592 -0.996917 0
    outer loop
      vertex 95.8026 6.53693 12
      vertex 95.3333 6.5 12
      vertex 95.8026 6.53693 2
    endloop
  endfacet
  facet normal 0.233444 -0.97237 0
    outer loop
      vertex 95.8026 6.53693 12
      vertex 95.8026 6.53693 2
      vertex 96.2604 6.64683 2
    endloop
  endfacet
  facet normal 0.233444 -0.97237 0
    outer loop
      vertex 96.2604 6.64683 12
      vertex 95.8026 6.53693 12
      vertex 96.2604 6.64683 2
    endloop
  endfacet
  facet normal 0.382684 -0.923879 0
    outer loop
      vertex 96.2604 6.64683 12
      vertex 96.2604 6.64683 2
      vertex 96.6953 6.82698 2
    endloop
  endfacet
  facet normal 0.382684 -0.923879 0
    outer loop
      vertex 96.6953 6.82698 12
      vertex 96.2604 6.64683 12
      vertex 96.6953 6.82698 2
    endloop
  endfacet
  facet normal 0.522498 -0.85264 0
    outer loop
      vertex 96.6953 6.82698 12
      vertex 96.6953 6.82698 2
      vertex 97.0967 7.07295 2
    endloop
  endfacet
  facet normal 0.522498 -0.85264 0
    outer loop
      vertex 97.0967 7.07295 12
      vertex 96.6953 6.82698 12
      vertex 97.0967 7.07295 2
    endloop
  endfacet
  facet normal 0.649449 -0.760405 0
    outer loop
      vertex 97.0967 7.07295 12
      vertex 97.0967 7.07295 2
      vertex 97.4547 7.37868 2
    endloop
  endfacet
  facet normal 0.649449 -0.760405 0
    outer loop
      vertex 97.4547 7.37868 12
      vertex 97.0967 7.07295 12
      vertex 97.4547 7.37868 2
    endloop
  endfacet
  facet normal 0.760405 -0.649449 0
    outer loop
      vertex 97.4547 7.37868 12
      vertex 97.4547 7.37868 2
      vertex 97.7604 7.73664 2
    endloop
  endfacet
  facet normal 0.760405 -0.649449 0
    outer loop
      vertex 97.7604 7.73664 12
      vertex 97.4547 7.37868 12
      vertex 97.7604 7.73664 2
    endloop
  endfacet
  facet normal 0.85264 -0.522498 0
    outer loop
      vertex 97.7604 7.73664 12
      vertex 97.7604 7.73664 2
      vertex 98.0064 8.13803 2
    endloop
  endfacet
  facet normal 0.85264 -0.522498 0
    outer loop
      vertex 98.0064 8.13803 12
      vertex 97.7604 7.73664 12
      vertex 98.0064 8.13803 2
    endloop
  endfacet
  facet normal 0.923879 -0.382684 0
    outer loop
      vertex 98.0064 8.13803 12
      vertex 98.0064 8.13803 2
      vertex 98.1865 8.57295 2
    endloop
  endfacet
  facet normal 0.923879 -0.382684 0
    outer loop
      vertex 98.1865 8.57295 12
      vertex 98.0064 8.13803 12
      vertex 98.1865 8.57295 2
    endloop
  endfacet
  facet normal 0.97237 -0.233444 0
    outer loop
      vertex 98.1865 8.57295 12
      vertex 98.1865 8.57295 2
      vertex 98.2964 9.0307 2
    endloop
  endfacet
  facet normal 0.97237 -0.233444 0
    outer loop
      vertex 98.2964 9.0307 12
      vertex 98.1865 8.57295 12
      vertex 98.2964 9.0307 2
    endloop
  endfacet
  facet normal 0.996917 -0.0784592 0
    outer loop
      vertex 98.2964 9.0307 12
      vertex 98.2964 9.0307 2
      vertex 98.3333 9.5 2
    endloop
  endfacet
  facet normal 0.996917 -0.0784592 0
    outer loop
      vertex 98.3333 9.5 12
      vertex 98.2964 9.0307 12
      vertex 98.3333 9.5 2
    endloop
  endfacet
  facet normal 0.996917 0.0784592 0
    outer loop
      vertex 98.3333 9.5 2
      vertex 98.2964 9.9693 2
      vertex 98.2964 9.9693 12
    endloop
  endfacet
  facet normal 0.996917 0.0784592 -0
    outer loop
      vertex 98.3333 9.5 12
      vertex 98.3333 9.5 2
      vertex 98.2964 9.9693 12
    endloop
  endfacet
  facet normal 0.97237 0.233444 0
    outer loop
      vertex 98.2964 9.9693 2
      vertex 98.1865 10.4271 2
      vertex 98.1865 10.4271 12
    endloop
  endfacet
  facet normal 0.97237 0.233444 -0
    outer loop
      vertex 98.2964 9.9693 12
      vertex 98.2964 9.9693 2
      vertex 98.1865 10.4271 12
    endloop
  endfacet
  facet normal 0.923879 0.382684 0
    outer loop
      vertex 98.1865 10.4271 2
      vertex 98.0064 10.862 2
      vertex 98.0064 10.862 12
    endloop
  endfacet
  facet normal 0.923879 0.382684 -0
    outer loop
      vertex 98.1865 10.4271 12
      vertex 98.1865 10.4271 2
      vertex 98.0064 10.862 12
    endloop
  endfacet
  facet normal 0.85264 0.522498 0
    outer loop
      vertex 98.0064 10.862 2
      vertex 97.7604 11.2634 2
      vertex 97.7604 11.2634 12
    endloop
  endfacet
  facet normal 0.85264 0.522498 -0
    outer loop
      vertex 98.0064 10.862 12
      vertex 98.0064 10.862 2
      vertex 97.7604 11.2634 12
    endloop
  endfacet
  facet normal 0.760405 0.649449 0
    outer loop
      vertex 97.7604 11.2634 2
      vertex 97.4547 11.6213 2
      vertex 97.4547 11.6213 12
    endloop
  endfacet
  facet normal 0.760405 0.649449 -0
    outer loop
      vertex 97.7604 11.2634 12
      vertex 97.7604 11.2634 2
      vertex 97.4547 11.6213 12
    endloop
  endfacet
  facet normal 0.649449 0.760405 0
    outer loop
      vertex 97.0967 11.9271 2
      vertex 97.0967 11.9271 12
      vertex 97.4547 11.6213 2
    endloop
  endfacet
  facet normal 0.649449 0.760405 0
    outer loop
      vertex 97.4547 11.6213 2
      vertex 97.0967 11.9271 12
      vertex 97.4547 11.6213 12
    endloop
  endfacet
  facet normal 0.522498 0.85264 0
    outer loop
      vertex 96.6953 12.173 2
      vertex 96.6953 12.173 12
      vertex 97.0967 11.9271 2
    endloop
  endfacet
  facet normal 0.522498 0.85264 0
    outer loop
      vertex 97.0967 11.9271 2
      vertex 96.6953 12.173 12
      vertex 97.0967 11.9271 12
    endloop
  endfacet
  facet normal 0.382684 0.923879 0
    outer loop
      vertex 96.2604 12.3532 2
      vertex 96.2604 12.3532 12
      vertex 96.6953 12.173 2
    endloop
  endfacet
  facet normal 0.382684 0.923879 0
    outer loop
      vertex 96.6953 12.173 2
      vertex 96.2604 12.3532 12
      vertex 96.6953 12.173 12
    endloop
  endfacet
  facet normal 0.233444 0.97237 0
    outer loop
      vertex 95.8026 12.4631 2
      vertex 95.8026 12.4631 12
      vertex 96.2604 12.3532 2
    endloop
  endfacet
  facet normal 0.233444 0.97237 0
    outer loop
      vertex 96.2604 12.3532 2
      vertex 95.8026 12.4631 12
      vertex 96.2604 12.3532 12
    endloop
  endfacet
  facet normal 0.0784592 0.996917 0
    outer loop
      vertex 95.3333 12.5 2
      vertex 95.3333 12.5 12
      vertex 95.8026 12.4631 2
    endloop
  endfacet
  facet normal 0.0784592 0.996917 0
    outer loop
      vertex 95.8026 12.4631 2
      vertex 95.3333 12.5 12
      vertex 95.8026 12.4631 12
    endloop
  endfacet
  facet normal -0.0784592 0.996917 0
    outer loop
      vertex 94.864 12.4631 2
      vertex 94.864 12.4631 12
      vertex 95.3333 12.5 2
    endloop
  endfacet
  facet normal -0.0784592 0.996917 0
    outer loop
      vertex 95.3333 12.5 2
      vertex 94.864 12.4631 12
      vertex 95.3333 12.5 12
    endloop
  endfacet
  facet normal -0.233444 0.97237 0
    outer loop
      vertex 94.4063 12.3532 2
      vertex 94.4063 12.3532 12
      vertex 94.864 12.4631 2
    endloop
  endfacet
  facet normal -0.233444 0.97237 0
    outer loop
      vertex 94.864 12.4631 2
      vertex 94.4063 12.3532 12
      vertex 94.864 12.4631 12
    endloop
  endfacet
  facet normal -0.382684 0.923879 0
    outer loop
      vertex 93.9714 12.173 2
      vertex 93.9714 12.173 12
      vertex 94.4063 12.3532 2
    endloop
  endfacet
  facet normal -0.382684 0.923879 0
    outer loop
      vertex 94.4063 12.3532 2
      vertex 93.9714 12.173 12
      vertex 94.4063 12.3532 12
    endloop
  endfacet
  facet normal -0.522498 0.85264 0
    outer loop
      vertex 93.57 11.9271 2
      vertex 93.57 11.9271 12
      vertex 93.9714 12.173 2
    endloop
  endfacet
  facet normal -0.522498 0.85264 0
    outer loop
      vertex 93.9714 12.173 2
      vertex 93.57 11.9271 12
      vertex 93.9714 12.173 12
    endloop
  endfacet
  facet normal -0.649449 0.760405 0
    outer loop
      vertex 93.212 11.6213 2
      vertex 93.212 11.6213 12
      vertex 93.57 11.9271 2
    endloop
  endfacet
  facet normal -0.649449 0.760405 0
    outer loop
      vertex 93.57 11.9271 2
      vertex 93.212 11.6213 12
      vertex 93.57 11.9271 12
    endloop
  endfacet
  facet normal -0.760405 0.649449 0
    outer loop
      vertex 92.9063 11.2634 2
      vertex 92.9063 11.2634 12
      vertex 93.212 11.6213 2
    endloop
  endfacet
  facet normal -0.760405 0.649449 0
    outer loop
      vertex 93.212 11.6213 2
      vertex 92.9063 11.2634 12
      vertex 93.212 11.6213 12
    endloop
  endfacet
  facet normal -0.85264 0.522498 0
    outer loop
      vertex 92.6603 10.862 2
      vertex 92.6603 10.862 12
      vertex 92.9063 11.2634 2
    endloop
  endfacet
  facet normal -0.85264 0.522498 0
    outer loop
      vertex 92.9063 11.2634 2
      vertex 92.6603 10.862 12
      vertex 92.9063 11.2634 12
    endloop
  endfacet
  facet normal -0.923879 0.382684 0
    outer loop
      vertex 92.4802 10.4271 2
      vertex 92.4802 10.4271 12
      vertex 92.6603 10.862 2
    endloop
  endfacet
  facet normal -0.923879 0.382684 0
    outer loop
      vertex 92.6603 10.862 2
      vertex 92.4802 10.4271 12
      vertex 92.6603 10.862 12
    endloop
  endfacet
  facet normal -0.97237 0.233444 0
    outer loop
      vertex 92.3703 9.9693 2
      vertex 92.3703 9.9693 12
      vertex 92.4802 10.4271 2
    endloop
  endfacet
  facet normal -0.97237 0.233444 0
    outer loop
      vertex 92.4802 10.4271 2
      vertex 92.3703 9.9693 12
      vertex 92.4802 10.4271 12
    endloop
  endfacet
  facet normal -0.996917 0.0784592 0
    outer loop
      vertex 92.3333 9.5 2
      vertex 92.3333 9.5 12
      vertex 92.3703 9.9693 2
    endloop
  endfacet
  facet normal -0.996917 0.0784592 0
    outer loop
      vertex 92.3703 9.9693 2
      vertex 92.3333 9.5 12
      vertex 92.3703 9.9693 12
    endloop
  endfacet
  facet normal 0.996918 3.54176e-015 -0.0784569
    outer loop
      vertex 63.5185 20.8 7.73465
      vertex 63.5185 18.8 7.73465
      vertex 63.5 18.8 7.5
    endloop
  endfacet
  facet normal 0.996918 0 -0.0784569
    outer loop
      vertex 63.5 20.8 7.5
      vertex 63.5185 20.8 7.73465
      vertex 63.5 18.8 7.5
    endloop
  endfacet
  facet normal 0.996918 3.54176e-015 0.0784569
    outer loop
      vertex 63.5 18.8 7.5
      vertex 63.5185 18.8 7.26535
      vertex 63.5185 20.8 7.26535
    endloop
  endfacet
  facet normal 0.996918 -0 0.0784569
    outer loop
      vertex 63.5 20.8 7.5
      vertex 63.5 18.8 7.5
      vertex 63.5185 20.8 7.26535
    endloop
  endfacet
  facet normal 0.972369 0 0.233447
    outer loop
      vertex 63.5185 18.8 7.26535
      vertex 63.5734 18.8 7.03648
      vertex 63.5734 20.8 7.03648
    endloop
  endfacet
  facet normal 0.972369 3.45455e-015 0.233447
    outer loop
      vertex 63.5185 20.8 7.26535
      vertex 63.5185 18.8 7.26535
      vertex 63.5734 20.8 7.03648
    endloop
  endfacet
  facet normal 0.92388 0 0.382682
    outer loop
      vertex 63.5734 18.8 7.03648
      vertex 63.6635 18.8 6.81901
      vertex 63.6635 20.8 6.81901
    endloop
  endfacet
  facet normal 0.92388 -0 0.382682
    outer loop
      vertex 63.5734 20.8 7.03648
      vertex 63.5734 18.8 7.03648
      vertex 63.6635 20.8 6.81901
    endloop
  endfacet
  facet normal 0.852639 0 0.522501
    outer loop
      vertex 63.6635 18.8 6.81901
      vertex 63.7865 18.8 6.61832
      vertex 63.7865 20.8 6.61832
    endloop
  endfacet
  facet normal 0.852639 -0 0.522501
    outer loop
      vertex 63.6635 20.8 6.81901
      vertex 63.6635 18.8 6.81901
      vertex 63.7865 20.8 6.61832
    endloop
  endfacet
  facet normal 0.760406 2.70151e-015 0.649448
    outer loop
      vertex 63.7865 18.8 6.61832
      vertex 63.9393 18.8 6.43934
      vertex 63.9393 20.8 6.43934
    endloop
  endfacet
  facet normal 0.760406 -0 0.649448
    outer loop
      vertex 63.7865 20.8 6.61832
      vertex 63.7865 18.8 6.61832
      vertex 63.9393 20.8 6.43934
    endloop
  endfacet
  facet normal 0.649448 0 0.760406
    outer loop
      vertex 63.9393 18.8 6.43934
      vertex 64.1183 18.8 6.28648
      vertex 64.1183 20.8 6.28648
    endloop
  endfacet
  facet normal 0.649448 2.3073e-015 0.760406
    outer loop
      vertex 63.9393 20.8 6.43934
      vertex 63.9393 18.8 6.43934
      vertex 64.1183 20.8 6.28648
    endloop
  endfacet
  facet normal 0.522501 0 0.852639
    outer loop
      vertex 64.1183 18.8 6.28648
      vertex 64.319 18.8 6.16349
      vertex 64.319 20.8 6.16349
    endloop
  endfacet
  facet normal 0.522501 -0 0.852639
    outer loop
      vertex 64.1183 20.8 6.28648
      vertex 64.1183 18.8 6.28648
      vertex 64.319 20.8 6.16349
    endloop
  endfacet
  facet normal 0.382682 0 0.92388
    outer loop
      vertex 64.319 18.8 6.16349
      vertex 64.5365 18.8 6.07342
      vertex 64.5365 20.8 6.07342
    endloop
  endfacet
  facet normal 0.382682 -0 0.92388
    outer loop
      vertex 64.319 20.8 6.16349
      vertex 64.319 18.8 6.16349
      vertex 64.5365 20.8 6.07342
    endloop
  endfacet
  facet normal 0.233447 0 0.972369
    outer loop
      vertex 64.5365 18.8 6.07342
      vertex 64.7653 18.8 6.01847
      vertex 64.7653 20.8 6.01847
    endloop
  endfacet
  facet normal 0.233447 -0 0.972369
    outer loop
      vertex 64.5365 20.8 6.07342
      vertex 64.5365 18.8 6.07342
      vertex 64.7653 20.8 6.01847
    endloop
  endfacet
  facet normal 0.0784569 0 0.996918
    outer loop
      vertex 64.7653 18.8 6.01847
      vertex 65 18.8 6
      vertex 65 20.8 6
    endloop
  endfacet
  facet normal 0.0784569 -0 0.996918
    outer loop
      vertex 64.7653 20.8 6.01847
      vertex 64.7653 18.8 6.01847
      vertex 65 20.8 6
    endloop
  endfacet
  facet normal -0.0784569 0 0.996918
    outer loop
      vertex 65 18.8 6
      vertex 65.2347 18.8 6.01847
      vertex 65.2347 20.8 6.01847
    endloop
  endfacet
  facet normal -0.0784569 0 0.996918
    outer loop
      vertex 65 20.8 6
      vertex 65 18.8 6
      vertex 65.2347 20.8 6.01847
    endloop
  endfacet
  facet normal -0.233447 0 0.972369
    outer loop
      vertex 65.2347 18.8 6.01847
      vertex 65.4635 18.8 6.07342
      vertex 65.4635 20.8 6.07342
    endloop
  endfacet
  facet normal -0.233447 0 0.972369
    outer loop
      vertex 65.2347 20.8 6.01847
      vertex 65.2347 18.8 6.01847
      vertex 65.4635 20.8 6.07342
    endloop
  endfacet
  facet normal -0.382682 0 0.92388
    outer loop
      vertex 65.4635 18.8 6.07342
      vertex 65.681 18.8 6.16349
      vertex 65.681 20.8 6.16349
    endloop
  endfacet
  facet normal -0.382682 0 0.92388
    outer loop
      vertex 65.4635 20.8 6.07342
      vertex 65.4635 18.8 6.07342
      vertex 65.681 20.8 6.16349
    endloop
  endfacet
  facet normal -0.522501 0 0.852639
    outer loop
      vertex 65.681 18.8 6.16349
      vertex 65.8817 18.8 6.28648
      vertex 65.8817 20.8 6.28648
    endloop
  endfacet
  facet normal -0.522501 0 0.852639
    outer loop
      vertex 65.681 20.8 6.16349
      vertex 65.681 18.8 6.16349
      vertex 65.8817 20.8 6.28648
    endloop
  endfacet
  facet normal -0.649448 0 0.760406
    outer loop
      vertex 65.8817 18.8 6.28648
      vertex 66.0607 18.8 6.43934
      vertex 66.0607 20.8 6.43934
    endloop
  endfacet
  facet normal -0.649448 0 0.760406
    outer loop
      vertex 65.8817 20.8 6.28648
      vertex 65.8817 18.8 6.28648
      vertex 66.0607 20.8 6.43934
    endloop
  endfacet
  facet normal -0.760406 0 0.649448
    outer loop
      vertex 66.2135 18.8 6.61832
      vertex 66.2135 20.8 6.61832
      vertex 66.0607 18.8 6.43934
    endloop
  endfacet
  facet normal -0.760406 0 0.649448
    outer loop
      vertex 66.0607 18.8 6.43934
      vertex 66.2135 20.8 6.61832
      vertex 66.0607 20.8 6.43934
    endloop
  endfacet
  facet normal -0.852639 0 0.522501
    outer loop
      vertex 66.3365 18.8 6.81901
      vertex 66.3365 20.8 6.81901
      vertex 66.2135 18.8 6.61832
    endloop
  endfacet
  facet normal -0.852639 0 0.522501
    outer loop
      vertex 66.2135 18.8 6.61832
      vertex 66.3365 20.8 6.81901
      vertex 66.2135 20.8 6.61832
    endloop
  endfacet
  facet normal -0.92388 0 0.382682
    outer loop
      vertex 66.4266 18.8 7.03648
      vertex 66.4266 20.8 7.03648
      vertex 66.3365 18.8 6.81901
    endloop
  endfacet
  facet normal -0.92388 0 0.382682
    outer loop
      vertex 66.3365 18.8 6.81901
      vertex 66.4266 20.8 7.03648
      vertex 66.3365 20.8 6.81901
    endloop
  endfacet
  facet normal -0.972369 0 0.233447
    outer loop
      vertex 66.4815 18.8 7.26535
      vertex 66.4815 20.8 7.26535
      vertex 66.4266 18.8 7.03648
    endloop
  endfacet
  facet normal -0.972369 0 0.233447
    outer loop
      vertex 66.4266 18.8 7.03648
      vertex 66.4815 20.8 7.26535
      vertex 66.4266 20.8 7.03648
    endloop
  endfacet
  facet normal -0.996918 0 0.0784569
    outer loop
      vertex 66.5 18.8 7.5
      vertex 66.5 20.8 7.5
      vertex 66.4815 18.8 7.26535
    endloop
  endfacet
  facet normal -0.996918 0 0.0784569
    outer loop
      vertex 66.4815 18.8 7.26535
      vertex 66.5 20.8 7.5
      vertex 66.4815 20.8 7.26535
    endloop
  endfacet
  facet normal -0.996918 -0 -0.0784569
    outer loop
      vertex 66.5 18.8 7.5
      vertex 66.4815 18.8 7.73465
      vertex 66.5 20.8 7.5
    endloop
  endfacet
  facet normal -0.996918 0 -0.0784569
    outer loop
      vertex 66.5 20.8 7.5
      vertex 66.4815 18.8 7.73465
      vertex 66.4815 20.8 7.73465
    endloop
  endfacet
  facet normal -0.972369 -0 -0.233447
    outer loop
      vertex 66.4815 18.8 7.73465
      vertex 66.4266 18.8 7.96353
      vertex 66.4815 20.8 7.73465
    endloop
  endfacet
  facet normal -0.972369 0 -0.233447
    outer loop
      vertex 66.4815 20.8 7.73465
      vertex 66.4266 18.8 7.96353
      vertex 66.4266 20.8 7.96353
    endloop
  endfacet
  facet normal -0.92388 -0 -0.382682
    outer loop
      vertex 66.4266 18.8 7.96353
      vertex 66.3365 18.8 8.18099
      vertex 66.4266 20.8 7.96353
    endloop
  endfacet
  facet normal -0.92388 0 -0.382682
    outer loop
      vertex 66.4266 20.8 7.96353
      vertex 66.3365 18.8 8.18099
      vertex 66.3365 20.8 8.18099
    endloop
  endfacet
  facet normal -0.852639 -0 -0.522501
    outer loop
      vertex 66.3365 18.8 8.18099
      vertex 66.2135 18.8 8.38168
      vertex 66.3365 20.8 8.18099
    endloop
  endfacet
  facet normal -0.852639 0 -0.522501
    outer loop
      vertex 66.3365 20.8 8.18099
      vertex 66.2135 18.8 8.38168
      vertex 66.2135 20.8 8.38168
    endloop
  endfacet
  facet normal -0.760406 -0 -0.649448
    outer loop
      vertex 66.2135 18.8 8.38168
      vertex 66.0607 18.8 8.56066
      vertex 66.2135 20.8 8.38168
    endloop
  endfacet
  facet normal -0.760406 0 -0.649448
    outer loop
      vertex 66.2135 20.8 8.38168
      vertex 66.0607 18.8 8.56066
      vertex 66.0607 20.8 8.56066
    endloop
  endfacet
  facet normal -0.649448 -0 -0.760406
    outer loop
      vertex 66.0607 18.8 8.56066
      vertex 65.8817 18.8 8.71353
      vertex 66.0607 20.8 8.56066
    endloop
  endfacet
  facet normal -0.649448 -4.61461e-015 -0.760406
    outer loop
      vertex 66.0607 20.8 8.56066
      vertex 65.8817 18.8 8.71353
      vertex 65.8817 20.8 8.71353
    endloop
  endfacet
  facet normal -0.522501 -3.71259e-015 -0.852639
    outer loop
      vertex 65.8817 18.8 8.71353
      vertex 65.681 18.8 8.83651
      vertex 65.8817 20.8 8.71353
    endloop
  endfacet
  facet normal -0.522501 0 -0.852639
    outer loop
      vertex 65.8817 20.8 8.71353
      vertex 65.681 18.8 8.83651
      vertex 65.681 20.8 8.83651
    endloop
  endfacet
  facet normal -0.382682 -0 -0.92388
    outer loop
      vertex 65.681 18.8 8.83651
      vertex 65.4635 18.8 8.92659
      vertex 65.681 20.8 8.83651
    endloop
  endfacet
  facet normal -0.382682 0 -0.92388
    outer loop
      vertex 65.681 20.8 8.83651
      vertex 65.4635 18.8 8.92659
      vertex 65.4635 20.8 8.92659
    endloop
  endfacet
  facet normal -0.233447 -0 -0.972369
    outer loop
      vertex 65.4635 18.8 8.92659
      vertex 65.2347 18.8 8.98153
      vertex 65.4635 20.8 8.92659
    endloop
  endfacet
  facet normal -0.233447 0 -0.972369
    outer loop
      vertex 65.4635 20.8 8.92659
      vertex 65.2347 18.8 8.98153
      vertex 65.2347 20.8 8.98153
    endloop
  endfacet
  facet normal -0.0784569 -0 -0.996918
    outer loop
      vertex 65.2347 18.8 8.98153
      vertex 65 18.8 9
      vertex 65.2347 20.8 8.98153
    endloop
  endfacet
  facet normal -0.0784569 0 -0.996918
    outer loop
      vertex 65.2347 20.8 8.98153
      vertex 65 18.8 9
      vertex 65 20.8 9
    endloop
  endfacet
  facet normal 0.0784569 0 -0.996918
    outer loop
      vertex 65 18.8 9
      vertex 64.7653 18.8 8.98153
      vertex 65 20.8 9
    endloop
  endfacet
  facet normal 0.0784569 0 -0.996918
    outer loop
      vertex 65 20.8 9
      vertex 64.7653 18.8 8.98153
      vertex 64.7653 20.8 8.98153
    endloop
  endfacet
  facet normal 0.233447 0 -0.972369
    outer loop
      vertex 64.7653 18.8 8.98153
      vertex 64.5365 18.8 8.92659
      vertex 64.7653 20.8 8.98153
    endloop
  endfacet
  facet normal 0.233447 0 -0.972369
    outer loop
      vertex 64.7653 20.8 8.98153
      vertex 64.5365 18.8 8.92659
      vertex 64.5365 20.8 8.92659
    endloop
  endfacet
  facet normal 0.382682 0 -0.92388
    outer loop
      vertex 64.5365 18.8 8.92659
      vertex 64.319 18.8 8.83651
      vertex 64.5365 20.8 8.92659
    endloop
  endfacet
  facet normal 0.382682 0 -0.92388
    outer loop
      vertex 64.5365 20.8 8.92659
      vertex 64.319 18.8 8.83651
      vertex 64.319 20.8 8.83651
    endloop
  endfacet
  facet normal 0.522501 0 -0.852639
    outer loop
      vertex 64.319 18.8 8.83651
      vertex 64.1183 18.8 8.71353
      vertex 64.319 20.8 8.83651
    endloop
  endfacet
  facet normal 0.522501 0 -0.852639
    outer loop
      vertex 64.319 20.8 8.83651
      vertex 64.1183 18.8 8.71353
      vertex 64.1183 20.8 8.71353
    endloop
  endfacet
  facet normal 0.649448 0 -0.760406
    outer loop
      vertex 64.1183 18.8 8.71353
      vertex 63.9393 18.8 8.56066
      vertex 64.1183 20.8 8.71353
    endloop
  endfacet
  facet normal 0.649448 0 -0.760406
    outer loop
      vertex 64.1183 20.8 8.71353
      vertex 63.9393 18.8 8.56066
      vertex 63.9393 20.8 8.56066
    endloop
  endfacet
  facet normal 0.760406 0 -0.649448
    outer loop
      vertex 63.9393 20.8 8.56066
      vertex 63.9393 18.8 8.56066
      vertex 63.7865 18.8 8.38168
    endloop
  endfacet
  facet normal 0.760406 0 -0.649448
    outer loop
      vertex 63.7865 20.8 8.38168
      vertex 63.9393 20.8 8.56066
      vertex 63.7865 18.8 8.38168
    endloop
  endfacet
  facet normal 0.852639 0 -0.522501
    outer loop
      vertex 63.7865 20.8 8.38168
      vertex 63.7865 18.8 8.38168
      vertex 63.6635 18.8 8.18099
    endloop
  endfacet
  facet normal 0.852639 0 -0.522501
    outer loop
      vertex 63.6635 20.8 8.18099
      vertex 63.7865 20.8 8.38168
      vertex 63.6635 18.8 8.18099
    endloop
  endfacet
  facet normal 0.92388 0 -0.382682
    outer loop
      vertex 63.6635 20.8 8.18099
      vertex 63.6635 18.8 8.18099
      vertex 63.5734 18.8 7.96353
    endloop
  endfacet
  facet normal 0.92388 0 -0.382682
    outer loop
      vertex 63.5734 20.8 7.96353
      vertex 63.6635 20.8 8.18099
      vertex 63.5734 18.8 7.96353
    endloop
  endfacet
  facet normal 0.972369 0 -0.233447
    outer loop
      vertex 63.5734 20.8 7.96353
      vertex 63.5734 18.8 7.96353
      vertex 63.5185 18.8 7.73465
    endloop
  endfacet
  facet normal 0.972369 3.45455e-015 -0.233447
    outer loop
      vertex 63.5185 20.8 7.73465
      vertex 63.5734 20.8 7.96353
      vertex 63.5185 18.8 7.73465
    endloop
  endfacet
  facet normal 0.996918 0 0.0784569
    outer loop
      vertex 89.5 18.8 7.5
      vertex 89.5185 18.8 7.26535
      vertex 89.5185 20.8 7.26535
    endloop
  endfacet
  facet normal 0.996918 -0 0.0784569
    outer loop
      vertex 89.5 20.8 7.5
      vertex 89.5 18.8 7.5
      vertex 89.5185 20.8 7.26535
    endloop
  endfacet
  facet normal 0.996918 0 -0.0784569
    outer loop
      vertex 89.5185 20.8 7.73465
      vertex 89.5185 18.8 7.73465
      vertex 89.5 18.8 7.5
    endloop
  endfacet
  facet normal 0.996918 0 -0.0784569
    outer loop
      vertex 89.5 20.8 7.5
      vertex 89.5185 20.8 7.73465
      vertex 89.5 18.8 7.5
    endloop
  endfacet
  facet normal 0.972369 0 0.233447
    outer loop
      vertex 89.5185 18.8 7.26535
      vertex 89.5734 18.8 7.03648
      vertex 89.5734 20.8 7.03648
    endloop
  endfacet
  facet normal 0.972369 -0 0.233447
    outer loop
      vertex 89.5185 20.8 7.26535
      vertex 89.5185 18.8 7.26535
      vertex 89.5734 20.8 7.03648
    endloop
  endfacet
  facet normal 0.92388 0 0.382682
    outer loop
      vertex 89.5734 18.8 7.03648
      vertex 89.6635 18.8 6.81901
      vertex 89.6635 20.8 6.81901
    endloop
  endfacet
  facet normal 0.92388 -0 0.382682
    outer loop
      vertex 89.5734 20.8 7.03648
      vertex 89.5734 18.8 7.03648
      vertex 89.6635 20.8 6.81901
    endloop
  endfacet
  facet normal 0.852639 0 0.522501
    outer loop
      vertex 89.6635 18.8 6.81901
      vertex 89.7865 18.8 6.61832
      vertex 89.7865 20.8 6.61832
    endloop
  endfacet
  facet normal 0.852639 -0 0.522501
    outer loop
      vertex 89.6635 20.8 6.81901
      vertex 89.6635 18.8 6.81901
      vertex 89.7865 20.8 6.61832
    endloop
  endfacet
  facet normal 0.760406 0 0.649448
    outer loop
      vertex 89.7865 18.8 6.61832
      vertex 89.9393 18.8 6.43934
      vertex 89.9393 20.8 6.43934
    endloop
  endfacet
  facet normal 0.760406 -0 0.649448
    outer loop
      vertex 89.7865 20.8 6.61832
      vertex 89.7865 18.8 6.61832
      vertex 89.9393 20.8 6.43934
    endloop
  endfacet
  facet normal 0.649448 0 0.760406
    outer loop
      vertex 89.9393 18.8 6.43934
      vertex 90.1183 18.8 6.28648
      vertex 90.1183 20.8 6.28648
    endloop
  endfacet
  facet normal 0.649448 -0 0.760406
    outer loop
      vertex 89.9393 20.8 6.43934
      vertex 89.9393 18.8 6.43934
      vertex 90.1183 20.8 6.28648
    endloop
  endfacet
  facet normal 0.522501 0 0.852639
    outer loop
      vertex 90.1183 18.8 6.28648
      vertex 90.319 18.8 6.16349
      vertex 90.319 20.8 6.16349
    endloop
  endfacet
  facet normal 0.522501 -0 0.852639
    outer loop
      vertex 90.1183 20.8 6.28648
      vertex 90.1183 18.8 6.28648
      vertex 90.319 20.8 6.16349
    endloop
  endfacet
  facet normal 0.382682 0 0.92388
    outer loop
      vertex 90.319 18.8 6.16349
      vertex 90.5365 18.8 6.07342
      vertex 90.5365 20.8 6.07342
    endloop
  endfacet
  facet normal 0.382682 -0 0.92388
    outer loop
      vertex 90.319 20.8 6.16349
      vertex 90.319 18.8 6.16349
      vertex 90.5365 20.8 6.07342
    endloop
  endfacet
  facet normal 0.233447 0 0.972369
    outer loop
      vertex 90.5365 18.8 6.07342
      vertex 90.7653 18.8 6.01847
      vertex 90.7653 20.8 6.01847
    endloop
  endfacet
  facet normal 0.233447 -0 0.972369
    outer loop
      vertex 90.5365 20.8 6.07342
      vertex 90.5365 18.8 6.07342
      vertex 90.7653 20.8 6.01847
    endloop
  endfacet
  facet normal 0.0784569 0 0.996918
    outer loop
      vertex 90.7653 18.8 6.01847
      vertex 91 18.8 6
      vertex 91 20.8 6
    endloop
  endfacet
  facet normal 0.0784569 -0 0.996918
    outer loop
      vertex 90.7653 20.8 6.01847
      vertex 90.7653 18.8 6.01847
      vertex 91 20.8 6
    endloop
  endfacet
  facet normal -0.0784569 0 0.996918
    outer loop
      vertex 91 18.8 6
      vertex 91.2347 18.8 6.01847
      vertex 91.2347 20.8 6.01847
    endloop
  endfacet
  facet normal -0.0784569 0 0.996918
    outer loop
      vertex 91 20.8 6
      vertex 91 18.8 6
      vertex 91.2347 20.8 6.01847
    endloop
  endfacet
  facet normal -0.233447 0 0.972369
    outer loop
      vertex 91.2347 18.8 6.01847
      vertex 91.4635 18.8 6.07342
      vertex 91.4635 20.8 6.07342
    endloop
  endfacet
  facet normal -0.233447 0 0.972369
    outer loop
      vertex 91.2347 20.8 6.01847
      vertex 91.2347 18.8 6.01847
      vertex 91.4635 20.8 6.07342
    endloop
  endfacet
  facet normal -0.382682 0 0.92388
    outer loop
      vertex 91.4635 18.8 6.07342
      vertex 91.681 18.8 6.16349
      vertex 91.681 20.8 6.16349
    endloop
  endfacet
  facet normal -0.382682 0 0.92388
    outer loop
      vertex 91.4635 20.8 6.07342
      vertex 91.4635 18.8 6.07342
      vertex 91.681 20.8 6.16349
    endloop
  endfacet
  facet normal -0.522501 0 0.852639
    outer loop
      vertex 91.681 18.8 6.16349
      vertex 91.8817 18.8 6.28648
      vertex 91.8817 20.8 6.28648
    endloop
  endfacet
  facet normal -0.522501 0 0.852639
    outer loop
      vertex 91.681 20.8 6.16349
      vertex 91.681 18.8 6.16349
      vertex 91.8817 20.8 6.28648
    endloop
  endfacet
  facet normal -0.649448 0 0.760406
    outer loop
      vertex 91.8817 18.8 6.28648
      vertex 92.0607 18.8 6.43934
      vertex 92.0607 20.8 6.43934
    endloop
  endfacet
  facet normal -0.649448 0 0.760406
    outer loop
      vertex 91.8817 20.8 6.28648
      vertex 91.8817 18.8 6.28648
      vertex 92.0607 20.8 6.43934
    endloop
  endfacet
  facet normal -0.760406 0 0.649448
    outer loop
      vertex 92.2135 18.8 6.61832
      vertex 92.2135 20.8 6.61832
      vertex 92.0607 18.8 6.43934
    endloop
  endfacet
  facet normal -0.760406 0 0.649448
    outer loop
      vertex 92.0607 18.8 6.43934
      vertex 92.2135 20.8 6.61832
      vertex 92.0607 20.8 6.43934
    endloop
  endfacet
  facet normal -0.852639 0 0.522501
    outer loop
      vertex 92.3365 18.8 6.81901
      vertex 92.3365 20.8 6.81901
      vertex 92.2135 18.8 6.61832
    endloop
  endfacet
  facet normal -0.852639 0 0.522501
    outer loop
      vertex 92.2135 18.8 6.61832
      vertex 92.3365 20.8 6.81901
      vertex 92.2135 20.8 6.61832
    endloop
  endfacet
  facet normal -0.92388 0 0.382682
    outer loop
      vertex 92.4266 18.8 7.03648
      vertex 92.4266 20.8 7.03648
      vertex 92.3365 18.8 6.81901
    endloop
  endfacet
  facet normal -0.92388 0 0.382682
    outer loop
      vertex 92.3365 18.8 6.81901
      vertex 92.4266 20.8 7.03648
      vertex 92.3365 20.8 6.81901
    endloop
  endfacet
  facet normal -0.972369 0 0.233447
    outer loop
      vertex 92.4815 18.8 7.26535
      vertex 92.4815 20.8 7.26535
      vertex 92.4266 18.8 7.03648
    endloop
  endfacet
  facet normal -0.972369 0 0.233447
    outer loop
      vertex 92.4266 18.8 7.03648
      vertex 92.4815 20.8 7.26535
      vertex 92.4266 20.8 7.03648
    endloop
  endfacet
  facet normal -0.996918 0 0.0784569
    outer loop
      vertex 92.5 18.8 7.5
      vertex 92.5 20.8 7.5
      vertex 92.4815 18.8 7.26535
    endloop
  endfacet
  facet normal -0.996918 0 0.0784569
    outer loop
      vertex 92.4815 18.8 7.26535
      vertex 92.5 20.8 7.5
      vertex 92.4815 20.8 7.26535
    endloop
  endfacet
  facet normal -0.996918 -0 -0.0784569
    outer loop
      vertex 92.5 18.8 7.5
      vertex 92.4815 18.8 7.73465
      vertex 92.5 20.8 7.5
    endloop
  endfacet
  facet normal -0.996918 0 -0.0784569
    outer loop
      vertex 92.5 20.8 7.5
      vertex 92.4815 18.8 7.73465
      vertex 92.4815 20.8 7.73465
    endloop
  endfacet
  facet normal -0.972369 -0 -0.233447
    outer loop
      vertex 92.4815 18.8 7.73465
      vertex 92.4266 18.8 7.96353
      vertex 92.4815 20.8 7.73465
    endloop
  endfacet
  facet normal -0.972369 0 -0.233447
    outer loop
      vertex 92.4815 20.8 7.73465
      vertex 92.4266 18.8 7.96353
      vertex 92.4266 20.8 7.96353
    endloop
  endfacet
  facet normal -0.92388 -0 -0.382682
    outer loop
      vertex 92.4266 18.8 7.96353
      vertex 92.3365 18.8 8.18099
      vertex 92.4266 20.8 7.96353
    endloop
  endfacet
  facet normal -0.92388 0 -0.382682
    outer loop
      vertex 92.4266 20.8 7.96353
      vertex 92.3365 18.8 8.18099
      vertex 92.3365 20.8 8.18099
    endloop
  endfacet
  facet normal -0.852639 -0 -0.522501
    outer loop
      vertex 92.3365 18.8 8.18099
      vertex 92.2135 18.8 8.38168
      vertex 92.3365 20.8 8.18099
    endloop
  endfacet
  facet normal -0.852639 0 -0.522501
    outer loop
      vertex 92.3365 20.8 8.18099
      vertex 92.2135 18.8 8.38168
      vertex 92.2135 20.8 8.38168
    endloop
  endfacet
  facet normal -0.760406 -0 -0.649448
    outer loop
      vertex 92.2135 18.8 8.38168
      vertex 92.0607 18.8 8.56066
      vertex 92.2135 20.8 8.38168
    endloop
  endfacet
  facet normal -0.760406 0 -0.649448
    outer loop
      vertex 92.2135 20.8 8.38168
      vertex 92.0607 18.8 8.56066
      vertex 92.0607 20.8 8.56066
    endloop
  endfacet
  facet normal -0.649448 -0 -0.760406
    outer loop
      vertex 92.0607 18.8 8.56066
      vertex 91.8817 18.8 8.71353
      vertex 92.0607 20.8 8.56066
    endloop
  endfacet
  facet normal -0.649448 -4.61461e-015 -0.760406
    outer loop
      vertex 92.0607 20.8 8.56066
      vertex 91.8817 18.8 8.71353
      vertex 91.8817 20.8 8.71353
    endloop
  endfacet
  facet normal -0.522501 -3.71259e-015 -0.852639
    outer loop
      vertex 91.8817 18.8 8.71353
      vertex 91.681 18.8 8.83651
      vertex 91.8817 20.8 8.71353
    endloop
  endfacet
  facet normal -0.522501 0 -0.852639
    outer loop
      vertex 91.8817 20.8 8.71353
      vertex 91.681 18.8 8.83651
      vertex 91.681 20.8 8.83651
    endloop
  endfacet
  facet normal -0.382682 -0 -0.92388
    outer loop
      vertex 91.681 18.8 8.83651
      vertex 91.4635 18.8 8.92659
      vertex 91.681 20.8 8.83651
    endloop
  endfacet
  facet normal -0.382682 0 -0.92388
    outer loop
      vertex 91.681 20.8 8.83651
      vertex 91.4635 18.8 8.92659
      vertex 91.4635 20.8 8.92659
    endloop
  endfacet
  facet normal -0.233447 -0 -0.972369
    outer loop
      vertex 91.4635 18.8 8.92659
      vertex 91.2347 18.8 8.98153
      vertex 91.4635 20.8 8.92659
    endloop
  endfacet
  facet normal -0.233447 0 -0.972369
    outer loop
      vertex 91.4635 20.8 8.92659
      vertex 91.2347 18.8 8.98153
      vertex 91.2347 20.8 8.98153
    endloop
  endfacet
  facet normal -0.0784569 -0 -0.996918
    outer loop
      vertex 91.2347 18.8 8.98153
      vertex 91 18.8 9
      vertex 91.2347 20.8 8.98153
    endloop
  endfacet
  facet normal -0.0784569 0 -0.996918
    outer loop
      vertex 91.2347 20.8 8.98153
      vertex 91 18.8 9
      vertex 91 20.8 9
    endloop
  endfacet
  facet normal 0.0784569 0 -0.996918
    outer loop
      vertex 91 18.8 9
      vertex 90.7653 18.8 8.98153
      vertex 91 20.8 9
    endloop
  endfacet
  facet normal 0.0784569 0 -0.996918
    outer loop
      vertex 91 20.8 9
      vertex 90.7653 18.8 8.98153
      vertex 90.7653 20.8 8.98153
    endloop
  endfacet
  facet normal 0.233447 0 -0.972369
    outer loop
      vertex 90.7653 18.8 8.98153
      vertex 90.5365 18.8 8.92659
      vertex 90.7653 20.8 8.98153
    endloop
  endfacet
  facet normal 0.233447 0 -0.972369
    outer loop
      vertex 90.7653 20.8 8.98153
      vertex 90.5365 18.8 8.92659
      vertex 90.5365 20.8 8.92659
    endloop
  endfacet
  facet normal 0.382682 0 -0.92388
    outer loop
      vertex 90.5365 18.8 8.92659
      vertex 90.319 18.8 8.83651
      vertex 90.5365 20.8 8.92659
    endloop
  endfacet
  facet normal 0.382682 0 -0.92388
    outer loop
      vertex 90.5365 20.8 8.92659
      vertex 90.319 18.8 8.83651
      vertex 90.319 20.8 8.83651
    endloop
  endfacet
  facet normal 0.522501 0 -0.852639
    outer loop
      vertex 90.319 18.8 8.83651
      vertex 90.1183 18.8 8.71353
      vertex 90.319 20.8 8.83651
    endloop
  endfacet
  facet normal 0.522501 0 -0.852639
    outer loop
      vertex 90.319 20.8 8.83651
      vertex 90.1183 18.8 8.71353
      vertex 90.1183 20.8 8.71353
    endloop
  endfacet
  facet normal 0.649448 0 -0.760406
    outer loop
      vertex 90.1183 18.8 8.71353
      vertex 89.9393 18.8 8.56066
      vertex 90.1183 20.8 8.71353
    endloop
  endfacet
  facet normal 0.649448 0 -0.760406
    outer loop
      vertex 90.1183 20.8 8.71353
      vertex 89.9393 18.8 8.56066
      vertex 89.9393 20.8 8.56066
    endloop
  endfacet
  facet normal 0.760406 0 -0.649448
    outer loop
      vertex 89.9393 20.8 8.56066
      vertex 89.9393 18.8 8.56066
      vertex 89.7865 18.8 8.38168
    endloop
  endfacet
  facet normal 0.760406 0 -0.649448
    outer loop
      vertex 89.7865 20.8 8.38168
      vertex 89.9393 20.8 8.56066
      vertex 89.7865 18.8 8.38168
    endloop
  endfacet
  facet normal 0.852639 0 -0.522501
    outer loop
      vertex 89.7865 20.8 8.38168
      vertex 89.7865 18.8 8.38168
      vertex 89.6635 18.8 8.18099
    endloop
  endfacet
  facet normal 0.852639 0 -0.522501
    outer loop
      vertex 89.6635 20.8 8.18099
      vertex 89.7865 20.8 8.38168
      vertex 89.6635 18.8 8.18099
    endloop
  endfacet
  facet normal 0.92388 0 -0.382682
    outer loop
      vertex 89.6635 20.8 8.18099
      vertex 89.6635 18.8 8.18099
      vertex 89.5734 18.8 7.96353
    endloop
  endfacet
  facet normal 0.92388 0 -0.382682
    outer loop
      vertex 89.5734 20.8 7.96353
      vertex 89.6635 20.8 8.18099
      vertex 89.5734 18.8 7.96353
    endloop
  endfacet
  facet normal 0.972369 0 -0.233447
    outer loop
      vertex 89.5734 20.8 7.96353
      vertex 89.5734 18.8 7.96353
      vertex 89.5185 18.8 7.73465
    endloop
  endfacet
  facet normal 0.972369 0 -0.233447
    outer loop
      vertex 89.5185 20.8 7.73465
      vertex 89.5734 20.8 7.96353
      vertex 89.5185 18.8 7.73465
    endloop
  endfacet
  facet normal -0.996917 -0.0784592 -0
    outer loop
      vertex 5.66667 9.5 2
      vertex 5.7036 9.0307 2
      vertex 5.66667 9.5 12
    endloop
  endfacet
  facet normal -0.996917 -0.0784592 0
    outer loop
      vertex 5.66667 9.5 12
      vertex 5.7036 9.0307 2
      vertex 5.7036 9.0307 12
    endloop
  endfacet
  facet normal -0.97237 -0.233444 -0
    outer loop
      vertex 5.7036 9.0307 2
      vertex 5.8135 8.57295 2
      vertex 5.7036 9.0307 12
    endloop
  endfacet
  facet normal -0.97237 -0.233444 0
    outer loop
      vertex 5.7036 9.0307 12
      vertex 5.8135 8.57295 2
      vertex 5.8135 8.57295 12
    endloop
  endfacet
  facet normal -0.923879 -0.382684 -0
    outer loop
      vertex 5.8135 8.57295 2
      vertex 5.99365 8.13803 2
      vertex 5.8135 8.57295 12
    endloop
  endfacet
  facet normal -0.923879 -0.382684 0
    outer loop
      vertex 5.8135 8.57295 12
      vertex 5.99365 8.13803 2
      vertex 5.99365 8.13803 12
    endloop
  endfacet
  facet normal -0.85264 -0.522498 -0
    outer loop
      vertex 5.99365 8.13803 2
      vertex 6.23962 7.73664 2
      vertex 5.99365 8.13803 12
    endloop
  endfacet
  facet normal -0.85264 -0.522498 0
    outer loop
      vertex 5.99365 8.13803 12
      vertex 6.23962 7.73664 2
      vertex 6.23962 7.73664 12
    endloop
  endfacet
  facet normal -0.760405 -0.649449 -0
    outer loop
      vertex 6.23962 7.73664 2
      vertex 6.54535 7.37868 2
      vertex 6.23962 7.73664 12
    endloop
  endfacet
  facet normal -0.760405 -0.649449 0
    outer loop
      vertex 6.23962 7.73664 12
      vertex 6.54535 7.37868 2
      vertex 6.54535 7.37868 12
    endloop
  endfacet
  facet normal -0.649449 -0.760405 0
    outer loop
      vertex 6.54535 7.37868 12
      vertex 6.54535 7.37868 2
      vertex 6.90331 7.07295 2
    endloop
  endfacet
  facet normal -0.649449 -0.760405 0
    outer loop
      vertex 6.90331 7.07295 12
      vertex 6.54535 7.37868 12
      vertex 6.90331 7.07295 2
    endloop
  endfacet
  facet normal -0.522498 -0.85264 0
    outer loop
      vertex 6.90331 7.07295 12
      vertex 6.90331 7.07295 2
      vertex 7.3047 6.82698 2
    endloop
  endfacet
  facet normal -0.522498 -0.85264 0
    outer loop
      vertex 7.3047 6.82698 12
      vertex 6.90331 7.07295 12
      vertex 7.3047 6.82698 2
    endloop
  endfacet
  facet normal -0.382684 -0.923879 0
    outer loop
      vertex 7.3047 6.82698 12
      vertex 7.3047 6.82698 2
      vertex 7.73962 6.64683 2
    endloop
  endfacet
  facet normal -0.382684 -0.923879 0
    outer loop
      vertex 7.73962 6.64683 12
      vertex 7.3047 6.82698 12
      vertex 7.73962 6.64683 2
    endloop
  endfacet
  facet normal -0.233444 -0.97237 0
    outer loop
      vertex 7.73962 6.64683 12
      vertex 7.73962 6.64683 2
      vertex 8.19736 6.53693 2
    endloop
  endfacet
  facet normal -0.233444 -0.97237 0
    outer loop
      vertex 8.19736 6.53693 12
      vertex 7.73962 6.64683 12
      vertex 8.19736 6.53693 2
    endloop
  endfacet
  facet normal -0.0784592 -0.996917 0
    outer loop
      vertex 8.19736 6.53693 12
      vertex 8.19736 6.53693 2
      vertex 8.66667 6.5 2
    endloop
  endfacet
  facet normal -0.0784592 -0.996917 0
    outer loop
      vertex 8.66667 6.5 12
      vertex 8.19736 6.53693 12
      vertex 8.66667 6.5 2
    endloop
  endfacet
  facet normal 0.0784592 -0.996917 0
    outer loop
      vertex 8.66667 6.5 12
      vertex 8.66667 6.5 2
      vertex 9.13597 6.53693 2
    endloop
  endfacet
  facet normal 0.0784592 -0.996917 0
    outer loop
      vertex 9.13597 6.53693 12
      vertex 8.66667 6.5 12
      vertex 9.13597 6.53693 2
    endloop
  endfacet
  facet normal 0.233444 -0.97237 0
    outer loop
      vertex 9.13597 6.53693 12
      vertex 9.13597 6.53693 2
      vertex 9.59372 6.64683 2
    endloop
  endfacet
  facet normal 0.233444 -0.97237 0
    outer loop
      vertex 9.59372 6.64683 12
      vertex 9.13597 6.53693 12
      vertex 9.59372 6.64683 2
    endloop
  endfacet
  facet normal 0.382684 -0.923879 0
    outer loop
      vertex 9.59372 6.64683 12
      vertex 9.59372 6.64683 2
      vertex 10.0286 6.82698 2
    endloop
  endfacet
  facet normal 0.382684 -0.923879 0
    outer loop
      vertex 10.0286 6.82698 12
      vertex 9.59372 6.64683 12
      vertex 10.0286 6.82698 2
    endloop
  endfacet
  facet normal 0.522498 -0.85264 0
    outer loop
      vertex 10.0286 6.82698 12
      vertex 10.0286 6.82698 2
      vertex 10.43 7.07295 2
    endloop
  endfacet
  facet normal 0.522498 -0.85264 0
    outer loop
      vertex 10.43 7.07295 12
      vertex 10.0286 6.82698 12
      vertex 10.43 7.07295 2
    endloop
  endfacet
  facet normal 0.649449 -0.760405 0
    outer loop
      vertex 10.43 7.07295 12
      vertex 10.43 7.07295 2
      vertex 10.788 7.37868 2
    endloop
  endfacet
  facet normal 0.649449 -0.760405 0
    outer loop
      vertex 10.788 7.37868 12
      vertex 10.43 7.07295 12
      vertex 10.788 7.37868 2
    endloop
  endfacet
  facet normal 0.760405 -0.649449 0
    outer loop
      vertex 10.788 7.37868 12
      vertex 10.788 7.37868 2
      vertex 11.0937 7.73664 2
    endloop
  endfacet
  facet normal 0.760405 -0.649449 0
    outer loop
      vertex 11.0937 7.73664 12
      vertex 10.788 7.37868 12
      vertex 11.0937 7.73664 2
    endloop
  endfacet
  facet normal 0.85264 -0.522498 0
    outer loop
      vertex 11.0937 7.73664 12
      vertex 11.0937 7.73664 2
      vertex 11.3397 8.13803 2
    endloop
  endfacet
  facet normal 0.85264 -0.522498 0
    outer loop
      vertex 11.3397 8.13803 12
      vertex 11.0937 7.73664 12
      vertex 11.3397 8.13803 2
    endloop
  endfacet
  facet normal 0.923879 -0.382684 0
    outer loop
      vertex 11.3397 8.13803 12
      vertex 11.3397 8.13803 2
      vertex 11.5198 8.57295 2
    endloop
  endfacet
  facet normal 0.923879 -0.382684 0
    outer loop
      vertex 11.5198 8.57295 12
      vertex 11.3397 8.13803 12
      vertex 11.5198 8.57295 2
    endloop
  endfacet
  facet normal 0.97237 -0.233444 0
    outer loop
      vertex 11.5198 8.57295 12
      vertex 11.5198 8.57295 2
      vertex 11.6297 9.0307 2
    endloop
  endfacet
  facet normal 0.97237 -0.233444 0
    outer loop
      vertex 11.6297 9.0307 12
      vertex 11.5198 8.57295 12
      vertex 11.6297 9.0307 2
    endloop
  endfacet
  facet normal 0.996917 -0.0784592 0
    outer loop
      vertex 11.6297 9.0307 12
      vertex 11.6297 9.0307 2
      vertex 11.6667 9.5 2
    endloop
  endfacet
  facet normal 0.996917 -0.0784592 0
    outer loop
      vertex 11.6667 9.5 12
      vertex 11.6297 9.0307 12
      vertex 11.6667 9.5 2
    endloop
  endfacet
  facet normal 0.996917 0.0784592 0
    outer loop
      vertex 11.6667 9.5 2
      vertex 11.6297 9.9693 2
      vertex 11.6297 9.9693 12
    endloop
  endfacet
  facet normal 0.996917 0.0784592 -0
    outer loop
      vertex 11.6667 9.5 12
      vertex 11.6667 9.5 2
      vertex 11.6297 9.9693 12
    endloop
  endfacet
  facet normal 0.97237 0.233444 0
    outer loop
      vertex 11.6297 9.9693 2
      vertex 11.5198 10.4271 2
      vertex 11.5198 10.4271 12
    endloop
  endfacet
  facet normal 0.97237 0.233444 -0
    outer loop
      vertex 11.6297 9.9693 12
      vertex 11.6297 9.9693 2
      vertex 11.5198 10.4271 12
    endloop
  endfacet
  facet normal 0.923879 0.382684 0
    outer loop
      vertex 11.5198 10.4271 2
      vertex 11.3397 10.862 2
      vertex 11.3397 10.862 12
    endloop
  endfacet
  facet normal 0.923879 0.382684 -0
    outer loop
      vertex 11.5198 10.4271 12
      vertex 11.5198 10.4271 2
      vertex 11.3397 10.862 12
    endloop
  endfacet
  facet normal 0.85264 0.522498 0
    outer loop
      vertex 11.3397 10.862 2
      vertex 11.0937 11.2634 2
      vertex 11.0937 11.2634 12
    endloop
  endfacet
  facet normal 0.85264 0.522498 -0
    outer loop
      vertex 11.3397 10.862 12
      vertex 11.3397 10.862 2
      vertex 11.0937 11.2634 12
    endloop
  endfacet
  facet normal 0.760405 0.649449 0
    outer loop
      vertex 11.0937 11.2634 2
      vertex 10.788 11.6213 2
      vertex 10.788 11.6213 12
    endloop
  endfacet
  facet normal 0.760405 0.649449 -0
    outer loop
      vertex 11.0937 11.2634 12
      vertex 11.0937 11.2634 2
      vertex 10.788 11.6213 12
    endloop
  endfacet
  facet normal 0.649449 0.760405 0
    outer loop
      vertex 10.43 11.9271 2
      vertex 10.43 11.9271 12
      vertex 10.788 11.6213 2
    endloop
  endfacet
  facet normal 0.649449 0.760405 0
    outer loop
      vertex 10.788 11.6213 2
      vertex 10.43 11.9271 12
      vertex 10.788 11.6213 12
    endloop
  endfacet
  facet normal 0.522498 0.85264 0
    outer loop
      vertex 10.0286 12.173 2
      vertex 10.0286 12.173 12
      vertex 10.43 11.9271 2
    endloop
  endfacet
  facet normal 0.522498 0.85264 0
    outer loop
      vertex 10.43 11.9271 2
      vertex 10.0286 12.173 12
      vertex 10.43 11.9271 12
    endloop
  endfacet
  facet normal 0.382684 0.923879 0
    outer loop
      vertex 9.59372 12.3532 2
      vertex 9.59372 12.3532 12
      vertex 10.0286 12.173 2
    endloop
  endfacet
  facet normal 0.382684 0.923879 0
    outer loop
      vertex 10.0286 12.173 2
      vertex 9.59372 12.3532 12
      vertex 10.0286 12.173 12
    endloop
  endfacet
  facet normal 0.233444 0.97237 0
    outer loop
      vertex 9.13597 12.4631 2
      vertex 9.13597 12.4631 12
      vertex 9.59372 12.3532 2
    endloop
  endfacet
  facet normal 0.233444 0.97237 0
    outer loop
      vertex 9.59372 12.3532 2
      vertex 9.13597 12.4631 12
      vertex 9.59372 12.3532 12
    endloop
  endfacet
  facet normal 0.0784592 0.996917 0
    outer loop
      vertex 8.66667 12.5 2
      vertex 8.66667 12.5 12
      vertex 9.13597 12.4631 2
    endloop
  endfacet
  facet normal 0.0784592 0.996917 0
    outer loop
      vertex 9.13597 12.4631 2
      vertex 8.66667 12.5 12
      vertex 9.13597 12.4631 12
    endloop
  endfacet
  facet normal -0.0784592 0.996917 0
    outer loop
      vertex 8.19736 12.4631 2
      vertex 8.19736 12.4631 12
      vertex 8.66667 12.5 2
    endloop
  endfacet
  facet normal -0.0784592 0.996917 0
    outer loop
      vertex 8.66667 12.5 2
      vertex 8.19736 12.4631 12
      vertex 8.66667 12.5 12
    endloop
  endfacet
  facet normal -0.233444 0.97237 0
    outer loop
      vertex 7.73962 12.3532 2
      vertex 7.73962 12.3532 12
      vertex 8.19736 12.4631 2
    endloop
  endfacet
  facet normal -0.233444 0.97237 0
    outer loop
      vertex 8.19736 12.4631 2
      vertex 7.73962 12.3532 12
      vertex 8.19736 12.4631 12
    endloop
  endfacet
  facet normal -0.382684 0.923879 0
    outer loop
      vertex 7.3047 12.173 2
      vertex 7.3047 12.173 12
      vertex 7.73962 12.3532 2
    endloop
  endfacet
  facet normal -0.382684 0.923879 0
    outer loop
      vertex 7.73962 12.3532 2
      vertex 7.3047 12.173 12
      vertex 7.73962 12.3532 12
    endloop
  endfacet
  facet normal -0.522498 0.85264 0
    outer loop
      vertex 6.90331 11.9271 2
      vertex 6.90331 11.9271 12
      vertex 7.3047 12.173 2
    endloop
  endfacet
  facet normal -0.522498 0.85264 0
    outer loop
      vertex 7.3047 12.173 2
      vertex 6.90331 11.9271 12
      vertex 7.3047 12.173 12
    endloop
  endfacet
  facet normal -0.649449 0.760405 0
    outer loop
      vertex 6.54535 11.6213 2
      vertex 6.54535 11.6213 12
      vertex 6.90331 11.9271 2
    endloop
  endfacet
  facet normal -0.649449 0.760405 0
    outer loop
      vertex 6.90331 11.9271 2
      vertex 6.54535 11.6213 12
      vertex 6.90331 11.9271 12
    endloop
  endfacet
  facet normal -0.760405 0.649449 0
    outer loop
      vertex 6.23962 11.2634 2
      vertex 6.23962 11.2634 12
      vertex 6.54535 11.6213 2
    endloop
  endfacet
  facet normal -0.760405 0.649449 0
    outer loop
      vertex 6.54535 11.6213 2
      vertex 6.23962 11.2634 12
      vertex 6.54535 11.6213 12
    endloop
  endfacet
  facet normal -0.85264 0.522498 0
    outer loop
      vertex 5.99365 10.862 2
      vertex 5.99365 10.862 12
      vertex 6.23962 11.2634 2
    endloop
  endfacet
  facet normal -0.85264 0.522498 0
    outer loop
      vertex 6.23962 11.2634 2
      vertex 5.99365 10.862 12
      vertex 6.23962 11.2634 12
    endloop
  endfacet
  facet normal -0.923879 0.382684 0
    outer loop
      vertex 5.8135 10.4271 2
      vertex 5.8135 10.4271 12
      vertex 5.99365 10.862 2
    endloop
  endfacet
  facet normal -0.923879 0.382684 0
    outer loop
      vertex 5.99365 10.862 2
      vertex 5.8135 10.4271 12
      vertex 5.99365 10.862 12
    endloop
  endfacet
  facet normal -0.97237 0.233444 0
    outer loop
      vertex 5.7036 9.9693 2
      vertex 5.7036 9.9693 12
      vertex 5.8135 10.4271 2
    endloop
  endfacet
  facet normal -0.97237 0.233444 0
    outer loop
      vertex 5.8135 10.4271 2
      vertex 5.7036 9.9693 12
      vertex 5.8135 10.4271 12
    endloop
  endfacet
  facet normal -0.996917 0.0784592 0
    outer loop
      vertex 5.66667 9.5 2
      vertex 5.66667 9.5 12
      vertex 5.7036 9.9693 2
    endloop
  endfacet
  facet normal -0.996917 0.0784592 0
    outer loop
      vertex 5.7036 9.9693 2
      vertex 5.66667 9.5 12
      vertex 5.7036 9.9693 12
    endloop
  endfacet
  facet normal -0.996917 -0.0784592 -0
    outer loop
      vertex 23 9.5 2
      vertex 23.0369 9.0307 2
      vertex 23 9.5 12
    endloop
  endfacet
  facet normal -0.996917 -0.0784592 0
    outer loop
      vertex 23 9.5 12
      vertex 23.0369 9.0307 2
      vertex 23.0369 9.0307 12
    endloop
  endfacet
  facet normal -0.97237 -0.233444 -0
    outer loop
      vertex 23.0369 9.0307 2
      vertex 23.1468 8.57295 2
      vertex 23.0369 9.0307 12
    endloop
  endfacet
  facet normal -0.97237 -0.233444 0
    outer loop
      vertex 23.0369 9.0307 12
      vertex 23.1468 8.57295 2
      vertex 23.1468 8.57295 12
    endloop
  endfacet
  facet normal -0.923879 -0.382684 -0
    outer loop
      vertex 23.1468 8.57295 2
      vertex 23.327 8.13803 2
      vertex 23.1468 8.57295 12
    endloop
  endfacet
  facet normal -0.923879 -0.382684 0
    outer loop
      vertex 23.1468 8.57295 12
      vertex 23.327 8.13803 2
      vertex 23.327 8.13803 12
    endloop
  endfacet
  facet normal -0.85264 -0.522498 -0
    outer loop
      vertex 23.327 8.13803 2
      vertex 23.5729 7.73664 2
      vertex 23.327 8.13803 12
    endloop
  endfacet
  facet normal -0.85264 -0.522498 0
    outer loop
      vertex 23.327 8.13803 12
      vertex 23.5729 7.73664 2
      vertex 23.5729 7.73664 12
    endloop
  endfacet
  facet normal -0.760405 -0.649449 -0
    outer loop
      vertex 23.5729 7.73664 2
      vertex 23.8787 7.37868 2
      vertex 23.5729 7.73664 12
    endloop
  endfacet
  facet normal -0.760405 -0.649449 0
    outer loop
      vertex 23.5729 7.73664 12
      vertex 23.8787 7.37868 2
      vertex 23.8787 7.37868 12
    endloop
  endfacet
  facet normal -0.649449 -0.760405 0
    outer loop
      vertex 23.8787 7.37868 12
      vertex 23.8787 7.37868 2
      vertex 24.2366 7.07295 2
    endloop
  endfacet
  facet normal -0.649449 -0.760405 0
    outer loop
      vertex 24.2366 7.07295 12
      vertex 23.8787 7.37868 12
      vertex 24.2366 7.07295 2
    endloop
  endfacet
  facet normal -0.522498 -0.85264 0
    outer loop
      vertex 24.2366 7.07295 12
      vertex 24.2366 7.07295 2
      vertex 24.638 6.82698 2
    endloop
  endfacet
  facet normal -0.522498 -0.85264 0
    outer loop
      vertex 24.638 6.82698 12
      vertex 24.2366 7.07295 12
      vertex 24.638 6.82698 2
    endloop
  endfacet
  facet normal -0.382684 -0.923879 0
    outer loop
      vertex 24.638 6.82698 12
      vertex 24.638 6.82698 2
      vertex 25.0729 6.64683 2
    endloop
  endfacet
  facet normal -0.382684 -0.923879 0
    outer loop
      vertex 25.0729 6.64683 12
      vertex 24.638 6.82698 12
      vertex 25.0729 6.64683 2
    endloop
  endfacet
  facet normal -0.233444 -0.97237 0
    outer loop
      vertex 25.0729 6.64683 12
      vertex 25.0729 6.64683 2
      vertex 25.5307 6.53693 2
    endloop
  endfacet
  facet normal -0.233444 -0.97237 0
    outer loop
      vertex 25.5307 6.53693 12
      vertex 25.0729 6.64683 12
      vertex 25.5307 6.53693 2
    endloop
  endfacet
  facet normal -0.0784592 -0.996917 0
    outer loop
      vertex 25.5307 6.53693 12
      vertex 25.5307 6.53693 2
      vertex 26 6.5 2
    endloop
  endfacet
  facet normal -0.0784592 -0.996917 0
    outer loop
      vertex 26 6.5 12
      vertex 25.5307 6.53693 12
      vertex 26 6.5 2
    endloop
  endfacet
  facet normal 0.0784592 -0.996917 0
    outer loop
      vertex 26 6.5 12
      vertex 26 6.5 2
      vertex 26.4693 6.53693 2
    endloop
  endfacet
  facet normal 0.0784592 -0.996917 0
    outer loop
      vertex 26.4693 6.53693 12
      vertex 26 6.5 12
      vertex 26.4693 6.53693 2
    endloop
  endfacet
  facet normal 0.233444 -0.97237 0
    outer loop
      vertex 26.4693 6.53693 12
      vertex 26.4693 6.53693 2
      vertex 26.9271 6.64683 2
    endloop
  endfacet
  facet normal 0.233444 -0.97237 0
    outer loop
      vertex 26.9271 6.64683 12
      vertex 26.4693 6.53693 12
      vertex 26.9271 6.64683 2
    endloop
  endfacet
  facet normal 0.382684 -0.923879 0
    outer loop
      vertex 26.9271 6.64683 12
      vertex 26.9271 6.64683 2
      vertex 27.362 6.82698 2
    endloop
  endfacet
  facet normal 0.382684 -0.923879 0
    outer loop
      vertex 27.362 6.82698 12
      vertex 26.9271 6.64683 12
      vertex 27.362 6.82698 2
    endloop
  endfacet
  facet normal 0.522498 -0.85264 0
    outer loop
      vertex 27.362 6.82698 12
      vertex 27.362 6.82698 2
      vertex 27.7634 7.07295 2
    endloop
  endfacet
  facet normal 0.522498 -0.85264 0
    outer loop
      vertex 27.7634 7.07295 12
      vertex 27.362 6.82698 12
      vertex 27.7634 7.07295 2
    endloop
  endfacet
  facet normal 0.649449 -0.760405 0
    outer loop
      vertex 27.7634 7.07295 12
      vertex 27.7634 7.07295 2
      vertex 28.1213 7.37868 2
    endloop
  endfacet
  facet normal 0.649449 -0.760405 0
    outer loop
      vertex 28.1213 7.37868 12
      vertex 27.7634 7.07295 12
      vertex 28.1213 7.37868 2
    endloop
  endfacet
  facet normal 0.760405 -0.649449 0
    outer loop
      vertex 28.1213 7.37868 12
      vertex 28.1213 7.37868 2
      vertex 28.4271 7.73664 2
    endloop
  endfacet
  facet normal 0.760405 -0.649449 0
    outer loop
      vertex 28.4271 7.73664 12
      vertex 28.1213 7.37868 12
      vertex 28.4271 7.73664 2
    endloop
  endfacet
  facet normal 0.85264 -0.522498 0
    outer loop
      vertex 28.4271 7.73664 12
      vertex 28.4271 7.73664 2
      vertex 28.673 8.13803 2
    endloop
  endfacet
  facet normal 0.85264 -0.522498 0
    outer loop
      vertex 28.673 8.13803 12
      vertex 28.4271 7.73664 12
      vertex 28.673 8.13803 2
    endloop
  endfacet
  facet normal 0.923879 -0.382684 0
    outer loop
      vertex 28.673 8.13803 12
      vertex 28.673 8.13803 2
      vertex 28.8532 8.57295 2
    endloop
  endfacet
  facet normal 0.923879 -0.382684 0
    outer loop
      vertex 28.8532 8.57295 12
      vertex 28.673 8.13803 12
      vertex 28.8532 8.57295 2
    endloop
  endfacet
  facet normal 0.97237 -0.233444 0
    outer loop
      vertex 28.8532 8.57295 12
      vertex 28.8532 8.57295 2
      vertex 28.9631 9.0307 2
    endloop
  endfacet
  facet normal 0.97237 -0.233444 0
    outer loop
      vertex 28.9631 9.0307 12
      vertex 28.8532 8.57295 12
      vertex 28.9631 9.0307 2
    endloop
  endfacet
  facet normal 0.996917 -0.0784592 0
    outer loop
      vertex 28.9631 9.0307 12
      vertex 28.9631 9.0307 2
      vertex 29 9.5 2
    endloop
  endfacet
  facet normal 0.996917 -0.0784592 0
    outer loop
      vertex 29 9.5 12
      vertex 28.9631 9.0307 12
      vertex 29 9.5 2
    endloop
  endfacet
  facet normal 0.996917 0.0784592 0
    outer loop
      vertex 29 9.5 2
      vertex 28.9631 9.9693 2
      vertex 28.9631 9.9693 12
    endloop
  endfacet
  facet normal 0.996917 0.0784592 -0
    outer loop
      vertex 29 9.5 12
      vertex 29 9.5 2
      vertex 28.9631 9.9693 12
    endloop
  endfacet
  facet normal 0.97237 0.233444 0
    outer loop
      vertex 28.9631 9.9693 2
      vertex 28.8532 10.4271 2
      vertex 28.8532 10.4271 12
    endloop
  endfacet
  facet normal 0.97237 0.233444 -0
    outer loop
      vertex 28.9631 9.9693 12
      vertex 28.9631 9.9693 2
      vertex 28.8532 10.4271 12
    endloop
  endfacet
  facet normal 0.923879 0.382684 0
    outer loop
      vertex 28.8532 10.4271 2
      vertex 28.673 10.862 2
      vertex 28.673 10.862 12
    endloop
  endfacet
  facet normal 0.923879 0.382684 -0
    outer loop
      vertex 28.8532 10.4271 12
      vertex 28.8532 10.4271 2
      vertex 28.673 10.862 12
    endloop
  endfacet
  facet normal 0.85264 0.522498 0
    outer loop
      vertex 28.673 10.862 2
      vertex 28.4271 11.2634 2
      vertex 28.4271 11.2634 12
    endloop
  endfacet
  facet normal 0.85264 0.522498 -0
    outer loop
      vertex 28.673 10.862 12
      vertex 28.673 10.862 2
      vertex 28.4271 11.2634 12
    endloop
  endfacet
  facet normal 0.760405 0.649449 0
    outer loop
      vertex 28.4271 11.2634 2
      vertex 28.1213 11.6213 2
      vertex 28.1213 11.6213 12
    endloop
  endfacet
  facet normal 0.760405 0.649449 -0
    outer loop
      vertex 28.4271 11.2634 12
      vertex 28.4271 11.2634 2
      vertex 28.1213 11.6213 12
    endloop
  endfacet
  facet normal 0.649449 0.760405 0
    outer loop
      vertex 27.7634 11.9271 2
      vertex 27.7634 11.9271 12
      vertex 28.1213 11.6213 2
    endloop
  endfacet
  facet normal 0.649449 0.760405 0
    outer loop
      vertex 28.1213 11.6213 2
      vertex 27.7634 11.9271 12
      vertex 28.1213 11.6213 12
    endloop
  endfacet
  facet normal 0.522498 0.85264 0
    outer loop
      vertex 27.362 12.173 2
      vertex 27.362 12.173 12
      vertex 27.7634 11.9271 2
    endloop
  endfacet
  facet normal 0.522498 0.85264 0
    outer loop
      vertex 27.7634 11.9271 2
      vertex 27.362 12.173 12
      vertex 27.7634 11.9271 12
    endloop
  endfacet
  facet normal 0.382684 0.923879 0
    outer loop
      vertex 26.9271 12.3532 2
      vertex 26.9271 12.3532 12
      vertex 27.362 12.173 2
    endloop
  endfacet
  facet normal 0.382684 0.923879 0
    outer loop
      vertex 27.362 12.173 2
      vertex 26.9271 12.3532 12
      vertex 27.362 12.173 12
    endloop
  endfacet
  facet normal 0.233444 0.97237 0
    outer loop
      vertex 26.4693 12.4631 2
      vertex 26.4693 12.4631 12
      vertex 26.9271 12.3532 2
    endloop
  endfacet
  facet normal 0.233444 0.97237 0
    outer loop
      vertex 26.9271 12.3532 2
      vertex 26.4693 12.4631 12
      vertex 26.9271 12.3532 12
    endloop
  endfacet
  facet normal 0.0784592 0.996917 0
    outer loop
      vertex 26 12.5 2
      vertex 26 12.5 12
      vertex 26.4693 12.4631 2
    endloop
  endfacet
  facet normal 0.0784592 0.996917 0
    outer loop
      vertex 26.4693 12.4631 2
      vertex 26 12.5 12
      vertex 26.4693 12.4631 12
    endloop
  endfacet
  facet normal -0.0784592 0.996917 0
    outer loop
      vertex 25.5307 12.4631 2
      vertex 25.5307 12.4631 12
      vertex 26 12.5 2
    endloop
  endfacet
  facet normal -0.0784592 0.996917 0
    outer loop
      vertex 26 12.5 2
      vertex 25.5307 12.4631 12
      vertex 26 12.5 12
    endloop
  endfacet
  facet normal -0.233444 0.97237 0
    outer loop
      vertex 25.0729 12.3532 2
      vertex 25.0729 12.3532 12
      vertex 25.5307 12.4631 2
    endloop
  endfacet
  facet normal -0.233444 0.97237 0
    outer loop
      vertex 25.5307 12.4631 2
      vertex 25.0729 12.3532 12
      vertex 25.5307 12.4631 12
    endloop
  endfacet
  facet normal -0.382684 0.923879 0
    outer loop
      vertex 24.638 12.173 2
      vertex 24.638 12.173 12
      vertex 25.0729 12.3532 2
    endloop
  endfacet
  facet normal -0.382684 0.923879 0
    outer loop
      vertex 25.0729 12.3532 2
      vertex 24.638 12.173 12
      vertex 25.0729 12.3532 12
    endloop
  endfacet
  facet normal -0.522498 0.85264 0
    outer loop
      vertex 24.2366 11.9271 2
      vertex 24.2366 11.9271 12
      vertex 24.638 12.173 2
    endloop
  endfacet
  facet normal -0.522498 0.85264 0
    outer loop
      vertex 24.638 12.173 2
      vertex 24.2366 11.9271 12
      vertex 24.638 12.173 12
    endloop
  endfacet
  facet normal -0.649449 0.760405 0
    outer loop
      vertex 23.8787 11.6213 2
      vertex 23.8787 11.6213 12
      vertex 24.2366 11.9271 2
    endloop
  endfacet
  facet normal -0.649449 0.760405 0
    outer loop
      vertex 24.2366 11.9271 2
      vertex 23.8787 11.6213 12
      vertex 24.2366 11.9271 12
    endloop
  endfacet
  facet normal -0.760405 0.649449 0
    outer loop
      vertex 23.5729 11.2634 2
      vertex 23.5729 11.2634 12
      vertex 23.8787 11.6213 2
    endloop
  endfacet
  facet normal -0.760405 0.649449 0
    outer loop
      vertex 23.8787 11.6213 2
      vertex 23.5729 11.2634 12
      vertex 23.8787 11.6213 12
    endloop
  endfacet
  facet normal -0.85264 0.522498 0
    outer loop
      vertex 23.327 10.862 2
      vertex 23.327 10.862 12
      vertex 23.5729 11.2634 2
    endloop
  endfacet
  facet normal -0.85264 0.522498 0
    outer loop
      vertex 23.5729 11.2634 2
      vertex 23.327 10.862 12
      vertex 23.5729 11.2634 12
    endloop
  endfacet
  facet normal -0.923879 0.382684 0
    outer loop
      vertex 23.1468 10.4271 2
      vertex 23.1468 10.4271 12
      vertex 23.327 10.862 2
    endloop
  endfacet
  facet normal -0.923879 0.382684 0
    outer loop
      vertex 23.327 10.862 2
      vertex 23.1468 10.4271 12
      vertex 23.327 10.862 12
    endloop
  endfacet
  facet normal -0.97237 0.233444 0
    outer loop
      vertex 23.0369 9.9693 2
      vertex 23.0369 9.9693 12
      vertex 23.1468 10.4271 2
    endloop
  endfacet
  facet normal -0.97237 0.233444 0
    outer loop
      vertex 23.1468 10.4271 2
      vertex 23.0369 9.9693 12
      vertex 23.1468 10.4271 12
    endloop
  endfacet
  facet normal -0.996917 0.0784592 0
    outer loop
      vertex 23 9.5 2
      vertex 23 9.5 12
      vertex 23.0369 9.9693 2
    endloop
  endfacet
  facet normal -0.996917 0.0784592 0
    outer loop
      vertex 23.0369 9.9693 2
      vertex 23 9.5 12
      vertex 23.0369 9.9693 12
    endloop
  endfacet
  facet normal -0.996917 -0.0784592 -0
    outer loop
      vertex 40.3333 9.5 2
      vertex 40.3703 9.0307 2
      vertex 40.3333 9.5 12
    endloop
  endfacet
  facet normal -0.996917 -0.0784592 0
    outer loop
      vertex 40.3333 9.5 12
      vertex 40.3703 9.0307 2
      vertex 40.3703 9.0307 12
    endloop
  endfacet
  facet normal -0.97237 -0.233444 -0
    outer loop
      vertex 40.3703 9.0307 2
      vertex 40.4802 8.57295 2
      vertex 40.3703 9.0307 12
    endloop
  endfacet
  facet normal -0.97237 -0.233444 0
    outer loop
      vertex 40.3703 9.0307 12
      vertex 40.4802 8.57295 2
      vertex 40.4802 8.57295 12
    endloop
  endfacet
  facet normal -0.923879 -0.382684 -0
    outer loop
      vertex 40.4802 8.57295 2
      vertex 40.6603 8.13803 2
      vertex 40.4802 8.57295 12
    endloop
  endfacet
  facet normal -0.923879 -0.382684 0
    outer loop
      vertex 40.4802 8.57295 12
      vertex 40.6603 8.13803 2
      vertex 40.6603 8.13803 12
    endloop
  endfacet
  facet normal -0.85264 -0.522498 -0
    outer loop
      vertex 40.6603 8.13803 2
      vertex 40.9063 7.73664 2
      vertex 40.6603 8.13803 12
    endloop
  endfacet
  facet normal -0.85264 -0.522498 0
    outer loop
      vertex 40.6603 8.13803 12
      vertex 40.9063 7.73664 2
      vertex 40.9063 7.73664 12
    endloop
  endfacet
  facet normal -0.760405 -0.649449 -0
    outer loop
      vertex 40.9063 7.73664 2
      vertex 41.212 7.37868 2
      vertex 40.9063 7.73664 12
    endloop
  endfacet
  facet normal -0.760405 -0.649449 0
    outer loop
      vertex 40.9063 7.73664 12
      vertex 41.212 7.37868 2
      vertex 41.212 7.37868 12
    endloop
  endfacet
  facet normal -0.649449 -0.760405 0
    outer loop
      vertex 41.212 7.37868 12
      vertex 41.212 7.37868 2
      vertex 41.57 7.07295 2
    endloop
  endfacet
  facet normal -0.649449 -0.760405 0
    outer loop
      vertex 41.57 7.07295 12
      vertex 41.212 7.37868 12
      vertex 41.57 7.07295 2
    endloop
  endfacet
  facet normal -0.522498 -0.85264 0
    outer loop
      vertex 41.57 7.07295 12
      vertex 41.57 7.07295 2
      vertex 41.9714 6.82698 2
    endloop
  endfacet
  facet normal -0.522498 -0.85264 0
    outer loop
      vertex 41.9714 6.82698 12
      vertex 41.57 7.07295 12
      vertex 41.9714 6.82698 2
    endloop
  endfacet
  facet normal -0.382684 -0.923879 0
    outer loop
      vertex 41.9714 6.82698 12
      vertex 41.9714 6.82698 2
      vertex 42.4063 6.64683 2
    endloop
  endfacet
  facet normal -0.382684 -0.923879 0
    outer loop
      vertex 42.4063 6.64683 12
      vertex 41.9714 6.82698 12
      vertex 42.4063 6.64683 2
    endloop
  endfacet
  facet normal -0.233444 -0.97237 0
    outer loop
      vertex 42.4063 6.64683 12
      vertex 42.4063 6.64683 2
      vertex 42.864 6.53693 2
    endloop
  endfacet
  facet normal -0.233444 -0.97237 0
    outer loop
      vertex 42.864 6.53693 12
      vertex 42.4063 6.64683 12
      vertex 42.864 6.53693 2
    endloop
  endfacet
  facet normal -0.0784592 -0.996917 0
    outer loop
      vertex 42.864 6.53693 12
      vertex 42.864 6.53693 2
      vertex 43.3333 6.5 2
    endloop
  endfacet
  facet normal -0.0784592 -0.996917 0
    outer loop
      vertex 43.3333 6.5 12
      vertex 42.864 6.53693 12
      vertex 43.3333 6.5 2
    endloop
  endfacet
  facet normal 0.0784592 -0.996917 0
    outer loop
      vertex 43.3333 6.5 12
      vertex 43.3333 6.5 2
      vertex 43.8026 6.53693 2
    endloop
  endfacet
  facet normal 0.0784592 -0.996917 0
    outer loop
      vertex 43.8026 6.53693 12
      vertex 43.3333 6.5 12
      vertex 43.8026 6.53693 2
    endloop
  endfacet
  facet normal 0.233444 -0.97237 0
    outer loop
      vertex 43.8026 6.53693 12
      vertex 43.8026 6.53693 2
      vertex 44.2604 6.64683 2
    endloop
  endfacet
  facet normal 0.233444 -0.97237 0
    outer loop
      vertex 44.2604 6.64683 12
      vertex 43.8026 6.53693 12
      vertex 44.2604 6.64683 2
    endloop
  endfacet
  facet normal 0.382684 -0.923879 0
    outer loop
      vertex 44.2604 6.64683 12
      vertex 44.2604 6.64683 2
      vertex 44.6953 6.82698 2
    endloop
  endfacet
  facet normal 0.382684 -0.923879 0
    outer loop
      vertex 44.6953 6.82698 12
      vertex 44.2604 6.64683 12
      vertex 44.6953 6.82698 2
    endloop
  endfacet
  facet normal 0.522498 -0.85264 0
    outer loop
      vertex 44.6953 6.82698 12
      vertex 44.6953 6.82698 2
      vertex 45.0967 7.07295 2
    endloop
  endfacet
  facet normal 0.522498 -0.85264 0
    outer loop
      vertex 45.0967 7.07295 12
      vertex 44.6953 6.82698 12
      vertex 45.0967 7.07295 2
    endloop
  endfacet
  facet normal 0.649449 -0.760405 0
    outer loop
      vertex 45.0967 7.07295 12
      vertex 45.0967 7.07295 2
      vertex 45.4547 7.37868 2
    endloop
  endfacet
  facet normal 0.649449 -0.760405 0
    outer loop
      vertex 45.4547 7.37868 12
      vertex 45.0967 7.07295 12
      vertex 45.4547 7.37868 2
    endloop
  endfacet
  facet normal 0.760405 -0.649449 0
    outer loop
      vertex 45.4547 7.37868 12
      vertex 45.4547 7.37868 2
      vertex 45.7604 7.73664 2
    endloop
  endfacet
  facet normal 0.760405 -0.649449 0
    outer loop
      vertex 45.7604 7.73664 12
      vertex 45.4547 7.37868 12
      vertex 45.7604 7.73664 2
    endloop
  endfacet
  facet normal 0.85264 -0.522498 0
    outer loop
      vertex 45.7604 7.73664 12
      vertex 45.7604 7.73664 2
      vertex 46.0064 8.13803 2
    endloop
  endfacet
  facet normal 0.85264 -0.522498 0
    outer loop
      vertex 46.0064 8.13803 12
      vertex 45.7604 7.73664 12
      vertex 46.0064 8.13803 2
    endloop
  endfacet
  facet normal 0.923879 -0.382684 0
    outer loop
      vertex 46.0064 8.13803 12
      vertex 46.0064 8.13803 2
      vertex 46.1865 8.57295 2
    endloop
  endfacet
  facet normal 0.923879 -0.382684 0
    outer loop
      vertex 46.1865 8.57295 12
      vertex 46.0064 8.13803 12
      vertex 46.1865 8.57295 2
    endloop
  endfacet
  facet normal 0.97237 -0.233444 0
    outer loop
      vertex 46.1865 8.57295 12
      vertex 46.1865 8.57295 2
      vertex 46.2964 9.0307 2
    endloop
  endfacet
  facet normal 0.97237 -0.233444 0
    outer loop
      vertex 46.2964 9.0307 12
      vertex 46.1865 8.57295 12
      vertex 46.2964 9.0307 2
    endloop
  endfacet
  facet normal 0.996917 -0.0784592 0
    outer loop
      vertex 46.2964 9.0307 12
      vertex 46.2964 9.0307 2
      vertex 46.3333 9.5 2
    endloop
  endfacet
  facet normal 0.996917 -0.0784592 0
    outer loop
      vertex 46.3333 9.5 12
      vertex 46.2964 9.0307 12
      vertex 46.3333 9.5 2
    endloop
  endfacet
  facet normal 0.996917 0.0784592 0
    outer loop
      vertex 46.3333 9.5 2
      vertex 46.2964 9.9693 2
      vertex 46.2964 9.9693 12
    endloop
  endfacet
  facet normal 0.996917 0.0784592 -0
    outer loop
      vertex 46.3333 9.5 12
      vertex 46.3333 9.5 2
      vertex 46.2964 9.9693 12
    endloop
  endfacet
  facet normal 0.97237 0.233444 0
    outer loop
      vertex 46.2964 9.9693 2
      vertex 46.1865 10.4271 2
      vertex 46.1865 10.4271 12
    endloop
  endfacet
  facet normal 0.97237 0.233444 -0
    outer loop
      vertex 46.2964 9.9693 12
      vertex 46.2964 9.9693 2
      vertex 46.1865 10.4271 12
    endloop
  endfacet
  facet normal 0.923879 0.382684 0
    outer loop
      vertex 46.1865 10.4271 2
      vertex 46.0064 10.862 2
      vertex 46.0064 10.862 12
    endloop
  endfacet
  facet normal 0.923879 0.382684 -0
    outer loop
      vertex 46.1865 10.4271 12
      vertex 46.1865 10.4271 2
      vertex 46.0064 10.862 12
    endloop
  endfacet
  facet normal 0.85264 0.522498 0
    outer loop
      vertex 46.0064 10.862 2
      vertex 45.7604 11.2634 2
      vertex 45.7604 11.2634 12
    endloop
  endfacet
  facet normal 0.85264 0.522498 -0
    outer loop
      vertex 46.0064 10.862 12
      vertex 46.0064 10.862 2
      vertex 45.7604 11.2634 12
    endloop
  endfacet
  facet normal 0.760405 0.649449 0
    outer loop
      vertex 45.7604 11.2634 2
      vertex 45.4547 11.6213 2
      vertex 45.4547 11.6213 12
    endloop
  endfacet
  facet normal 0.760405 0.649449 -0
    outer loop
      vertex 45.7604 11.2634 12
      vertex 45.7604 11.2634 2
      vertex 45.4547 11.6213 12
    endloop
  endfacet
  facet normal 0.649449 0.760405 0
    outer loop
      vertex 45.0967 11.9271 2
      vertex 45.0967 11.9271 12
      vertex 45.4547 11.6213 2
    endloop
  endfacet
  facet normal 0.649449 0.760405 0
    outer loop
      vertex 45.4547 11.6213 2
      vertex 45.0967 11.9271 12
      vertex 45.4547 11.6213 12
    endloop
  endfacet
  facet normal 0.522498 0.85264 0
    outer loop
      vertex 44.6953 12.173 2
      vertex 44.6953 12.173 12
      vertex 45.0967 11.9271 2
    endloop
  endfacet
  facet normal 0.522498 0.85264 0
    outer loop
      vertex 45.0967 11.9271 2
      vertex 44.6953 12.173 12
      vertex 45.0967 11.9271 12
    endloop
  endfacet
  facet normal 0.382684 0.923879 0
    outer loop
      vertex 44.2604 12.3532 2
      vertex 44.2604 12.3532 12
      vertex 44.6953 12.173 2
    endloop
  endfacet
  facet normal 0.382684 0.923879 0
    outer loop
      vertex 44.6953 12.173 2
      vertex 44.2604 12.3532 12
      vertex 44.6953 12.173 12
    endloop
  endfacet
  facet normal 0.233444 0.97237 0
    outer loop
      vertex 43.8026 12.4631 2
      vertex 43.8026 12.4631 12
      vertex 44.2604 12.3532 2
    endloop
  endfacet
  facet normal 0.233444 0.97237 0
    outer loop
      vertex 44.2604 12.3532 2
      vertex 43.8026 12.4631 12
      vertex 44.2604 12.3532 12
    endloop
  endfacet
  facet normal 0.0784592 0.996917 0
    outer loop
      vertex 43.3333 12.5 2
      vertex 43.3333 12.5 12
      vertex 43.8026 12.4631 2
    endloop
  endfacet
  facet normal 0.0784592 0.996917 0
    outer loop
      vertex 43.8026 12.4631 2
      vertex 43.3333 12.5 12
      vertex 43.8026 12.4631 12
    endloop
  endfacet
  facet normal -0.0784592 0.996917 0
    outer loop
      vertex 42.864 12.4631 2
      vertex 42.864 12.4631 12
      vertex 43.3333 12.5 2
    endloop
  endfacet
  facet normal -0.0784592 0.996917 0
    outer loop
      vertex 43.3333 12.5 2
      vertex 42.864 12.4631 12
      vertex 43.3333 12.5 12
    endloop
  endfacet
  facet normal -0.233444 0.97237 0
    outer loop
      vertex 42.4063 12.3532 2
      vertex 42.4063 12.3532 12
      vertex 42.864 12.4631 2
    endloop
  endfacet
  facet normal -0.233444 0.97237 0
    outer loop
      vertex 42.864 12.4631 2
      vertex 42.4063 12.3532 12
      vertex 42.864 12.4631 12
    endloop
  endfacet
  facet normal -0.382684 0.923879 0
    outer loop
      vertex 41.9714 12.173 2
      vertex 41.9714 12.173 12
      vertex 42.4063 12.3532 2
    endloop
  endfacet
  facet normal -0.382684 0.923879 0
    outer loop
      vertex 42.4063 12.3532 2
      vertex 41.9714 12.173 12
      vertex 42.4063 12.3532 12
    endloop
  endfacet
  facet normal -0.522498 0.85264 0
    outer loop
      vertex 41.57 11.9271 2
      vertex 41.57 11.9271 12
      vertex 41.9714 12.173 2
    endloop
  endfacet
  facet normal -0.522498 0.85264 0
    outer loop
      vertex 41.9714 12.173 2
      vertex 41.57 11.9271 12
      vertex 41.9714 12.173 12
    endloop
  endfacet
  facet normal -0.649449 0.760405 0
    outer loop
      vertex 41.212 11.6213 2
      vertex 41.212 11.6213 12
      vertex 41.57 11.9271 2
    endloop
  endfacet
  facet normal -0.649449 0.760405 0
    outer loop
      vertex 41.57 11.9271 2
      vertex 41.212 11.6213 12
      vertex 41.57 11.9271 12
    endloop
  endfacet
  facet normal -0.760405 0.649449 0
    outer loop
      vertex 40.9063 11.2634 2
      vertex 40.9063 11.2634 12
      vertex 41.212 11.6213 2
    endloop
  endfacet
  facet normal -0.760405 0.649449 0
    outer loop
      vertex 41.212 11.6213 2
      vertex 40.9063 11.2634 12
      vertex 41.212 11.6213 12
    endloop
  endfacet
  facet normal -0.85264 0.522498 0
    outer loop
      vertex 40.6603 10.862 2
      vertex 40.6603 10.862 12
      vertex 40.9063 11.2634 2
    endloop
  endfacet
  facet normal -0.85264 0.522498 0
    outer loop
      vertex 40.9063 11.2634 2
      vertex 40.6603 10.862 12
      vertex 40.9063 11.2634 12
    endloop
  endfacet
  facet normal -0.923879 0.382684 0
    outer loop
      vertex 40.4802 10.4271 2
      vertex 40.4802 10.4271 12
      vertex 40.6603 10.862 2
    endloop
  endfacet
  facet normal -0.923879 0.382684 0
    outer loop
      vertex 40.6603 10.862 2
      vertex 40.4802 10.4271 12
      vertex 40.6603 10.862 12
    endloop
  endfacet
  facet normal -0.97237 0.233444 0
    outer loop
      vertex 40.3703 9.9693 2
      vertex 40.3703 9.9693 12
      vertex 40.4802 10.4271 2
    endloop
  endfacet
  facet normal -0.97237 0.233444 0
    outer loop
      vertex 40.4802 10.4271 2
      vertex 40.3703 9.9693 12
      vertex 40.4802 10.4271 12
    endloop
  endfacet
  facet normal -0.996917 0.0784592 0
    outer loop
      vertex 40.3333 9.5 2
      vertex 40.3333 9.5 12
      vertex 40.3703 9.9693 2
    endloop
  endfacet
  facet normal -0.996917 0.0784592 0
    outer loop
      vertex 40.3703 9.9693 2
      vertex 40.3333 9.5 12
      vertex 40.3703 9.9693 12
    endloop
  endfacet
  facet normal 0.996918 8.85441e-016 -0.0784569
    outer loop
      vertex 11.5185 20.8 7.73465
      vertex 11.5185 18.8 7.73465
      vertex 11.5 18.8 7.5
    endloop
  endfacet
  facet normal 0.996918 0 -0.0784569
    outer loop
      vertex 11.5 20.8 7.5
      vertex 11.5185 20.8 7.73465
      vertex 11.5 18.8 7.5
    endloop
  endfacet
  facet normal 0.996918 8.85441e-016 0.0784569
    outer loop
      vertex 11.5 18.8 7.5
      vertex 11.5185 18.8 7.26535
      vertex 11.5185 20.8 7.26535
    endloop
  endfacet
  facet normal 0.996918 -0 0.0784569
    outer loop
      vertex 11.5 20.8 7.5
      vertex 11.5 18.8 7.5
      vertex 11.5185 20.8 7.26535
    endloop
  endfacet
  facet normal 0.972369 0 0.233447
    outer loop
      vertex 11.5185 18.8 7.26535
      vertex 11.5734 18.8 7.03648
      vertex 11.5734 20.8 7.03648
    endloop
  endfacet
  facet normal 0.972369 8.63638e-016 0.233447
    outer loop
      vertex 11.5185 20.8 7.26535
      vertex 11.5185 18.8 7.26535
      vertex 11.5734 20.8 7.03648
    endloop
  endfacet
  facet normal 0.92388 8.20569e-016 0.382682
    outer loop
      vertex 11.5734 18.8 7.03648
      vertex 11.6635 18.8 6.81901
      vertex 11.6635 20.8 6.81901
    endloop
  endfacet
  facet normal 0.92388 -0 0.382682
    outer loop
      vertex 11.5734 20.8 7.03648
      vertex 11.5734 18.8 7.03648
      vertex 11.6635 20.8 6.81901
    endloop
  endfacet
  facet normal 0.852639 7.57296e-016 0.522501
    outer loop
      vertex 11.6635 18.8 6.81901
      vertex 11.7865 18.8 6.61832
      vertex 11.7865 20.8 6.61832
    endloop
  endfacet
  facet normal 0.852639 7.57295e-016 0.522501
    outer loop
      vertex 11.6635 20.8 6.81901
      vertex 11.6635 18.8 6.81901
      vertex 11.7865 20.8 6.61832
    endloop
  endfacet
  facet normal 0.760406 6.75379e-016 0.649448
    outer loop
      vertex 11.7865 18.8 6.61832
      vertex 11.9393 18.8 6.43934
      vertex 11.9393 20.8 6.43934
    endloop
  endfacet
  facet normal 0.760406 6.75376e-016 0.649448
    outer loop
      vertex 11.7865 20.8 6.61832
      vertex 11.7865 18.8 6.61832
      vertex 11.9393 20.8 6.43934
    endloop
  endfacet
  facet normal 0.649448 0 0.760406
    outer loop
      vertex 11.9393 18.8 6.43934
      vertex 12.1183 18.8 6.28648
      vertex 12.1183 20.8 6.28648
    endloop
  endfacet
  facet normal 0.649448 5.76826e-016 0.760406
    outer loop
      vertex 11.9393 20.8 6.43934
      vertex 11.9393 18.8 6.43934
      vertex 12.1183 20.8 6.28648
    endloop
  endfacet
  facet normal 0.522501 0 0.852639
    outer loop
      vertex 12.1183 18.8 6.28648
      vertex 12.319 18.8 6.16349
      vertex 12.319 20.8 6.16349
    endloop
  endfacet
  facet normal 0.522501 -0 0.852639
    outer loop
      vertex 12.1183 20.8 6.28648
      vertex 12.1183 18.8 6.28648
      vertex 12.319 20.8 6.16349
    endloop
  endfacet
  facet normal 0.382682 0 0.92388
    outer loop
      vertex 12.319 18.8 6.16349
      vertex 12.5365 18.8 6.07342
      vertex 12.5365 20.8 6.07342
    endloop
  endfacet
  facet normal 0.382682 -0 0.92388
    outer loop
      vertex 12.319 20.8 6.16349
      vertex 12.319 18.8 6.16349
      vertex 12.5365 20.8 6.07342
    endloop
  endfacet
  facet normal 0.233447 2.07342e-016 0.972369
    outer loop
      vertex 12.5365 18.8 6.07342
      vertex 12.7653 18.8 6.01847
      vertex 12.7653 20.8 6.01847
    endloop
  endfacet
  facet normal 0.233447 -0 0.972369
    outer loop
      vertex 12.5365 20.8 6.07342
      vertex 12.5365 18.8 6.07342
      vertex 12.7653 20.8 6.01847
    endloop
  endfacet
  facet normal 0.0784569 0 0.996918
    outer loop
      vertex 12.7653 18.8 6.01847
      vertex 13 18.8 6
      vertex 13 20.8 6
    endloop
  endfacet
  facet normal 0.0784569 6.96838e-017 0.996918
    outer loop
      vertex 12.7653 20.8 6.01847
      vertex 12.7653 18.8 6.01847
      vertex 13 20.8 6
    endloop
  endfacet
  facet normal -0.0784569 0 0.996918
    outer loop
      vertex 13 18.8 6
      vertex 13.2347 18.8 6.01847
      vertex 13.2347 20.8 6.01847
    endloop
  endfacet
  facet normal -0.0784569 0 0.996918
    outer loop
      vertex 13 20.8 6
      vertex 13 18.8 6
      vertex 13.2347 20.8 6.01847
    endloop
  endfacet
  facet normal -0.233447 0 0.972369
    outer loop
      vertex 13.2347 18.8 6.01847
      vertex 13.4635 18.8 6.07342
      vertex 13.4635 20.8 6.07342
    endloop
  endfacet
  facet normal -0.233447 0 0.972369
    outer loop
      vertex 13.2347 20.8 6.01847
      vertex 13.2347 18.8 6.01847
      vertex 13.4635 20.8 6.07342
    endloop
  endfacet
  facet normal -0.382682 0 0.92388
    outer loop
      vertex 13.4635 18.8 6.07342
      vertex 13.681 18.8 6.16349
      vertex 13.681 20.8 6.16349
    endloop
  endfacet
  facet normal -0.382682 0 0.92388
    outer loop
      vertex 13.4635 20.8 6.07342
      vertex 13.4635 18.8 6.07342
      vertex 13.681 20.8 6.16349
    endloop
  endfacet
  facet normal -0.522501 0 0.852639
    outer loop
      vertex 13.681 18.8 6.16349
      vertex 13.8817 18.8 6.28648
      vertex 13.8817 20.8 6.28648
    endloop
  endfacet
  facet normal -0.522501 0 0.852639
    outer loop
      vertex 13.681 20.8 6.16349
      vertex 13.681 18.8 6.16349
      vertex 13.8817 20.8 6.28648
    endloop
  endfacet
  facet normal -0.649448 0 0.760406
    outer loop
      vertex 13.8817 18.8 6.28648
      vertex 14.0607 18.8 6.43934
      vertex 14.0607 20.8 6.43934
    endloop
  endfacet
  facet normal -0.649448 0 0.760406
    outer loop
      vertex 13.8817 20.8 6.28648
      vertex 13.8817 18.8 6.28648
      vertex 14.0607 20.8 6.43934
    endloop
  endfacet
  facet normal -0.760406 0 0.649448
    outer loop
      vertex 14.2135 18.8 6.61832
      vertex 14.2135 20.8 6.61832
      vertex 14.0607 18.8 6.43934
    endloop
  endfacet
  facet normal -0.760406 0 0.649448
    outer loop
      vertex 14.0607 18.8 6.43934
      vertex 14.2135 20.8 6.61832
      vertex 14.0607 20.8 6.43934
    endloop
  endfacet
  facet normal -0.852639 0 0.522501
    outer loop
      vertex 14.3365 18.8 6.81901
      vertex 14.3365 20.8 6.81901
      vertex 14.2135 18.8 6.61832
    endloop
  endfacet
  facet normal -0.852639 0 0.522501
    outer loop
      vertex 14.2135 18.8 6.61832
      vertex 14.3365 20.8 6.81901
      vertex 14.2135 20.8 6.61832
    endloop
  endfacet
  facet normal -0.92388 -8.2057e-016 0.382682
    outer loop
      vertex 14.4266 18.8 7.03648
      vertex 14.4266 20.8 7.03648
      vertex 14.3365 18.8 6.81901
    endloop
  endfacet
  facet normal -0.92388 0 0.382682
    outer loop
      vertex 14.3365 18.8 6.81901
      vertex 14.4266 20.8 7.03648
      vertex 14.3365 20.8 6.81901
    endloop
  endfacet
  facet normal -0.972369 0 0.233447
    outer loop
      vertex 14.4815 18.8 7.26535
      vertex 14.4815 20.8 7.26535
      vertex 14.4266 18.8 7.03648
    endloop
  endfacet
  facet normal -0.972369 -8.63638e-016 0.233447
    outer loop
      vertex 14.4266 18.8 7.03648
      vertex 14.4815 20.8 7.26535
      vertex 14.4266 20.8 7.03648
    endloop
  endfacet
  facet normal -0.996918 0 0.0784569
    outer loop
      vertex 14.5 18.8 7.5
      vertex 14.5 20.8 7.5
      vertex 14.4815 18.8 7.26535
    endloop
  endfacet
  facet normal -0.996918 0 0.0784569
    outer loop
      vertex 14.4815 18.8 7.26535
      vertex 14.5 20.8 7.5
      vertex 14.4815 20.8 7.26535
    endloop
  endfacet
  facet normal -0.996918 -0 -0.0784569
    outer loop
      vertex 14.5 18.8 7.5
      vertex 14.4815 18.8 7.73465
      vertex 14.5 20.8 7.5
    endloop
  endfacet
  facet normal -0.996918 0 -0.0784569
    outer loop
      vertex 14.5 20.8 7.5
      vertex 14.4815 18.8 7.73465
      vertex 14.4815 20.8 7.73465
    endloop
  endfacet
  facet normal -0.972369 -0 -0.233447
    outer loop
      vertex 14.4815 18.8 7.73465
      vertex 14.4266 18.8 7.96353
      vertex 14.4815 20.8 7.73465
    endloop
  endfacet
  facet normal -0.972369 -8.63639e-016 -0.233447
    outer loop
      vertex 14.4815 20.8 7.73465
      vertex 14.4266 18.8 7.96353
      vertex 14.4266 20.8 7.96353
    endloop
  endfacet
  facet normal -0.92388 -8.2057e-016 -0.382682
    outer loop
      vertex 14.4266 18.8 7.96353
      vertex 14.3365 18.8 8.18099
      vertex 14.4266 20.8 7.96353
    endloop
  endfacet
  facet normal -0.92388 0 -0.382682
    outer loop
      vertex 14.4266 20.8 7.96353
      vertex 14.3365 18.8 8.18099
      vertex 14.3365 20.8 8.18099
    endloop
  endfacet
  facet normal -0.852639 -0 -0.522501
    outer loop
      vertex 14.3365 18.8 8.18099
      vertex 14.2135 18.8 8.38168
      vertex 14.3365 20.8 8.18099
    endloop
  endfacet
  facet normal -0.852639 -7.57296e-016 -0.522501
    outer loop
      vertex 14.3365 20.8 8.18099
      vertex 14.2135 18.8 8.38168
      vertex 14.2135 20.8 8.38168
    endloop
  endfacet
  facet normal -0.760406 -6.75376e-016 -0.649448
    outer loop
      vertex 14.2135 18.8 8.38168
      vertex 14.0607 18.8 8.56066
      vertex 14.2135 20.8 8.38168
    endloop
  endfacet
  facet normal -0.760406 0 -0.649448
    outer loop
      vertex 14.2135 20.8 8.38168
      vertex 14.0607 18.8 8.56066
      vertex 14.0607 20.8 8.56066
    endloop
  endfacet
  facet normal -0.649448 -0 -0.760406
    outer loop
      vertex 14.0607 18.8 8.56066
      vertex 13.8817 18.8 8.71353
      vertex 14.0607 20.8 8.56066
    endloop
  endfacet
  facet normal -0.649448 -5.76827e-016 -0.760406
    outer loop
      vertex 14.0607 20.8 8.56066
      vertex 13.8817 18.8 8.71353
      vertex 13.8817 20.8 8.71353
    endloop
  endfacet
  facet normal -0.522501 -4.64074e-016 -0.852639
    outer loop
      vertex 13.8817 18.8 8.71353
      vertex 13.681 18.8 8.83651
      vertex 13.8817 20.8 8.71353
    endloop
  endfacet
  facet normal -0.522501 -4.64074e-016 -0.852639
    outer loop
      vertex 13.8817 20.8 8.71353
      vertex 13.681 18.8 8.83651
      vertex 13.681 20.8 8.83651
    endloop
  endfacet
  facet normal -0.382682 -3.3989e-016 -0.92388
    outer loop
      vertex 13.681 18.8 8.83651
      vertex 13.4635 18.8 8.92659
      vertex 13.681 20.8 8.83651
    endloop
  endfacet
  facet normal -0.382682 -3.39892e-016 -0.92388
    outer loop
      vertex 13.681 20.8 8.83651
      vertex 13.4635 18.8 8.92659
      vertex 13.4635 20.8 8.92659
    endloop
  endfacet
  facet normal -0.233447 -2.07343e-016 -0.972369
    outer loop
      vertex 13.4635 18.8 8.92659
      vertex 13.2347 18.8 8.98153
      vertex 13.4635 20.8 8.92659
    endloop
  endfacet
  facet normal -0.233447 -2.07342e-016 -0.972369
    outer loop
      vertex 13.4635 20.8 8.92659
      vertex 13.2347 18.8 8.98153
      vertex 13.2347 20.8 8.98153
    endloop
  endfacet
  facet normal -0.0784569 -6.96838e-017 -0.996918
    outer loop
      vertex 13.2347 18.8 8.98153
      vertex 13 18.8 9
      vertex 13.2347 20.8 8.98153
    endloop
  endfacet
  facet normal -0.0784569 0 -0.996918
    outer loop
      vertex 13.2347 20.8 8.98153
      vertex 13 18.8 9
      vertex 13 20.8 9
    endloop
  endfacet
  facet normal 0.0784569 0 -0.996918
    outer loop
      vertex 13 18.8 9
      vertex 12.7653 18.8 8.98153
      vertex 13 20.8 9
    endloop
  endfacet
  facet normal 0.0784569 0 -0.996918
    outer loop
      vertex 13 20.8 9
      vertex 12.7653 18.8 8.98153
      vertex 12.7653 20.8 8.98153
    endloop
  endfacet
  facet normal 0.233447 0 -0.972369
    outer loop
      vertex 12.7653 18.8 8.98153
      vertex 12.5365 18.8 8.92659
      vertex 12.7653 20.8 8.98153
    endloop
  endfacet
  facet normal 0.233447 0 -0.972369
    outer loop
      vertex 12.7653 20.8 8.98153
      vertex 12.5365 18.8 8.92659
      vertex 12.5365 20.8 8.92659
    endloop
  endfacet
  facet normal 0.382682 0 -0.92388
    outer loop
      vertex 12.5365 18.8 8.92659
      vertex 12.319 18.8 8.83651
      vertex 12.5365 20.8 8.92659
    endloop
  endfacet
  facet normal 0.382682 0 -0.92388
    outer loop
      vertex 12.5365 20.8 8.92659
      vertex 12.319 18.8 8.83651
      vertex 12.319 20.8 8.83651
    endloop
  endfacet
  facet normal 0.522501 0 -0.852639
    outer loop
      vertex 12.319 18.8 8.83651
      vertex 12.1183 18.8 8.71353
      vertex 12.319 20.8 8.83651
    endloop
  endfacet
  facet normal 0.522501 4.64074e-016 -0.852639
    outer loop
      vertex 12.319 20.8 8.83651
      vertex 12.1183 18.8 8.71353
      vertex 12.1183 20.8 8.71353
    endloop
  endfacet
  facet normal 0.649448 5.76826e-016 -0.760406
    outer loop
      vertex 12.1183 18.8 8.71353
      vertex 11.9393 18.8 8.56066
      vertex 12.1183 20.8 8.71353
    endloop
  endfacet
  facet normal 0.649448 0 -0.760406
    outer loop
      vertex 12.1183 20.8 8.71353
      vertex 11.9393 18.8 8.56066
      vertex 11.9393 20.8 8.56066
    endloop
  endfacet
  facet normal 0.760406 0 -0.649448
    outer loop
      vertex 11.9393 20.8 8.56066
      vertex 11.9393 18.8 8.56066
      vertex 11.7865 18.8 8.38168
    endloop
  endfacet
  facet normal 0.760406 0 -0.649448
    outer loop
      vertex 11.7865 20.8 8.38168
      vertex 11.9393 20.8 8.56066
      vertex 11.7865 18.8 8.38168
    endloop
  endfacet
  facet normal 0.852639 0 -0.522501
    outer loop
      vertex 11.7865 20.8 8.38168
      vertex 11.7865 18.8 8.38168
      vertex 11.6635 18.8 8.18099
    endloop
  endfacet
  facet normal 0.852639 7.57295e-016 -0.522501
    outer loop
      vertex 11.6635 20.8 8.18099
      vertex 11.7865 20.8 8.38168
      vertex 11.6635 18.8 8.18099
    endloop
  endfacet
  facet normal 0.92388 8.2057e-016 -0.382682
    outer loop
      vertex 11.6635 20.8 8.18099
      vertex 11.6635 18.8 8.18099
      vertex 11.5734 18.8 7.96353
    endloop
  endfacet
  facet normal 0.92388 0 -0.382682
    outer loop
      vertex 11.5734 20.8 7.96353
      vertex 11.6635 20.8 8.18099
      vertex 11.5734 18.8 7.96353
    endloop
  endfacet
  facet normal 0.972369 0 -0.233447
    outer loop
      vertex 11.5734 20.8 7.96353
      vertex 11.5734 18.8 7.96353
      vertex 11.5185 18.8 7.73465
    endloop
  endfacet
  facet normal 0.972369 8.63638e-016 -0.233447
    outer loop
      vertex 11.5185 20.8 7.73465
      vertex 11.5734 20.8 7.96353
      vertex 11.5185 18.8 7.73465
    endloop
  endfacet
  facet normal 0.996918 3.54176e-015 -0.0784569
    outer loop
      vertex 37.5185 20.8 7.73465
      vertex 37.5185 18.8 7.73465
      vertex 37.5 18.8 7.5
    endloop
  endfacet
  facet normal 0.996918 0 -0.0784569
    outer loop
      vertex 37.5 20.8 7.5
      vertex 37.5185 20.8 7.73465
      vertex 37.5 18.8 7.5
    endloop
  endfacet
  facet normal 0.996918 3.54176e-015 0.0784569
    outer loop
      vertex 37.5 18.8 7.5
      vertex 37.5185 18.8 7.26535
      vertex 37.5185 20.8 7.26535
    endloop
  endfacet
  facet normal 0.996918 -0 0.0784569
    outer loop
      vertex 37.5 20.8 7.5
      vertex 37.5 18.8 7.5
      vertex 37.5185 20.8 7.26535
    endloop
  endfacet
  facet normal 0.972369 0 0.233447
    outer loop
      vertex 37.5185 18.8 7.26535
      vertex 37.5734 18.8 7.03648
      vertex 37.5734 20.8 7.03648
    endloop
  endfacet
  facet normal 0.972369 3.45455e-015 0.233447
    outer loop
      vertex 37.5185 20.8 7.26535
      vertex 37.5185 18.8 7.26535
      vertex 37.5734 20.8 7.03648
    endloop
  endfacet
  facet normal 0.92388 0 0.382682
    outer loop
      vertex 37.5734 18.8 7.03648
      vertex 37.6635 18.8 6.81901
      vertex 37.6635 20.8 6.81901
    endloop
  endfacet
  facet normal 0.92388 -0 0.382682
    outer loop
      vertex 37.5734 20.8 7.03648
      vertex 37.5734 18.8 7.03648
      vertex 37.6635 20.8 6.81901
    endloop
  endfacet
  facet normal 0.852639 0 0.522501
    outer loop
      vertex 37.6635 18.8 6.81901
      vertex 37.7865 18.8 6.61832
      vertex 37.7865 20.8 6.61832
    endloop
  endfacet
  facet normal 0.852639 -0 0.522501
    outer loop
      vertex 37.6635 20.8 6.81901
      vertex 37.6635 18.8 6.81901
      vertex 37.7865 20.8 6.61832
    endloop
  endfacet
  facet normal 0.760406 2.70151e-015 0.649448
    outer loop
      vertex 37.7865 18.8 6.61832
      vertex 37.9393 18.8 6.43934
      vertex 37.9393 20.8 6.43934
    endloop
  endfacet
  facet normal 0.760406 -0 0.649448
    outer loop
      vertex 37.7865 20.8 6.61832
      vertex 37.7865 18.8 6.61832
      vertex 37.9393 20.8 6.43934
    endloop
  endfacet
  facet normal 0.649448 0 0.760406
    outer loop
      vertex 37.9393 18.8 6.43934
      vertex 38.1183 18.8 6.28648
      vertex 38.1183 20.8 6.28648
    endloop
  endfacet
  facet normal 0.649448 2.3073e-015 0.760406
    outer loop
      vertex 37.9393 20.8 6.43934
      vertex 37.9393 18.8 6.43934
      vertex 38.1183 20.8 6.28648
    endloop
  endfacet
  facet normal 0.522501 0 0.852639
    outer loop
      vertex 38.1183 18.8 6.28648
      vertex 38.319 18.8 6.16349
      vertex 38.319 20.8 6.16349
    endloop
  endfacet
  facet normal 0.522501 -0 0.852639
    outer loop
      vertex 38.1183 20.8 6.28648
      vertex 38.1183 18.8 6.28648
      vertex 38.319 20.8 6.16349
    endloop
  endfacet
  facet normal 0.382682 0 0.92388
    outer loop
      vertex 38.319 18.8 6.16349
      vertex 38.5365 18.8 6.07342
      vertex 38.5365 20.8 6.07342
    endloop
  endfacet
  facet normal 0.382682 -0 0.92388
    outer loop
      vertex 38.319 20.8 6.16349
      vertex 38.319 18.8 6.16349
      vertex 38.5365 20.8 6.07342
    endloop
  endfacet
  facet normal 0.233447 0 0.972369
    outer loop
      vertex 38.5365 18.8 6.07342
      vertex 38.7653 18.8 6.01847
      vertex 38.7653 20.8 6.01847
    endloop
  endfacet
  facet normal 0.233447 -0 0.972369
    outer loop
      vertex 38.5365 20.8 6.07342
      vertex 38.5365 18.8 6.07342
      vertex 38.7653 20.8 6.01847
    endloop
  endfacet
  facet normal 0.0784569 0 0.996918
    outer loop
      vertex 38.7653 18.8 6.01847
      vertex 39 18.8 6
      vertex 39 20.8 6
    endloop
  endfacet
  facet normal 0.0784569 -0 0.996918
    outer loop
      vertex 38.7653 20.8 6.01847
      vertex 38.7653 18.8 6.01847
      vertex 39 20.8 6
    endloop
  endfacet
  facet normal -0.0784569 0 0.996918
    outer loop
      vertex 39 18.8 6
      vertex 39.2347 18.8 6.01847
      vertex 39.2347 20.8 6.01847
    endloop
  endfacet
  facet normal -0.0784569 0 0.996918
    outer loop
      vertex 39 20.8 6
      vertex 39 18.8 6
      vertex 39.2347 20.8 6.01847
    endloop
  endfacet
  facet normal -0.233447 0 0.972369
    outer loop
      vertex 39.2347 18.8 6.01847
      vertex 39.4635 18.8 6.07342
      vertex 39.4635 20.8 6.07342
    endloop
  endfacet
  facet normal -0.233447 0 0.972369
    outer loop
      vertex 39.2347 20.8 6.01847
      vertex 39.2347 18.8 6.01847
      vertex 39.4635 20.8 6.07342
    endloop
  endfacet
  facet normal -0.382682 0 0.92388
    outer loop
      vertex 39.4635 18.8 6.07342
      vertex 39.681 18.8 6.16349
      vertex 39.681 20.8 6.16349
    endloop
  endfacet
  facet normal -0.382682 0 0.92388
    outer loop
      vertex 39.4635 20.8 6.07342
      vertex 39.4635 18.8 6.07342
      vertex 39.681 20.8 6.16349
    endloop
  endfacet
  facet normal -0.522501 0 0.852639
    outer loop
      vertex 39.681 18.8 6.16349
      vertex 39.8817 18.8 6.28648
      vertex 39.8817 20.8 6.28648
    endloop
  endfacet
  facet normal -0.522501 0 0.852639
    outer loop
      vertex 39.681 20.8 6.16349
      vertex 39.681 18.8 6.16349
      vertex 39.8817 20.8 6.28648
    endloop
  endfacet
  facet normal -0.649448 0 0.760406
    outer loop
      vertex 39.8817 18.8 6.28648
      vertex 40.0607 18.8 6.43934
      vertex 40.0607 20.8 6.43934
    endloop
  endfacet
  facet normal -0.649448 0 0.760406
    outer loop
      vertex 39.8817 20.8 6.28648
      vertex 39.8817 18.8 6.28648
      vertex 40.0607 20.8 6.43934
    endloop
  endfacet
  facet normal -0.760406 0 0.649448
    outer loop
      vertex 40.2135 18.8 6.61832
      vertex 40.2135 20.8 6.61832
      vertex 40.0607 18.8 6.43934
    endloop
  endfacet
  facet normal -0.760406 0 0.649448
    outer loop
      vertex 40.0607 18.8 6.43934
      vertex 40.2135 20.8 6.61832
      vertex 40.0607 20.8 6.43934
    endloop
  endfacet
  facet normal -0.852639 0 0.522501
    outer loop
      vertex 40.3365 18.8 6.81901
      vertex 40.3365 20.8 6.81901
      vertex 40.2135 18.8 6.61832
    endloop
  endfacet
  facet normal -0.852639 0 0.522501
    outer loop
      vertex 40.2135 18.8 6.61832
      vertex 40.3365 20.8 6.81901
      vertex 40.2135 20.8 6.61832
    endloop
  endfacet
  facet normal -0.92388 0 0.382682
    outer loop
      vertex 40.4266 18.8 7.03648
      vertex 40.4266 20.8 7.03648
      vertex 40.3365 18.8 6.81901
    endloop
  endfacet
  facet normal -0.92388 0 0.382682
    outer loop
      vertex 40.3365 18.8 6.81901
      vertex 40.4266 20.8 7.03648
      vertex 40.3365 20.8 6.81901
    endloop
  endfacet
  facet normal -0.972369 0 0.233447
    outer loop
      vertex 40.4815 18.8 7.26535
      vertex 40.4815 20.8 7.26535
      vertex 40.4266 18.8 7.03648
    endloop
  endfacet
  facet normal -0.972369 0 0.233447
    outer loop
      vertex 40.4266 18.8 7.03648
      vertex 40.4815 20.8 7.26535
      vertex 40.4266 20.8 7.03648
    endloop
  endfacet
  facet normal -0.996918 0 0.0784569
    outer loop
      vertex 40.5 18.8 7.5
      vertex 40.5 20.8 7.5
      vertex 40.4815 18.8 7.26535
    endloop
  endfacet
  facet normal -0.996918 0 0.0784569
    outer loop
      vertex 40.4815 18.8 7.26535
      vertex 40.5 20.8 7.5
      vertex 40.4815 20.8 7.26535
    endloop
  endfacet
  facet normal -0.996918 -0 -0.0784569
    outer loop
      vertex 40.5 18.8 7.5
      vertex 40.4815 18.8 7.73465
      vertex 40.5 20.8 7.5
    endloop
  endfacet
  facet normal -0.996918 0 -0.0784569
    outer loop
      vertex 40.5 20.8 7.5
      vertex 40.4815 18.8 7.73465
      vertex 40.4815 20.8 7.73465
    endloop
  endfacet
  facet normal -0.972369 -0 -0.233447
    outer loop
      vertex 40.4815 18.8 7.73465
      vertex 40.4266 18.8 7.96353
      vertex 40.4815 20.8 7.73465
    endloop
  endfacet
  facet normal -0.972369 0 -0.233447
    outer loop
      vertex 40.4815 20.8 7.73465
      vertex 40.4266 18.8 7.96353
      vertex 40.4266 20.8 7.96353
    endloop
  endfacet
  facet normal -0.92388 -0 -0.382682
    outer loop
      vertex 40.4266 18.8 7.96353
      vertex 40.3365 18.8 8.18099
      vertex 40.4266 20.8 7.96353
    endloop
  endfacet
  facet normal -0.92388 0 -0.382682
    outer loop
      vertex 40.4266 20.8 7.96353
      vertex 40.3365 18.8 8.18099
      vertex 40.3365 20.8 8.18099
    endloop
  endfacet
  facet normal -0.852639 -0 -0.522501
    outer loop
      vertex 40.3365 18.8 8.18099
      vertex 40.2135 18.8 8.38168
      vertex 40.3365 20.8 8.18099
    endloop
  endfacet
  facet normal -0.852639 0 -0.522501
    outer loop
      vertex 40.3365 20.8 8.18099
      vertex 40.2135 18.8 8.38168
      vertex 40.2135 20.8 8.38168
    endloop
  endfacet
  facet normal -0.760406 -0 -0.649448
    outer loop
      vertex 40.2135 18.8 8.38168
      vertex 40.0607 18.8 8.56066
      vertex 40.2135 20.8 8.38168
    endloop
  endfacet
  facet normal -0.760406 0 -0.649448
    outer loop
      vertex 40.2135 20.8 8.38168
      vertex 40.0607 18.8 8.56066
      vertex 40.0607 20.8 8.56066
    endloop
  endfacet
  facet normal -0.649448 -0 -0.760406
    outer loop
      vertex 40.0607 18.8 8.56066
      vertex 39.8817 18.8 8.71353
      vertex 40.0607 20.8 8.56066
    endloop
  endfacet
  facet normal -0.649448 -2.3073e-015 -0.760406
    outer loop
      vertex 40.0607 20.8 8.56066
      vertex 39.8817 18.8 8.71353
      vertex 39.8817 20.8 8.71353
    endloop
  endfacet
  facet normal -0.522501 -1.8563e-015 -0.852639
    outer loop
      vertex 39.8817 18.8 8.71353
      vertex 39.681 18.8 8.83651
      vertex 39.8817 20.8 8.71353
    endloop
  endfacet
  facet normal -0.522501 0 -0.852639
    outer loop
      vertex 39.8817 20.8 8.71353
      vertex 39.681 18.8 8.83651
      vertex 39.681 20.8 8.83651
    endloop
  endfacet
  facet normal -0.382682 -0 -0.92388
    outer loop
      vertex 39.681 18.8 8.83651
      vertex 39.4635 18.8 8.92659
      vertex 39.681 20.8 8.83651
    endloop
  endfacet
  facet normal -0.382682 0 -0.92388
    outer loop
      vertex 39.681 20.8 8.83651
      vertex 39.4635 18.8 8.92659
      vertex 39.4635 20.8 8.92659
    endloop
  endfacet
  facet normal -0.233447 -0 -0.972369
    outer loop
      vertex 39.4635 18.8 8.92659
      vertex 39.2347 18.8 8.98153
      vertex 39.4635 20.8 8.92659
    endloop
  endfacet
  facet normal -0.233447 0 -0.972369
    outer loop
      vertex 39.4635 20.8 8.92659
      vertex 39.2347 18.8 8.98153
      vertex 39.2347 20.8 8.98153
    endloop
  endfacet
  facet normal -0.0784569 -0 -0.996918
    outer loop
      vertex 39.2347 18.8 8.98153
      vertex 39 18.8 9
      vertex 39.2347 20.8 8.98153
    endloop
  endfacet
  facet normal -0.0784569 0 -0.996918
    outer loop
      vertex 39.2347 20.8 8.98153
      vertex 39 18.8 9
      vertex 39 20.8 9
    endloop
  endfacet
  facet normal 0.0784569 0 -0.996918
    outer loop
      vertex 39 18.8 9
      vertex 38.7653 18.8 8.98153
      vertex 39 20.8 9
    endloop
  endfacet
  facet normal 0.0784569 0 -0.996918
    outer loop
      vertex 39 20.8 9
      vertex 38.7653 18.8 8.98153
      vertex 38.7653 20.8 8.98153
    endloop
  endfacet
  facet normal 0.233447 0 -0.972369
    outer loop
      vertex 38.7653 18.8 8.98153
      vertex 38.5365 18.8 8.92659
      vertex 38.7653 20.8 8.98153
    endloop
  endfacet
  facet normal 0.233447 0 -0.972369
    outer loop
      vertex 38.7653 20.8 8.98153
      vertex 38.5365 18.8 8.92659
      vertex 38.5365 20.8 8.92659
    endloop
  endfacet
  facet normal 0.382682 0 -0.92388
    outer loop
      vertex 38.5365 18.8 8.92659
      vertex 38.319 18.8 8.83651
      vertex 38.5365 20.8 8.92659
    endloop
  endfacet
  facet normal 0.382682 0 -0.92388
    outer loop
      vertex 38.5365 20.8 8.92659
      vertex 38.319 18.8 8.83651
      vertex 38.319 20.8 8.83651
    endloop
  endfacet
  facet normal 0.522501 0 -0.852639
    outer loop
      vertex 38.319 18.8 8.83651
      vertex 38.1183 18.8 8.71353
      vertex 38.319 20.8 8.83651
    endloop
  endfacet
  facet normal 0.522501 0 -0.852639
    outer loop
      vertex 38.319 20.8 8.83651
      vertex 38.1183 18.8 8.71353
      vertex 38.1183 20.8 8.71353
    endloop
  endfacet
  facet normal 0.649448 0 -0.760406
    outer loop
      vertex 38.1183 18.8 8.71353
      vertex 37.9393 18.8 8.56066
      vertex 38.1183 20.8 8.71353
    endloop
  endfacet
  facet normal 0.649448 0 -0.760406
    outer loop
      vertex 38.1183 20.8 8.71353
      vertex 37.9393 18.8 8.56066
      vertex 37.9393 20.8 8.56066
    endloop
  endfacet
  facet normal 0.760406 0 -0.649448
    outer loop
      vertex 37.9393 20.8 8.56066
      vertex 37.9393 18.8 8.56066
      vertex 37.7865 18.8 8.38168
    endloop
  endfacet
  facet normal 0.760406 0 -0.649448
    outer loop
      vertex 37.7865 20.8 8.38168
      vertex 37.9393 20.8 8.56066
      vertex 37.7865 18.8 8.38168
    endloop
  endfacet
  facet normal 0.852639 0 -0.522501
    outer loop
      vertex 37.7865 20.8 8.38168
      vertex 37.7865 18.8 8.38168
      vertex 37.6635 18.8 8.18099
    endloop
  endfacet
  facet normal 0.852639 0 -0.522501
    outer loop
      vertex 37.6635 20.8 8.18099
      vertex 37.7865 20.8 8.38168
      vertex 37.6635 18.8 8.18099
    endloop
  endfacet
  facet normal 0.92388 0 -0.382682
    outer loop
      vertex 37.6635 20.8 8.18099
      vertex 37.6635 18.8 8.18099
      vertex 37.5734 18.8 7.96353
    endloop
  endfacet
  facet normal 0.92388 0 -0.382682
    outer loop
      vertex 37.5734 20.8 7.96353
      vertex 37.6635 20.8 8.18099
      vertex 37.5734 18.8 7.96353
    endloop
  endfacet
  facet normal 0.972369 0 -0.233447
    outer loop
      vertex 37.5734 20.8 7.96353
      vertex 37.5734 18.8 7.96353
      vertex 37.5185 18.8 7.73465
    endloop
  endfacet
  facet normal 0.972369 3.45455e-015 -0.233447
    outer loop
      vertex 37.5185 20.8 7.73465
      vertex 37.5734 20.8 7.96353
      vertex 37.5185 18.8 7.73465
    endloop
  endfacet
  facet normal -3.17207e-017 -0 -1.01506e-015
    outer loop
      vertex 102 5 0
      vertex 102 19 0
      vertex 102 5 -4.44089e-016
    endloop
  endfacet
  facet normal -3.17207e-017 -0 -1.01506e-015
    outer loop
      vertex 102 5 -4.44089e-016
      vertex 102 19 0
      vertex 102 19 -4.44089e-016
    endloop
  endfacet
  facet normal 0.996917 0.0784581 0
    outer loop
      vertex 6.66667 9.5 12
      vertex 6.69129 9.18713 12
      vertex 6.69129 9.18713 0
    endloop
  endfacet
  facet normal 0.996917 0.0784581 0
    outer loop
      vertex 6.66667 9.5 0
      vertex 6.66667 9.5 12
      vertex 6.69129 9.18713 0
    endloop
  endfacet
  facet normal 0.996917 -0.0784581 0
    outer loop
      vertex 6.69129 9.81287 0
      vertex 6.69129 9.81287 12
      vertex 6.66667 9.5 12
    endloop
  endfacet
  facet normal 0.996917 -0.0784581 0
    outer loop
      vertex 6.66667 9.5 0
      vertex 6.69129 9.81287 0
      vertex 6.66667 9.5 12
    endloop
  endfacet
  facet normal 0.97237 -0.233446 0
    outer loop
      vertex 6.76455 10.118 0
      vertex 6.76455 10.118 12
      vertex 6.69129 9.81287 12
    endloop
  endfacet
  facet normal 0.97237 -0.233446 0
    outer loop
      vertex 6.69129 9.81287 0
      vertex 6.76455 10.118 0
      vertex 6.69129 9.81287 12
    endloop
  endfacet
  facet normal 0.92388 -0.382683 0
    outer loop
      vertex 6.88465 10.408 0
      vertex 6.88465 10.408 12
      vertex 6.76455 10.118 12
    endloop
  endfacet
  facet normal 0.92388 -0.382683 0
    outer loop
      vertex 6.76455 10.118 0
      vertex 6.88465 10.408 0
      vertex 6.76455 10.118 12
    endloop
  endfacet
  facet normal 0.852641 -0.522498 0
    outer loop
      vertex 7.04863 10.6756 0
      vertex 7.04863 10.6756 12
      vertex 6.88465 10.408 12
    endloop
  endfacet
  facet normal 0.852641 -0.522498 0
    outer loop
      vertex 6.88465 10.408 0
      vertex 7.04863 10.6756 0
      vertex 6.88465 10.408 12
    endloop
  endfacet
  facet normal 0.760407 -0.649447 0
    outer loop
      vertex 7.25245 10.9142 0
      vertex 7.25245 10.9142 12
      vertex 7.04863 10.6756 12
    endloop
  endfacet
  facet normal 0.760407 -0.649447 0
    outer loop
      vertex 7.04863 10.6756 0
      vertex 7.25245 10.9142 0
      vertex 7.04863 10.6756 12
    endloop
  endfacet
  facet normal 0.649447 -0.760407 0
    outer loop
      vertex 7.4911 11.118 0
      vertex 7.4911 11.118 12
      vertex 7.25245 10.9142 12
    endloop
  endfacet
  facet normal 0.649447 -0.760407 0
    outer loop
      vertex 7.25245 10.9142 0
      vertex 7.4911 11.118 0
      vertex 7.25245 10.9142 12
    endloop
  endfacet
  facet normal 0.522498 -0.852641 0
    outer loop
      vertex 7.75869 11.282 0
      vertex 7.75869 11.282 12
      vertex 7.4911 11.118 12
    endloop
  endfacet
  facet normal 0.522498 -0.852641 0
    outer loop
      vertex 7.4911 11.118 0
      vertex 7.75869 11.282 0
      vertex 7.4911 11.118 12
    endloop
  endfacet
  facet normal 0.382683 -0.92388 0
    outer loop
      vertex 8.04863 11.4021 0
      vertex 8.04863 11.4021 12
      vertex 7.75869 11.282 12
    endloop
  endfacet
  facet normal 0.382683 -0.92388 0
    outer loop
      vertex 7.75869 11.282 0
      vertex 8.04863 11.4021 0
      vertex 7.75869 11.282 12
    endloop
  endfacet
  facet normal 0.233446 -0.97237 0
    outer loop
      vertex 8.3538 11.4754 0
      vertex 8.3538 11.4754 12
      vertex 8.04863 11.4021 12
    endloop
  endfacet
  facet normal 0.233446 -0.97237 0
    outer loop
      vertex 8.04863 11.4021 0
      vertex 8.3538 11.4754 0
      vertex 8.04863 11.4021 12
    endloop
  endfacet
  facet normal 0.0784581 -0.996917 0
    outer loop
      vertex 8.66667 11.5 0
      vertex 8.66667 11.5 12
      vertex 8.3538 11.4754 12
    endloop
  endfacet
  facet normal 0.0784581 -0.996917 0
    outer loop
      vertex 8.3538 11.4754 0
      vertex 8.66667 11.5 0
      vertex 8.3538 11.4754 12
    endloop
  endfacet
  facet normal -0.0784581 -0.996917 -0
    outer loop
      vertex 8.97954 11.4754 0
      vertex 8.97954 11.4754 12
      vertex 8.66667 11.5 12
    endloop
  endfacet
  facet normal -0.0784581 -0.996917 -0
    outer loop
      vertex 8.66667 11.5 0
      vertex 8.97954 11.4754 0
      vertex 8.66667 11.5 12
    endloop
  endfacet
  facet normal -0.233446 -0.97237 -0
    outer loop
      vertex 9.2847 11.4021 0
      vertex 9.2847 11.4021 12
      vertex 8.97954 11.4754 12
    endloop
  endfacet
  facet normal -0.233446 -0.97237 -0
    outer loop
      vertex 8.97954 11.4754 0
      vertex 9.2847 11.4021 0
      vertex 8.97954 11.4754 12
    endloop
  endfacet
  facet normal -0.382683 -0.92388 -0
    outer loop
      vertex 9.57465 11.282 0
      vertex 9.57465 11.282 12
      vertex 9.2847 11.4021 12
    endloop
  endfacet
  facet normal -0.382683 -0.92388 -0
    outer loop
      vertex 9.2847 11.4021 0
      vertex 9.57465 11.282 0
      vertex 9.2847 11.4021 12
    endloop
  endfacet
  facet normal -0.522498 -0.852641 -0
    outer loop
      vertex 9.84224 11.118 0
      vertex 9.84224 11.118 12
      vertex 9.57465 11.282 12
    endloop
  endfacet
  facet normal -0.522498 -0.852641 -0
    outer loop
      vertex 9.57465 11.282 0
      vertex 9.84224 11.118 0
      vertex 9.57465 11.282 12
    endloop
  endfacet
  facet normal -0.649447 -0.760407 -0
    outer loop
      vertex 10.0809 10.9142 0
      vertex 10.0809 10.9142 12
      vertex 9.84224 11.118 12
    endloop
  endfacet
  facet normal -0.649447 -0.760407 -0
    outer loop
      vertex 9.84224 11.118 0
      vertex 10.0809 10.9142 0
      vertex 9.84224 11.118 12
    endloop
  endfacet
  facet normal -0.760407 -0.649447 0
    outer loop
      vertex 10.2847 10.6756 12
      vertex 10.0809 10.9142 12
      vertex 10.2847 10.6756 0
    endloop
  endfacet
  facet normal -0.760407 -0.649447 0
    outer loop
      vertex 10.2847 10.6756 0
      vertex 10.0809 10.9142 12
      vertex 10.0809 10.9142 0
    endloop
  endfacet
  facet normal -0.852641 -0.522498 0
    outer loop
      vertex 10.4487 10.408 12
      vertex 10.2847 10.6756 12
      vertex 10.4487 10.408 0
    endloop
  endfacet
  facet normal -0.852641 -0.522498 0
    outer loop
      vertex 10.4487 10.408 0
      vertex 10.2847 10.6756 12
      vertex 10.2847 10.6756 0
    endloop
  endfacet
  facet normal -0.92388 -0.382683 0
    outer loop
      vertex 10.5688 10.118 12
      vertex 10.4487 10.408 12
      vertex 10.5688 10.118 0
    endloop
  endfacet
  facet normal -0.92388 -0.382683 0
    outer loop
      vertex 10.5688 10.118 0
      vertex 10.4487 10.408 12
      vertex 10.4487 10.408 0
    endloop
  endfacet
  facet normal -0.97237 -0.233446 0
    outer loop
      vertex 10.642 9.81287 12
      vertex 10.5688 10.118 12
      vertex 10.642 9.81287 0
    endloop
  endfacet
  facet normal -0.97237 -0.233446 0
    outer loop
      vertex 10.642 9.81287 0
      vertex 10.5688 10.118 12
      vertex 10.5688 10.118 0
    endloop
  endfacet
  facet normal -0.996917 -0.0784581 0
    outer loop
      vertex 10.6667 9.5 12
      vertex 10.642 9.81287 12
      vertex 10.6667 9.5 0
    endloop
  endfacet
  facet normal -0.996917 -0.0784581 0
    outer loop
      vertex 10.6667 9.5 0
      vertex 10.642 9.81287 12
      vertex 10.642 9.81287 0
    endloop
  endfacet
  facet normal -0.996917 0.0784581 0
    outer loop
      vertex 10.6667 9.5 12
      vertex 10.6667 9.5 0
      vertex 10.642 9.18713 12
    endloop
  endfacet
  facet normal -0.996917 0.0784581 0
    outer loop
      vertex 10.642 9.18713 12
      vertex 10.6667 9.5 0
      vertex 10.642 9.18713 0
    endloop
  endfacet
  facet normal -0.97237 0.233446 0
    outer loop
      vertex 10.642 9.18713 12
      vertex 10.642 9.18713 0
      vertex 10.5688 8.88197 12
    endloop
  endfacet
  facet normal -0.97237 0.233446 0
    outer loop
      vertex 10.5688 8.88197 12
      vertex 10.642 9.18713 0
      vertex 10.5688 8.88197 0
    endloop
  endfacet
  facet normal -0.92388 0.382683 0
    outer loop
      vertex 10.5688 8.88197 12
      vertex 10.5688 8.88197 0
      vertex 10.4487 8.59202 12
    endloop
  endfacet
  facet normal -0.92388 0.382683 0
    outer loop
      vertex 10.4487 8.59202 12
      vertex 10.5688 8.88197 0
      vertex 10.4487 8.59202 0
    endloop
  endfacet
  facet normal -0.852641 0.522498 0
    outer loop
      vertex 10.4487 8.59202 12
      vertex 10.4487 8.59202 0
      vertex 10.2847 8.32443 12
    endloop
  endfacet
  facet normal -0.852641 0.522498 0
    outer loop
      vertex 10.2847 8.32443 12
      vertex 10.4487 8.59202 0
      vertex 10.2847 8.32443 0
    endloop
  endfacet
  facet normal -0.760407 0.649447 0
    outer loop
      vertex 10.2847 8.32443 12
      vertex 10.2847 8.32443 0
      vertex 10.0809 8.08579 12
    endloop
  endfacet
  facet normal -0.760407 0.649447 0
    outer loop
      vertex 10.0809 8.08579 12
      vertex 10.2847 8.32443 0
      vertex 10.0809 8.08579 0
    endloop
  endfacet
  facet normal -0.649447 0.760407 0
    outer loop
      vertex 10.0809 8.08579 12
      vertex 10.0809 8.08579 0
      vertex 9.84224 7.88197 12
    endloop
  endfacet
  facet normal -0.649447 0.760407 0
    outer loop
      vertex 9.84224 7.88197 12
      vertex 10.0809 8.08579 0
      vertex 9.84224 7.88197 0
    endloop
  endfacet
  facet normal -0.522498 0.852641 0
    outer loop
      vertex 9.84224 7.88197 12
      vertex 9.84224 7.88197 0
      vertex 9.57465 7.71799 12
    endloop
  endfacet
  facet normal -0.522498 0.852641 0
    outer loop
      vertex 9.57465 7.71799 12
      vertex 9.84224 7.88197 0
      vertex 9.57465 7.71799 0
    endloop
  endfacet
  facet normal -0.382683 0.92388 0
    outer loop
      vertex 9.57465 7.71799 12
      vertex 9.57465 7.71799 0
      vertex 9.2847 7.59789 12
    endloop
  endfacet
  facet normal -0.382683 0.92388 0
    outer loop
      vertex 9.2847 7.59789 12
      vertex 9.57465 7.71799 0
      vertex 9.2847 7.59789 0
    endloop
  endfacet
  facet normal -0.233446 0.97237 0
    outer loop
      vertex 9.2847 7.59789 12
      vertex 9.2847 7.59789 0
      vertex 8.97954 7.52462 12
    endloop
  endfacet
  facet normal -0.233446 0.97237 0
    outer loop
      vertex 8.97954 7.52462 12
      vertex 9.2847 7.59789 0
      vertex 8.97954 7.52462 0
    endloop
  endfacet
  facet normal -0.0784581 0.996917 0
    outer loop
      vertex 8.97954 7.52462 12
      vertex 8.97954 7.52462 0
      vertex 8.66667 7.5 12
    endloop
  endfacet
  facet normal -0.0784581 0.996917 0
    outer loop
      vertex 8.66667 7.5 12
      vertex 8.97954 7.52462 0
      vertex 8.66667 7.5 0
    endloop
  endfacet
  facet normal 0.0784581 0.996917 -0
    outer loop
      vertex 8.66667 7.5 12
      vertex 8.66667 7.5 0
      vertex 8.3538 7.52462 12
    endloop
  endfacet
  facet normal 0.0784581 0.996917 -0
    outer loop
      vertex 8.3538 7.52462 12
      vertex 8.66667 7.5 0
      vertex 8.3538 7.52462 0
    endloop
  endfacet
  facet normal 0.233446 0.97237 -0
    outer loop
      vertex 8.3538 7.52462 12
      vertex 8.3538 7.52462 0
      vertex 8.04863 7.59789 12
    endloop
  endfacet
  facet normal 0.233446 0.97237 -0
    outer loop
      vertex 8.04863 7.59789 12
      vertex 8.3538 7.52462 0
      vertex 8.04863 7.59789 0
    endloop
  endfacet
  facet normal 0.382683 0.92388 -0
    outer loop
      vertex 8.04863 7.59789 12
      vertex 8.04863 7.59789 0
      vertex 7.75869 7.71799 12
    endloop
  endfacet
  facet normal 0.382683 0.92388 -0
    outer loop
      vertex 7.75869 7.71799 12
      vertex 8.04863 7.59789 0
      vertex 7.75869 7.71799 0
    endloop
  endfacet
  facet normal 0.522498 0.852641 -0
    outer loop
      vertex 7.75869 7.71799 12
      vertex 7.75869 7.71799 0
      vertex 7.4911 7.88197 12
    endloop
  endfacet
  facet normal 0.522498 0.852641 -0
    outer loop
      vertex 7.4911 7.88197 12
      vertex 7.75869 7.71799 0
      vertex 7.4911 7.88197 0
    endloop
  endfacet
  facet normal 0.649447 0.760407 -0
    outer loop
      vertex 7.4911 7.88197 12
      vertex 7.4911 7.88197 0
      vertex 7.25245 8.08579 12
    endloop
  endfacet
  facet normal 0.649447 0.760407 -0
    outer loop
      vertex 7.25245 8.08579 12
      vertex 7.4911 7.88197 0
      vertex 7.25245 8.08579 0
    endloop
  endfacet
  facet normal 0.760407 0.649447 0
    outer loop
      vertex 7.04863 8.32443 12
      vertex 7.25245 8.08579 12
      vertex 7.25245 8.08579 0
    endloop
  endfacet
  facet normal 0.760407 0.649447 0
    outer loop
      vertex 7.04863 8.32443 0
      vertex 7.04863 8.32443 12
      vertex 7.25245 8.08579 0
    endloop
  endfacet
  facet normal 0.852641 0.522498 0
    outer loop
      vertex 6.88465 8.59202 12
      vertex 7.04863 8.32443 12
      vertex 7.04863 8.32443 0
    endloop
  endfacet
  facet normal 0.852641 0.522498 0
    outer loop
      vertex 6.88465 8.59202 0
      vertex 6.88465 8.59202 12
      vertex 7.04863 8.32443 0
    endloop
  endfacet
  facet normal 0.92388 0.382683 0
    outer loop
      vertex 6.76455 8.88197 12
      vertex 6.88465 8.59202 12
      vertex 6.88465 8.59202 0
    endloop
  endfacet
  facet normal 0.92388 0.382683 0
    outer loop
      vertex 6.76455 8.88197 0
      vertex 6.76455 8.88197 12
      vertex 6.88465 8.59202 0
    endloop
  endfacet
  facet normal 0.97237 0.233446 0
    outer loop
      vertex 6.69129 9.18713 12
      vertex 6.76455 8.88197 12
      vertex 6.76455 8.88197 0
    endloop
  endfacet
  facet normal 0.97237 0.233446 0
    outer loop
      vertex 6.69129 9.18713 0
      vertex 6.69129 9.18713 12
      vertex 6.76455 8.88197 0
    endloop
  endfacet
  facet normal 0.996917 0.0784581 0
    outer loop
      vertex 24 9.5 12
      vertex 24.0246 9.18713 12
      vertex 24.0246 9.18713 0
    endloop
  endfacet
  facet normal 0.996917 0.0784581 0
    outer loop
      vertex 24 9.5 0
      vertex 24 9.5 12
      vertex 24.0246 9.18713 0
    endloop
  endfacet
  facet normal 0.996917 -0.0784581 0
    outer loop
      vertex 24.0246 9.81287 0
      vertex 24.0246 9.81287 12
      vertex 24 9.5 12
    endloop
  endfacet
  facet normal 0.996917 -0.0784581 0
    outer loop
      vertex 24 9.5 0
      vertex 24.0246 9.81287 0
      vertex 24 9.5 12
    endloop
  endfacet
  facet normal 0.97237 -0.233446 0
    outer loop
      vertex 24.0979 10.118 0
      vertex 24.0979 10.118 12
      vertex 24.0246 9.81287 12
    endloop
  endfacet
  facet normal 0.97237 -0.233446 0
    outer loop
      vertex 24.0246 9.81287 0
      vertex 24.0979 10.118 0
      vertex 24.0246 9.81287 12
    endloop
  endfacet
  facet normal 0.92388 -0.382683 0
    outer loop
      vertex 24.218 10.408 0
      vertex 24.218 10.408 12
      vertex 24.0979 10.118 12
    endloop
  endfacet
  facet normal 0.92388 -0.382683 0
    outer loop
      vertex 24.0979 10.118 0
      vertex 24.218 10.408 0
      vertex 24.0979 10.118 12
    endloop
  endfacet
  facet normal 0.852641 -0.522498 0
    outer loop
      vertex 24.382 10.6756 0
      vertex 24.382 10.6756 12
      vertex 24.218 10.408 12
    endloop
  endfacet
  facet normal 0.852641 -0.522498 0
    outer loop
      vertex 24.218 10.408 0
      vertex 24.382 10.6756 0
      vertex 24.218 10.408 12
    endloop
  endfacet
  facet normal 0.760407 -0.649447 0
    outer loop
      vertex 24.5858 10.9142 0
      vertex 24.5858 10.9142 12
      vertex 24.382 10.6756 12
    endloop
  endfacet
  facet normal 0.760407 -0.649447 0
    outer loop
      vertex 24.382 10.6756 0
      vertex 24.5858 10.9142 0
      vertex 24.382 10.6756 12
    endloop
  endfacet
  facet normal 0.649447 -0.760407 0
    outer loop
      vertex 24.8244 11.118 0
      vertex 24.8244 11.118 12
      vertex 24.5858 10.9142 12
    endloop
  endfacet
  facet normal 0.649447 -0.760407 0
    outer loop
      vertex 24.5858 10.9142 0
      vertex 24.8244 11.118 0
      vertex 24.5858 10.9142 12
    endloop
  endfacet
  facet normal 0.522498 -0.852641 0
    outer loop
      vertex 25.092 11.282 0
      vertex 25.092 11.282 12
      vertex 24.8244 11.118 12
    endloop
  endfacet
  facet normal 0.522498 -0.852641 0
    outer loop
      vertex 24.8244 11.118 0
      vertex 25.092 11.282 0
      vertex 24.8244 11.118 12
    endloop
  endfacet
  facet normal 0.382683 -0.92388 0
    outer loop
      vertex 25.382 11.4021 0
      vertex 25.382 11.4021 12
      vertex 25.092 11.282 12
    endloop
  endfacet
  facet normal 0.382683 -0.92388 0
    outer loop
      vertex 25.092 11.282 0
      vertex 25.382 11.4021 0
      vertex 25.092 11.282 12
    endloop
  endfacet
  facet normal 0.233446 -0.97237 0
    outer loop
      vertex 25.6871 11.4754 0
      vertex 25.6871 11.4754 12
      vertex 25.382 11.4021 12
    endloop
  endfacet
  facet normal 0.233446 -0.97237 0
    outer loop
      vertex 25.382 11.4021 0
      vertex 25.6871 11.4754 0
      vertex 25.382 11.4021 12
    endloop
  endfacet
  facet normal 0.0784581 -0.996917 0
    outer loop
      vertex 26 11.5 0
      vertex 26 11.5 12
      vertex 25.6871 11.4754 12
    endloop
  endfacet
  facet normal 0.0784581 -0.996917 0
    outer loop
      vertex 25.6871 11.4754 0
      vertex 26 11.5 0
      vertex 25.6871 11.4754 12
    endloop
  endfacet
  facet normal -0.0784581 -0.996917 -0
    outer loop
      vertex 26.3129 11.4754 0
      vertex 26.3129 11.4754 12
      vertex 26 11.5 12
    endloop
  endfacet
  facet normal -0.0784581 -0.996917 -0
    outer loop
      vertex 26 11.5 0
      vertex 26.3129 11.4754 0
      vertex 26 11.5 12
    endloop
  endfacet
  facet normal -0.233446 -0.97237 -0
    outer loop
      vertex 26.618 11.4021 0
      vertex 26.618 11.4021 12
      vertex 26.3129 11.4754 12
    endloop
  endfacet
  facet normal -0.233446 -0.97237 -0
    outer loop
      vertex 26.3129 11.4754 0
      vertex 26.618 11.4021 0
      vertex 26.3129 11.4754 12
    endloop
  endfacet
  facet normal -0.382683 -0.92388 -0
    outer loop
      vertex 26.908 11.282 0
      vertex 26.908 11.282 12
      vertex 26.618 11.4021 12
    endloop
  endfacet
  facet normal -0.382683 -0.92388 -0
    outer loop
      vertex 26.618 11.4021 0
      vertex 26.908 11.282 0
      vertex 26.618 11.4021 12
    endloop
  endfacet
  facet normal -0.522498 -0.852641 -0
    outer loop
      vertex 27.1756 11.118 0
      vertex 27.1756 11.118 12
      vertex 26.908 11.282 12
    endloop
  endfacet
  facet normal -0.522498 -0.852641 -0
    outer loop
      vertex 26.908 11.282 0
      vertex 27.1756 11.118 0
      vertex 26.908 11.282 12
    endloop
  endfacet
  facet normal -0.649447 -0.760407 -0
    outer loop
      vertex 27.4142 10.9142 0
      vertex 27.4142 10.9142 12
      vertex 27.1756 11.118 12
    endloop
  endfacet
  facet normal -0.649447 -0.760407 -0
    outer loop
      vertex 27.1756 11.118 0
      vertex 27.4142 10.9142 0
      vertex 27.1756 11.118 12
    endloop
  endfacet
  facet normal -0.760407 -0.649447 0
    outer loop
      vertex 27.618 10.6756 12
      vertex 27.4142 10.9142 12
      vertex 27.618 10.6756 0
    endloop
  endfacet
  facet normal -0.760407 -0.649447 0
    outer loop
      vertex 27.618 10.6756 0
      vertex 27.4142 10.9142 12
      vertex 27.4142 10.9142 0
    endloop
  endfacet
  facet normal -0.852641 -0.522498 0
    outer loop
      vertex 27.782 10.408 12
      vertex 27.618 10.6756 12
      vertex 27.782 10.408 0
    endloop
  endfacet
  facet normal -0.852641 -0.522498 0
    outer loop
      vertex 27.782 10.408 0
      vertex 27.618 10.6756 12
      vertex 27.618 10.6756 0
    endloop
  endfacet
  facet normal -0.92388 -0.382683 0
    outer loop
      vertex 27.9021 10.118 12
      vertex 27.782 10.408 12
      vertex 27.9021 10.118 0
    endloop
  endfacet
  facet normal -0.92388 -0.382683 0
    outer loop
      vertex 27.9021 10.118 0
      vertex 27.782 10.408 12
      vertex 27.782 10.408 0
    endloop
  endfacet
  facet normal -0.97237 -0.233446 0
    outer loop
      vertex 27.9754 9.81287 12
      vertex 27.9021 10.118 12
      vertex 27.9754 9.81287 0
    endloop
  endfacet
  facet normal -0.97237 -0.233446 0
    outer loop
      vertex 27.9754 9.81287 0
      vertex 27.9021 10.118 12
      vertex 27.9021 10.118 0
    endloop
  endfacet
  facet normal -0.996917 -0.0784581 0
    outer loop
      vertex 28 9.5 12
      vertex 27.9754 9.81287 12
      vertex 28 9.5 0
    endloop
  endfacet
  facet normal -0.996917 -0.0784581 0
    outer loop
      vertex 28 9.5 0
      vertex 27.9754 9.81287 12
      vertex 27.9754 9.81287 0
    endloop
  endfacet
  facet normal -0.996917 0.0784581 0
    outer loop
      vertex 28 9.5 12
      vertex 28 9.5 0
      vertex 27.9754 9.18713 12
    endloop
  endfacet
  facet normal -0.996917 0.0784581 0
    outer loop
      vertex 27.9754 9.18713 12
      vertex 28 9.5 0
      vertex 27.9754 9.18713 0
    endloop
  endfacet
  facet normal -0.97237 0.233446 0
    outer loop
      vertex 27.9754 9.18713 12
      vertex 27.9754 9.18713 0
      vertex 27.9021 8.88197 12
    endloop
  endfacet
  facet normal -0.97237 0.233446 0
    outer loop
      vertex 27.9021 8.88197 12
      vertex 27.9754 9.18713 0
      vertex 27.9021 8.88197 0
    endloop
  endfacet
  facet normal -0.92388 0.382683 0
    outer loop
      vertex 27.9021 8.88197 12
      vertex 27.9021 8.88197 0
      vertex 27.782 8.59202 12
    endloop
  endfacet
  facet normal -0.92388 0.382683 0
    outer loop
      vertex 27.782 8.59202 12
      vertex 27.9021 8.88197 0
      vertex 27.782 8.59202 0
    endloop
  endfacet
  facet normal -0.852641 0.522498 0
    outer loop
      vertex 27.782 8.59202 12
      vertex 27.782 8.59202 0
      vertex 27.618 8.32443 12
    endloop
  endfacet
  facet normal -0.852641 0.522498 0
    outer loop
      vertex 27.618 8.32443 12
      vertex 27.782 8.59202 0
      vertex 27.618 8.32443 0
    endloop
  endfacet
  facet normal -0.760407 0.649447 0
    outer loop
      vertex 27.618 8.32443 12
      vertex 27.618 8.32443 0
      vertex 27.4142 8.08579 12
    endloop
  endfacet
  facet normal -0.760407 0.649447 0
    outer loop
      vertex 27.4142 8.08579 12
      vertex 27.618 8.32443 0
      vertex 27.4142 8.08579 0
    endloop
  endfacet
  facet normal -0.649447 0.760407 0
    outer loop
      vertex 27.4142 8.08579 12
      vertex 27.4142 8.08579 0
      vertex 27.1756 7.88197 12
    endloop
  endfacet
  facet normal -0.649447 0.760407 0
    outer loop
      vertex 27.1756 7.88197 12
      vertex 27.4142 8.08579 0
      vertex 27.1756 7.88197 0
    endloop
  endfacet
  facet normal -0.522498 0.852641 0
    outer loop
      vertex 27.1756 7.88197 12
      vertex 27.1756 7.88197 0
      vertex 26.908 7.71799 12
    endloop
  endfacet
  facet normal -0.522498 0.852641 0
    outer loop
      vertex 26.908 7.71799 12
      vertex 27.1756 7.88197 0
      vertex 26.908 7.71799 0
    endloop
  endfacet
  facet normal -0.382683 0.92388 0
    outer loop
      vertex 26.908 7.71799 12
      vertex 26.908 7.71799 0
      vertex 26.618 7.59789 12
    endloop
  endfacet
  facet normal -0.382683 0.92388 0
    outer loop
      vertex 26.618 7.59789 12
      vertex 26.908 7.71799 0
      vertex 26.618 7.59789 0
    endloop
  endfacet
  facet normal -0.233446 0.97237 0
    outer loop
      vertex 26.618 7.59789 12
      vertex 26.618 7.59789 0
      vertex 26.3129 7.52462 12
    endloop
  endfacet
  facet normal -0.233446 0.97237 0
    outer loop
      vertex 26.3129 7.52462 12
      vertex 26.618 7.59789 0
      vertex 26.3129 7.52462 0
    endloop
  endfacet
  facet normal -0.0784581 0.996917 0
    outer loop
      vertex 26.3129 7.52462 12
      vertex 26.3129 7.52462 0
      vertex 26 7.5 12
    endloop
  endfacet
  facet normal -0.0784581 0.996917 0
    outer loop
      vertex 26 7.5 12
      vertex 26.3129 7.52462 0
      vertex 26 7.5 0
    endloop
  endfacet
  facet normal 0.0784581 0.996917 -0
    outer loop
      vertex 26 7.5 12
      vertex 26 7.5 0
      vertex 25.6871 7.52462 12
    endloop
  endfacet
  facet normal 0.0784581 0.996917 -0
    outer loop
      vertex 25.6871 7.52462 12
      vertex 26 7.5 0
      vertex 25.6871 7.52462 0
    endloop
  endfacet
  facet normal 0.233446 0.97237 -0
    outer loop
      vertex 25.6871 7.52462 12
      vertex 25.6871 7.52462 0
      vertex 25.382 7.59789 12
    endloop
  endfacet
  facet normal 0.233446 0.97237 -0
    outer loop
      vertex 25.382 7.59789 12
      vertex 25.6871 7.52462 0
      vertex 25.382 7.59789 0
    endloop
  endfacet
  facet normal 0.382683 0.92388 -0
    outer loop
      vertex 25.382 7.59789 12
      vertex 25.382 7.59789 0
      vertex 25.092 7.71799 12
    endloop
  endfacet
  facet normal 0.382683 0.92388 -0
    outer loop
      vertex 25.092 7.71799 12
      vertex 25.382 7.59789 0
      vertex 25.092 7.71799 0
    endloop
  endfacet
  facet normal 0.522498 0.852641 -0
    outer loop
      vertex 25.092 7.71799 12
      vertex 25.092 7.71799 0
      vertex 24.8244 7.88197 12
    endloop
  endfacet
  facet normal 0.522498 0.852641 -0
    outer loop
      vertex 24.8244 7.88197 12
      vertex 25.092 7.71799 0
      vertex 24.8244 7.88197 0
    endloop
  endfacet
  facet normal 0.649447 0.760407 -0
    outer loop
      vertex 24.8244 7.88197 12
      vertex 24.8244 7.88197 0
      vertex 24.5858 8.08579 12
    endloop
  endfacet
  facet normal 0.649447 0.760407 -0
    outer loop
      vertex 24.5858 8.08579 12
      vertex 24.8244 7.88197 0
      vertex 24.5858 8.08579 0
    endloop
  endfacet
  facet normal 0.760407 0.649447 0
    outer loop
      vertex 24.382 8.32443 12
      vertex 24.5858 8.08579 12
      vertex 24.5858 8.08579 0
    endloop
  endfacet
  facet normal 0.760407 0.649447 0
    outer loop
      vertex 24.382 8.32443 0
      vertex 24.382 8.32443 12
      vertex 24.5858 8.08579 0
    endloop
  endfacet
  facet normal 0.852641 0.522498 0
    outer loop
      vertex 24.218 8.59202 12
      vertex 24.382 8.32443 12
      vertex 24.382 8.32443 0
    endloop
  endfacet
  facet normal 0.852641 0.522498 0
    outer loop
      vertex 24.218 8.59202 0
      vertex 24.218 8.59202 12
      vertex 24.382 8.32443 0
    endloop
  endfacet
  facet normal 0.92388 0.382683 0
    outer loop
      vertex 24.0979 8.88197 12
      vertex 24.218 8.59202 12
      vertex 24.218 8.59202 0
    endloop
  endfacet
  facet normal 0.92388 0.382683 0
    outer loop
      vertex 24.0979 8.88197 0
      vertex 24.0979 8.88197 12
      vertex 24.218 8.59202 0
    endloop
  endfacet
  facet normal 0.97237 0.233446 0
    outer loop
      vertex 24.0246 9.18713 12
      vertex 24.0979 8.88197 12
      vertex 24.0979 8.88197 0
    endloop
  endfacet
  facet normal 0.97237 0.233446 0
    outer loop
      vertex 24.0246 9.18713 0
      vertex 24.0246 9.18713 12
      vertex 24.0979 8.88197 0
    endloop
  endfacet
  facet normal 0.996917 0.0784581 0
    outer loop
      vertex 41.3333 9.5 12
      vertex 41.358 9.18713 12
      vertex 41.358 9.18713 0
    endloop
  endfacet
  facet normal 0.996917 0.0784581 0
    outer loop
      vertex 41.3333 9.5 0
      vertex 41.3333 9.5 12
      vertex 41.358 9.18713 0
    endloop
  endfacet
  facet normal 0.996917 -0.0784581 0
    outer loop
      vertex 41.358 9.81287 0
      vertex 41.358 9.81287 12
      vertex 41.3333 9.5 12
    endloop
  endfacet
  facet normal 0.996917 -0.0784581 0
    outer loop
      vertex 41.3333 9.5 0
      vertex 41.358 9.81287 0
      vertex 41.3333 9.5 12
    endloop
  endfacet
  facet normal 0.97237 -0.233446 0
    outer loop
      vertex 41.4312 10.118 0
      vertex 41.4312 10.118 12
      vertex 41.358 9.81287 12
    endloop
  endfacet
  facet normal 0.97237 -0.233446 0
    outer loop
      vertex 41.358 9.81287 0
      vertex 41.4312 10.118 0
      vertex 41.358 9.81287 12
    endloop
  endfacet
  facet normal 0.92388 -0.382683 0
    outer loop
      vertex 41.5513 10.408 0
      vertex 41.5513 10.408 12
      vertex 41.4312 10.118 12
    endloop
  endfacet
  facet normal 0.92388 -0.382683 0
    outer loop
      vertex 41.4312 10.118 0
      vertex 41.5513 10.408 0
      vertex 41.4312 10.118 12
    endloop
  endfacet
  facet normal 0.852641 -0.522498 0
    outer loop
      vertex 41.7153 10.6756 0
      vertex 41.7153 10.6756 12
      vertex 41.5513 10.408 12
    endloop
  endfacet
  facet normal 0.852641 -0.522498 0
    outer loop
      vertex 41.5513 10.408 0
      vertex 41.7153 10.6756 0
      vertex 41.5513 10.408 12
    endloop
  endfacet
  facet normal 0.760407 -0.649447 0
    outer loop
      vertex 41.9191 10.9142 0
      vertex 41.9191 10.9142 12
      vertex 41.7153 10.6756 12
    endloop
  endfacet
  facet normal 0.760407 -0.649447 0
    outer loop
      vertex 41.7153 10.6756 0
      vertex 41.9191 10.9142 0
      vertex 41.7153 10.6756 12
    endloop
  endfacet
  facet normal 0.649447 -0.760407 0
    outer loop
      vertex 42.1578 11.118 0
      vertex 42.1578 11.118 12
      vertex 41.9191 10.9142 12
    endloop
  endfacet
  facet normal 0.649447 -0.760407 0
    outer loop
      vertex 41.9191 10.9142 0
      vertex 42.1578 11.118 0
      vertex 41.9191 10.9142 12
    endloop
  endfacet
  facet normal 0.522498 -0.852641 0
    outer loop
      vertex 42.4254 11.282 0
      vertex 42.4254 11.282 12
      vertex 42.1578 11.118 12
    endloop
  endfacet
  facet normal 0.522498 -0.852641 0
    outer loop
      vertex 42.1578 11.118 0
      vertex 42.4254 11.282 0
      vertex 42.1578 11.118 12
    endloop
  endfacet
  facet normal 0.382683 -0.92388 0
    outer loop
      vertex 42.7153 11.4021 0
      vertex 42.7153 11.4021 12
      vertex 42.4254 11.282 12
    endloop
  endfacet
  facet normal 0.382683 -0.92388 0
    outer loop
      vertex 42.4254 11.282 0
      vertex 42.7153 11.4021 0
      vertex 42.4254 11.282 12
    endloop
  endfacet
  facet normal 0.233446 -0.97237 0
    outer loop
      vertex 43.0205 11.4754 0
      vertex 43.0205 11.4754 12
      vertex 42.7153 11.4021 12
    endloop
  endfacet
  facet normal 0.233446 -0.97237 0
    outer loop
      vertex 42.7153 11.4021 0
      vertex 43.0205 11.4754 0
      vertex 42.7153 11.4021 12
    endloop
  endfacet
  facet normal 0.0784581 -0.996917 0
    outer loop
      vertex 43.3333 11.5 0
      vertex 43.3333 11.5 12
      vertex 43.0205 11.4754 12
    endloop
  endfacet
  facet normal 0.0784581 -0.996917 0
    outer loop
      vertex 43.0205 11.4754 0
      vertex 43.3333 11.5 0
      vertex 43.0205 11.4754 12
    endloop
  endfacet
  facet normal -0.0784581 -0.996917 -0
    outer loop
      vertex 43.6462 11.4754 0
      vertex 43.6462 11.4754 12
      vertex 43.3333 11.5 12
    endloop
  endfacet
  facet normal -0.0784581 -0.996917 -0
    outer loop
      vertex 43.3333 11.5 0
      vertex 43.6462 11.4754 0
      vertex 43.3333 11.5 12
    endloop
  endfacet
  facet normal -0.233446 -0.97237 -0
    outer loop
      vertex 43.9514 11.4021 0
      vertex 43.9514 11.4021 12
      vertex 43.6462 11.4754 12
    endloop
  endfacet
  facet normal -0.233446 -0.97237 -0
    outer loop
      vertex 43.6462 11.4754 0
      vertex 43.9514 11.4021 0
      vertex 43.6462 11.4754 12
    endloop
  endfacet
  facet normal -0.382683 -0.92388 -0
    outer loop
      vertex 44.2413 11.282 0
      vertex 44.2413 11.282 12
      vertex 43.9514 11.4021 12
    endloop
  endfacet
  facet normal -0.382683 -0.92388 -0
    outer loop
      vertex 43.9514 11.4021 0
      vertex 44.2413 11.282 0
      vertex 43.9514 11.4021 12
    endloop
  endfacet
  facet normal -0.522498 -0.852641 -0
    outer loop
      vertex 44.5089 11.118 0
      vertex 44.5089 11.118 12
      vertex 44.2413 11.282 12
    endloop
  endfacet
  facet normal -0.522498 -0.852641 -0
    outer loop
      vertex 44.2413 11.282 0
      vertex 44.5089 11.118 0
      vertex 44.2413 11.282 12
    endloop
  endfacet
  facet normal -0.649447 -0.760407 -0
    outer loop
      vertex 44.7475 10.9142 0
      vertex 44.7475 10.9142 12
      vertex 44.5089 11.118 12
    endloop
  endfacet
  facet normal -0.649447 -0.760407 -0
    outer loop
      vertex 44.5089 11.118 0
      vertex 44.7475 10.9142 0
      vertex 44.5089 11.118 12
    endloop
  endfacet
  facet normal -0.760407 -0.649447 0
    outer loop
      vertex 44.9514 10.6756 12
      vertex 44.7475 10.9142 12
      vertex 44.9514 10.6756 0
    endloop
  endfacet
  facet normal -0.760407 -0.649447 0
    outer loop
      vertex 44.9514 10.6756 0
      vertex 44.7475 10.9142 12
      vertex 44.7475 10.9142 0
    endloop
  endfacet
  facet normal -0.852641 -0.522498 0
    outer loop
      vertex 45.1153 10.408 12
      vertex 44.9514 10.6756 12
      vertex 45.1153 10.408 0
    endloop
  endfacet
  facet normal -0.852641 -0.522498 0
    outer loop
      vertex 45.1153 10.408 0
      vertex 44.9514 10.6756 12
      vertex 44.9514 10.6756 0
    endloop
  endfacet
  facet normal -0.92388 -0.382683 0
    outer loop
      vertex 45.2354 10.118 12
      vertex 45.1153 10.408 12
      vertex 45.2354 10.118 0
    endloop
  endfacet
  facet normal -0.92388 -0.382683 0
    outer loop
      vertex 45.2354 10.118 0
      vertex 45.1153 10.408 12
      vertex 45.1153 10.408 0
    endloop
  endfacet
  facet normal -0.97237 -0.233446 0
    outer loop
      vertex 45.3087 9.81287 12
      vertex 45.2354 10.118 12
      vertex 45.3087 9.81287 0
    endloop
  endfacet
  facet normal -0.97237 -0.233446 0
    outer loop
      vertex 45.3087 9.81287 0
      vertex 45.2354 10.118 12
      vertex 45.2354 10.118 0
    endloop
  endfacet
  facet normal -0.996917 -0.0784581 0
    outer loop
      vertex 45.3333 9.5 12
      vertex 45.3087 9.81287 12
      vertex 45.3333 9.5 0
    endloop
  endfacet
  facet normal -0.996917 -0.0784581 0
    outer loop
      vertex 45.3333 9.5 0
      vertex 45.3087 9.81287 12
      vertex 45.3087 9.81287 0
    endloop
  endfacet
  facet normal -0.996917 0.0784581 0
    outer loop
      vertex 45.3333 9.5 12
      vertex 45.3333 9.5 0
      vertex 45.3087 9.18713 12
    endloop
  endfacet
  facet normal -0.996917 0.0784581 0
    outer loop
      vertex 45.3087 9.18713 12
      vertex 45.3333 9.5 0
      vertex 45.3087 9.18713 0
    endloop
  endfacet
  facet normal -0.97237 0.233446 0
    outer loop
      vertex 45.3087 9.18713 12
      vertex 45.3087 9.18713 0
      vertex 45.2354 8.88197 12
    endloop
  endfacet
  facet normal -0.97237 0.233446 0
    outer loop
      vertex 45.2354 8.88197 12
      vertex 45.3087 9.18713 0
      vertex 45.2354 8.88197 0
    endloop
  endfacet
  facet normal -0.92388 0.382683 0
    outer loop
      vertex 45.2354 8.88197 12
      vertex 45.2354 8.88197 0
      vertex 45.1153 8.59202 12
    endloop
  endfacet
  facet normal -0.92388 0.382683 0
    outer loop
      vertex 45.1153 8.59202 12
      vertex 45.2354 8.88197 0
      vertex 45.1153 8.59202 0
    endloop
  endfacet
  facet normal -0.852641 0.522498 0
    outer loop
      vertex 45.1153 8.59202 12
      vertex 45.1153 8.59202 0
      vertex 44.9514 8.32443 12
    endloop
  endfacet
  facet normal -0.852641 0.522498 0
    outer loop
      vertex 44.9514 8.32443 12
      vertex 45.1153 8.59202 0
      vertex 44.9514 8.32443 0
    endloop
  endfacet
  facet normal -0.760407 0.649447 0
    outer loop
      vertex 44.9514 8.32443 12
      vertex 44.9514 8.32443 0
      vertex 44.7475 8.08579 12
    endloop
  endfacet
  facet normal -0.760407 0.649447 0
    outer loop
      vertex 44.7475 8.08579 12
      vertex 44.9514 8.32443 0
      vertex 44.7475 8.08579 0
    endloop
  endfacet
  facet normal -0.649447 0.760407 0
    outer loop
      vertex 44.7475 8.08579 12
      vertex 44.7475 8.08579 0
      vertex 44.5089 7.88197 12
    endloop
  endfacet
  facet normal -0.649447 0.760407 0
    outer loop
      vertex 44.5089 7.88197 12
      vertex 44.7475 8.08579 0
      vertex 44.5089 7.88197 0
    endloop
  endfacet
  facet normal -0.522498 0.852641 0
    outer loop
      vertex 44.5089 7.88197 12
      vertex 44.5089 7.88197 0
      vertex 44.2413 7.71799 12
    endloop
  endfacet
  facet normal -0.522498 0.852641 0
    outer loop
      vertex 44.2413 7.71799 12
      vertex 44.5089 7.88197 0
      vertex 44.2413 7.71799 0
    endloop
  endfacet
  facet normal -0.382683 0.92388 0
    outer loop
      vertex 44.2413 7.71799 12
      vertex 44.2413 7.71799 0
      vertex 43.9514 7.59789 12
    endloop
  endfacet
  facet normal -0.382683 0.92388 0
    outer loop
      vertex 43.9514 7.59789 12
      vertex 44.2413 7.71799 0
      vertex 43.9514 7.59789 0
    endloop
  endfacet
  facet normal -0.233446 0.97237 0
    outer loop
      vertex 43.9514 7.59789 12
      vertex 43.9514 7.59789 0
      vertex 43.6462 7.52462 12
    endloop
  endfacet
  facet normal -0.233446 0.97237 0
    outer loop
      vertex 43.6462 7.52462 12
      vertex 43.9514 7.59789 0
      vertex 43.6462 7.52462 0
    endloop
  endfacet
  facet normal -0.0784581 0.996917 0
    outer loop
      vertex 43.6462 7.52462 12
      vertex 43.6462 7.52462 0
      vertex 43.3333 7.5 12
    endloop
  endfacet
  facet normal -0.0784581 0.996917 0
    outer loop
      vertex 43.3333 7.5 12
      vertex 43.6462 7.52462 0
      vertex 43.3333 7.5 0
    endloop
  endfacet
  facet normal 0.0784581 0.996917 -0
    outer loop
      vertex 43.3333 7.5 12
      vertex 43.3333 7.5 0
      vertex 43.0205 7.52462 12
    endloop
  endfacet
  facet normal 0.0784581 0.996917 -0
    outer loop
      vertex 43.0205 7.52462 12
      vertex 43.3333 7.5 0
      vertex 43.0205 7.52462 0
    endloop
  endfacet
  facet normal 0.233446 0.97237 -0
    outer loop
      vertex 43.0205 7.52462 12
      vertex 43.0205 7.52462 0
      vertex 42.7153 7.59789 12
    endloop
  endfacet
  facet normal 0.233446 0.97237 -0
    outer loop
      vertex 42.7153 7.59789 12
      vertex 43.0205 7.52462 0
      vertex 42.7153 7.59789 0
    endloop
  endfacet
  facet normal 0.382683 0.92388 -0
    outer loop
      vertex 42.7153 7.59789 12
      vertex 42.7153 7.59789 0
      vertex 42.4254 7.71799 12
    endloop
  endfacet
  facet normal 0.382683 0.92388 -0
    outer loop
      vertex 42.4254 7.71799 12
      vertex 42.7153 7.59789 0
      vertex 42.4254 7.71799 0
    endloop
  endfacet
  facet normal 0.522498 0.852641 -0
    outer loop
      vertex 42.4254 7.71799 12
      vertex 42.4254 7.71799 0
      vertex 42.1578 7.88197 12
    endloop
  endfacet
  facet normal 0.522498 0.852641 -0
    outer loop
      vertex 42.1578 7.88197 12
      vertex 42.4254 7.71799 0
      vertex 42.1578 7.88197 0
    endloop
  endfacet
  facet normal 0.649447 0.760407 -0
    outer loop
      vertex 42.1578 7.88197 12
      vertex 42.1578 7.88197 0
      vertex 41.9191 8.08579 12
    endloop
  endfacet
  facet normal 0.649447 0.760407 -0
    outer loop
      vertex 41.9191 8.08579 12
      vertex 42.1578 7.88197 0
      vertex 41.9191 8.08579 0
    endloop
  endfacet
  facet normal 0.760407 0.649447 0
    outer loop
      vertex 41.7153 8.32443 12
      vertex 41.9191 8.08579 12
      vertex 41.9191 8.08579 0
    endloop
  endfacet
  facet normal 0.760407 0.649447 0
    outer loop
      vertex 41.7153 8.32443 0
      vertex 41.7153 8.32443 12
      vertex 41.9191 8.08579 0
    endloop
  endfacet
  facet normal 0.852641 0.522498 0
    outer loop
      vertex 41.5513 8.59202 12
      vertex 41.7153 8.32443 12
      vertex 41.7153 8.32443 0
    endloop
  endfacet
  facet normal 0.852641 0.522498 0
    outer loop
      vertex 41.5513 8.59202 0
      vertex 41.5513 8.59202 12
      vertex 41.7153 8.32443 0
    endloop
  endfacet
  facet normal 0.92388 0.382683 0
    outer loop
      vertex 41.4312 8.88197 12
      vertex 41.5513 8.59202 12
      vertex 41.5513 8.59202 0
    endloop
  endfacet
  facet normal 0.92388 0.382683 0
    outer loop
      vertex 41.4312 8.88197 0
      vertex 41.4312 8.88197 12
      vertex 41.5513 8.59202 0
    endloop
  endfacet
  facet normal 0.97237 0.233446 0
    outer loop
      vertex 41.358 9.18713 12
      vertex 41.4312 8.88197 12
      vertex 41.4312 8.88197 0
    endloop
  endfacet
  facet normal 0.97237 0.233446 0
    outer loop
      vertex 41.358 9.18713 0
      vertex 41.358 9.18713 12
      vertex 41.4312 8.88197 0
    endloop
  endfacet
  facet normal 0 2.22045e-016 0
    outer loop
      vertex 51 19 -4.44089e-016
      vertex 51 19 0
      vertex 53 19 0
    endloop
  endfacet
  facet normal -3.17207e-017 -0 -5.07531e-016
    outer loop
      vertex 51 5 0
      vertex 51 19 0
      vertex 51 5 -4.44089e-016
    endloop
  endfacet
  facet normal -3.17207e-017 -0 -5.07531e-016
    outer loop
      vertex 51 5 -4.44089e-016
      vertex 51 19 0
      vertex 51 19 -4.44089e-016
    endloop
  endfacet
  facet normal 2.22045e-016 0 -1
    outer loop
      vertex 51 5 -4.44089e-016
      vertex 51 19 -4.44089e-016
      vertex 53 5 0
    endloop
  endfacet
  facet normal 2.22045e-016 0 -1
    outer loop
      vertex 53 5 0
      vertex 51 19 -4.44089e-016
      vertex 53 19 0
    endloop
  endfacet
  facet normal 0 -2.22045e-016 0
    outer loop
      vertex 53 5 0
      vertex 51 5 0
      vertex 51 5 -4.44089e-016
    endloop
  endfacet
  facet normal 0.996917 0.0784581 0
    outer loop
      vertex 58.6667 9.5 12
      vertex 58.6913 9.18713 12
      vertex 58.6913 9.18713 0
    endloop
  endfacet
  facet normal 0.996917 0.0784581 0
    outer loop
      vertex 58.6667 9.5 0
      vertex 58.6667 9.5 12
      vertex 58.6913 9.18713 0
    endloop
  endfacet
  facet normal 0.996917 -0.0784581 0
    outer loop
      vertex 58.6913 9.81287 0
      vertex 58.6913 9.81287 12
      vertex 58.6667 9.5 12
    endloop
  endfacet
  facet normal 0.996917 -0.0784581 0
    outer loop
      vertex 58.6667 9.5 0
      vertex 58.6913 9.81287 0
      vertex 58.6667 9.5 12
    endloop
  endfacet
  facet normal 0.97237 -0.233446 0
    outer loop
      vertex 58.7646 10.118 0
      vertex 58.7646 10.118 12
      vertex 58.6913 9.81287 12
    endloop
  endfacet
  facet normal 0.97237 -0.233446 0
    outer loop
      vertex 58.6913 9.81287 0
      vertex 58.7646 10.118 0
      vertex 58.6913 9.81287 12
    endloop
  endfacet
  facet normal 0.92388 -0.382683 0
    outer loop
      vertex 58.8847 10.408 0
      vertex 58.8847 10.408 12
      vertex 58.7646 10.118 12
    endloop
  endfacet
  facet normal 0.92388 -0.382683 0
    outer loop
      vertex 58.7646 10.118 0
      vertex 58.8847 10.408 0
      vertex 58.7646 10.118 12
    endloop
  endfacet
  facet normal 0.852641 -0.522498 0
    outer loop
      vertex 59.0486 10.6756 0
      vertex 59.0486 10.6756 12
      vertex 58.8847 10.408 12
    endloop
  endfacet
  facet normal 0.852641 -0.522498 0
    outer loop
      vertex 58.8847 10.408 0
      vertex 59.0486 10.6756 0
      vertex 58.8847 10.408 12
    endloop
  endfacet
  facet normal 0.760407 -0.649447 0
    outer loop
      vertex 59.2525 10.9142 0
      vertex 59.2525 10.9142 12
      vertex 59.0486 10.6756 12
    endloop
  endfacet
  facet normal 0.760407 -0.649447 0
    outer loop
      vertex 59.0486 10.6756 0
      vertex 59.2525 10.9142 0
      vertex 59.0486 10.6756 12
    endloop
  endfacet
  facet normal 0.649447 -0.760407 0
    outer loop
      vertex 59.4911 11.118 0
      vertex 59.4911 11.118 12
      vertex 59.2525 10.9142 12
    endloop
  endfacet
  facet normal 0.649447 -0.760407 0
    outer loop
      vertex 59.2525 10.9142 0
      vertex 59.4911 11.118 0
      vertex 59.2525 10.9142 12
    endloop
  endfacet
  facet normal 0.522498 -0.852641 0
    outer loop
      vertex 59.7587 11.282 0
      vertex 59.7587 11.282 12
      vertex 59.4911 11.118 12
    endloop
  endfacet
  facet normal 0.522498 -0.852641 0
    outer loop
      vertex 59.4911 11.118 0
      vertex 59.7587 11.282 0
      vertex 59.4911 11.118 12
    endloop
  endfacet
  facet normal 0.382683 -0.92388 0
    outer loop
      vertex 60.0486 11.4021 0
      vertex 60.0486 11.4021 12
      vertex 59.7587 11.282 12
    endloop
  endfacet
  facet normal 0.382683 -0.92388 0
    outer loop
      vertex 59.7587 11.282 0
      vertex 60.0486 11.4021 0
      vertex 59.7587 11.282 12
    endloop
  endfacet
  facet normal 0.233446 -0.97237 0
    outer loop
      vertex 60.3538 11.4754 0
      vertex 60.3538 11.4754 12
      vertex 60.0486 11.4021 12
    endloop
  endfacet
  facet normal 0.233446 -0.97237 0
    outer loop
      vertex 60.0486 11.4021 0
      vertex 60.3538 11.4754 0
      vertex 60.0486 11.4021 12
    endloop
  endfacet
  facet normal 0.0784581 -0.996917 0
    outer loop
      vertex 60.6667 11.5 0
      vertex 60.6667 11.5 12
      vertex 60.3538 11.4754 12
    endloop
  endfacet
  facet normal 0.0784581 -0.996917 0
    outer loop
      vertex 60.3538 11.4754 0
      vertex 60.6667 11.5 0
      vertex 60.3538 11.4754 12
    endloop
  endfacet
  facet normal -0.0784581 -0.996917 -0
    outer loop
      vertex 60.9795 11.4754 0
      vertex 60.9795 11.4754 12
      vertex 60.6667 11.5 12
    endloop
  endfacet
  facet normal -0.0784581 -0.996917 -0
    outer loop
      vertex 60.6667 11.5 0
      vertex 60.9795 11.4754 0
      vertex 60.6667 11.5 12
    endloop
  endfacet
  facet normal -0.233446 -0.97237 -0
    outer loop
      vertex 61.2847 11.4021 0
      vertex 61.2847 11.4021 12
      vertex 60.9795 11.4754 12
    endloop
  endfacet
  facet normal -0.233446 -0.97237 -0
    outer loop
      vertex 60.9795 11.4754 0
      vertex 61.2847 11.4021 0
      vertex 60.9795 11.4754 12
    endloop
  endfacet
  facet normal -0.382683 -0.92388 -0
    outer loop
      vertex 61.5746 11.282 0
      vertex 61.5746 11.282 12
      vertex 61.2847 11.4021 12
    endloop
  endfacet
  facet normal -0.382683 -0.92388 -0
    outer loop
      vertex 61.2847 11.4021 0
      vertex 61.5746 11.282 0
      vertex 61.2847 11.4021 12
    endloop
  endfacet
  facet normal -0.522498 -0.852641 -0
    outer loop
      vertex 61.8422 11.118 0
      vertex 61.8422 11.118 12
      vertex 61.5746 11.282 12
    endloop
  endfacet
  facet normal -0.522498 -0.852641 -0
    outer loop
      vertex 61.5746 11.282 0
      vertex 61.8422 11.118 0
      vertex 61.5746 11.282 12
    endloop
  endfacet
  facet normal -0.649447 -0.760407 -0
    outer loop
      vertex 62.0809 10.9142 0
      vertex 62.0809 10.9142 12
      vertex 61.8422 11.118 12
    endloop
  endfacet
  facet normal -0.649447 -0.760407 -0
    outer loop
      vertex 61.8422 11.118 0
      vertex 62.0809 10.9142 0
      vertex 61.8422 11.118 12
    endloop
  endfacet
  facet normal -0.760407 -0.649447 0
    outer loop
      vertex 62.2847 10.6756 12
      vertex 62.0809 10.9142 12
      vertex 62.2847 10.6756 0
    endloop
  endfacet
  facet normal -0.760407 -0.649447 0
    outer loop
      vertex 62.2847 10.6756 0
      vertex 62.0809 10.9142 12
      vertex 62.0809 10.9142 0
    endloop
  endfacet
  facet normal -0.852641 -0.522498 0
    outer loop
      vertex 62.4487 10.408 12
      vertex 62.2847 10.6756 12
      vertex 62.4487 10.408 0
    endloop
  endfacet
  facet normal -0.852641 -0.522498 0
    outer loop
      vertex 62.4487 10.408 0
      vertex 62.2847 10.6756 12
      vertex 62.2847 10.6756 0
    endloop
  endfacet
  facet normal -0.92388 -0.382683 0
    outer loop
      vertex 62.5688 10.118 12
      vertex 62.4487 10.408 12
      vertex 62.5688 10.118 0
    endloop
  endfacet
  facet normal -0.92388 -0.382683 0
    outer loop
      vertex 62.5688 10.118 0
      vertex 62.4487 10.408 12
      vertex 62.4487 10.408 0
    endloop
  endfacet
  facet normal -0.97237 -0.233446 0
    outer loop
      vertex 62.642 9.81287 12
      vertex 62.5688 10.118 12
      vertex 62.642 9.81287 0
    endloop
  endfacet
  facet normal -0.97237 -0.233446 0
    outer loop
      vertex 62.642 9.81287 0
      vertex 62.5688 10.118 12
      vertex 62.5688 10.118 0
    endloop
  endfacet
  facet normal -0.996917 -0.0784581 0
    outer loop
      vertex 62.6667 9.5 12
      vertex 62.642 9.81287 12
      vertex 62.6667 9.5 0
    endloop
  endfacet
  facet normal -0.996917 -0.0784581 0
    outer loop
      vertex 62.6667 9.5 0
      vertex 62.642 9.81287 12
      vertex 62.642 9.81287 0
    endloop
  endfacet
  facet normal -0.996917 0.0784581 0
    outer loop
      vertex 62.6667 9.5 12
      vertex 62.6667 9.5 0
      vertex 62.642 9.18713 12
    endloop
  endfacet
  facet normal -0.996917 0.0784581 0
    outer loop
      vertex 62.642 9.18713 12
      vertex 62.6667 9.5 0
      vertex 62.642 9.18713 0
    endloop
  endfacet
  facet normal -0.97237 0.233446 0
    outer loop
      vertex 62.642 9.18713 12
      vertex 62.642 9.18713 0
      vertex 62.5688 8.88197 12
    endloop
  endfacet
  facet normal -0.97237 0.233446 0
    outer loop
      vertex 62.5688 8.88197 12
      vertex 62.642 9.18713 0
      vertex 62.5688 8.88197 0
    endloop
  endfacet
  facet normal -0.92388 0.382683 0
    outer loop
      vertex 62.5688 8.88197 12
      vertex 62.5688 8.88197 0
      vertex 62.4487 8.59202 12
    endloop
  endfacet
  facet normal -0.92388 0.382683 0
    outer loop
      vertex 62.4487 8.59202 12
      vertex 62.5688 8.88197 0
      vertex 62.4487 8.59202 0
    endloop
  endfacet
  facet normal -0.852641 0.522498 0
    outer loop
      vertex 62.4487 8.59202 12
      vertex 62.4487 8.59202 0
      vertex 62.2847 8.32443 12
    endloop
  endfacet
  facet normal -0.852641 0.522498 0
    outer loop
      vertex 62.2847 8.32443 12
      vertex 62.4487 8.59202 0
      vertex 62.2847 8.32443 0
    endloop
  endfacet
  facet normal -0.760407 0.649447 0
    outer loop
      vertex 62.2847 8.32443 12
      vertex 62.2847 8.32443 0
      vertex 62.0809 8.08579 12
    endloop
  endfacet
  facet normal -0.760407 0.649447 0
    outer loop
      vertex 62.0809 8.08579 12
      vertex 62.2847 8.32443 0
      vertex 62.0809 8.08579 0
    endloop
  endfacet
  facet normal -0.649447 0.760407 0
    outer loop
      vertex 62.0809 8.08579 12
      vertex 62.0809 8.08579 0
      vertex 61.8422 7.88197 12
    endloop
  endfacet
  facet normal -0.649447 0.760407 0
    outer loop
      vertex 61.8422 7.88197 12
      vertex 62.0809 8.08579 0
      vertex 61.8422 7.88197 0
    endloop
  endfacet
  facet normal -0.522498 0.852641 0
    outer loop
      vertex 61.8422 7.88197 12
      vertex 61.8422 7.88197 0
      vertex 61.5746 7.71799 12
    endloop
  endfacet
  facet normal -0.522498 0.852641 0
    outer loop
      vertex 61.5746 7.71799 12
      vertex 61.8422 7.88197 0
      vertex 61.5746 7.71799 0
    endloop
  endfacet
  facet normal -0.382683 0.92388 0
    outer loop
      vertex 61.5746 7.71799 12
      vertex 61.5746 7.71799 0
      vertex 61.2847 7.59789 12
    endloop
  endfacet
  facet normal -0.382683 0.92388 0
    outer loop
      vertex 61.2847 7.59789 12
      vertex 61.5746 7.71799 0
      vertex 61.2847 7.59789 0
    endloop
  endfacet
  facet normal -0.233446 0.97237 0
    outer loop
      vertex 61.2847 7.59789 12
      vertex 61.2847 7.59789 0
      vertex 60.9795 7.52462 12
    endloop
  endfacet
  facet normal -0.233446 0.97237 0
    outer loop
      vertex 60.9795 7.52462 12
      vertex 61.2847 7.59789 0
      vertex 60.9795 7.52462 0
    endloop
  endfacet
  facet normal -0.0784581 0.996917 0
    outer loop
      vertex 60.9795 7.52462 12
      vertex 60.9795 7.52462 0
      vertex 60.6667 7.5 12
    endloop
  endfacet
  facet normal -0.0784581 0.996917 0
    outer loop
      vertex 60.6667 7.5 12
      vertex 60.9795 7.52462 0
      vertex 60.6667 7.5 0
    endloop
  endfacet
  facet normal 0.0784581 0.996917 -0
    outer loop
      vertex 60.6667 7.5 12
      vertex 60.6667 7.5 0
      vertex 60.3538 7.52462 12
    endloop
  endfacet
  facet normal 0.0784581 0.996917 -0
    outer loop
      vertex 60.3538 7.52462 12
      vertex 60.6667 7.5 0
      vertex 60.3538 7.52462 0
    endloop
  endfacet
  facet normal 0.233446 0.97237 -0
    outer loop
      vertex 60.3538 7.52462 12
      vertex 60.3538 7.52462 0
      vertex 60.0486 7.59789 12
    endloop
  endfacet
  facet normal 0.233446 0.97237 -0
    outer loop
      vertex 60.0486 7.59789 12
      vertex 60.3538 7.52462 0
      vertex 60.0486 7.59789 0
    endloop
  endfacet
  facet normal 0.382683 0.92388 -0
    outer loop
      vertex 60.0486 7.59789 12
      vertex 60.0486 7.59789 0
      vertex 59.7587 7.71799 12
    endloop
  endfacet
  facet normal 0.382683 0.92388 -0
    outer loop
      vertex 59.7587 7.71799 12
      vertex 60.0486 7.59789 0
      vertex 59.7587 7.71799 0
    endloop
  endfacet
  facet normal 0.522498 0.852641 -0
    outer loop
      vertex 59.7587 7.71799 12
      vertex 59.7587 7.71799 0
      vertex 59.4911 7.88197 12
    endloop
  endfacet
  facet normal 0.522498 0.852641 -0
    outer loop
      vertex 59.4911 7.88197 12
      vertex 59.7587 7.71799 0
      vertex 59.4911 7.88197 0
    endloop
  endfacet
  facet normal 0.649447 0.760407 -0
    outer loop
      vertex 59.4911 7.88197 12
      vertex 59.4911 7.88197 0
      vertex 59.2525 8.08579 12
    endloop
  endfacet
  facet normal 0.649447 0.760407 -0
    outer loop
      vertex 59.2525 8.08579 12
      vertex 59.4911 7.88197 0
      vertex 59.2525 8.08579 0
    endloop
  endfacet
  facet normal 0.760407 0.649447 0
    outer loop
      vertex 59.0486 8.32443 12
      vertex 59.2525 8.08579 12
      vertex 59.2525 8.08579 0
    endloop
  endfacet
  facet normal 0.760407 0.649447 0
    outer loop
      vertex 59.0486 8.32443 0
      vertex 59.0486 8.32443 12
      vertex 59.2525 8.08579 0
    endloop
  endfacet
  facet normal 0.852641 0.522498 0
    outer loop
      vertex 58.8847 8.59202 12
      vertex 59.0486 8.32443 12
      vertex 59.0486 8.32443 0
    endloop
  endfacet
  facet normal 0.852641 0.522498 0
    outer loop
      vertex 58.8847 8.59202 0
      vertex 58.8847 8.59202 12
      vertex 59.0486 8.32443 0
    endloop
  endfacet
  facet normal 0.92388 0.382683 0
    outer loop
      vertex 58.7646 8.88197 12
      vertex 58.8847 8.59202 12
      vertex 58.8847 8.59202 0
    endloop
  endfacet
  facet normal 0.92388 0.382683 0
    outer loop
      vertex 58.7646 8.88197 0
      vertex 58.7646 8.88197 12
      vertex 58.8847 8.59202 0
    endloop
  endfacet
  facet normal 0.97237 0.233446 0
    outer loop
      vertex 58.6913 9.18713 12
      vertex 58.7646 8.88197 12
      vertex 58.7646 8.88197 0
    endloop
  endfacet
  facet normal 0.97237 0.233446 0
    outer loop
      vertex 58.6913 9.18713 0
      vertex 58.6913 9.18713 12
      vertex 58.7646 8.88197 0
    endloop
  endfacet
  facet normal 0.996917 0.0784581 0
    outer loop
      vertex 76 9.5 12
      vertex 76.0246 9.18713 12
      vertex 76.0246 9.18713 0
    endloop
  endfacet
  facet normal 0.996917 0.0784581 0
    outer loop
      vertex 76 9.5 0
      vertex 76 9.5 12
      vertex 76.0246 9.18713 0
    endloop
  endfacet
  facet normal 0.996917 -0.0784581 0
    outer loop
      vertex 76.0246 9.81287 0
      vertex 76.0246 9.81287 12
      vertex 76 9.5 12
    endloop
  endfacet
  facet normal 0.996917 -0.0784581 0
    outer loop
      vertex 76 9.5 0
      vertex 76.0246 9.81287 0
      vertex 76 9.5 12
    endloop
  endfacet
  facet normal 0.97237 -0.233446 0
    outer loop
      vertex 76.0979 10.118 0
      vertex 76.0979 10.118 12
      vertex 76.0246 9.81287 12
    endloop
  endfacet
  facet normal 0.97237 -0.233446 0
    outer loop
      vertex 76.0246 9.81287 0
      vertex 76.0979 10.118 0
      vertex 76.0246 9.81287 12
    endloop
  endfacet
  facet normal 0.92388 -0.382683 0
    outer loop
      vertex 76.218 10.408 0
      vertex 76.218 10.408 12
      vertex 76.0979 10.118 12
    endloop
  endfacet
  facet normal 0.92388 -0.382683 0
    outer loop
      vertex 76.0979 10.118 0
      vertex 76.218 10.408 0
      vertex 76.0979 10.118 12
    endloop
  endfacet
  facet normal 0.852641 -0.522498 0
    outer loop
      vertex 76.382 10.6756 0
      vertex 76.382 10.6756 12
      vertex 76.218 10.408 12
    endloop
  endfacet
  facet normal 0.852641 -0.522498 0
    outer loop
      vertex 76.218 10.408 0
      vertex 76.382 10.6756 0
      vertex 76.218 10.408 12
    endloop
  endfacet
  facet normal 0.760407 -0.649447 0
    outer loop
      vertex 76.5858 10.9142 0
      vertex 76.5858 10.9142 12
      vertex 76.382 10.6756 12
    endloop
  endfacet
  facet normal 0.760407 -0.649447 0
    outer loop
      vertex 76.382 10.6756 0
      vertex 76.5858 10.9142 0
      vertex 76.382 10.6756 12
    endloop
  endfacet
  facet normal 0.649447 -0.760407 0
    outer loop
      vertex 76.8244 11.118 0
      vertex 76.8244 11.118 12
      vertex 76.5858 10.9142 12
    endloop
  endfacet
  facet normal 0.649447 -0.760407 0
    outer loop
      vertex 76.5858 10.9142 0
      vertex 76.8244 11.118 0
      vertex 76.5858 10.9142 12
    endloop
  endfacet
  facet normal 0.522498 -0.852641 0
    outer loop
      vertex 77.092 11.282 0
      vertex 77.092 11.282 12
      vertex 76.8244 11.118 12
    endloop
  endfacet
  facet normal 0.522498 -0.852641 0
    outer loop
      vertex 76.8244 11.118 0
      vertex 77.092 11.282 0
      vertex 76.8244 11.118 12
    endloop
  endfacet
  facet normal 0.382683 -0.92388 0
    outer loop
      vertex 77.382 11.4021 0
      vertex 77.382 11.4021 12
      vertex 77.092 11.282 12
    endloop
  endfacet
  facet normal 0.382683 -0.92388 0
    outer loop
      vertex 77.092 11.282 0
      vertex 77.382 11.4021 0
      vertex 77.092 11.282 12
    endloop
  endfacet
  facet normal 0.233446 -0.97237 0
    outer loop
      vertex 77.6871 11.4754 0
      vertex 77.6871 11.4754 12
      vertex 77.382 11.4021 12
    endloop
  endfacet
  facet normal 0.233446 -0.97237 0
    outer loop
      vertex 77.382 11.4021 0
      vertex 77.6871 11.4754 0
      vertex 77.382 11.4021 12
    endloop
  endfacet
  facet normal 0.0784581 -0.996917 0
    outer loop
      vertex 78 11.5 0
      vertex 78 11.5 12
      vertex 77.6871 11.4754 12
    endloop
  endfacet
  facet normal 0.0784581 -0.996917 0
    outer loop
      vertex 77.6871 11.4754 0
      vertex 78 11.5 0
      vertex 77.6871 11.4754 12
    endloop
  endfacet
  facet normal -0.0784581 -0.996917 -0
    outer loop
      vertex 78.3129 11.4754 0
      vertex 78.3129 11.4754 12
      vertex 78 11.5 12
    endloop
  endfacet
  facet normal -0.0784581 -0.996917 -0
    outer loop
      vertex 78 11.5 0
      vertex 78.3129 11.4754 0
      vertex 78 11.5 12
    endloop
  endfacet
  facet normal -0.233446 -0.97237 -0
    outer loop
      vertex 78.618 11.4021 0
      vertex 78.618 11.4021 12
      vertex 78.3129 11.4754 12
    endloop
  endfacet
  facet normal -0.233446 -0.97237 -0
    outer loop
      vertex 78.3129 11.4754 0
      vertex 78.618 11.4021 0
      vertex 78.3129 11.4754 12
    endloop
  endfacet
  facet normal -0.382683 -0.92388 -0
    outer loop
      vertex 78.908 11.282 0
      vertex 78.908 11.282 12
      vertex 78.618 11.4021 12
    endloop
  endfacet
  facet normal -0.382683 -0.92388 -0
    outer loop
      vertex 78.618 11.4021 0
      vertex 78.908 11.282 0
      vertex 78.618 11.4021 12
    endloop
  endfacet
  facet normal -0.522498 -0.852641 -0
    outer loop
      vertex 79.1756 11.118 0
      vertex 79.1756 11.118 12
      vertex 78.908 11.282 12
    endloop
  endfacet
  facet normal -0.522498 -0.852641 -0
    outer loop
      vertex 78.908 11.282 0
      vertex 79.1756 11.118 0
      vertex 78.908 11.282 12
    endloop
  endfacet
  facet normal -0.649447 -0.760407 -0
    outer loop
      vertex 79.4142 10.9142 0
      vertex 79.4142 10.9142 12
      vertex 79.1756 11.118 12
    endloop
  endfacet
  facet normal -0.649447 -0.760407 -0
    outer loop
      vertex 79.1756 11.118 0
      vertex 79.4142 10.9142 0
      vertex 79.1756 11.118 12
    endloop
  endfacet
  facet normal -0.760407 -0.649447 0
    outer loop
      vertex 79.618 10.6756 12
      vertex 79.4142 10.9142 12
      vertex 79.618 10.6756 0
    endloop
  endfacet
  facet normal -0.760407 -0.649447 0
    outer loop
      vertex 79.618 10.6756 0
      vertex 79.4142 10.9142 12
      vertex 79.4142 10.9142 0
    endloop
  endfacet
  facet normal -0.852641 -0.522498 0
    outer loop
      vertex 79.782 10.408 12
      vertex 79.618 10.6756 12
      vertex 79.782 10.408 0
    endloop
  endfacet
  facet normal -0.852641 -0.522498 0
    outer loop
      vertex 79.782 10.408 0
      vertex 79.618 10.6756 12
      vertex 79.618 10.6756 0
    endloop
  endfacet
  facet normal -0.92388 -0.382683 0
    outer loop
      vertex 79.9021 10.118 12
      vertex 79.782 10.408 12
      vertex 79.9021 10.118 0
    endloop
  endfacet
  facet normal -0.92388 -0.382683 0
    outer loop
      vertex 79.9021 10.118 0
      vertex 79.782 10.408 12
      vertex 79.782 10.408 0
    endloop
  endfacet
  facet normal -0.97237 -0.233446 0
    outer loop
      vertex 79.9754 9.81287 12
      vertex 79.9021 10.118 12
      vertex 79.9754 9.81287 0
    endloop
  endfacet
  facet normal -0.97237 -0.233446 0
    outer loop
      vertex 79.9754 9.81287 0
      vertex 79.9021 10.118 12
      vertex 79.9021 10.118 0
    endloop
  endfacet
  facet normal -0.996917 -0.0784581 0
    outer loop
      vertex 80 9.5 12
      vertex 79.9754 9.81287 12
      vertex 80 9.5 0
    endloop
  endfacet
  facet normal -0.996917 -0.0784581 0
    outer loop
      vertex 80 9.5 0
      vertex 79.9754 9.81287 12
      vertex 79.9754 9.81287 0
    endloop
  endfacet
  facet normal -0.996917 0.0784581 0
    outer loop
      vertex 80 9.5 12
      vertex 80 9.5 0
      vertex 79.9754 9.18713 12
    endloop
  endfacet
  facet normal -0.996917 0.0784581 0
    outer loop
      vertex 79.9754 9.18713 12
      vertex 80 9.5 0
      vertex 79.9754 9.18713 0
    endloop
  endfacet
  facet normal -0.97237 0.233446 0
    outer loop
      vertex 79.9754 9.18713 12
      vertex 79.9754 9.18713 0
      vertex 79.9021 8.88197 12
    endloop
  endfacet
  facet normal -0.97237 0.233446 0
    outer loop
      vertex 79.9021 8.88197 12
      vertex 79.9754 9.18713 0
      vertex 79.9021 8.88197 0
    endloop
  endfacet
  facet normal -0.92388 0.382683 0
    outer loop
      vertex 79.9021 8.88197 12
      vertex 79.9021 8.88197 0
      vertex 79.782 8.59202 12
    endloop
  endfacet
  facet normal -0.92388 0.382683 0
    outer loop
      vertex 79.782 8.59202 12
      vertex 79.9021 8.88197 0
      vertex 79.782 8.59202 0
    endloop
  endfacet
  facet normal -0.852641 0.522498 0
    outer loop
      vertex 79.782 8.59202 12
      vertex 79.782 8.59202 0
      vertex 79.618 8.32443 12
    endloop
  endfacet
  facet normal -0.852641 0.522498 0
    outer loop
      vertex 79.618 8.32443 12
      vertex 79.782 8.59202 0
      vertex 79.618 8.32443 0
    endloop
  endfacet
  facet normal -0.760407 0.649447 0
    outer loop
      vertex 79.618 8.32443 12
      vertex 79.618 8.32443 0
      vertex 79.4142 8.08579 12
    endloop
  endfacet
  facet normal -0.760407 0.649447 0
    outer loop
      vertex 79.4142 8.08579 12
      vertex 79.618 8.32443 0
      vertex 79.4142 8.08579 0
    endloop
  endfacet
  facet normal -0.649447 0.760407 0
    outer loop
      vertex 79.4142 8.08579 12
      vertex 79.4142 8.08579 0
      vertex 79.1756 7.88197 12
    endloop
  endfacet
  facet normal -0.649447 0.760407 0
    outer loop
      vertex 79.1756 7.88197 12
      vertex 79.4142 8.08579 0
      vertex 79.1756 7.88197 0
    endloop
  endfacet
  facet normal -0.522498 0.852641 0
    outer loop
      vertex 79.1756 7.88197 12
      vertex 79.1756 7.88197 0
      vertex 78.908 7.71799 12
    endloop
  endfacet
  facet normal -0.522498 0.852641 0
    outer loop
      vertex 78.908 7.71799 12
      vertex 79.1756 7.88197 0
      vertex 78.908 7.71799 0
    endloop
  endfacet
  facet normal -0.382683 0.92388 0
    outer loop
      vertex 78.908 7.71799 12
      vertex 78.908 7.71799 0
      vertex 78.618 7.59789 12
    endloop
  endfacet
  facet normal -0.382683 0.92388 0
    outer loop
      vertex 78.618 7.59789 12
      vertex 78.908 7.71799 0
      vertex 78.618 7.59789 0
    endloop
  endfacet
  facet normal -0.233446 0.97237 0
    outer loop
      vertex 78.618 7.59789 12
      vertex 78.618 7.59789 0
      vertex 78.3129 7.52462 12
    endloop
  endfacet
  facet normal -0.233446 0.97237 0
    outer loop
      vertex 78.3129 7.52462 12
      vertex 78.618 7.59789 0
      vertex 78.3129 7.52462 0
    endloop
  endfacet
  facet normal -0.0784581 0.996917 0
    outer loop
      vertex 78.3129 7.52462 12
      vertex 78.3129 7.52462 0
      vertex 78 7.5 12
    endloop
  endfacet
  facet normal -0.0784581 0.996917 0
    outer loop
      vertex 78 7.5 12
      vertex 78.3129 7.52462 0
      vertex 78 7.5 0
    endloop
  endfacet
  facet normal 0.0784581 0.996917 -0
    outer loop
      vertex 78 7.5 12
      vertex 78 7.5 0
      vertex 77.6871 7.52462 12
    endloop
  endfacet
  facet normal 0.0784581 0.996917 -0
    outer loop
      vertex 77.6871 7.52462 12
      vertex 78 7.5 0
      vertex 77.6871 7.52462 0
    endloop
  endfacet
  facet normal 0.233446 0.97237 -0
    outer loop
      vertex 77.6871 7.52462 12
      vertex 77.6871 7.52462 0
      vertex 77.382 7.59789 12
    endloop
  endfacet
  facet normal 0.233446 0.97237 -0
    outer loop
      vertex 77.382 7.59789 12
      vertex 77.6871 7.52462 0
      vertex 77.382 7.59789 0
    endloop
  endfacet
  facet normal 0.382683 0.92388 -0
    outer loop
      vertex 77.382 7.59789 12
      vertex 77.382 7.59789 0
      vertex 77.092 7.71799 12
    endloop
  endfacet
  facet normal 0.382683 0.92388 -0
    outer loop
      vertex 77.092 7.71799 12
      vertex 77.382 7.59789 0
      vertex 77.092 7.71799 0
    endloop
  endfacet
  facet normal 0.522498 0.852641 -0
    outer loop
      vertex 77.092 7.71799 12
      vertex 77.092 7.71799 0
      vertex 76.8244 7.88197 12
    endloop
  endfacet
  facet normal 0.522498 0.852641 -0
    outer loop
      vertex 76.8244 7.88197 12
      vertex 77.092 7.71799 0
      vertex 76.8244 7.88197 0
    endloop
  endfacet
  facet normal 0.649447 0.760407 -0
    outer loop
      vertex 76.8244 7.88197 12
      vertex 76.8244 7.88197 0
      vertex 76.5858 8.08579 12
    endloop
  endfacet
  facet normal 0.649447 0.760407 -0
    outer loop
      vertex 76.5858 8.08579 12
      vertex 76.8244 7.88197 0
      vertex 76.5858 8.08579 0
    endloop
  endfacet
  facet normal 0.760407 0.649447 0
    outer loop
      vertex 76.382 8.32443 12
      vertex 76.5858 8.08579 12
      vertex 76.5858 8.08579 0
    endloop
  endfacet
  facet normal 0.760407 0.649447 0
    outer loop
      vertex 76.382 8.32443 0
      vertex 76.382 8.32443 12
      vertex 76.5858 8.08579 0
    endloop
  endfacet
  facet normal 0.852641 0.522498 0
    outer loop
      vertex 76.218 8.59202 12
      vertex 76.382 8.32443 12
      vertex 76.382 8.32443 0
    endloop
  endfacet
  facet normal 0.852641 0.522498 0
    outer loop
      vertex 76.218 8.59202 0
      vertex 76.218 8.59202 12
      vertex 76.382 8.32443 0
    endloop
  endfacet
  facet normal 0.92388 0.382683 0
    outer loop
      vertex 76.0979 8.88197 12
      vertex 76.218 8.59202 12
      vertex 76.218 8.59202 0
    endloop
  endfacet
  facet normal 0.92388 0.382683 0
    outer loop
      vertex 76.0979 8.88197 0
      vertex 76.0979 8.88197 12
      vertex 76.218 8.59202 0
    endloop
  endfacet
  facet normal 0.97237 0.233446 0
    outer loop
      vertex 76.0246 9.18713 12
      vertex 76.0979 8.88197 12
      vertex 76.0979 8.88197 0
    endloop
  endfacet
  facet normal 0.97237 0.233446 0
    outer loop
      vertex 76.0246 9.18713 0
      vertex 76.0246 9.18713 12
      vertex 76.0979 8.88197 0
    endloop
  endfacet
  facet normal 0.996917 0.0784581 0
    outer loop
      vertex 93.3333 9.5 12
      vertex 93.358 9.18713 12
      vertex 93.358 9.18713 0
    endloop
  endfacet
  facet normal 0.996917 0.0784581 0
    outer loop
      vertex 93.3333 9.5 0
      vertex 93.3333 9.5 12
      vertex 93.358 9.18713 0
    endloop
  endfacet
  facet normal 0.996917 -0.0784581 0
    outer loop
      vertex 93.358 9.81287 0
      vertex 93.358 9.81287 12
      vertex 93.3333 9.5 12
    endloop
  endfacet
  facet normal 0.996917 -0.0784581 0
    outer loop
      vertex 93.3333 9.5 0
      vertex 93.358 9.81287 0
      vertex 93.3333 9.5 12
    endloop
  endfacet
  facet normal 0.97237 -0.233446 0
    outer loop
      vertex 93.4312 10.118 0
      vertex 93.4312 10.118 12
      vertex 93.358 9.81287 12
    endloop
  endfacet
  facet normal 0.97237 -0.233446 0
    outer loop
      vertex 93.358 9.81287 0
      vertex 93.4312 10.118 0
      vertex 93.358 9.81287 12
    endloop
  endfacet
  facet normal 0.92388 -0.382683 0
    outer loop
      vertex 93.5513 10.408 0
      vertex 93.5513 10.408 12
      vertex 93.4312 10.118 12
    endloop
  endfacet
  facet normal 0.92388 -0.382683 0
    outer loop
      vertex 93.4312 10.118 0
      vertex 93.5513 10.408 0
      vertex 93.4312 10.118 12
    endloop
  endfacet
  facet normal 0.852641 -0.522498 0
    outer loop
      vertex 93.7153 10.6756 0
      vertex 93.7153 10.6756 12
      vertex 93.5513 10.408 12
    endloop
  endfacet
  facet normal 0.852641 -0.522498 0
    outer loop
      vertex 93.5513 10.408 0
      vertex 93.7153 10.6756 0
      vertex 93.5513 10.408 12
    endloop
  endfacet
  facet normal 0.760407 -0.649447 0
    outer loop
      vertex 93.9191 10.9142 0
      vertex 93.9191 10.9142 12
      vertex 93.7153 10.6756 12
    endloop
  endfacet
  facet normal 0.760407 -0.649447 0
    outer loop
      vertex 93.7153 10.6756 0
      vertex 93.9191 10.9142 0
      vertex 93.7153 10.6756 12
    endloop
  endfacet
  facet normal 0.649447 -0.760407 0
    outer loop
      vertex 94.1578 11.118 0
      vertex 94.1578 11.118 12
      vertex 93.9191 10.9142 12
    endloop
  endfacet
  facet normal 0.649447 -0.760407 0
    outer loop
      vertex 93.9191 10.9142 0
      vertex 94.1578 11.118 0
      vertex 93.9191 10.9142 12
    endloop
  endfacet
  facet normal 0.522498 -0.852641 0
    outer loop
      vertex 94.4254 11.282 0
      vertex 94.4254 11.282 12
      vertex 94.1578 11.118 12
    endloop
  endfacet
  facet normal 0.522498 -0.852641 0
    outer loop
      vertex 94.1578 11.118 0
      vertex 94.4254 11.282 0
      vertex 94.1578 11.118 12
    endloop
  endfacet
  facet normal 0.382683 -0.92388 0
    outer loop
      vertex 94.7153 11.4021 0
      vertex 94.7153 11.4021 12
      vertex 94.4254 11.282 12
    endloop
  endfacet
  facet normal 0.382683 -0.92388 0
    outer loop
      vertex 94.4254 11.282 0
      vertex 94.7153 11.4021 0
      vertex 94.4254 11.282 12
    endloop
  endfacet
  facet normal 0.233446 -0.97237 0
    outer loop
      vertex 95.0205 11.4754 0
      vertex 95.0205 11.4754 12
      vertex 94.7153 11.4021 12
    endloop
  endfacet
  facet normal 0.233446 -0.97237 0
    outer loop
      vertex 94.7153 11.4021 0
      vertex 95.0205 11.4754 0
      vertex 94.7153 11.4021 12
    endloop
  endfacet
  facet normal 0.0784581 -0.996917 0
    outer loop
      vertex 95.3333 11.5 0
      vertex 95.3333 11.5 12
      vertex 95.0205 11.4754 12
    endloop
  endfacet
  facet normal 0.0784581 -0.996917 0
    outer loop
      vertex 95.0205 11.4754 0
      vertex 95.3333 11.5 0
      vertex 95.0205 11.4754 12
    endloop
  endfacet
  facet normal -0.0784581 -0.996917 -0
    outer loop
      vertex 95.6462 11.4754 0
      vertex 95.6462 11.4754 12
      vertex 95.3333 11.5 12
    endloop
  endfacet
  facet normal -0.0784581 -0.996917 -0
    outer loop
      vertex 95.3333 11.5 0
      vertex 95.6462 11.4754 0
      vertex 95.3333 11.5 12
    endloop
  endfacet
  facet normal -0.233446 -0.97237 -0
    outer loop
      vertex 95.9514 11.4021 0
      vertex 95.9514 11.4021 12
      vertex 95.6462 11.4754 12
    endloop
  endfacet
  facet normal -0.233446 -0.97237 -0
    outer loop
      vertex 95.6462 11.4754 0
      vertex 95.9514 11.4021 0
      vertex 95.6462 11.4754 12
    endloop
  endfacet
  facet normal -0.382683 -0.92388 -0
    outer loop
      vertex 96.2413 11.282 0
      vertex 96.2413 11.282 12
      vertex 95.9514 11.4021 12
    endloop
  endfacet
  facet normal -0.382683 -0.92388 -0
    outer loop
      vertex 95.9514 11.4021 0
      vertex 96.2413 11.282 0
      vertex 95.9514 11.4021 12
    endloop
  endfacet
  facet normal -0.522498 -0.852641 -0
    outer loop
      vertex 96.5089 11.118 0
      vertex 96.5089 11.118 12
      vertex 96.2413 11.282 12
    endloop
  endfacet
  facet normal -0.522498 -0.852641 -0
    outer loop
      vertex 96.2413 11.282 0
      vertex 96.5089 11.118 0
      vertex 96.2413 11.282 12
    endloop
  endfacet
  facet normal -0.649447 -0.760407 -0
    outer loop
      vertex 96.7475 10.9142 0
      vertex 96.7475 10.9142 12
      vertex 96.5089 11.118 12
    endloop
  endfacet
  facet normal -0.649447 -0.760407 -0
    outer loop
      vertex 96.5089 11.118 0
      vertex 96.7475 10.9142 0
      vertex 96.5089 11.118 12
    endloop
  endfacet
  facet normal -0.760407 -0.649447 0
    outer loop
      vertex 96.9514 10.6756 12
      vertex 96.7475 10.9142 12
      vertex 96.9514 10.6756 0
    endloop
  endfacet
  facet normal -0.760407 -0.649447 0
    outer loop
      vertex 96.9514 10.6756 0
      vertex 96.7475 10.9142 12
      vertex 96.7475 10.9142 0
    endloop
  endfacet
  facet normal -0.852641 -0.522498 0
    outer loop
      vertex 97.1153 10.408 12
      vertex 96.9514 10.6756 12
      vertex 97.1153 10.408 0
    endloop
  endfacet
  facet normal -0.852641 -0.522498 0
    outer loop
      vertex 97.1153 10.408 0
      vertex 96.9514 10.6756 12
      vertex 96.9514 10.6756 0
    endloop
  endfacet
  facet normal -0.92388 -0.382683 0
    outer loop
      vertex 97.2354 10.118 12
      vertex 97.1153 10.408 12
      vertex 97.2354 10.118 0
    endloop
  endfacet
  facet normal -0.92388 -0.382683 0
    outer loop
      vertex 97.2354 10.118 0
      vertex 97.1153 10.408 12
      vertex 97.1153 10.408 0
    endloop
  endfacet
  facet normal -0.97237 -0.233446 0
    outer loop
      vertex 97.3087 9.81287 12
      vertex 97.2354 10.118 12
      vertex 97.3087 9.81287 0
    endloop
  endfacet
  facet normal -0.97237 -0.233446 0
    outer loop
      vertex 97.3087 9.81287 0
      vertex 97.2354 10.118 12
      vertex 97.2354 10.118 0
    endloop
  endfacet
  facet normal -0.996917 -0.0784581 0
    outer loop
      vertex 97.3333 9.5 12
      vertex 97.3087 9.81287 12
      vertex 97.3333 9.5 0
    endloop
  endfacet
  facet normal -0.996917 -0.0784581 0
    outer loop
      vertex 97.3333 9.5 0
      vertex 97.3087 9.81287 12
      vertex 97.3087 9.81287 0
    endloop
  endfacet
  facet normal -0.996917 0.0784581 0
    outer loop
      vertex 97.3333 9.5 12
      vertex 97.3333 9.5 0
      vertex 97.3087 9.18713 12
    endloop
  endfacet
  facet normal -0.996917 0.0784581 0
    outer loop
      vertex 97.3087 9.18713 12
      vertex 97.3333 9.5 0
      vertex 97.3087 9.18713 0
    endloop
  endfacet
  facet normal -0.97237 0.233446 0
    outer loop
      vertex 97.3087 9.18713 12
      vertex 97.3087 9.18713 0
      vertex 97.2354 8.88197 12
    endloop
  endfacet
  facet normal -0.97237 0.233446 0
    outer loop
      vertex 97.2354 8.88197 12
      vertex 97.3087 9.18713 0
      vertex 97.2354 8.88197 0
    endloop
  endfacet
  facet normal -0.92388 0.382683 0
    outer loop
      vertex 97.2354 8.88197 12
      vertex 97.2354 8.88197 0
      vertex 97.1153 8.59202 12
    endloop
  endfacet
  facet normal -0.92388 0.382683 0
    outer loop
      vertex 97.1153 8.59202 12
      vertex 97.2354 8.88197 0
      vertex 97.1153 8.59202 0
    endloop
  endfacet
  facet normal -0.852641 0.522498 0
    outer loop
      vertex 97.1153 8.59202 12
      vertex 97.1153 8.59202 0
      vertex 96.9514 8.32443 12
    endloop
  endfacet
  facet normal -0.852641 0.522498 0
    outer loop
      vertex 96.9514 8.32443 12
      vertex 97.1153 8.59202 0
      vertex 96.9514 8.32443 0
    endloop
  endfacet
  facet normal -0.760407 0.649447 0
    outer loop
      vertex 96.9514 8.32443 12
      vertex 96.9514 8.32443 0
      vertex 96.7475 8.08579 12
    endloop
  endfacet
  facet normal -0.760407 0.649447 0
    outer loop
      vertex 96.7475 8.08579 12
      vertex 96.9514 8.32443 0
      vertex 96.7475 8.08579 0
    endloop
  endfacet
  facet normal -0.649447 0.760407 0
    outer loop
      vertex 96.7475 8.08579 12
      vertex 96.7475 8.08579 0
      vertex 96.5089 7.88197 12
    endloop
  endfacet
  facet normal -0.649447 0.760407 0
    outer loop
      vertex 96.5089 7.88197 12
      vertex 96.7475 8.08579 0
      vertex 96.5089 7.88197 0
    endloop
  endfacet
  facet normal -0.522498 0.852641 0
    outer loop
      vertex 96.5089 7.88197 12
      vertex 96.5089 7.88197 0
      vertex 96.2413 7.71799 12
    endloop
  endfacet
  facet normal -0.522498 0.852641 0
    outer loop
      vertex 96.2413 7.71799 12
      vertex 96.5089 7.88197 0
      vertex 96.2413 7.71799 0
    endloop
  endfacet
  facet normal -0.382683 0.92388 0
    outer loop
      vertex 96.2413 7.71799 12
      vertex 96.2413 7.71799 0
      vertex 95.9514 7.59789 12
    endloop
  endfacet
  facet normal -0.382683 0.92388 0
    outer loop
      vertex 95.9514 7.59789 12
      vertex 96.2413 7.71799 0
      vertex 95.9514 7.59789 0
    endloop
  endfacet
  facet normal -0.233446 0.97237 0
    outer loop
      vertex 95.9514 7.59789 12
      vertex 95.9514 7.59789 0
      vertex 95.6462 7.52462 12
    endloop
  endfacet
  facet normal -0.233446 0.97237 0
    outer loop
      vertex 95.6462 7.52462 12
      vertex 95.9514 7.59789 0
      vertex 95.6462 7.52462 0
    endloop
  endfacet
  facet normal -0.0784581 0.996917 0
    outer loop
      vertex 95.6462 7.52462 12
      vertex 95.6462 7.52462 0
      vertex 95.3333 7.5 12
    endloop
  endfacet
  facet normal -0.0784581 0.996917 0
    outer loop
      vertex 95.3333 7.5 12
      vertex 95.6462 7.52462 0
      vertex 95.3333 7.5 0
    endloop
  endfacet
  facet normal 0.0784581 0.996917 -0
    outer loop
      vertex 95.3333 7.5 12
      vertex 95.3333 7.5 0
      vertex 95.0205 7.52462 12
    endloop
  endfacet
  facet normal 0.0784581 0.996917 -0
    outer loop
      vertex 95.0205 7.52462 12
      vertex 95.3333 7.5 0
      vertex 95.0205 7.52462 0
    endloop
  endfacet
  facet normal 0.233446 0.97237 -0
    outer loop
      vertex 95.0205 7.52462 12
      vertex 95.0205 7.52462 0
      vertex 94.7153 7.59789 12
    endloop
  endfacet
  facet normal 0.233446 0.97237 -0
    outer loop
      vertex 94.7153 7.59789 12
      vertex 95.0205 7.52462 0
      vertex 94.7153 7.59789 0
    endloop
  endfacet
  facet normal 0.382683 0.92388 -0
    outer loop
      vertex 94.7153 7.59789 12
      vertex 94.7153 7.59789 0
      vertex 94.4254 7.71799 12
    endloop
  endfacet
  facet normal 0.382683 0.92388 -0
    outer loop
      vertex 94.4254 7.71799 12
      vertex 94.7153 7.59789 0
      vertex 94.4254 7.71799 0
    endloop
  endfacet
  facet normal 0.522498 0.852641 -0
    outer loop
      vertex 94.4254 7.71799 12
      vertex 94.4254 7.71799 0
      vertex 94.1578 7.88197 12
    endloop
  endfacet
  facet normal 0.522498 0.852641 -0
    outer loop
      vertex 94.1578 7.88197 12
      vertex 94.4254 7.71799 0
      vertex 94.1578 7.88197 0
    endloop
  endfacet
  facet normal 0.649447 0.760407 -0
    outer loop
      vertex 94.1578 7.88197 12
      vertex 94.1578 7.88197 0
      vertex 93.9191 8.08579 12
    endloop
  endfacet
  facet normal 0.649447 0.760407 -0
    outer loop
      vertex 93.9191 8.08579 12
      vertex 94.1578 7.88197 0
      vertex 93.9191 8.08579 0
    endloop
  endfacet
  facet normal 0.760407 0.649447 0
    outer loop
      vertex 93.7153 8.32443 12
      vertex 93.9191 8.08579 12
      vertex 93.9191 8.08579 0
    endloop
  endfacet
  facet normal 0.760407 0.649447 0
    outer loop
      vertex 93.7153 8.32443 0
      vertex 93.7153 8.32443 12
      vertex 93.9191 8.08579 0
    endloop
  endfacet
  facet normal 0.852641 0.522498 0
    outer loop
      vertex 93.5513 8.59202 12
      vertex 93.7153 8.32443 12
      vertex 93.7153 8.32443 0
    endloop
  endfacet
  facet normal 0.852641 0.522498 0
    outer loop
      vertex 93.5513 8.59202 0
      vertex 93.5513 8.59202 12
      vertex 93.7153 8.32443 0
    endloop
  endfacet
  facet normal 0.92388 0.382683 0
    outer loop
      vertex 93.4312 8.88197 12
      vertex 93.5513 8.59202 12
      vertex 93.5513 8.59202 0
    endloop
  endfacet
  facet normal 0.92388 0.382683 0
    outer loop
      vertex 93.4312 8.88197 0
      vertex 93.4312 8.88197 12
      vertex 93.5513 8.59202 0
    endloop
  endfacet
  facet normal 0.97237 0.233446 0
    outer loop
      vertex 93.358 9.18713 12
      vertex 93.4312 8.88197 12
      vertex 93.4312 8.88197 0
    endloop
  endfacet
  facet normal 0.97237 0.233446 0
    outer loop
      vertex 93.358 9.18713 0
      vertex 93.358 9.18713 12
      vertex 93.4312 8.88197 0
    endloop
  endfacet
  facet normal 0 0 1
    outer loop
      vertex 57.7036 9.9693 12
      vertex 57.6667 9.5 12
      vertex 57.7036 9.0307 12
    endloop
  endfacet
  facet normal 0 0 1
    outer loop
      vertex 57.9936 8.13803 12
      vertex 57.7036 9.9693 12
      vertex 57.8135 8.57295 12
    endloop
  endfacet
  facet normal 0 0 1
    outer loop
      vertex 57.8135 8.57295 12
      vertex 57.7036 9.9693 12
      vertex 57.7036 9.0307 12
    endloop
  endfacet
  facet normal 0 0 1
    outer loop
      vertex 58.2396 7.73664 12
      vertex 57.7036 9.9693 12
      vertex 57.9936 8.13803 12
    endloop
  endfacet
  facet normal 0 0 1
    outer loop
      vertex 58.5453 7.37868 12
      vertex 57.7036 9.9693 12
      vertex 58.2396 7.73664 12
    endloop
  endfacet
  facet normal 0 0 1
    outer loop
      vertex 58.9033 7.07295 12
      vertex 57.7036 9.9693 12
      vertex 58.5453 7.37868 12
    endloop
  endfacet
  facet normal 0 0 1
    outer loop
      vertex 59.3047 6.82698 12
      vertex 57.7036 9.9693 12
      vertex 58.9033 7.07295 12
    endloop
  endfacet
  facet normal 0 0 1
    outer loop
      vertex 59.7396 6.64683 12
      vertex 57.7036 9.9693 12
      vertex 59.3047 6.82698 12
    endloop
  endfacet
  facet normal 0 0 1
    outer loop
      vertex 60.1974 6.53693 12
      vertex 57.7036 9.9693 12
      vertex 59.7396 6.64683 12
    endloop
  endfacet
  facet normal -0 -0 1
    outer loop
      vertex 59.0486 8.32443 12
      vertex 57.7036 9.9693 12
      vertex 60.1974 6.53693 12
    endloop
  endfacet
  facet normal 0 -0 1
    outer loop
      vertex 62.4487 8.59202 12
      vertex 62.2847 8.32443 12
      vertex 63.3397 8.13803 12
    endloop
  endfacet
  facet normal 0 0 1
    outer loop
      vertex 58.6913 9.81287 12
      vertex 58.7646 10.118 12
      vertex 57.7036 9.9693 12
    endloop
  endfacet
  facet normal 0 -0 1
    outer loop
      vertex 62.2847 8.32443 12
      vertex 62.0809 8.08579 12
      vertex 63.0937 7.73664 12
    endloop
  endfacet
  facet normal 0 0 1
    outer loop
      vertex 62.4487 10.408 12
      vertex 62.5688 10.118 12
      vertex 63.5198 10.4271 12
    endloop
  endfacet
  facet normal 0 0 1
    outer loop
      vertex 61.5746 11.282 12
      vertex 61.8422 11.118 12
      vertex 62.788 11.6213 12
    endloop
  endfacet
  facet normal 0 0 1
    outer loop
      vertex 59.7587 11.282 12
      vertex 60.0486 11.4021 12
      vertex 61.5937 12.3532 12
    endloop
  endfacet
  facet normal 0 0 1
    outer loop
      vertex 60.0486 11.4021 12
      vertex 60.3538 11.4754 12
      vertex 61.5937 12.3532 12
    endloop
  endfacet
  facet normal 0 -0 1
    outer loop
      vertex 60.6667 12.5 12
      vertex 57.7036 9.9693 12
      vertex 61.136 12.4631 12
    endloop
  endfacet
  facet normal 0 -0 1
    outer loop
      vertex 60.1974 12.4631 12
      vertex 57.7036 9.9693 12
      vertex 60.6667 12.5 12
    endloop
  endfacet
  facet normal 0 -0 1
    outer loop
      vertex 59.7396 12.3532 12
      vertex 57.7036 9.9693 12
      vertex 60.1974 12.4631 12
    endloop
  endfacet
  facet normal 0 -0 1
    outer loop
      vertex 59.3047 12.173 12
      vertex 57.7036 9.9693 12
      vertex 59.7396 12.3532 12
    endloop
  endfacet
  facet normal 0 -0 1
    outer loop
      vertex 58.9033 11.9271 12
      vertex 57.7036 9.9693 12
      vertex 59.3047 12.173 12
    endloop
  endfacet
  facet normal 0 -0 1
    outer loop
      vertex 58.5453 11.6213 12
      vertex 57.7036 9.9693 12
      vertex 58.9033 11.9271 12
    endloop
  endfacet
  facet normal 0 -0 1
    outer loop
      vertex 58.2396 11.2634 12
      vertex 57.7036 9.9693 12
      vertex 58.5453 11.6213 12
    endloop
  endfacet
  facet normal 0 -0 1
    outer loop
      vertex 57.9936 10.862 12
      vertex 57.7036 9.9693 12
      vertex 58.2396 11.2634 12
    endloop
  endfacet
  facet normal 0 -0 1
    outer loop
      vertex 57.8135 10.4271 12
      vertex 57.7036 9.9693 12
      vertex 57.9936 10.862 12
    endloop
  endfacet
  facet normal -0 -0 1
    outer loop
      vertex 60.3538 7.52462 12
      vertex 60.0486 7.59789 12
      vertex 61.136 6.53693 12
    endloop
  endfacet
  facet normal 0 -0 1
    outer loop
      vertex 61.5746 7.71799 12
      vertex 61.2847 7.59789 12
      vertex 62.43 7.07295 12
    endloop
  endfacet
  facet normal 0 -0 1
    outer loop
      vertex 62.5688 8.88197 12
      vertex 62.4487 8.59202 12
      vertex 63.5198 8.57295 12
    endloop
  endfacet
  facet normal -0 0 1
    outer loop
      vertex 58.7646 10.118 12
      vertex 58.8847 10.408 12
      vertex 57.7036 9.9693 12
    endloop
  endfacet
  facet normal 0 0 1
    outer loop
      vertex 62.5688 10.118 12
      vertex 62.642 9.81287 12
      vertex 63.6297 9.9693 12
    endloop
  endfacet
  facet normal 0 0 1
    outer loop
      vertex 61.8422 11.118 12
      vertex 62.0809 10.9142 12
      vertex 63.0937 11.2634 12
    endloop
  endfacet
  facet normal 0 0 1
    outer loop
      vertex 59.2525 10.9142 12
      vertex 57.7036 9.9693 12
      vertex 59.0486 10.6756 12
    endloop
  endfacet
  facet normal 0 0 1
    outer loop
      vertex 60.9795 11.4754 12
      vertex 61.2847 11.4021 12
      vertex 62.43 11.9271 12
    endloop
  endfacet
  facet normal 0 0 1
    outer loop
      vertex 61.136 12.4631 12
      vertex 57.7036 9.9693 12
      vertex 59.4911 11.118 12
    endloop
  endfacet
  facet normal 0 -0 1
    outer loop
      vertex 61.136 12.4631 12
      vertex 59.7587 11.282 12
      vertex 61.5937 12.3532 12
    endloop
  endfacet
  facet normal 0 0 1
    outer loop
      vertex 61.136 12.4631 12
      vertex 59.4911 11.118 12
      vertex 59.7587 11.282 12
    endloop
  endfacet
  facet normal 0 0 1
    outer loop
      vertex 60.6667 11.5 12
      vertex 60.9795 11.4754 12
      vertex 62.0286 12.173 12
    endloop
  endfacet
  facet normal 0 -0 1
    outer loop
      vertex 61.5937 12.3532 12
      vertex 60.3538 11.4754 12
      vertex 62.0286 12.173 12
    endloop
  endfacet
  facet normal 0 0 1
    outer loop
      vertex 60.3538 11.4754 12
      vertex 60.6667 11.5 12
      vertex 62.0286 12.173 12
    endloop
  endfacet
  facet normal 0 -0 1
    outer loop
      vertex 62.0286 12.173 12
      vertex 60.9795 11.4754 12
      vertex 62.43 11.9271 12
    endloop
  endfacet
  facet normal -0 0 1
    outer loop
      vertex 59.2525 10.9142 12
      vertex 59.4911 11.118 12
      vertex 57.7036 9.9693 12
    endloop
  endfacet
  facet normal 0 -0 1
    outer loop
      vertex 62.43 11.9271 12
      vertex 61.2847 11.4021 12
      vertex 62.788 11.6213 12
    endloop
  endfacet
  facet normal 0 0 1
    outer loop
      vertex 61.2847 11.4021 12
      vertex 61.5746 11.282 12
      vertex 62.788 11.6213 12
    endloop
  endfacet
  facet normal 0 -0 1
    outer loop
      vertex 62.788 11.6213 12
      vertex 61.8422 11.118 12
      vertex 63.0937 11.2634 12
    endloop
  endfacet
  facet normal 0 0 1
    outer loop
      vertex 62.0809 10.9142 12
      vertex 62.2847 10.6756 12
      vertex 63.3397 10.862 12
    endloop
  endfacet
  facet normal 0 -0 1
    outer loop
      vertex 63.0937 11.2634 12
      vertex 62.0809 10.9142 12
      vertex 63.3397 10.862 12
    endloop
  endfacet
  facet normal -0 0 1
    outer loop
      vertex 58.8847 10.408 12
      vertex 59.0486 10.6756 12
      vertex 57.7036 9.9693 12
    endloop
  endfacet
  facet normal 0 -0 1
    outer loop
      vertex 63.3397 10.862 12
      vertex 62.2847 10.6756 12
      vertex 63.5198 10.4271 12
    endloop
  endfacet
  facet normal 0 0 1
    outer loop
      vertex 62.2847 10.6756 12
      vertex 62.4487 10.408 12
      vertex 63.5198 10.4271 12
    endloop
  endfacet
  facet normal 0 -0 1
    outer loop
      vertex 63.5198 10.4271 12
      vertex 62.5688 10.118 12
      vertex 63.6297 9.9693 12
    endloop
  endfacet
  facet normal 0 -0 1
    outer loop
      vertex 63.6297 9.9693 12
      vertex 62.642 9.81287 12
      vertex 63.6667 9.5 12
    endloop
  endfacet
  facet normal 0 0 1
    outer loop
      vertex 62.642 9.81287 12
      vertex 62.6667 9.5 12
      vertex 63.6667 9.5 12
    endloop
  endfacet
  facet normal 0 0 1
    outer loop
      vertex 63.6667 9.5 12
      vertex 62.6667 9.5 12
      vertex 63.6297 9.0307 12
    endloop
  endfacet
  facet normal -0 0 1
    outer loop
      vertex 63.6297 9.0307 12
      vertex 62.642 9.18713 12
      vertex 63.5198 8.57295 12
    endloop
  endfacet
  facet normal 0 -0 1
    outer loop
      vertex 62.642 9.18713 12
      vertex 62.5688 8.88197 12
      vertex 63.5198 8.57295 12
    endloop
  endfacet
  facet normal -0 0 1
    outer loop
      vertex 63.5198 8.57295 12
      vertex 62.4487 8.59202 12
      vertex 63.3397 8.13803 12
    endloop
  endfacet
  facet normal 0 -0 1
    outer loop
      vertex 62.6667 9.5 12
      vertex 62.642 9.18713 12
      vertex 63.6297 9.0307 12
    endloop
  endfacet
  facet normal -0 0 1
    outer loop
      vertex 63.3397 8.13803 12
      vertex 62.2847 8.32443 12
      vertex 63.0937 7.73664 12
    endloop
  endfacet
  facet normal -0 0 1
    outer loop
      vertex 63.0937 7.73664 12
      vertex 62.0809 8.08579 12
      vertex 62.788 7.37868 12
    endloop
  endfacet
  facet normal 0 -0 1
    outer loop
      vertex 62.0809 8.08579 12
      vertex 61.8422 7.88197 12
      vertex 62.788 7.37868 12
    endloop
  endfacet
  facet normal -0 0 1
    outer loop
      vertex 62.788 7.37868 12
      vertex 61.5746 7.71799 12
      vertex 62.43 7.07295 12
    endloop
  endfacet
  facet normal -0 0 1
    outer loop
      vertex 62.43 7.07295 12
      vertex 61.2847 7.59789 12
      vertex 62.0286 6.82698 12
    endloop
  endfacet
  facet normal -0 0 1
    outer loop
      vertex 62.0286 6.82698 12
      vertex 60.9795 7.52462 12
      vertex 61.5937 6.64683 12
    endloop
  endfacet
  facet normal 0 -0 1
    outer loop
      vertex 60.9795 7.52462 12
      vertex 60.6667 7.5 12
      vertex 61.5937 6.64683 12
    endloop
  endfacet
  facet normal -0 0 1
    outer loop
      vertex 61.5937 6.64683 12
      vertex 60.3538 7.52462 12
      vertex 61.136 6.53693 12
    endloop
  endfacet
  facet normal -0 0 1
    outer loop
      vertex 61.136 6.53693 12
      vertex 60.0486 7.59789 12
      vertex 60.6667 6.5 12
    endloop
  endfacet
  facet normal 0 0 1
    outer loop
      vertex 59.0486 8.32443 12
      vertex 58.8847 8.59202 12
      vertex 57.7036 9.9693 12
    endloop
  endfacet
  facet normal -0 -0 1
    outer loop
      vertex 60.0486 7.59789 12
      vertex 59.7587 7.71799 12
      vertex 60.6667 6.5 12
    endloop
  endfacet
  facet normal -0 -0 1
    outer loop
      vertex 59.7587 7.71799 12
      vertex 59.4911 7.88197 12
      vertex 60.6667 6.5 12
    endloop
  endfacet
  facet normal 0 0 1
    outer loop
      vertex 60.6667 6.5 12
      vertex 59.2525 8.08579 12
      vertex 60.1974 6.53693 12
    endloop
  endfacet
  facet normal -0 -0 1
    outer loop
      vertex 59.2525 8.08579 12
      vertex 59.0486 8.32443 12
      vertex 60.1974 6.53693 12
    endloop
  endfacet
  facet normal -0 -0 1
    outer loop
      vertex 60.6667 7.5 12
      vertex 60.3538 7.52462 12
      vertex 61.5937 6.64683 12
    endloop
  endfacet
  facet normal -0 -0 1
    outer loop
      vertex 59.4911 7.88197 12
      vertex 59.2525 8.08579 12
      vertex 60.6667 6.5 12
    endloop
  endfacet
  facet normal 0 0 1
    outer loop
      vertex 58.8847 8.59202 12
      vertex 58.7646 8.88197 12
      vertex 57.7036 9.9693 12
    endloop
  endfacet
  facet normal 0 0 1
    outer loop
      vertex 58.7646 8.88197 12
      vertex 58.6913 9.18713 12
      vertex 57.7036 9.9693 12
    endloop
  endfacet
  facet normal 0 0 1
    outer loop
      vertex 58.6913 9.18713 12
      vertex 58.6667 9.5 12
      vertex 57.7036 9.9693 12
    endloop
  endfacet
  facet normal 0 -0 1
    outer loop
      vertex 61.2847 7.59789 12
      vertex 60.9795 7.52462 12
      vertex 62.0286 6.82698 12
    endloop
  endfacet
  facet normal 0 -0 1
    outer loop
      vertex 61.8422 7.88197 12
      vertex 61.5746 7.71799 12
      vertex 62.788 7.37868 12
    endloop
  endfacet
  facet normal 0 0 1
    outer loop
      vertex 58.6667 9.5 12
      vertex 58.6913 9.81287 12
      vertex 57.7036 9.9693 12
    endloop
  endfacet
  facet normal 0 0 1
    outer loop
      vertex 75.0369 9.9693 12
      vertex 75 9.5 12
      vertex 75.0369 9.0307 12
    endloop
  endfacet
  facet normal 0 0 1
    outer loop
      vertex 75.327 8.13803 12
      vertex 75.0369 9.9693 12
      vertex 75.1468 8.57295 12
    endloop
  endfacet
  facet normal 0 0 1
    outer loop
      vertex 75.1468 8.57295 12
      vertex 75.0369 9.9693 12
      vertex 75.0369 9.0307 12
    endloop
  endfacet
  facet normal 0 0 1
    outer loop
      vertex 75.5729 7.73664 12
      vertex 75.0369 9.9693 12
      vertex 75.327 8.13803 12
    endloop
  endfacet
  facet normal 0 0 1
    outer loop
      vertex 75.8787 7.37868 12
      vertex 75.0369 9.9693 12
      vertex 75.5729 7.73664 12
    endloop
  endfacet
  facet normal 0 0 1
    outer loop
      vertex 76.2366 7.07295 12
      vertex 75.0369 9.9693 12
      vertex 75.8787 7.37868 12
    endloop
  endfacet
  facet normal 0 0 1
    outer loop
      vertex 76.638 6.82698 12
      vertex 75.0369 9.9693 12
      vertex 76.2366 7.07295 12
    endloop
  endfacet
  facet normal 0 0 1
    outer loop
      vertex 77.0729 6.64683 12
      vertex 75.0369 9.9693 12
      vertex 76.638 6.82698 12
    endloop
  endfacet
  facet normal 0 0 1
    outer loop
      vertex 77.5307 6.53693 12
      vertex 75.0369 9.9693 12
      vertex 77.0729 6.64683 12
    endloop
  endfacet
  facet normal -0 -0 1
    outer loop
      vertex 76.382 8.32443 12
      vertex 75.0369 9.9693 12
      vertex 77.5307 6.53693 12
    endloop
  endfacet
  facet normal 0 -0 1
    outer loop
      vertex 79.782 8.59202 12
      vertex 79.618 8.32443 12
      vertex 80.673 8.13803 12
    endloop
  endfacet
  facet normal 0 0 1
    outer loop
      vertex 76.0246 9.81287 12
      vertex 76.0979 10.118 12
      vertex 75.0369 9.9693 12
    endloop
  endfacet
  facet normal 0 -0 1
    outer loop
      vertex 79.618 8.32443 12
      vertex 79.4142 8.08579 12
      vertex 80.4271 7.73664 12
    endloop
  endfacet
  facet normal 0 0 1
    outer loop
      vertex 79.782 10.408 12
      vertex 79.9021 10.118 12
      vertex 80.8532 10.4271 12
    endloop
  endfacet
  facet normal 0 0 1
    outer loop
      vertex 78.908 11.282 12
      vertex 79.1756 11.118 12
      vertex 80.1213 11.6213 12
    endloop
  endfacet
  facet normal 0 0 1
    outer loop
      vertex 77.092 11.282 12
      vertex 77.382 11.4021 12
      vertex 78.9271 12.3532 12
    endloop
  endfacet
  facet normal 0 0 1
    outer loop
      vertex 77.382 11.4021 12
      vertex 77.6871 11.4754 12
      vertex 78.9271 12.3532 12
    endloop
  endfacet
  facet normal 0 -0 1
    outer loop
      vertex 78 12.5 12
      vertex 75.0369 9.9693 12
      vertex 78.4693 12.4631 12
    endloop
  endfacet
  facet normal 0 -0 1
    outer loop
      vertex 77.5307 12.4631 12
      vertex 75.0369 9.9693 12
      vertex 78 12.5 12
    endloop
  endfacet
  facet normal 0 -0 1
    outer loop
      vertex 77.0729 12.3532 12
      vertex 75.0369 9.9693 12
      vertex 77.5307 12.4631 12
    endloop
  endfacet
  facet normal 0 -0 1
    outer loop
      vertex 76.638 12.173 12
      vertex 75.0369 9.9693 12
      vertex 77.0729 12.3532 12
    endloop
  endfacet
  facet normal 0 -0 1
    outer loop
      vertex 76.2366 11.9271 12
      vertex 75.0369 9.9693 12
      vertex 76.638 12.173 12
    endloop
  endfacet
  facet normal 0 -0 1
    outer loop
      vertex 75.8787 11.6213 12
      vertex 75.0369 9.9693 12
      vertex 76.2366 11.9271 12
    endloop
  endfacet
  facet normal 0 -0 1
    outer loop
      vertex 75.5729 11.2634 12
      vertex 75.0369 9.9693 12
      vertex 75.8787 11.6213 12
    endloop
  endfacet
  facet normal 0 -0 1
    outer loop
      vertex 75.327 10.862 12
      vertex 75.0369 9.9693 12
      vertex 75.5729 11.2634 12
    endloop
  endfacet
  facet normal 0 -0 1
    outer loop
      vertex 75.1468 10.4271 12
      vertex 75.0369 9.9693 12
      vertex 75.327 10.862 12
    endloop
  endfacet
  facet normal -0 -0 1
    outer loop
      vertex 77.6871 7.52462 12
      vertex 77.382 7.59789 12
      vertex 78.4693 6.53693 12
    endloop
  endfacet
  facet normal 0 -0 1
    outer loop
      vertex 78.908 7.71799 12
      vertex 78.618 7.59789 12
      vertex 79.7634 7.07295 12
    endloop
  endfacet
  facet normal 0 -0 1
    outer loop
      vertex 79.9021 8.88197 12
      vertex 79.782 8.59202 12
      vertex 80.8532 8.57295 12
    endloop
  endfacet
  facet normal -0 0 1
    outer loop
      vertex 76.0979 10.118 12
      vertex 76.218 10.408 12
      vertex 75.0369 9.9693 12
    endloop
  endfacet
  facet normal 0 0 1
    outer loop
      vertex 79.9021 10.118 12
      vertex 79.9754 9.81287 12
      vertex 80.9631 9.9693 12
    endloop
  endfacet
  facet normal 0 0 1
    outer loop
      vertex 79.1756 11.118 12
      vertex 79.4142 10.9142 12
      vertex 80.4271 11.2634 12
    endloop
  endfacet
  facet normal 0 0 1
    outer loop
      vertex 76.5858 10.9142 12
      vertex 75.0369 9.9693 12
      vertex 76.382 10.6756 12
    endloop
  endfacet
  facet normal 0 0 1
    outer loop
      vertex 78.3129 11.4754 12
      vertex 78.618 11.4021 12
      vertex 79.7634 11.9271 12
    endloop
  endfacet
  facet normal 0 0 1
    outer loop
      vertex 78.4693 12.4631 12
      vertex 75.0369 9.9693 12
      vertex 76.8244 11.118 12
    endloop
  endfacet
  facet normal 0 -0 1
    outer loop
      vertex 78.4693 12.4631 12
      vertex 77.092 11.282 12
      vertex 78.9271 12.3532 12
    endloop
  endfacet
  facet normal 0 0 1
    outer loop
      vertex 78.4693 12.4631 12
      vertex 76.8244 11.118 12
      vertex 77.092 11.282 12
    endloop
  endfacet
  facet normal 0 0 1
    outer loop
      vertex 78 11.5 12
      vertex 78.3129 11.4754 12
      vertex 79.362 12.173 12
    endloop
  endfacet
  facet normal 0 -0 1
    outer loop
      vertex 78.9271 12.3532 12
      vertex 77.6871 11.4754 12
      vertex 79.362 12.173 12
    endloop
  endfacet
  facet normal 0 0 1
    outer loop
      vertex 77.6871 11.4754 12
      vertex 78 11.5 12
      vertex 79.362 12.173 12
    endloop
  endfacet
  facet normal 0 -0 1
    outer loop
      vertex 79.362 12.173 12
      vertex 78.3129 11.4754 12
      vertex 79.7634 11.9271 12
    endloop
  endfacet
  facet normal -0 0 1
    outer loop
      vertex 76.5858 10.9142 12
      vertex 76.8244 11.118 12
      vertex 75.0369 9.9693 12
    endloop
  endfacet
  facet normal 0 -0 1
    outer loop
      vertex 79.7634 11.9271 12
      vertex 78.618 11.4021 12
      vertex 80.1213 11.6213 12
    endloop
  endfacet
  facet normal 0 0 1
    outer loop
      vertex 78.618 11.4021 12
      vertex 78.908 11.282 12
      vertex 80.1213 11.6213 12
    endloop
  endfacet
  facet normal 0 -0 1
    outer loop
      vertex 80.1213 11.6213 12
      vertex 79.1756 11.118 12
      vertex 80.4271 11.2634 12
    endloop
  endfacet
  facet normal 0 0 1
    outer loop
      vertex 79.4142 10.9142 12
      vertex 79.618 10.6756 12
      vertex 80.673 10.862 12
    endloop
  endfacet
  facet normal 0 -0 1
    outer loop
      vertex 80.4271 11.2634 12
      vertex 79.4142 10.9142 12
      vertex 80.673 10.862 12
    endloop
  endfacet
  facet normal -0 0 1
    outer loop
      vertex 76.218 10.408 12
      vertex 76.382 10.6756 12
      vertex 75.0369 9.9693 12
    endloop
  endfacet
  facet normal 0 -0 1
    outer loop
      vertex 80.673 10.862 12
      vertex 79.618 10.6756 12
      vertex 80.8532 10.4271 12
    endloop
  endfacet
  facet normal 0 0 1
    outer loop
      vertex 79.618 10.6756 12
      vertex 79.782 10.408 12
      vertex 80.8532 10.4271 12
    endloop
  endfacet
  facet normal 0 -0 1
    outer loop
      vertex 80.8532 10.4271 12
      vertex 79.9021 10.118 12
      vertex 80.9631 9.9693 12
    endloop
  endfacet
  facet normal 0 -0 1
    outer loop
      vertex 80.9631 9.9693 12
      vertex 79.9754 9.81287 12
      vertex 81 9.5 12
    endloop
  endfacet
  facet normal 0 0 1
    outer loop
      vertex 79.9754 9.81287 12
      vertex 80 9.5 12
      vertex 81 9.5 12
    endloop
  endfacet
  facet normal 0 0 1
    outer loop
      vertex 81 9.5 12
      vertex 80 9.5 12
      vertex 80.9631 9.0307 12
    endloop
  endfacet
  facet normal -0 0 1
    outer loop
      vertex 80.9631 9.0307 12
      vertex 79.9754 9.18713 12
      vertex 80.8532 8.57295 12
    endloop
  endfacet
  facet normal 0 -0 1
    outer loop
      vertex 79.9754 9.18713 12
      vertex 79.9021 8.88197 12
      vertex 80.8532 8.57295 12
    endloop
  endfacet
  facet normal -0 0 1
    outer loop
      vertex 80.8532 8.57295 12
      vertex 79.782 8.59202 12
      vertex 80.673 8.13803 12
    endloop
  endfacet
  facet normal 0 -0 1
    outer loop
      vertex 80 9.5 12
      vertex 79.9754 9.18713 12
      vertex 80.9631 9.0307 12
    endloop
  endfacet
  facet normal -0 0 1
    outer loop
      vertex 80.673 8.13803 12
      vertex 79.618 8.32443 12
      vertex 80.4271 7.73664 12
    endloop
  endfacet
  facet normal -0 0 1
    outer loop
      vertex 80.4271 7.73664 12
      vertex 79.4142 8.08579 12
      vertex 80.1213 7.37868 12
    endloop
  endfacet
  facet normal 0 -0 1
    outer loop
      vertex 79.4142 8.08579 12
      vertex 79.1756 7.88197 12
      vertex 80.1213 7.37868 12
    endloop
  endfacet
  facet normal -0 0 1
    outer loop
      vertex 80.1213 7.37868 12
      vertex 78.908 7.71799 12
      vertex 79.7634 7.07295 12
    endloop
  endfacet
  facet normal -0 0 1
    outer loop
      vertex 79.7634 7.07295 12
      vertex 78.618 7.59789 12
      vertex 79.362 6.82698 12
    endloop
  endfacet
  facet normal -0 0 1
    outer loop
      vertex 79.362 6.82698 12
      vertex 78.3129 7.52462 12
      vertex 78.9271 6.64683 12
    endloop
  endfacet
  facet normal 0 -0 1
    outer loop
      vertex 78.3129 7.52462 12
      vertex 78 7.5 12
      vertex 78.9271 6.64683 12
    endloop
  endfacet
  facet normal -0 0 1
    outer loop
      vertex 78.9271 6.64683 12
      vertex 77.6871 7.52462 12
      vertex 78.4693 6.53693 12
    endloop
  endfacet
  facet normal -0 0 1
    outer loop
      vertex 78.4693 6.53693 12
      vertex 77.382 7.59789 12
      vertex 78 6.5 12
    endloop
  endfacet
  facet normal 0 0 1
    outer loop
      vertex 76.382 8.32443 12
      vertex 76.218 8.59202 12
      vertex 75.0369 9.9693 12
    endloop
  endfacet
  facet normal -0 -0 1
    outer loop
      vertex 77.382 7.59789 12
      vertex 77.092 7.71799 12
      vertex 78 6.5 12
    endloop
  endfacet
  facet normal -0 -0 1
    outer loop
      vertex 77.092 7.71799 12
      vertex 76.8244 7.88197 12
      vertex 78 6.5 12
    endloop
  endfacet
  facet normal 0 0 1
    outer loop
      vertex 78 6.5 12
      vertex 76.5858 8.08579 12
      vertex 77.5307 6.53693 12
    endloop
  endfacet
  facet normal -0 -0 1
    outer loop
      vertex 76.5858 8.08579 12
      vertex 76.382 8.32443 12
      vertex 77.5307 6.53693 12
    endloop
  endfacet
  facet normal -0 -0 1
    outer loop
      vertex 78 7.5 12
      vertex 77.6871 7.52462 12
      vertex 78.9271 6.64683 12
    endloop
  endfacet
  facet normal -0 -0 1
    outer loop
      vertex 76.8244 7.88197 12
      vertex 76.5858 8.08579 12
      vertex 78 6.5 12
    endloop
  endfacet
  facet normal 0 0 1
    outer loop
      vertex 76.218 8.59202 12
      vertex 76.0979 8.88197 12
      vertex 75.0369 9.9693 12
    endloop
  endfacet
  facet normal 0 0 1
    outer loop
      vertex 76.0979 8.88197 12
      vertex 76.0246 9.18713 12
      vertex 75.0369 9.9693 12
    endloop
  endfacet
  facet normal 0 0 1
    outer loop
      vertex 76.0246 9.18713 12
      vertex 76 9.5 12
      vertex 75.0369 9.9693 12
    endloop
  endfacet
  facet normal 0 -0 1
    outer loop
      vertex 78.618 7.59789 12
      vertex 78.3129 7.52462 12
      vertex 79.362 6.82698 12
    endloop
  endfacet
  facet normal 0 -0 1
    outer loop
      vertex 79.1756 7.88197 12
      vertex 78.908 7.71799 12
      vertex 80.1213 7.37868 12
    endloop
  endfacet
  facet normal 0 0 1
    outer loop
      vertex 76 9.5 12
      vertex 76.0246 9.81287 12
      vertex 75.0369 9.9693 12
    endloop
  endfacet
  facet normal 0 0 1
    outer loop
      vertex 92.3703 9.9693 12
      vertex 92.3333 9.5 12
      vertex 92.3703 9.0307 12
    endloop
  endfacet
  facet normal 0 0 1
    outer loop
      vertex 92.6603 8.13803 12
      vertex 92.3703 9.9693 12
      vertex 92.4802 8.57295 12
    endloop
  endfacet
  facet normal 0 0 1
    outer loop
      vertex 92.4802 8.57295 12
      vertex 92.3703 9.9693 12
      vertex 92.3703 9.0307 12
    endloop
  endfacet
  facet normal 0 0 1
    outer loop
      vertex 92.9063 7.73664 12
      vertex 92.3703 9.9693 12
      vertex 92.6603 8.13803 12
    endloop
  endfacet
  facet normal 0 0 1
    outer loop
      vertex 93.212 7.37868 12
      vertex 92.3703 9.9693 12
      vertex 92.9063 7.73664 12
    endloop
  endfacet
  facet normal 0 0 1
    outer loop
      vertex 93.57 7.07295 12
      vertex 92.3703 9.9693 12
      vertex 93.212 7.37868 12
    endloop
  endfacet
  facet normal 0 0 1
    outer loop
      vertex 93.9714 6.82698 12
      vertex 92.3703 9.9693 12
      vertex 93.57 7.07295 12
    endloop
  endfacet
  facet normal 0 0 1
    outer loop
      vertex 94.4063 6.64683 12
      vertex 92.3703 9.9693 12
      vertex 93.9714 6.82698 12
    endloop
  endfacet
  facet normal 0 0 1
    outer loop
      vertex 94.864 6.53693 12
      vertex 92.3703 9.9693 12
      vertex 94.4063 6.64683 12
    endloop
  endfacet
  facet normal -0 -0 1
    outer loop
      vertex 93.7153 8.32443 12
      vertex 92.3703 9.9693 12
      vertex 94.864 6.53693 12
    endloop
  endfacet
  facet normal 0 -0 1
    outer loop
      vertex 97.1153 8.59202 12
      vertex 96.9514 8.32443 12
      vertex 98.0064 8.13803 12
    endloop
  endfacet
  facet normal 0 0 1
    outer loop
      vertex 93.358 9.81287 12
      vertex 93.4312 10.118 12
      vertex 92.3703 9.9693 12
    endloop
  endfacet
  facet normal 0 -0 1
    outer loop
      vertex 96.9514 8.32443 12
      vertex 96.7475 8.08579 12
      vertex 97.7604 7.73664 12
    endloop
  endfacet
  facet normal 0 0 1
    outer loop
      vertex 97.1153 10.408 12
      vertex 97.2354 10.118 12
      vertex 98.1865 10.4271 12
    endloop
  endfacet
  facet normal 0 0 1
    outer loop
      vertex 96.2413 11.282 12
      vertex 96.5089 11.118 12
      vertex 97.4547 11.6213 12
    endloop
  endfacet
  facet normal 0 0 1
    outer loop
      vertex 94.4254 11.282 12
      vertex 94.7153 11.4021 12
      vertex 96.2604 12.3532 12
    endloop
  endfacet
  facet normal 0 0 1
    outer loop
      vertex 94.7153 11.4021 12
      vertex 95.0205 11.4754 12
      vertex 96.2604 12.3532 12
    endloop
  endfacet
  facet normal 0 -0 1
    outer loop
      vertex 95.3333 12.5 12
      vertex 92.3703 9.9693 12
      vertex 95.8026 12.4631 12
    endloop
  endfacet
  facet normal 0 -0 1
    outer loop
      vertex 94.864 12.4631 12
      vertex 92.3703 9.9693 12
      vertex 95.3333 12.5 12
    endloop
  endfacet
  facet normal 0 -0 1
    outer loop
      vertex 94.4063 12.3532 12
      vertex 92.3703 9.9693 12
      vertex 94.864 12.4631 12
    endloop
  endfacet
  facet normal 0 -0 1
    outer loop
      vertex 93.9714 12.173 12
      vertex 92.3703 9.9693 12
      vertex 94.4063 12.3532 12
    endloop
  endfacet
  facet normal 0 -0 1
    outer loop
      vertex 93.57 11.9271 12
      vertex 92.3703 9.9693 12
      vertex 93.9714 12.173 12
    endloop
  endfacet
  facet normal 0 -0 1
    outer loop
      vertex 93.212 11.6213 12
      vertex 92.3703 9.9693 12
      vertex 93.57 11.9271 12
    endloop
  endfacet
  facet normal 0 -0 1
    outer loop
      vertex 92.9063 11.2634 12
      vertex 92.3703 9.9693 12
      vertex 93.212 11.6213 12
    endloop
  endfacet
  facet normal 0 -0 1
    outer loop
      vertex 92.6603 10.862 12
      vertex 92.3703 9.9693 12
      vertex 92.9063 11.2634 12
    endloop
  endfacet
  facet normal 0 -0 1
    outer loop
      vertex 92.4802 10.4271 12
      vertex 92.3703 9.9693 12
      vertex 92.6603 10.862 12
    endloop
  endfacet
  facet normal -0 -0 1
    outer loop
      vertex 95.0205 7.52462 12
      vertex 94.7153 7.59789 12
      vertex 95.8026 6.53693 12
    endloop
  endfacet
  facet normal 0 -0 1
    outer loop
      vertex 96.2413 7.71799 12
      vertex 95.9514 7.59789 12
      vertex 97.0967 7.07295 12
    endloop
  endfacet
  facet normal 0 -0 1
    outer loop
      vertex 97.2354 8.88197 12
      vertex 97.1153 8.59202 12
      vertex 98.1865 8.57295 12
    endloop
  endfacet
  facet normal -0 0 1
    outer loop
      vertex 93.4312 10.118 12
      vertex 93.5513 10.408 12
      vertex 92.3703 9.9693 12
    endloop
  endfacet
  facet normal 0 0 1
    outer loop
      vertex 97.2354 10.118 12
      vertex 97.3087 9.81287 12
      vertex 98.2964 9.9693 12
    endloop
  endfacet
  facet normal 0 0 1
    outer loop
      vertex 96.5089 11.118 12
      vertex 96.7475 10.9142 12
      vertex 97.7604 11.2634 12
    endloop
  endfacet
  facet normal 0 0 1
    outer loop
      vertex 93.9191 10.9142 12
      vertex 92.3703 9.9693 12
      vertex 93.7153 10.6756 12
    endloop
  endfacet
  facet normal 0 0 1
    outer loop
      vertex 95.6462 11.4754 12
      vertex 95.9514 11.4021 12
      vertex 97.0967 11.9271 12
    endloop
  endfacet
  facet normal 0 0 1
    outer loop
      vertex 95.8026 12.4631 12
      vertex 92.3703 9.9693 12
      vertex 94.1578 11.118 12
    endloop
  endfacet
  facet normal 0 -0 1
    outer loop
      vertex 95.8026 12.4631 12
      vertex 94.4254 11.282 12
      vertex 96.2604 12.3532 12
    endloop
  endfacet
  facet normal 0 0 1
    outer loop
      vertex 95.8026 12.4631 12
      vertex 94.1578 11.118 12
      vertex 94.4254 11.282 12
    endloop
  endfacet
  facet normal 0 0 1
    outer loop
      vertex 95.3333 11.5 12
      vertex 95.6462 11.4754 12
      vertex 96.6953 12.173 12
    endloop
  endfacet
  facet normal 0 -0 1
    outer loop
      vertex 96.2604 12.3532 12
      vertex 95.0205 11.4754 12
      vertex 96.6953 12.173 12
    endloop
  endfacet
  facet normal 0 0 1
    outer loop
      vertex 95.0205 11.4754 12
      vertex 95.3333 11.5 12
      vertex 96.6953 12.173 12
    endloop
  endfacet
  facet normal 0 -0 1
    outer loop
      vertex 96.6953 12.173 12
      vertex 95.6462 11.4754 12
      vertex 97.0967 11.9271 12
    endloop
  endfacet
  facet normal -0 0 1
    outer loop
      vertex 93.9191 10.9142 12
      vertex 94.1578 11.118 12
      vertex 92.3703 9.9693 12
    endloop
  endfacet
  facet normal 0 -0 1
    outer loop
      vertex 97.0967 11.9271 12
      vertex 95.9514 11.4021 12
      vertex 97.4547 11.6213 12
    endloop
  endfacet
  facet normal 0 0 1
    outer loop
      vertex 95.9514 11.4021 12
      vertex 96.2413 11.282 12
      vertex 97.4547 11.6213 12
    endloop
  endfacet
  facet normal 0 -0 1
    outer loop
      vertex 97.4547 11.6213 12
      vertex 96.5089 11.118 12
      vertex 97.7604 11.2634 12
    endloop
  endfacet
  facet normal 0 0 1
    outer loop
      vertex 96.7475 10.9142 12
      vertex 96.9514 10.6756 12
      vertex 98.0064 10.862 12
    endloop
  endfacet
  facet normal 0 -0 1
    outer loop
      vertex 97.7604 11.2634 12
      vertex 96.7475 10.9142 12
      vertex 98.0064 10.862 12
    endloop
  endfacet
  facet normal -0 0 1
    outer loop
      vertex 93.5513 10.408 12
      vertex 93.7153 10.6756 12
      vertex 92.3703 9.9693 12
    endloop
  endfacet
  facet normal 0 -0 1
    outer loop
      vertex 98.0064 10.862 12
      vertex 96.9514 10.6756 12
      vertex 98.1865 10.4271 12
    endloop
  endfacet
  facet normal 0 0 1
    outer loop
      vertex 96.9514 10.6756 12
      vertex 97.1153 10.408 12
      vertex 98.1865 10.4271 12
    endloop
  endfacet
  facet normal 0 -0 1
    outer loop
      vertex 98.1865 10.4271 12
      vertex 97.2354 10.118 12
      vertex 98.2964 9.9693 12
    endloop
  endfacet
  facet normal 0 -0 1
    outer loop
      vertex 98.2964 9.9693 12
      vertex 97.3087 9.81287 12
      vertex 98.3333 9.5 12
    endloop
  endfacet
  facet normal 0 0 1
    outer loop
      vertex 97.3087 9.81287 12
      vertex 97.3333 9.5 12
      vertex 98.3333 9.5 12
    endloop
  endfacet
  facet normal 0 0 1
    outer loop
      vertex 98.3333 9.5 12
      vertex 97.3333 9.5 12
      vertex 98.2964 9.0307 12
    endloop
  endfacet
  facet normal -0 0 1
    outer loop
      vertex 98.2964 9.0307 12
      vertex 97.3087 9.18713 12
      vertex 98.1865 8.57295 12
    endloop
  endfacet
  facet normal 0 -0 1
    outer loop
      vertex 97.3087 9.18713 12
      vertex 97.2354 8.88197 12
      vertex 98.1865 8.57295 12
    endloop
  endfacet
  facet normal -0 0 1
    outer loop
      vertex 98.1865 8.57295 12
      vertex 97.1153 8.59202 12
      vertex 98.0064 8.13803 12
    endloop
  endfacet
  facet normal 0 -0 1
    outer loop
      vertex 97.3333 9.5 12
      vertex 97.3087 9.18713 12
      vertex 98.2964 9.0307 12
    endloop
  endfacet
  facet normal -0 0 1
    outer loop
      vertex 98.0064 8.13803 12
      vertex 96.9514 8.32443 12
      vertex 97.7604 7.73664 12
    endloop
  endfacet
  facet normal -0 0 1
    outer loop
      vertex 97.7604 7.73664 12
      vertex 96.7475 8.08579 12
      vertex 97.4547 7.37868 12
    endloop
  endfacet
  facet normal 0 -0 1
    outer loop
      vertex 96.7475 8.08579 12
      vertex 96.5089 7.88197 12
      vertex 97.4547 7.37868 12
    endloop
  endfacet
  facet normal -0 0 1
    outer loop
      vertex 97.4547 7.37868 12
      vertex 96.2413 7.71799 12
      vertex 97.0967 7.07295 12
    endloop
  endfacet
  facet normal -0 0 1
    outer loop
      vertex 97.0967 7.07295 12
      vertex 95.9514 7.59789 12
      vertex 96.6953 6.82698 12
    endloop
  endfacet
  facet normal -0 0 1
    outer loop
      vertex 96.6953 6.82698 12
      vertex 95.6462 7.52462 12
      vertex 96.2604 6.64683 12
    endloop
  endfacet
  facet normal 0 -0 1
    outer loop
      vertex 95.6462 7.52462 12
      vertex 95.3333 7.5 12
      vertex 96.2604 6.64683 12
    endloop
  endfacet
  facet normal -0 0 1
    outer loop
      vertex 96.2604 6.64683 12
      vertex 95.0205 7.52462 12
      vertex 95.8026 6.53693 12
    endloop
  endfacet
  facet normal -0 0 1
    outer loop
      vertex 95.8026 6.53693 12
      vertex 94.7153 7.59789 12
      vertex 95.3333 6.5 12
    endloop
  endfacet
  facet normal 0 0 1
    outer loop
      vertex 93.7153 8.32443 12
      vertex 93.5513 8.59202 12
      vertex 92.3703 9.9693 12
    endloop
  endfacet
  facet normal -0 -0 1
    outer loop
      vertex 94.7153 7.59789 12
      vertex 94.4254 7.71799 12
      vertex 95.3333 6.5 12
    endloop
  endfacet
  facet normal -0 -0 1
    outer loop
      vertex 94.4254 7.71799 12
      vertex 94.1578 7.88197 12
      vertex 95.3333 6.5 12
    endloop
  endfacet
  facet normal 0 0 1
    outer loop
      vertex 95.3333 6.5 12
      vertex 93.9191 8.08579 12
      vertex 94.864 6.53693 12
    endloop
  endfacet
  facet normal -0 -0 1
    outer loop
      vertex 93.9191 8.08579 12
      vertex 93.7153 8.32443 12
      vertex 94.864 6.53693 12
    endloop
  endfacet
  facet normal -0 -0 1
    outer loop
      vertex 95.3333 7.5 12
      vertex 95.0205 7.52462 12
      vertex 96.2604 6.64683 12
    endloop
  endfacet
  facet normal -0 -0 1
    outer loop
      vertex 94.1578 7.88197 12
      vertex 93.9191 8.08579 12
      vertex 95.3333 6.5 12
    endloop
  endfacet
  facet normal 0 0 1
    outer loop
      vertex 93.5513 8.59202 12
      vertex 93.4312 8.88197 12
      vertex 92.3703 9.9693 12
    endloop
  endfacet
  facet normal 0 0 1
    outer loop
      vertex 93.4312 8.88197 12
      vertex 93.358 9.18713 12
      vertex 92.3703 9.9693 12
    endloop
  endfacet
  facet normal 0 0 1
    outer loop
      vertex 93.358 9.18713 12
      vertex 93.3333 9.5 12
      vertex 92.3703 9.9693 12
    endloop
  endfacet
  facet normal 0 -0 1
    outer loop
      vertex 95.9514 7.59789 12
      vertex 95.6462 7.52462 12
      vertex 96.6953 6.82698 12
    endloop
  endfacet
  facet normal 0 -0 1
    outer loop
      vertex 96.5089 7.88197 12
      vertex 96.2413 7.71799 12
      vertex 97.4547 7.37868 12
    endloop
  endfacet
  facet normal 0 0 1
    outer loop
      vertex 93.3333 9.5 12
      vertex 93.358 9.81287 12
      vertex 92.3703 9.9693 12
    endloop
  endfacet
  facet normal 0 0 1
    outer loop
      vertex 5.7036 9.9693 12
      vertex 5.66667 9.5 12
      vertex 5.7036 9.0307 12
    endloop
  endfacet
  facet normal 0 0 1
    outer loop
      vertex 5.99365 8.13803 12
      vertex 5.7036 9.9693 12
      vertex 5.8135 8.57295 12
    endloop
  endfacet
  facet normal 0 0 1
    outer loop
      vertex 5.8135 8.57295 12
      vertex 5.7036 9.9693 12
      vertex 5.7036 9.0307 12
    endloop
  endfacet
  facet normal 0 0 1
    outer loop
      vertex 6.23962 7.73664 12
      vertex 5.7036 9.9693 12
      vertex 5.99365 8.13803 12
    endloop
  endfacet
  facet normal 0 0 1
    outer loop
      vertex 6.54535 7.37868 12
      vertex 5.7036 9.9693 12
      vertex 6.23962 7.73664 12
    endloop
  endfacet
  facet normal 0 0 1
    outer loop
      vertex 6.90331 7.07295 12
      vertex 5.7036 9.9693 12
      vertex 6.54535 7.37868 12
    endloop
  endfacet
  facet normal 0 0 1
    outer loop
      vertex 7.3047 6.82698 12
      vertex 5.7036 9.9693 12
      vertex 6.90331 7.07295 12
    endloop
  endfacet
  facet normal 0 0 1
    outer loop
      vertex 7.73962 6.64683 12
      vertex 5.7036 9.9693 12
      vertex 7.3047 6.82698 12
    endloop
  endfacet
  facet normal 0 0 1
    outer loop
      vertex 8.19736 6.53693 12
      vertex 5.7036 9.9693 12
      vertex 7.73962 6.64683 12
    endloop
  endfacet
  facet normal -0 -0 1
    outer loop
      vertex 7.04863 8.32443 12
      vertex 5.7036 9.9693 12
      vertex 8.19736 6.53693 12
    endloop
  endfacet
  facet normal 0 -0 1
    outer loop
      vertex 10.4487 8.59202 12
      vertex 10.2847 8.32443 12
      vertex 11.3397 8.13803 12
    endloop
  endfacet
  facet normal 0 0 1
    outer loop
      vertex 6.69129 9.81287 12
      vertex 6.76455 10.118 12
      vertex 5.7036 9.9693 12
    endloop
  endfacet
  facet normal 0 -0 1
    outer loop
      vertex 10.2847 8.32443 12
      vertex 10.0809 8.08579 12
      vertex 11.0937 7.73664 12
    endloop
  endfacet
  facet normal 0 0 1
    outer loop
      vertex 10.4487 10.408 12
      vertex 10.5688 10.118 12
      vertex 11.5198 10.4271 12
    endloop
  endfacet
  facet normal 0 0 1
    outer loop
      vertex 9.57465 11.282 12
      vertex 9.84224 11.118 12
      vertex 10.788 11.6213 12
    endloop
  endfacet
  facet normal 0 0 1
    outer loop
      vertex 7.75869 11.282 12
      vertex 8.04863 11.4021 12
      vertex 9.59372 12.3532 12
    endloop
  endfacet
  facet normal 0 0 1
    outer loop
      vertex 8.04863 11.4021 12
      vertex 8.3538 11.4754 12
      vertex 9.59372 12.3532 12
    endloop
  endfacet
  facet normal 0 -0 1
    outer loop
      vertex 8.66667 12.5 12
      vertex 5.7036 9.9693 12
      vertex 9.13597 12.4631 12
    endloop
  endfacet
  facet normal 0 -0 1
    outer loop
      vertex 8.19736 12.4631 12
      vertex 5.7036 9.9693 12
      vertex 8.66667 12.5 12
    endloop
  endfacet
  facet normal 0 -0 1
    outer loop
      vertex 7.73962 12.3532 12
      vertex 5.7036 9.9693 12
      vertex 8.19736 12.4631 12
    endloop
  endfacet
  facet normal 0 -0 1
    outer loop
      vertex 7.3047 12.173 12
      vertex 5.7036 9.9693 12
      vertex 7.73962 12.3532 12
    endloop
  endfacet
  facet normal 0 -0 1
    outer loop
      vertex 6.90331 11.9271 12
      vertex 5.7036 9.9693 12
      vertex 7.3047 12.173 12
    endloop
  endfacet
  facet normal 0 -0 1
    outer loop
      vertex 6.54535 11.6213 12
      vertex 5.7036 9.9693 12
      vertex 6.90331 11.9271 12
    endloop
  endfacet
  facet normal 0 -0 1
    outer loop
      vertex 6.23962 11.2634 12
      vertex 5.7036 9.9693 12
      vertex 6.54535 11.6213 12
    endloop
  endfacet
  facet normal 0 -0 1
    outer loop
      vertex 5.99365 10.862 12
      vertex 5.7036 9.9693 12
      vertex 6.23962 11.2634 12
    endloop
  endfacet
  facet normal 0 -0 1
    outer loop
      vertex 5.8135 10.4271 12
      vertex 5.7036 9.9693 12
      vertex 5.99365 10.862 12
    endloop
  endfacet
  facet normal -0 -0 1
    outer loop
      vertex 8.3538 7.52462 12
      vertex 8.04863 7.59789 12
      vertex 9.13597 6.53693 12
    endloop
  endfacet
  facet normal 0 -0 1
    outer loop
      vertex 9.57465 7.71799 12
      vertex 9.2847 7.59789 12
      vertex 10.43 7.07295 12
    endloop
  endfacet
  facet normal 0 -0 1
    outer loop
      vertex 10.5688 8.88197 12
      vertex 10.4487 8.59202 12
      vertex 11.5198 8.57295 12
    endloop
  endfacet
  facet normal -0 0 1
    outer loop
      vertex 6.76455 10.118 12
      vertex 6.88465 10.408 12
      vertex 5.7036 9.9693 12
    endloop
  endfacet
  facet normal 0 0 1
    outer loop
      vertex 10.5688 10.118 12
      vertex 10.642 9.81287 12
      vertex 11.6297 9.9693 12
    endloop
  endfacet
  facet normal 0 0 1
    outer loop
      vertex 9.84224 11.118 12
      vertex 10.0809 10.9142 12
      vertex 11.0937 11.2634 12
    endloop
  endfacet
  facet normal 0 0 1
    outer loop
      vertex 7.25245 10.9142 12
      vertex 5.7036 9.9693 12
      vertex 7.04863 10.6756 12
    endloop
  endfacet
  facet normal 0 0 1
    outer loop
      vertex 8.97954 11.4754 12
      vertex 9.2847 11.4021 12
      vertex 10.43 11.9271 12
    endloop
  endfacet
  facet normal 0 0 1
    outer loop
      vertex 9.13597 12.4631 12
      vertex 5.7036 9.9693 12
      vertex 7.4911 11.118 12
    endloop
  endfacet
  facet normal 0 -0 1
    outer loop
      vertex 9.13597 12.4631 12
      vertex 7.75869 11.282 12
      vertex 9.59372 12.3532 12
    endloop
  endfacet
  facet normal 0 0 1
    outer loop
      vertex 9.13597 12.4631 12
      vertex 7.4911 11.118 12
      vertex 7.75869 11.282 12
    endloop
  endfacet
  facet normal 0 0 1
    outer loop
      vertex 8.66667 11.5 12
      vertex 8.97954 11.4754 12
      vertex 10.0286 12.173 12
    endloop
  endfacet
  facet normal 0 -0 1
    outer loop
      vertex 9.59372 12.3532 12
      vertex 8.3538 11.4754 12
      vertex 10.0286 12.173 12
    endloop
  endfacet
  facet normal 0 0 1
    outer loop
      vertex 8.3538 11.4754 12
      vertex 8.66667 11.5 12
      vertex 10.0286 12.173 12
    endloop
  endfacet
  facet normal 0 -0 1
    outer loop
      vertex 10.0286 12.173 12
      vertex 8.97954 11.4754 12
      vertex 10.43 11.9271 12
    endloop
  endfacet
  facet normal -0 0 1
    outer loop
      vertex 7.25245 10.9142 12
      vertex 7.4911 11.118 12
      vertex 5.7036 9.9693 12
    endloop
  endfacet
  facet normal 0 -0 1
    outer loop
      vertex 10.43 11.9271 12
      vertex 9.2847 11.4021 12
      vertex 10.788 11.6213 12
    endloop
  endfacet
  facet normal 0 0 1
    outer loop
      vertex 9.2847 11.4021 12
      vertex 9.57465 11.282 12
      vertex 10.788 11.6213 12
    endloop
  endfacet
  facet normal 0 -0 1
    outer loop
      vertex 10.788 11.6213 12
      vertex 9.84224 11.118 12
      vertex 11.0937 11.2634 12
    endloop
  endfacet
  facet normal 0 0 1
    outer loop
      vertex 10.0809 10.9142 12
      vertex 10.2847 10.6756 12
      vertex 11.3397 10.862 12
    endloop
  endfacet
  facet normal 0 -0 1
    outer loop
      vertex 11.0937 11.2634 12
      vertex 10.0809 10.9142 12
      vertex 11.3397 10.862 12
    endloop
  endfacet
  facet normal -0 0 1
    outer loop
      vertex 6.88465 10.408 12
      vertex 7.04863 10.6756 12
      vertex 5.7036 9.9693 12
    endloop
  endfacet
  facet normal 0 -0 1
    outer loop
      vertex 11.3397 10.862 12
      vertex 10.2847 10.6756 12
      vertex 11.5198 10.4271 12
    endloop
  endfacet
  facet normal 0 0 1
    outer loop
      vertex 10.2847 10.6756 12
      vertex 10.4487 10.408 12
      vertex 11.5198 10.4271 12
    endloop
  endfacet
  facet normal 0 -0 1
    outer loop
      vertex 11.5198 10.4271 12
      vertex 10.5688 10.118 12
      vertex 11.6297 9.9693 12
    endloop
  endfacet
  facet normal 0 -0 1
    outer loop
      vertex 11.6297 9.9693 12
      vertex 10.642 9.81287 12
      vertex 11.6667 9.5 12
    endloop
  endfacet
  facet normal 0 0 1
    outer loop
      vertex 10.642 9.81287 12
      vertex 10.6667 9.5 12
      vertex 11.6667 9.5 12
    endloop
  endfacet
  facet normal 0 0 1
    outer loop
      vertex 11.6667 9.5 12
      vertex 10.6667 9.5 12
      vertex 11.6297 9.0307 12
    endloop
  endfacet
  facet normal -0 0 1
    outer loop
      vertex 11.6297 9.0307 12
      vertex 10.642 9.18713 12
      vertex 11.5198 8.57295 12
    endloop
  endfacet
  facet normal 0 -0 1
    outer loop
      vertex 10.642 9.18713 12
      vertex 10.5688 8.88197 12
      vertex 11.5198 8.57295 12
    endloop
  endfacet
  facet normal -0 0 1
    outer loop
      vertex 11.5198 8.57295 12
      vertex 10.4487 8.59202 12
      vertex 11.3397 8.13803 12
    endloop
  endfacet
  facet normal 0 -0 1
    outer loop
      vertex 10.6667 9.5 12
      vertex 10.642 9.18713 12
      vertex 11.6297 9.0307 12
    endloop
  endfacet
  facet normal -0 0 1
    outer loop
      vertex 11.3397 8.13803 12
      vertex 10.2847 8.32443 12
      vertex 11.0937 7.73664 12
    endloop
  endfacet
  facet normal -0 0 1
    outer loop
      vertex 11.0937 7.73664 12
      vertex 10.0809 8.08579 12
      vertex 10.788 7.37868 12
    endloop
  endfacet
  facet normal 0 -0 1
    outer loop
      vertex 10.0809 8.08579 12
      vertex 9.84224 7.88197 12
      vertex 10.788 7.37868 12
    endloop
  endfacet
  facet normal -0 0 1
    outer loop
      vertex 10.788 7.37868 12
      vertex 9.57465 7.71799 12
      vertex 10.43 7.07295 12
    endloop
  endfacet
  facet normal -0 0 1
    outer loop
      vertex 10.43 7.07295 12
      vertex 9.2847 7.59789 12
      vertex 10.0286 6.82698 12
    endloop
  endfacet
  facet normal -0 0 1
    outer loop
      vertex 10.0286 6.82698 12
      vertex 8.97954 7.52462 12
      vertex 9.59372 6.64683 12
    endloop
  endfacet
  facet normal 0 -0 1
    outer loop
      vertex 8.97954 7.52462 12
      vertex 8.66667 7.5 12
      vertex 9.59372 6.64683 12
    endloop
  endfacet
  facet normal -0 0 1
    outer loop
      vertex 9.59372 6.64683 12
      vertex 8.3538 7.52462 12
      vertex 9.13597 6.53693 12
    endloop
  endfacet
  facet normal -0 0 1
    outer loop
      vertex 9.13597 6.53693 12
      vertex 8.04863 7.59789 12
      vertex 8.66667 6.5 12
    endloop
  endfacet
  facet normal 0 0 1
    outer loop
      vertex 7.04863 8.32443 12
      vertex 6.88465 8.59202 12
      vertex 5.7036 9.9693 12
    endloop
  endfacet
  facet normal -0 -0 1
    outer loop
      vertex 8.04863 7.59789 12
      vertex 7.75869 7.71799 12
      vertex 8.66667 6.5 12
    endloop
  endfacet
  facet normal -0 -0 1
    outer loop
      vertex 7.75869 7.71799 12
      vertex 7.4911 7.88197 12
      vertex 8.66667 6.5 12
    endloop
  endfacet
  facet normal 0 0 1
    outer loop
      vertex 8.66667 6.5 12
      vertex 7.25245 8.08579 12
      vertex 8.19736 6.53693 12
    endloop
  endfacet
  facet normal -0 -0 1
    outer loop
      vertex 7.25245 8.08579 12
      vertex 7.04863 8.32443 12
      vertex 8.19736 6.53693 12
    endloop
  endfacet
  facet normal -0 -0 1
    outer loop
      vertex 8.66667 7.5 12
      vertex 8.3538 7.52462 12
      vertex 9.59372 6.64683 12
    endloop
  endfacet
  facet normal -0 -0 1
    outer loop
      vertex 7.4911 7.88197 12
      vertex 7.25245 8.08579 12
      vertex 8.66667 6.5 12
    endloop
  endfacet
  facet normal 0 0 1
    outer loop
      vertex 6.88465 8.59202 12
      vertex 6.76455 8.88197 12
      vertex 5.7036 9.9693 12
    endloop
  endfacet
  facet normal 0 0 1
    outer loop
      vertex 6.76455 8.88197 12
      vertex 6.69129 9.18713 12
      vertex 5.7036 9.9693 12
    endloop
  endfacet
  facet normal 0 0 1
    outer loop
      vertex 6.69129 9.18713 12
      vertex 6.66667 9.5 12
      vertex 5.7036 9.9693 12
    endloop
  endfacet
  facet normal 0 -0 1
    outer loop
      vertex 9.2847 7.59789 12
      vertex 8.97954 7.52462 12
      vertex 10.0286 6.82698 12
    endloop
  endfacet
  facet normal 0 -0 1
    outer loop
      vertex 9.84224 7.88197 12
      vertex 9.57465 7.71799 12
      vertex 10.788 7.37868 12
    endloop
  endfacet
  facet normal 0 0 1
    outer loop
      vertex 6.66667 9.5 12
      vertex 6.69129 9.81287 12
      vertex 5.7036 9.9693 12
    endloop
  endfacet
  facet normal 0 0 1
    outer loop
      vertex 23.0369 9.9693 12
      vertex 23 9.5 12
      vertex 23.0369 9.0307 12
    endloop
  endfacet
  facet normal 0 0 1
    outer loop
      vertex 23.327 8.13803 12
      vertex 23.0369 9.9693 12
      vertex 23.1468 8.57295 12
    endloop
  endfacet
  facet normal 0 0 1
    outer loop
      vertex 23.1468 8.57295 12
      vertex 23.0369 9.9693 12
      vertex 23.0369 9.0307 12
    endloop
  endfacet
  facet normal 0 0 1
    outer loop
      vertex 23.5729 7.73664 12
      vertex 23.0369 9.9693 12
      vertex 23.327 8.13803 12
    endloop
  endfacet
  facet normal 0 0 1
    outer loop
      vertex 23.8787 7.37868 12
      vertex 23.0369 9.9693 12
      vertex 23.5729 7.73664 12
    endloop
  endfacet
  facet normal 0 0 1
    outer loop
      vertex 24.2366 7.07295 12
      vertex 23.0369 9.9693 12
      vertex 23.8787 7.37868 12
    endloop
  endfacet
  facet normal 0 0 1
    outer loop
      vertex 24.638 6.82698 12
      vertex 23.0369 9.9693 12
      vertex 24.2366 7.07295 12
    endloop
  endfacet
  facet normal 0 0 1
    outer loop
      vertex 25.0729 6.64683 12
      vertex 23.0369 9.9693 12
      vertex 24.638 6.82698 12
    endloop
  endfacet
  facet normal 0 0 1
    outer loop
      vertex 25.5307 6.53693 12
      vertex 23.0369 9.9693 12
      vertex 25.0729 6.64683 12
    endloop
  endfacet
  facet normal -0 -0 1
    outer loop
      vertex 24.382 8.32443 12
      vertex 23.0369 9.9693 12
      vertex 25.5307 6.53693 12
    endloop
  endfacet
  facet normal 0 -0 1
    outer loop
      vertex 27.782 8.59202 12
      vertex 27.618 8.32443 12
      vertex 28.673 8.13803 12
    endloop
  endfacet
  facet normal 0 0 1
    outer loop
      vertex 24.0246 9.81287 12
      vertex 24.0979 10.118 12
      vertex 23.0369 9.9693 12
    endloop
  endfacet
  facet normal 0 -0 1
    outer loop
      vertex 27.618 8.32443 12
      vertex 27.4142 8.08579 12
      vertex 28.4271 7.73664 12
    endloop
  endfacet
  facet normal 0 0 1
    outer loop
      vertex 27.782 10.408 12
      vertex 27.9021 10.118 12
      vertex 28.8532 10.4271 12
    endloop
  endfacet
  facet normal 0 0 1
    outer loop
      vertex 26.908 11.282 12
      vertex 27.1756 11.118 12
      vertex 28.1213 11.6213 12
    endloop
  endfacet
  facet normal 0 0 1
    outer loop
      vertex 25.092 11.282 12
      vertex 25.382 11.4021 12
      vertex 26.9271 12.3532 12
    endloop
  endfacet
  facet normal 0 0 1
    outer loop
      vertex 25.382 11.4021 12
      vertex 25.6871 11.4754 12
      vertex 26.9271 12.3532 12
    endloop
  endfacet
  facet normal 0 -0 1
    outer loop
      vertex 26 12.5 12
      vertex 23.0369 9.9693 12
      vertex 26.4693 12.4631 12
    endloop
  endfacet
  facet normal 0 -0 1
    outer loop
      vertex 25.5307 12.4631 12
      vertex 23.0369 9.9693 12
      vertex 26 12.5 12
    endloop
  endfacet
  facet normal 0 -0 1
    outer loop
      vertex 25.0729 12.3532 12
      vertex 23.0369 9.9693 12
      vertex 25.5307 12.4631 12
    endloop
  endfacet
  facet normal 0 -0 1
    outer loop
      vertex 24.638 12.173 12
      vertex 23.0369 9.9693 12
      vertex 25.0729 12.3532 12
    endloop
  endfacet
  facet normal 0 -0 1
    outer loop
      vertex 24.2366 11.9271 12
      vertex 23.0369 9.9693 12
      vertex 24.638 12.173 12
    endloop
  endfacet
  facet normal 0 -0 1
    outer loop
      vertex 23.8787 11.6213 12
      vertex 23.0369 9.9693 12
      vertex 24.2366 11.9271 12
    endloop
  endfacet
  facet normal 0 -0 1
    outer loop
      vertex 23.5729 11.2634 12
      vertex 23.0369 9.9693 12
      vertex 23.8787 11.6213 12
    endloop
  endfacet
  facet normal 0 -0 1
    outer loop
      vertex 23.327 10.862 12
      vertex 23.0369 9.9693 12
      vertex 23.5729 11.2634 12
    endloop
  endfacet
  facet normal 0 -0 1
    outer loop
      vertex 23.1468 10.4271 12
      vertex 23.0369 9.9693 12
      vertex 23.327 10.862 12
    endloop
  endfacet
  facet normal -0 -0 1
    outer loop
      vertex 25.6871 7.52462 12
      vertex 25.382 7.59789 12
      vertex 26.4693 6.53693 12
    endloop
  endfacet
  facet normal 0 -0 1
    outer loop
      vertex 26.908 7.71799 12
      vertex 26.618 7.59789 12
      vertex 27.7634 7.07295 12
    endloop
  endfacet
  facet normal 0 -0 1
    outer loop
      vertex 27.9021 8.88197 12
      vertex 27.782 8.59202 12
      vertex 28.8532 8.57295 12
    endloop
  endfacet
  facet normal -0 0 1
    outer loop
      vertex 24.0979 10.118 12
      vertex 24.218 10.408 12
      vertex 23.0369 9.9693 12
    endloop
  endfacet
  facet normal 0 0 1
    outer loop
      vertex 27.9021 10.118 12
      vertex 27.9754 9.81287 12
      vertex 28.9631 9.9693 12
    endloop
  endfacet
  facet normal 0 0 1
    outer loop
      vertex 27.1756 11.118 12
      vertex 27.4142 10.9142 12
      vertex 28.4271 11.2634 12
    endloop
  endfacet
  facet normal 0 0 1
    outer loop
      vertex 24.5858 10.9142 12
      vertex 23.0369 9.9693 12
      vertex 24.382 10.6756 12
    endloop
  endfacet
  facet normal 0 0 1
    outer loop
      vertex 26.3129 11.4754 12
      vertex 26.618 11.4021 12
      vertex 27.7634 11.9271 12
    endloop
  endfacet
  facet normal 0 0 1
    outer loop
      vertex 26.4693 12.4631 12
      vertex 23.0369 9.9693 12
      vertex 24.8244 11.118 12
    endloop
  endfacet
  facet normal 0 -0 1
    outer loop
      vertex 26.4693 12.4631 12
      vertex 25.092 11.282 12
      vertex 26.9271 12.3532 12
    endloop
  endfacet
  facet normal 0 0 1
    outer loop
      vertex 26.4693 12.4631 12
      vertex 24.8244 11.118 12
      vertex 25.092 11.282 12
    endloop
  endfacet
  facet normal 0 0 1
    outer loop
      vertex 26 11.5 12
      vertex 26.3129 11.4754 12
      vertex 27.362 12.173 12
    endloop
  endfacet
  facet normal 0 -0 1
    outer loop
      vertex 26.9271 12.3532 12
      vertex 25.6871 11.4754 12
      vertex 27.362 12.173 12
    endloop
  endfacet
  facet normal 0 0 1
    outer loop
      vertex 25.6871 11.4754 12
      vertex 26 11.5 12
      vertex 27.362 12.173 12
    endloop
  endfacet
  facet normal 0 -0 1
    outer loop
      vertex 27.362 12.173 12
      vertex 26.3129 11.4754 12
      vertex 27.7634 11.9271 12
    endloop
  endfacet
  facet normal -0 0 1
    outer loop
      vertex 24.5858 10.9142 12
      vertex 24.8244 11.118 12
      vertex 23.0369 9.9693 12
    endloop
  endfacet
  facet normal 0 -0 1
    outer loop
      vertex 27.7634 11.9271 12
      vertex 26.618 11.4021 12
      vertex 28.1213 11.6213 12
    endloop
  endfacet
  facet normal 0 0 1
    outer loop
      vertex 26.618 11.4021 12
      vertex 26.908 11.282 12
      vertex 28.1213 11.6213 12
    endloop
  endfacet
  facet normal 0 -0 1
    outer loop
      vertex 28.1213 11.6213 12
      vertex 27.1756 11.118 12
      vertex 28.4271 11.2634 12
    endloop
  endfacet
  facet normal 0 0 1
    outer loop
      vertex 27.4142 10.9142 12
      vertex 27.618 10.6756 12
      vertex 28.673 10.862 12
    endloop
  endfacet
  facet normal 0 -0 1
    outer loop
      vertex 28.4271 11.2634 12
      vertex 27.4142 10.9142 12
      vertex 28.673 10.862 12
    endloop
  endfacet
  facet normal -0 0 1
    outer loop
      vertex 24.218 10.408 12
      vertex 24.382 10.6756 12
      vertex 23.0369 9.9693 12
    endloop
  endfacet
  facet normal 0 -0 1
    outer loop
      vertex 28.673 10.862 12
      vertex 27.618 10.6756 12
      vertex 28.8532 10.4271 12
    endloop
  endfacet
  facet normal 0 0 1
    outer loop
      vertex 27.618 10.6756 12
      vertex 27.782 10.408 12
      vertex 28.8532 10.4271 12
    endloop
  endfacet
  facet normal 0 -0 1
    outer loop
      vertex 28.8532 10.4271 12
      vertex 27.9021 10.118 12
      vertex 28.9631 9.9693 12
    endloop
  endfacet
  facet normal 0 -0 1
    outer loop
      vertex 28.9631 9.9693 12
      vertex 27.9754 9.81287 12
      vertex 29 9.5 12
    endloop
  endfacet
  facet normal 0 0 1
    outer loop
      vertex 27.9754 9.81287 12
      vertex 28 9.5 12
      vertex 29 9.5 12
    endloop
  endfacet
  facet normal 0 0 1
    outer loop
      vertex 29 9.5 12
      vertex 28 9.5 12
      vertex 28.9631 9.0307 12
    endloop
  endfacet
  facet normal -0 0 1
    outer loop
      vertex 28.9631 9.0307 12
      vertex 27.9754 9.18713 12
      vertex 28.8532 8.57295 12
    endloop
  endfacet
  facet normal 0 -0 1
    outer loop
      vertex 27.9754 9.18713 12
      vertex 27.9021 8.88197 12
      vertex 28.8532 8.57295 12
    endloop
  endfacet
  facet normal -0 0 1
    outer loop
      vertex 28.8532 8.57295 12
      vertex 27.782 8.59202 12
      vertex 28.673 8.13803 12
    endloop
  endfacet
  facet normal 0 -0 1
    outer loop
      vertex 28 9.5 12
      vertex 27.9754 9.18713 12
      vertex 28.9631 9.0307 12
    endloop
  endfacet
  facet normal -0 0 1
    outer loop
      vertex 28.673 8.13803 12
      vertex 27.618 8.32443 12
      vertex 28.4271 7.73664 12
    endloop
  endfacet
  facet normal -0 0 1
    outer loop
      vertex 28.4271 7.73664 12
      vertex 27.4142 8.08579 12
      vertex 28.1213 7.37868 12
    endloop
  endfacet
  facet normal 0 -0 1
    outer loop
      vertex 27.4142 8.08579 12
      vertex 27.1756 7.88197 12
      vertex 28.1213 7.37868 12
    endloop
  endfacet
  facet normal -0 0 1
    outer loop
      vertex 28.1213 7.37868 12
      vertex 26.908 7.71799 12
      vertex 27.7634 7.07295 12
    endloop
  endfacet
  facet normal -0 0 1
    outer loop
      vertex 27.7634 7.07295 12
      vertex 26.618 7.59789 12
      vertex 27.362 6.82698 12
    endloop
  endfacet
  facet normal -0 0 1
    outer loop
      vertex 27.362 6.82698 12
      vertex 26.3129 7.52462 12
      vertex 26.9271 6.64683 12
    endloop
  endfacet
  facet normal 0 -0 1
    outer loop
      vertex 26.3129 7.52462 12
      vertex 26 7.5 12
      vertex 26.9271 6.64683 12
    endloop
  endfacet
  facet normal -0 0 1
    outer loop
      vertex 26.9271 6.64683 12
      vertex 25.6871 7.52462 12
      vertex 26.4693 6.53693 12
    endloop
  endfacet
  facet normal -0 0 1
    outer loop
      vertex 26.4693 6.53693 12
      vertex 25.382 7.59789 12
      vertex 26 6.5 12
    endloop
  endfacet
  facet normal 0 0 1
    outer loop
      vertex 24.382 8.32443 12
      vertex 24.218 8.59202 12
      vertex 23.0369 9.9693 12
    endloop
  endfacet
  facet normal -0 -0 1
    outer loop
      vertex 25.382 7.59789 12
      vertex 25.092 7.71799 12
      vertex 26 6.5 12
    endloop
  endfacet
  facet normal -0 -0 1
    outer loop
      vertex 25.092 7.71799 12
      vertex 24.8244 7.88197 12
      vertex 26 6.5 12
    endloop
  endfacet
  facet normal 0 0 1
    outer loop
      vertex 26 6.5 12
      vertex 24.5858 8.08579 12
      vertex 25.5307 6.53693 12
    endloop
  endfacet
  facet normal -0 -0 1
    outer loop
      vertex 24.5858 8.08579 12
      vertex 24.382 8.32443 12
      vertex 25.5307 6.53693 12
    endloop
  endfacet
  facet normal -0 -0 1
    outer loop
      vertex 26 7.5 12
      vertex 25.6871 7.52462 12
      vertex 26.9271 6.64683 12
    endloop
  endfacet
  facet normal -0 -0 1
    outer loop
      vertex 24.8244 7.88197 12
      vertex 24.5858 8.08579 12
      vertex 26 6.5 12
    endloop
  endfacet
  facet normal 0 0 1
    outer loop
      vertex 24.218 8.59202 12
      vertex 24.0979 8.88197 12
      vertex 23.0369 9.9693 12
    endloop
  endfacet
  facet normal 0 0 1
    outer loop
      vertex 24.0979 8.88197 12
      vertex 24.0246 9.18713 12
      vertex 23.0369 9.9693 12
    endloop
  endfacet
  facet normal 0 0 1
    outer loop
      vertex 24.0246 9.18713 12
      vertex 24 9.5 12
      vertex 23.0369 9.9693 12
    endloop
  endfacet
  facet normal 0 -0 1
    outer loop
      vertex 26.618 7.59789 12
      vertex 26.3129 7.52462 12
      vertex 27.362 6.82698 12
    endloop
  endfacet
  facet normal 0 -0 1
    outer loop
      vertex 27.1756 7.88197 12
      vertex 26.908 7.71799 12
      vertex 28.1213 7.37868 12
    endloop
  endfacet
  facet normal 0 0 1
    outer loop
      vertex 24 9.5 12
      vertex 24.0246 9.81287 12
      vertex 23.0369 9.9693 12
    endloop
  endfacet
  facet normal 0 0 1
    outer loop
      vertex 40.3703 9.9693 12
      vertex 40.3333 9.5 12
      vertex 40.3703 9.0307 12
    endloop
  endfacet
  facet normal 0 0 1
    outer loop
      vertex 40.6603 8.13803 12
      vertex 40.3703 9.9693 12
      vertex 40.4802 8.57295 12
    endloop
  endfacet
  facet normal 0 0 1
    outer loop
      vertex 40.4802 8.57295 12
      vertex 40.3703 9.9693 12
      vertex 40.3703 9.0307 12
    endloop
  endfacet
  facet normal 0 0 1
    outer loop
      vertex 40.9063 7.73664 12
      vertex 40.3703 9.9693 12
      vertex 40.6603 8.13803 12
    endloop
  endfacet
  facet normal 0 0 1
    outer loop
      vertex 41.212 7.37868 12
      vertex 40.3703 9.9693 12
      vertex 40.9063 7.73664 12
    endloop
  endfacet
  facet normal 0 0 1
    outer loop
      vertex 41.57 7.07295 12
      vertex 40.3703 9.9693 12
      vertex 41.212 7.37868 12
    endloop
  endfacet
  facet normal 0 0 1
    outer loop
      vertex 41.9714 6.82698 12
      vertex 40.3703 9.9693 12
      vertex 41.57 7.07295 12
    endloop
  endfacet
  facet normal 0 0 1
    outer loop
      vertex 42.4063 6.64683 12
      vertex 40.3703 9.9693 12
      vertex 41.9714 6.82698 12
    endloop
  endfacet
  facet normal 0 0 1
    outer loop
      vertex 42.864 6.53693 12
      vertex 40.3703 9.9693 12
      vertex 42.4063 6.64683 12
    endloop
  endfacet
  facet normal -0 -0 1
    outer loop
      vertex 41.7153 8.32443 12
      vertex 40.3703 9.9693 12
      vertex 42.864 6.53693 12
    endloop
  endfacet
  facet normal 0 -0 1
    outer loop
      vertex 45.1153 8.59202 12
      vertex 44.9514 8.32443 12
      vertex 46.0064 8.13803 12
    endloop
  endfacet
  facet normal 0 0 1
    outer loop
      vertex 41.358 9.81287 12
      vertex 41.4312 10.118 12
      vertex 40.3703 9.9693 12
    endloop
  endfacet
  facet normal 0 -0 1
    outer loop
      vertex 44.9514 8.32443 12
      vertex 44.7475 8.08579 12
      vertex 45.7604 7.73664 12
    endloop
  endfacet
  facet normal 0 0 1
    outer loop
      vertex 45.1153 10.408 12
      vertex 45.2354 10.118 12
      vertex 46.1865 10.4271 12
    endloop
  endfacet
  facet normal 0 0 1
    outer loop
      vertex 44.2413 11.282 12
      vertex 44.5089 11.118 12
      vertex 45.4547 11.6213 12
    endloop
  endfacet
  facet normal 0 0 1
    outer loop
      vertex 42.4254 11.282 12
      vertex 42.7153 11.4021 12
      vertex 44.2604 12.3532 12
    endloop
  endfacet
  facet normal 0 0 1
    outer loop
      vertex 42.7153 11.4021 12
      vertex 43.0205 11.4754 12
      vertex 44.2604 12.3532 12
    endloop
  endfacet
  facet normal 0 -0 1
    outer loop
      vertex 43.3333 12.5 12
      vertex 40.3703 9.9693 12
      vertex 43.8026 12.4631 12
    endloop
  endfacet
  facet normal 0 -0 1
    outer loop
      vertex 42.864 12.4631 12
      vertex 40.3703 9.9693 12
      vertex 43.3333 12.5 12
    endloop
  endfacet
  facet normal 0 -0 1
    outer loop
      vertex 42.4063 12.3532 12
      vertex 40.3703 9.9693 12
      vertex 42.864 12.4631 12
    endloop
  endfacet
  facet normal 0 -0 1
    outer loop
      vertex 41.9714 12.173 12
      vertex 40.3703 9.9693 12
      vertex 42.4063 12.3532 12
    endloop
  endfacet
  facet normal 0 -0 1
    outer loop
      vertex 41.57 11.9271 12
      vertex 40.3703 9.9693 12
      vertex 41.9714 12.173 12
    endloop
  endfacet
  facet normal 0 -0 1
    outer loop
      vertex 41.212 11.6213 12
      vertex 40.3703 9.9693 12
      vertex 41.57 11.9271 12
    endloop
  endfacet
  facet normal 0 -0 1
    outer loop
      vertex 40.9063 11.2634 12
      vertex 40.3703 9.9693 12
      vertex 41.212 11.6213 12
    endloop
  endfacet
  facet normal 0 -0 1
    outer loop
      vertex 40.6603 10.862 12
      vertex 40.3703 9.9693 12
      vertex 40.9063 11.2634 12
    endloop
  endfacet
  facet normal 0 -0 1
    outer loop
      vertex 40.4802 10.4271 12
      vertex 40.3703 9.9693 12
      vertex 40.6603 10.862 12
    endloop
  endfacet
  facet normal -0 -0 1
    outer loop
      vertex 43.0205 7.52462 12
      vertex 42.7153 7.59789 12
      vertex 43.8026 6.53693 12
    endloop
  endfacet
  facet normal 0 -0 1
    outer loop
      vertex 44.2413 7.71799 12
      vertex 43.9514 7.59789 12
      vertex 45.0967 7.07295 12
    endloop
  endfacet
  facet normal 0 -0 1
    outer loop
      vertex 45.2354 8.88197 12
      vertex 45.1153 8.59202 12
      vertex 46.1865 8.57295 12
    endloop
  endfacet
  facet normal -0 0 1
    outer loop
      vertex 41.4312 10.118 12
      vertex 41.5513 10.408 12
      vertex 40.3703 9.9693 12
    endloop
  endfacet
  facet normal 0 0 1
    outer loop
      vertex 45.2354 10.118 12
      vertex 45.3087 9.81287 12
      vertex 46.2964 9.9693 12
    endloop
  endfacet
  facet normal 0 0 1
    outer loop
      vertex 44.5089 11.118 12
      vertex 44.7475 10.9142 12
      vertex 45.7604 11.2634 12
    endloop
  endfacet
  facet normal 0 0 1
    outer loop
      vertex 41.9191 10.9142 12
      vertex 40.3703 9.9693 12
      vertex 41.7153 10.6756 12
    endloop
  endfacet
  facet normal 0 0 1
    outer loop
      vertex 43.6462 11.4754 12
      vertex 43.9514 11.4021 12
      vertex 45.0967 11.9271 12
    endloop
  endfacet
  facet normal 0 0 1
    outer loop
      vertex 43.8026 12.4631 12
      vertex 40.3703 9.9693 12
      vertex 42.1578 11.118 12
    endloop
  endfacet
  facet normal 0 -0 1
    outer loop
      vertex 43.8026 12.4631 12
      vertex 42.4254 11.282 12
      vertex 44.2604 12.3532 12
    endloop
  endfacet
  facet normal 0 0 1
    outer loop
      vertex 43.8026 12.4631 12
      vertex 42.1578 11.118 12
      vertex 42.4254 11.282 12
    endloop
  endfacet
  facet normal 0 0 1
    outer loop
      vertex 43.3333 11.5 12
      vertex 43.6462 11.4754 12
      vertex 44.6953 12.173 12
    endloop
  endfacet
  facet normal 0 -0 1
    outer loop
      vertex 44.2604 12.3532 12
      vertex 43.0205 11.4754 12
      vertex 44.6953 12.173 12
    endloop
  endfacet
  facet normal 0 0 1
    outer loop
      vertex 43.0205 11.4754 12
      vertex 43.3333 11.5 12
      vertex 44.6953 12.173 12
    endloop
  endfacet
  facet normal 0 -0 1
    outer loop
      vertex 44.6953 12.173 12
      vertex 43.6462 11.4754 12
      vertex 45.0967 11.9271 12
    endloop
  endfacet
  facet normal -0 0 1
    outer loop
      vertex 41.9191 10.9142 12
      vertex 42.1578 11.118 12
      vertex 40.3703 9.9693 12
    endloop
  endfacet
  facet normal 0 -0 1
    outer loop
      vertex 45.0967 11.9271 12
      vertex 43.9514 11.4021 12
      vertex 45.4547 11.6213 12
    endloop
  endfacet
  facet normal 0 0 1
    outer loop
      vertex 43.9514 11.4021 12
      vertex 44.2413 11.282 12
      vertex 45.4547 11.6213 12
    endloop
  endfacet
  facet normal 0 -0 1
    outer loop
      vertex 45.4547 11.6213 12
      vertex 44.5089 11.118 12
      vertex 45.7604 11.2634 12
    endloop
  endfacet
  facet normal 0 0 1
    outer loop
      vertex 44.7475 10.9142 12
      vertex 44.9514 10.6756 12
      vertex 46.0064 10.862 12
    endloop
  endfacet
  facet normal 0 -0 1
    outer loop
      vertex 45.7604 11.2634 12
      vertex 44.7475 10.9142 12
      vertex 46.0064 10.862 12
    endloop
  endfacet
  facet normal -0 0 1
    outer loop
      vertex 41.5513 10.408 12
      vertex 41.7153 10.6756 12
      vertex 40.3703 9.9693 12
    endloop
  endfacet
  facet normal 0 -0 1
    outer loop
      vertex 46.0064 10.862 12
      vertex 44.9514 10.6756 12
      vertex 46.1865 10.4271 12
    endloop
  endfacet
  facet normal 0 0 1
    outer loop
      vertex 44.9514 10.6756 12
      vertex 45.1153 10.408 12
      vertex 46.1865 10.4271 12
    endloop
  endfacet
  facet normal 0 -0 1
    outer loop
      vertex 46.1865 10.4271 12
      vertex 45.2354 10.118 12
      vertex 46.2964 9.9693 12
    endloop
  endfacet
  facet normal 0 -0 1
    outer loop
      vertex 46.2964 9.9693 12
      vertex 45.3087 9.81287 12
      vertex 46.3333 9.5 12
    endloop
  endfacet
  facet normal 0 0 1
    outer loop
      vertex 45.3087 9.81287 12
      vertex 45.3333 9.5 12
      vertex 46.3333 9.5 12
    endloop
  endfacet
  facet normal 0 0 1
    outer loop
      vertex 46.3333 9.5 12
      vertex 45.3333 9.5 12
      vertex 46.2964 9.0307 12
    endloop
  endfacet
  facet normal -0 0 1
    outer loop
      vertex 46.2964 9.0307 12
      vertex 45.3087 9.18713 12
      vertex 46.1865 8.57295 12
    endloop
  endfacet
  facet normal 0 -0 1
    outer loop
      vertex 45.3087 9.18713 12
      vertex 45.2354 8.88197 12
      vertex 46.1865 8.57295 12
    endloop
  endfacet
  facet normal -0 0 1
    outer loop
      vertex 46.1865 8.57295 12
      vertex 45.1153 8.59202 12
      vertex 46.0064 8.13803 12
    endloop
  endfacet
  facet normal 0 -0 1
    outer loop
      vertex 45.3333 9.5 12
      vertex 45.3087 9.18713 12
      vertex 46.2964 9.0307 12
    endloop
  endfacet
  facet normal -0 0 1
    outer loop
      vertex 46.0064 8.13803 12
      vertex 44.9514 8.32443 12
      vertex 45.7604 7.73664 12
    endloop
  endfacet
  facet normal -0 0 1
    outer loop
      vertex 45.7604 7.73664 12
      vertex 44.7475 8.08579 12
      vertex 45.4547 7.37868 12
    endloop
  endfacet
  facet normal 0 -0 1
    outer loop
      vertex 44.7475 8.08579 12
      vertex 44.5089 7.88197 12
      vertex 45.4547 7.37868 12
    endloop
  endfacet
  facet normal -0 0 1
    outer loop
      vertex 45.4547 7.37868 12
      vertex 44.2413 7.71799 12
      vertex 45.0967 7.07295 12
    endloop
  endfacet
  facet normal -0 0 1
    outer loop
      vertex 45.0967 7.07295 12
      vertex 43.9514 7.59789 12
      vertex 44.6953 6.82698 12
    endloop
  endfacet
  facet normal -0 0 1
    outer loop
      vertex 44.6953 6.82698 12
      vertex 43.6462 7.52462 12
      vertex 44.2604 6.64683 12
    endloop
  endfacet
  facet normal 0 -0 1
    outer loop
      vertex 43.6462 7.52462 12
      vertex 43.3333 7.5 12
      vertex 44.2604 6.64683 12
    endloop
  endfacet
  facet normal -0 0 1
    outer loop
      vertex 44.2604 6.64683 12
      vertex 43.0205 7.52462 12
      vertex 43.8026 6.53693 12
    endloop
  endfacet
  facet normal -0 0 1
    outer loop
      vertex 43.8026 6.53693 12
      vertex 42.7153 7.59789 12
      vertex 43.3333 6.5 12
    endloop
  endfacet
  facet normal 0 0 1
    outer loop
      vertex 41.7153 8.32443 12
      vertex 41.5513 8.59202 12
      vertex 40.3703 9.9693 12
    endloop
  endfacet
  facet normal -0 -0 1
    outer loop
      vertex 42.7153 7.59789 12
      vertex 42.4254 7.71799 12
      vertex 43.3333 6.5 12
    endloop
  endfacet
  facet normal -0 -0 1
    outer loop
      vertex 42.4254 7.71799 12
      vertex 42.1578 7.88197 12
      vertex 43.3333 6.5 12
    endloop
  endfacet
  facet normal 0 0 1
    outer loop
      vertex 43.3333 6.5 12
      vertex 41.9191 8.08579 12
      vertex 42.864 6.53693 12
    endloop
  endfacet
  facet normal -0 -0 1
    outer loop
      vertex 41.9191 8.08579 12
      vertex 41.7153 8.32443 12
      vertex 42.864 6.53693 12
    endloop
  endfacet
  facet normal -0 -0 1
    outer loop
      vertex 43.3333 7.5 12
      vertex 43.0205 7.52462 12
      vertex 44.2604 6.64683 12
    endloop
  endfacet
  facet normal -0 -0 1
    outer loop
      vertex 42.1578 7.88197 12
      vertex 41.9191 8.08579 12
      vertex 43.3333 6.5 12
    endloop
  endfacet
  facet normal 0 0 1
    outer loop
      vertex 41.5513 8.59202 12
      vertex 41.4312 8.88197 12
      vertex 40.3703 9.9693 12
    endloop
  endfacet
  facet normal 0 0 1
    outer loop
      vertex 41.4312 8.88197 12
      vertex 41.358 9.18713 12
      vertex 40.3703 9.9693 12
    endloop
  endfacet
  facet normal 0 0 1
    outer loop
      vertex 41.358 9.18713 12
      vertex 41.3333 9.5 12
      vertex 40.3703 9.9693 12
    endloop
  endfacet
  facet normal 0 -0 1
    outer loop
      vertex 43.9514 7.59789 12
      vertex 43.6462 7.52462 12
      vertex 44.6953 6.82698 12
    endloop
  endfacet
  facet normal 0 -0 1
    outer loop
      vertex 44.5089 7.88197 12
      vertex 44.2413 7.71799 12
      vertex 45.4547 7.37868 12
    endloop
  endfacet
  facet normal 0 0 1
    outer loop
      vertex 41.3333 9.5 12
      vertex 41.358 9.81287 12
      vertex 40.3703 9.9693 12
    endloop
  endfacet
endsolid OpenSCAD_Model
